pipeline_version,repeat,rho,outlier_rate,method,ridge_lambda,huber_delta,cond_reg,coef_fro_norm,frac_downweighted,mean_iter,support_average_precision,precision_at_k,recall_at_k,f1_at_k,truth_cosine,truth_spearman,sign_agreement_relevant,clean_target_reconstruction_mse,clean_target_reconstruction_rmse,clean_target_reconstruction_r2,clean_target_reconstruction_cosine,outlier_weight_ap,mean_weight_outlier_rows,mean_weight_nonoutlier_rows,orientation,solver,cond_raw,lambda_min_raw,lambda_min_reg,lambda_max_raw,lambda_max_reg,system_min_singular_value,solver_svd_tolerance,converged,mean_huber_weight,residual_mode,effective_delta_on_l2_norm,log10_cond_reg,log10_coef_norm
r5_final_inverse_map_complete_2026-08-31,0,0.0,0.0,ZeroOperator,0.01,1.0,,0.0,0.0,0,0.1,0.1,0.1,0.10000000000000002,,,0.0,0.04630879290599165,0.21519477899333816,-2.844596848888313,,,,,,,,,,,,,,,,,,,-300.0
r5_final_inverse_map_complete_2026-08-31,0,0.0,0.0,AIME,0.0,1.0,4.800103896044979,4.851336364184448,0.0,1,0.9999999999999999,1.0,1.0,1.0,0.9998331161316834,0.5205930288720461,1.0,0.0025510888912725974,0.05050830517125473,0.7882063492233327,0.972066127517337,,,,X ~= Y A^T,SVD normal-system solve,4.800103896044979,68.00341805739518,68.00341805739518,326.42347196167805,326.42347196167805,68.0034180573952,3.2642347196167805e-10,True,1.0,rms,10.0,0.6812506375819842,0.6858613871894279
r5_final_inverse_map_complete_2026-08-31,0,0.0,0.0,HuberAIME,0.0,1.0,4.800103896044979,4.851336364184448,0.0,2,0.9999999999999999,1.0,1.0,1.0,0.9998331161316834,0.5205930288720461,1.0,0.0025510888912725974,0.05050830517125473,0.7882063492233327,0.972066127517337,,,,X ~= Y A^T,SVD normal-system solve,4.800103896044979,68.00341805739518,68.00341805739518,326.42347196167805,326.42347196167805,68.0034180573952,3.2642347196167805e-10,True,1.0,rms,10.0,0.6812506375819842,0.6858613871894279
r5_final_inverse_map_complete_2026-08-31,0,0.0,0.0,RidgeAIME,0.01,1.0,4.799545167487495,4.850896875814387,0.0,1,0.9999999999999999,1.0,1.0,1.0,0.9998331068686978,0.5205930288720461,1.0,0.0025510965375155036,0.05050838086412495,0.7882057144254997,0.9720661030627581,,,,X ~= Y A^T,SVD normal-system solve,4.800103896044979,68.00341805739518,68.01341805739526,326.42347196167805,326.43347196167815,68.01341805739521,3.264334719616781e-10,True,1.0,rms,10.0,0.681200083081905,0.6858220421501184
r5_final_inverse_map_complete_2026-08-31,0,0.0,0.0,HuberRidgeAIME,0.01,1.0,4.799545167487495,4.850896875814387,0.0,2,0.9999999999999999,1.0,1.0,1.0,0.9998331068686978,0.5205930288720461,1.0,0.0025510965375155036,0.05050838086412495,0.7882057144254997,0.9720661030627581,,,,X ~= Y A^T,SVD normal-system solve,4.800103896044979,68.00341805739518,68.01341805739526,326.42347196167805,326.43347196167815,68.01341805739521,3.264334719616781e-10,True,1.0,rms,10.0,0.681200083081905,0.6858220421501184
r5_final_inverse_map_complete_2026-08-31,0,0.0,0.05,ZeroOperator,0.01,1.0,,0.0,0.0,0,0.1,0.2,0.2,0.20000000000000004,,,0.0,0.04029193793755664,0.20072851799770913,-1.8725149802426837,,0.04698672114402452,1.0,1.0,,,,,,,,,,,,,,,-300.0
r5_final_inverse_map_complete_2026-08-31,0,0.0,0.05,AIME,0.0,1.0,4.5745748498456775,5.262082129995281,0.0,1,0.9999999999999999,1.0,1.0,1.0,0.9339759718164821,0.5205699759315447,0.9333333333333333,0.006321306000265469,0.07950664123370745,0.5493379790120454,0.923323416315027,0.04698672114402452,1.0,1.0,X ~= Y A^T,SVD normal-system solve,4.5745748498456775,71.34728784547453,71.34728784547453,326.38350858260793,326.38350858260793,71.34728784547451,3.2638350858260786e-10,True,1.0,rms,10.0,0.6603507379771653,0.7211576222227727
r5_final_inverse_map_complete_2026-08-31,0,0.0,0.05,HuberAIME,0.0,1.0,4.535145243450893,4.873948147657567,0.04698672114402452,5,0.9999999999999999,1.0,1.0,1.0,0.997220859655611,0.5205930288720461,0.9666666666666667,0.0026426948373759786,0.051407147726517353,0.8115955474681533,0.9666617125609626,0.9999999999999999,0.2216883345599764,1.0,X ~= Y A^T,SVD normal-system solve,4.535145243450893,69.33415750994665,69.33415750994665,314.44047463990955,314.44047463990955,69.33415750994668,3.144404746399096e-10,True,0.9634296868128283,rms,10.0,0.6565912004190829,0.6878809045561369
r5_final_inverse_map_complete_2026-08-31,0,0.0,0.05,RidgeAIME,0.01,1.0,4.574073909443126,5.261529159881362,0.0,1,0.9999999999999999,1.0,1.0,1.0,0.9339791965924533,0.5205699759315447,0.9333333333333333,0.006320474109522949,0.07950140948136045,0.5493972866239928,0.9233270281579447,0.04698672114402452,1.0,1.0,X ~= Y A^T,SVD normal-system solve,4.5745748498456775,71.34728784547453,71.35728784547447,326.38350858260793,326.3935085826079,71.35728784547456,3.2639350858260784e-10,True,1.0,rms,10.0,0.660303177805487,0.7211119816412768
r5_final_inverse_map_complete_2026-08-31,0,0.0,0.05,HuberRidgeAIME,0.01,1.0,4.5346354450091715,4.873438043453824,0.04698672114402452,5,0.9999999999999999,1.0,1.0,1.0,0.9972210662322518,0.5205930288720461,0.9666666666666667,0.002642651715605608,0.05140672831065607,0.8115986217291025,0.9666619481692261,0.9999999999999999,0.22168831459919158,1.0,X ~= Y A^T,SVD normal-system solve,4.53514524213866,69.33415746266063,69.34415746266058,314.44047433447804,314.4504743344779,69.3441574626606,3.1445047433447807e-10,True,0.9634296858749365,rms,10.0,0.6565423783674896,0.6878354492029294
r5_final_inverse_map_complete_2026-08-31,0,0.0,0.1,ZeroOperator,0.01,1.0,,0.0,0.0,0,0.1,0.1,0.1,0.10000000000000002,,,0.0,0.03789388526577467,0.19466351806585297,-1.580831274122255,,0.09193054136874361,1.0,1.0,,,,,,,,,,,,,,,-300.0
r5_final_inverse_map_complete_2026-08-31,0,0.0,0.1,AIME,0.0,1.0,4.622849191509148,5.545001493250842,0.0,1,0.9999999999999999,1.0,1.0,1.0,0.836705387767114,0.5202702877050269,0.9666666666666667,0.012033842283772044,0.10969887093207498,0.1804135074567219,0.8537328959336877,0.09193054136874361,1.0,1.0,X ~= Y A^T,SVD normal-system solve,4.622849191509148,70.60341282735203,70.60341282735203,326.3889299067109,326.3889299067109,70.60341282735202,3.263889299067109e-10,True,1.0,rms,10.0,0.6649097259356598,0.7439016674392841
r5_final_inverse_map_complete_2026-08-31,0,0.0,0.1,HuberAIME,0.0,1.0,4.628593995050504,4.8639059099250845,0.09193054136874361,6,0.9999999999999999,1.0,1.0,1.0,0.992300127743572,0.5205930288720461,1.0,0.00288191608239676,0.05368348053541946,0.8037219170671018,0.9612579708261372,0.9999999999999999,0.2017582077273178,1.0,X ~= Y A^T,SVD normal-system solve,4.628593995050504,65.33567421381272,65.33567421381272,302.4123093286296,302.4123093286296,65.3356742138127,3.0241230932862966e-10,True,0.926617199893216,rms,10.0,0.6654490875785939,0.6869851651142732
r5_final_inverse_map_complete_2026-08-31,0,0.0,0.1,RidgeAIME,0.01,1.0,4.622336137537324,5.544376814917612,0.0,1,0.9999999999999999,1.0,1.0,1.0,0.8367115202898157,0.5202702877050269,0.9666666666666667,0.0120321158456267,0.10969100166206297,0.18053108963461384,0.8537382745856755,0.09193054136874361,1.0,1.0,X ~= Y A^T,SVD normal-system solve,4.622849191509148,70.60341282735203,70.61341282735202,326.3889299067109,326.3989299067109,70.61341282735204,3.263989299067109e-10,True,1.0,rms,10.0,0.6648615243039607,0.7438527387535031
r5_final_inverse_map_complete_2026-08-31,0,0.0,0.1,HuberRidgeAIME,0.01,1.0,4.628038737445345,4.863337696919703,0.09193054136874361,6,0.9999999999999999,1.0,1.0,1.0,0.9923005505339322,0.5205930288720461,1.0,0.0028818536326792304,0.05368289888483324,0.8037261703175387,0.9612582048913672,0.9999999999999999,0.20175818108320595,1.0,X ~= Y A^T,SVD normal-system solve,4.628594029606599,65.33567355300104,65.34567355300102,302.4123085277464,302.4223085277465,65.34567355300102,3.024223085277464e-10,True,0.9266171974438085,rms,10.0,0.6653969854111615,0.6869344268408142
r5_final_inverse_map_complete_2026-08-31,0,0.7,0.0,ZeroOperator,0.01,1.0,,0.0,0.0,0,0.1,0.0,0.0,0.0,,,0.0,0.034773745874627726,0.18647719934251406,-4.187116329219423,,,,,,,,,,,,,,,,,,,-300.0
r5_final_inverse_map_complete_2026-08-31,0,0.7,0.0,AIME,0.0,1.0,11.885327511779158,4.852788781889531,0.0,1,0.9999999999999999,1.0,1.0,1.0,0.999616890910059,0.5205930288720461,0.9666666666666667,0.002530114361726482,0.05030024216369621,0.6225889046345223,0.9629335297815018,,,,X ~= Y A^T,SVD normal-system solve,11.885327511779158,27.465080317811267,27.465080317811267,326.4314747145065,326.4314747145065,27.46508031781129,3.2643147471450635e-10,True,1.0,rms,10.0,1.0750111536366598,0.6859913890164759
r5_final_inverse_map_complete_2026-08-31,0,0.7,0.0,HuberAIME,0.0,1.0,11.885327511779158,4.852788781889531,0.0,2,0.9999999999999999,1.0,1.0,1.0,0.999616890910059,0.5205930288720461,0.9666666666666667,0.002530114361726482,0.05030024216369621,0.6225889046345223,0.9629335297815018,,,,X ~= Y A^T,SVD normal-system solve,11.885327511779158,27.465080317811267,27.465080317811267,326.4314747145065,326.4314747145065,27.46508031781129,3.2643147471450635e-10,True,1.0,rms,10.0,1.0750111536366598,0.6859913890164759
r5_final_inverse_map_complete_2026-08-31,0,0.7,0.0,RidgeAIME,0.01,1.0,11.88136562071792,4.85161029145027,0.0,1,0.9999999999999999,1.0,1.0,1.0,0.999617014313073,0.5205930288720461,0.9666666666666667,0.0025300735246918406,0.05029983622927455,0.6225949961971049,0.9629340999359038,,,,X ~= Y A^T,SVD normal-system solve,11.885327511779158,27.465080317811267,27.47508031781128,326.4314747145065,326.4414747145065,27.475080317811287,3.264414747145064e-10,True,1.0,rms,10.0,1.0748663604647917,0.6858859086269341
r5_final_inverse_map_complete_2026-08-31,0,0.7,0.0,HuberRidgeAIME,0.01,1.0,11.88136562071792,4.85161029145027,0.0,2,0.9999999999999999,1.0,1.0,1.0,0.999617014313073,0.5205930288720461,0.9666666666666667,0.0025300735246918406,0.05029983622927455,0.6225949961971049,0.9629340999359038,,,,X ~= Y A^T,SVD normal-system solve,11.885327511779158,27.465080317811267,27.47508031781128,326.4314747145065,326.4414747145065,27.475080317811287,3.264414747145064e-10,True,1.0,rms,10.0,1.0748663604647917,0.6858859086269341
r5_final_inverse_map_complete_2026-08-31,0,0.7,0.05,ZeroOperator,0.01,1.0,,0.0,0.0,0,0.1,0.0,0.0,0.0,,,0.0,0.027575972038452766,0.16606014584617457,-2.6279951415591305,,0.04698672114402452,1.0,1.0,,,,,,,,,,,,,,,-300.0
r5_final_inverse_map_complete_2026-08-31,0,0.7,0.05,AIME,0.0,1.0,11.769034576141657,5.4295218535335525,0.0,1,0.9999999999999999,1.0,1.0,1.0,0.885152007450501,0.5200167053595119,0.9333333333333333,0.006032655245610116,0.07767016959946796,0.20632194247747326,0.8905340056522733,0.04698672114402452,1.0,1.0,X ~= Y A^T,SVD normal-system solve,11.769034576141657,27.72946941674749,27.72946941674749,326.3490843437638,326.3490843437638,27.729469416747488,3.2634908434376394e-10,True,1.0,rms,10.0,1.0707408387609554,0.7347615854792343
r5_final_inverse_map_complete_2026-08-31,0,0.7,0.05,HuberAIME,0.0,1.0,11.779491289025668,4.843741724791978,0.04698672114402452,5,0.9999999999999999,1.0,1.0,1.0,0.9944110438990833,0.5205699759315447,1.0,0.0026295432375881655,0.0512790721209751,0.6540477312209807,0.9511276005609304,0.9999999999999999,0.1992990955051844,1.0,X ~= Y A^T,SVD normal-system solve,11.779491289025668,26.663558888745232,26.663558888745232,314.0831596643974,314.0831596643974,26.663558888745243,3.140831596643974e-10,True,0.9623776898807339,rms,10.0,1.0711265353458592,0.6851809778880112
r5_final_inverse_map_complete_2026-08-31,0,0.7,0.05,RidgeAIME,0.01,1.0,11.765152369739532,5.427966104665389,0.0,1,0.9999999999999999,1.0,1.0,1.0,0.8851646354243635,0.5200167053595119,0.9333333333333333,0.00603126694802561,0.07766123195021832,0.20650459195523618,0.890547504962618,0.04698672114402452,1.0,1.0,X ~= Y A^T,SVD normal-system solve,11.769034576141657,27.72946941674749,27.739469416747475,326.3490843437638,326.3590843437638,27.739469416747493,3.263590843437639e-10,True,1.0,rms,10.0,1.0705975560686556,0.7346371270122489
r5_final_inverse_map_complete_2026-08-31,0,0.7,0.05,HuberRidgeAIME,0.01,1.0,11.775449981758143,4.842378392124559,0.04698672114402452,5,0.9999999999999999,1.0,1.0,1.0,0.9944116123683816,0.5205699759315447,1.0,0.002629528437408802,0.05127892781063974,0.6540496783863881,0.9511278693978164,0.9999999999999999,0.1992990885237149,1.0,X ~= Y A^T,SVD normal-system solve,11.779491246463786,26.66355897617466,26.67355897617463,314.0831595594203,314.0931595594203,26.673558976174654,3.140931595594203e-10,True,0.9623776895526974,rms,10.0,1.0709775120523595,0.6850587229807373
r5_final_inverse_map_complete_2026-08-31,0,0.7,0.1,ZeroOperator,0.01,1.0,,0.0,0.0,0,0.1,0.0,0.0,0.0,,,0.0,0.02433863907065793,0.15600845833049543,-2.0976777802554416,,0.09703779366700716,1.0,1.0,,,,,,,,,,,,,,,-300.0
r5_final_inverse_map_complete_2026-08-31,0,0.7,0.1,AIME,0.0,1.0,11.817207696032133,6.074227087068964,0.0,1,0.9999999999999999,1.0,1.0,1.0,0.7934941804734252,0.5202933406455283,1.0,0.008976564026226857,0.09474473086260184,-0.14248388524755695,0.8270599426498582,0.09703779366700716,1.0,1.0,X ~= Y A^T,SVD normal-system solve,11.817207696032133,27.626560621699042,27.626560621699042,326.4688047936402,326.4688047936402,27.626560621699028,3.2646880479364016e-10,True,1.0,rms,10.0,1.0725148686377142,0.7834910241343404
r5_final_inverse_map_complete_2026-08-31,0,0.7,0.1,HuberAIME,0.0,1.0,11.663156881659981,4.8626124709693235,0.09703779366700716,5,0.9999999999999999,1.0,1.0,1.0,0.9853691983170197,0.5205699759315447,1.0,0.002795894383281709,0.052876217558385445,0.6441551279063107,0.9408188415842156,1.0,0.2176596186234225,1.0,X ~= Y A^T,SVD normal-system solve,11.663156881659981,25.864394341204566,25.864394341204566,301.6604888505875,301.6604888505875,25.864394341204576,3.0166048885058754e-10,True,0.9240834154946119,rms,10.0,1.0668161173801856,0.6868696595690248
r5_final_inverse_map_complete_2026-08-31,0,0.7,0.1,RidgeAIME,0.01,1.0,11.81329360272505,6.072412439888627,0.0,1,0.9999999999999999,1.0,1.0,1.0,0.7935091077146554,0.5202933406455283,1.0,0.008973756955154611,0.09472991584053377,-0.1421266178727112,0.8270833605416884,0.09703779366700716,1.0,1.0,X ~= Y A^T,SVD normal-system solve,11.817207696032133,27.626560621699042,27.636560621699022,326.4688047936402,326.4788047936401,27.636560621699022,3.264788047936401e-10,True,1.0,rms,10.0,1.0723709978734866,0.7833612612874006
r5_final_inverse_map_complete_2026-08-31,0,0.7,0.1,HuberRidgeAIME,0.01,1.0,11.659035798609208,4.86116568206702,0.09703779366700716,5,0.9999999999999999,1.0,1.0,1.0,0.985370325977232,0.5205699759315447,1.0,0.002795804005395373,0.052875362933935244,0.6441666306682159,0.9408203636147411,1.0,0.2176596066503395,1.0,X ~= Y A^T,SVD normal-system solve,11.663156921921896,25.86439421942614,25.87439421942615,301.66048847161665,301.67048847161664,25.874394219426133,3.016704884716167e-10,True,0.9240834143327704,rms,10.0,1.0666626357867883,0.6867404232924466
r5_final_inverse_map_complete_2026-08-31,0,0.95,0.0,ZeroOperator,0.01,1.0,,0.0,0.0,0,0.1,0.2,0.2,0.20000000000000004,,,0.0,0.036117248477660395,0.19004538531008952,-10.104537334088425,,,,,,,,,,,,,,,,,,,-300.0
r5_final_inverse_map_complete_2026-08-31,0,0.95,0.0,AIME,0.0,1.0,65.56063220781884,4.858759862280909,0.0,1,0.9999999999999999,1.0,1.0,1.0,0.9982101272101027,0.5205930288720461,1.0,0.0025104183908811173,0.05010407559152366,0.2281517579345962,0.9646204113217411,,,,X ~= Y A^T,SVD normal-system solve,65.56063220781884,4.9775806362845465,4.9775806362845465,326.333333380212,326.333333380212,4.977580636284554,3.2633333338021194e-10,True,1.0,rms,10.0,1.8166431328643449,0.6865254351684879
r5_final_inverse_map_complete_2026-08-31,0,0.95,0.0,HuberAIME,0.0,1.0,65.56063220781884,4.858759862280909,0.0,2,0.9999999999999999,1.0,1.0,1.0,0.9982101272101027,0.5205930288720461,1.0,0.0025104183908811173,0.05010407559152366,0.2281517579345962,0.9646204113217411,,,,X ~= Y A^T,SVD normal-system solve,65.56063220781884,4.9775806362845465,4.9775806362845465,326.333333380212,326.333333380212,4.977580636284554,3.2633333338021194e-10,True,1.0,rms,10.0,1.8166431328643449,0.6865254351684879
r5_final_inverse_map_complete_2026-08-31,0,0.95,0.0,RidgeAIME,0.01,1.0,65.43118942400046,4.853244828967214,0.0,1,0.9999999999999999,1.0,1.0,1.0,0.9982163052747463,0.5205930288720461,1.0,0.002510434179390769,0.0501042331484154,0.228146903630842,0.964620191716905,,,,X ~= Y A^T,SVD normal-system solve,65.56063220781884,4.9775806362845465,4.987580636284563,326.333333380212,326.343333380212,4.987580636284562,3.263433333802119e-10,True,1.0,rms,10.0,1.8157848150803424,0.6860322004822945
r5_final_inverse_map_complete_2026-08-31,0,0.95,0.0,HuberRidgeAIME,0.01,1.0,65.43118942400046,4.853244828967214,0.0,2,0.9999999999999999,1.0,1.0,1.0,0.9982163052747463,0.5205930288720461,1.0,0.002510434179390769,0.0501042331484154,0.228146903630842,0.964620191716905,,,,X ~= Y A^T,SVD normal-system solve,65.56063220781884,4.9775806362845465,4.987580636284563,326.333333380212,326.343333380212,4.987580636284562,3.263433333802119e-10,True,1.0,rms,10.0,1.8157848150803424,0.6860322004822945
r5_final_inverse_map_complete_2026-08-31,0,0.95,0.05,ZeroOperator,0.01,1.0,,0.0,0.0,0,0.1,0.3,0.3,0.3,,,0.0,0.032133416311834334,0.1792579602467749,-8.937456274067243,,0.056179775280898875,1.0,1.0,,,,,,,,,,,,,,,-300.0
r5_final_inverse_map_complete_2026-08-31,0,0.95,0.05,AIME,0.0,1.0,63.25756224280081,9.596278876324943,0.0,1,0.40794536984754376,0.4,0.4,0.4000000000000001,0.512239533520908,0.40294234702333637,0.8333333333333334,0.0076353617203591,0.08738055687828443,-1.3612824884981554,0.8852636537523613,0.056179775280898875,1.0,1.0,X ~= Y A^T,SVD normal-system solve,63.25756224280081,5.158987794315733,5.158987794315733,326.3449915087771,326.3449915087771,5.158987794315717,3.2634499150877706e-10,True,1.0,rms,10.0,1.8011124514921413,0.9821028604597356
r5_final_inverse_map_complete_2026-08-31,0,0.95,0.05,HuberAIME,0.0,1.0,63.18832019900851,5.1336618621440095,0.056179775280898875,6,0.9999999999999999,1.0,1.0,1.0,0.9394149197589488,0.5205699759315447,0.9666666666666667,0.002741735217824416,0.05236158150614261,0.15210155130109682,0.9564049757284481,1.0,0.2116315739349743,1.0,X ~= Y A^T,SVD normal-system solve,63.18832019900851,4.935923261753496,4.935923261753496,311.8926995414144,311.8926995414144,4.9359232617534845,3.118926995414142e-10,True,0.955709638985111,rms,10.0,1.8006368102144688,0.7104272596916402
r5_final_inverse_map_complete_2026-08-31,0,0.95,0.05,RidgeAIME,0.01,1.0,63.13711784494145,9.580026186150262,0.0,1,0.40794536984754376,0.4,0.4,0.4000000000000001,0.512468954657257,0.40294234702333637,0.8333333333333334,0.007622430673402032,0.08730653282201757,-1.3572834828379188,0.8854225055374788,0.056179775280898875,1.0,1.0,X ~= Y A^T,SVD normal-system solve,63.25756224280081,5.158987794315733,5.168987794315743,326.3449915087771,326.35499150877706,5.1689877943157,3.2635499150877704e-10,True,1.0,rms,10.0,1.8002847528395833,0.9813666961855401
r5_final_inverse_map_complete_2026-08-31,0,0.95,0.05,HuberRidgeAIME,0.01,1.0,63.06258426033801,5.1268136791950525,0.056179775280898875,6,0.9999999999999999,1.0,1.0,1.0,0.9394809252299063,0.5205699759315447,0.9666666666666667,0.002741139922659099,0.052355896732451244,0.15228564998572136,0.9564141150919855,1.0,0.2116312654592697,1.0,X ~= Y A^T,SVD normal-system solve,63.18832078960396,4.935923126144072,4.945923126144097,311.8926938876164,311.90269388761646,4.9459231261440895,3.1190269388761644e-10,True,0.9557096216550152,rms,10.0,1.7997717638588908,0.7098475344156646
r5_final_inverse_map_complete_2026-08-31,0,0.95,0.1,ZeroOperator,0.01,1.0,,0.0,0.0,0,0.1,0.0,0.0,0.0,,,0.0,0.02318487705930286,0.1522658105396706,-5.773040325914421,,0.10112359550561797,1.0,1.0,,,,,,,,,,,,,,,-300.0
r5_final_inverse_map_complete_2026-08-31,0,0.95,0.1,AIME,0.0,1.0,66.04826433375452,11.998209846169905,0.0,1,0.272864243244678,0.2,0.2,0.20000000000000004,0.41451405475631425,0.3278819727508961,0.8333333333333334,0.011788759057530893,0.1085760519522187,-2.4438716360200736,0.7836293217131128,0.10112359550561797,1.0,1.0,X ~= Y A^T,SVD normal-system solve,66.04826433375452,4.940955951938287,4.940955951938287,326.3415647750577,326.3415647750577,4.9409559519382835,3.2634156477505756e-10,True,1.0,rms,10.0,1.8198614093816272,1.0791164533871227
r5_final_inverse_map_complete_2026-08-31,0,0.95,0.1,HuberAIME,0.0,1.0,66.73718030956766,5.295826449003939,0.10112359550561797,5,0.9999999999999999,1.0,1.0,1.0,0.9059318839193803,0.520523870050542,0.9333333333333333,0.0028753588092052997,0.053622372282521216,0.1600161986450339,0.9361253899327581,0.9999999999999998,0.20468639408562625,1.0,X ~= Y A^T,SVD normal-system solve,66.73718030956766,4.496686492276448,4.496686492276448,300.0961772306506,300.0961772306506,4.496686492276398,3.000961772306506e-10,True,0.9195750286154004,rms,10.0,1.824367853474533,0.7239337442800334
r5_final_inverse_map_complete_2026-08-31,0,0.95,0.1,RidgeAIME,0.01,1.0,65.91687907206851,11.976352537366804,0.0,1,0.272864243244678,0.2,0.2,0.20000000000000004,0.4146741071256915,0.3278819727508961,0.8333333333333334,0.01176315829345019,0.10845809464235572,-2.436392838222298,0.7839381692035263,0.10112359550561797,1.0,1.0,X ~= Y A^T,SVD normal-system solve,66.04826433375452,4.940955951938287,4.950955951938345,326.3415647750577,326.3515647750577,4.950955951938303,3.2635156477505765e-10,True,1.0,rms,10.0,1.8189966368889188,1.0783245714682321
r5_final_inverse_map_complete_2026-08-31,0,0.95,0.1,HuberRidgeAIME,0.01,1.0,66.59131611183268,5.287392302633713,0.10112359550561797,5,0.9999999999999999,1.0,1.0,1.0,0.9060279686749574,0.520523870050542,0.9333333333333333,0.002874216265663237,0.0536117176153053,0.1603499719691155,0.936148337416189,0.9999999999999998,0.20468619554007284,1.0,X ~= Y A^T,SVD normal-system solve,66.73718200513505,4.496686279900853,4.506686279900852,300.0961706817369,300.1061706817369,4.506686279900874,3.001061706817369e-10,True,0.9195750085377602,rms,10.0,1.8234175983804273,0.7232415344543541
r5_final_inverse_map_complete_2026-08-31,1,0.0,0.0,ZeroOperator,0.01,1.0,,0.0,0.0,0,0.1,0.3,0.3,0.3,,,0.0,0.042146140378446904,0.20529525171919322,-2.015124795069761,,,,,,,,,,,,,,,,,,,-300.0
r5_final_inverse_map_complete_2026-08-31,1,0.0,0.0,AIME,0.0,1.0,4.524654226976424,4.853559322765562,0.0,1,0.9999999999999999,1.0,1.0,1.0,0.999875575834223,0.5205930288720461,1.0,0.002501608278383172,0.05001608019810401,0.8210355425199951,0.9698697922395756,,,,X ~= Y A^T,SVD normal-system solve,4.524654226976424,72.14057111016088,72.14057111016088,326.4111400100827,326.4111400100827,72.14057111016088,3.2641114001008274e-10,True,1.0,rms,10.0,0.6555853961260045,0.6860603421691212
r5_final_inverse_map_complete_2026-08-31,1,0.0,0.0,HuberAIME,0.0,1.0,4.524654226976424,4.853559322765562,0.0,2,0.9999999999999999,1.0,1.0,1.0,0.999875575834223,0.5205930288720461,1.0,0.002501608278383172,0.05001608019810401,0.8210355425199951,0.9698697922395756,,,,X ~= Y A^T,SVD normal-system solve,4.524654226976424,72.14057111016088,72.14057111016088,326.4111400100827,326.4111400100827,72.14057111016088,3.2641114001008274e-10,True,1.0,rms,10.0,0.6555853961260045,0.6860603421691212
r5_final_inverse_map_complete_2026-08-31,1,0.0,0.0,RidgeAIME,0.01,1.0,4.524165713278925,4.853085361897671,0.0,1,0.9999999999999999,1.0,1.0,1.0,0.9998755743583092,0.5205930288720461,1.0,0.002501591869726839,0.05001591616402562,0.8210367163913417,0.9698698884922606,,,,X ~= Y A^T,SVD normal-system solve,4.524654226976424,72.14057111016088,72.15057111016085,326.4111400100827,326.4211400100827,72.15057111016087,3.264211400100828e-10,True,1.0,rms,10.0,0.6555385040881996,0.6860179302757401
r5_final_inverse_map_complete_2026-08-31,1,0.0,0.0,HuberRidgeAIME,0.01,1.0,4.524165713278925,4.853085361897671,0.0,2,0.9999999999999999,1.0,1.0,1.0,0.9998755743583092,0.5205930288720461,1.0,0.002501591869726839,0.05001591616402562,0.8210367163913417,0.9698698884922606,,,,X ~= Y A^T,SVD normal-system solve,4.524654226976424,72.14057111016088,72.15057111016085,326.4111400100827,326.4211400100827,72.15057111016087,3.264211400100828e-10,True,1.0,rms,10.0,0.6555385040881996,0.6860179302757401
r5_final_inverse_map_complete_2026-08-31,1,0.0,0.05,ZeroOperator,0.01,1.0,,0.0,0.0,0,0.1,0.2,0.2,0.20000000000000004,,,0.0,0.04206766175873182,0.20510402667605485,-2.1485989380257973,,0.049029622063329927,1.0,1.0,,,,,,,,,,,,,,,-300.0
r5_final_inverse_map_complete_2026-08-31,1,0.0,0.05,AIME,0.0,1.0,4.647844416003752,5.226036819073569,0.0,1,0.9999999999999999,1.0,1.0,1.0,0.9276982388816376,0.5204086053480351,1.0,0.007024518796306675,0.08381240240147442,0.4742424109749188,0.9172888414941249,0.049029622063329927,1.0,1.0,X ~= Y A^T,SVD normal-system solve,4.647844416003752,70.21830659625748,70.21830659625748,326.3637642146548,326.3637642146548,70.21830659625746,3.2636376421465484e-10,True,1.0,rms,10.0,0.6672515818603397,0.718172465143345
r5_final_inverse_map_complete_2026-08-31,1,0.0,0.05,HuberAIME,0.0,1.0,4.59612171541944,4.855531863841399,0.049029622063329927,5,0.9999999999999999,1.0,1.0,1.0,0.9969203786815823,0.5205930288720461,1.0,0.0026785478674328177,0.051754689327951894,0.7995212327412116,0.9676405444176436,0.9999999999999999,0.19727543946678652,1.0,X ~= Y A^T,SVD normal-system solve,4.59612171541944,68.21500239484766,68.21500239484766,313.5244538243484,313.5244538243484,68.21500239484763,3.1352445382434837e-10,True,0.960642718176104,rms,10.0,0.6623915212423334,0.6862368084726886
r5_final_inverse_map_complete_2026-08-31,1,0.0,0.05,RidgeAIME,0.01,1.0,4.647324989494302,5.225484895118279,0.0,1,0.9999999999999999,1.0,1.0,1.0,0.9277020978148698,0.5204086053480351,1.0,0.007023697217174654,0.08380750096008503,0.47430390293987323,0.9172925049105594,0.049029622063329927,1.0,1.0,X ~= Y A^T,SVD normal-system solve,4.647844416003752,70.21830659625748,70.22830659625745,326.3637642146548,326.3737642146548,70.22830659625751,3.263737642146547e-10,True,1.0,rms,10.0,0.6672030439462464,0.7181265966975836
r5_final_inverse_map_complete_2026-08-31,1,0.0,0.05,HuberRidgeAIME,0.01,1.0,4.595594615897364,4.855024024413845,0.049029622063329927,5,0.9999999999999999,1.0,1.0,1.0,0.9969208178338397,0.5205930288720461,1.0,0.0026785158776512353,0.05175438027501861,0.7995236270504767,0.9676408898337251,0.9999999999999999,0.19727544852009013,1.0,X ~= Y A^T,SVD normal-system solve,4.596121713234636,68.21500246060566,68.22500246060565,313.52445397754377,313.53445397754376,68.22500246060562,3.1353445397754375e-10,True,0.960642718619984,rms,10.0,0.6623417119562651,0.6861913832954242
r5_final_inverse_map_complete_2026-08-31,1,0.0,0.1,ZeroOperator,0.01,1.0,,0.0,0.0,0,0.1,0.0,0.0,0.0,,,0.0,0.04594306562452447,0.21434333585284257,-2.558890998491064,,0.10214504596527069,1.0,1.0,,,,,,,,,,,,,,,-300.0
r5_final_inverse_map_complete_2026-08-31,1,0.0,0.1,AIME,0.0,1.0,4.702303940131652,5.554618869835157,0.0,1,0.9999999999999999,1.0,1.0,1.0,0.8831665397641566,0.5205469229910433,0.9666666666666667,0.009904087551547943,0.09951928231025355,0.23279895330588962,0.9019438975095215,0.10214504596527069,1.0,1.0,X ~= Y A^T,SVD normal-system solve,4.702303940131652,69.42882895853585,69.42882895853585,326.4754559704497,326.4754559704497,69.42882895853582,3.264754559704496e-10,True,1.0,rms,10.0,0.6723106969403295,0.7446542651839937
r5_final_inverse_map_complete_2026-08-31,1,0.0,0.1,HuberAIME,0.0,1.0,4.6993088690400375,4.907520389324615,0.10214504596527069,5,0.9999999999999999,1.0,1.0,1.0,0.9939355649344328,0.5205930288720461,1.0,0.0028054741122936102,0.05296672646382453,0.782679356960199,0.9690964312642297,1.0,0.21299394642429959,1.0,X ~= Y A^T,SVD normal-system solve,4.6993088690400375,63.901917361891826,63.901917361891826,300.2948470074018,300.2948470074018,63.9019173618918,3.0029484700740173e-10,True,0.9196112304825638,rms,10.0,0.6720339906095327,0.6908621126434702
r5_final_inverse_map_complete_2026-08-31,1,0.0,0.1,RidgeAIME,0.01,1.0,4.701770765250157,5.554060780618504,0.0,1,0.9999999999999999,1.0,1.0,1.0,0.8831725829386677,0.5205469229910433,0.9666666666666667,0.009902557113635413,0.09951159286050752,0.23291750572803682,0.9019488682431243,0.10214504596527069,1.0,1.0,X ~= Y A^T,SVD normal-system solve,4.702303940131652,69.42882895853585,69.43882895853581,326.4754559704497,326.48545597044966,69.43882895853584,3.2648545597044953e-10,True,1.0,rms,10.0,0.6722614512853501,0.7446106281226987
r5_final_inverse_map_complete_2026-08-31,1,0.0,0.1,HuberRidgeAIME,0.01,1.0,4.6987300611040554,4.907016788854874,0.10214504596527069,5,0.9999999999999999,1.0,1.0,1.0,0.9939358511336543,0.5205930288720461,1.0,0.002805370328863835,0.05296574675074293,0.7826873963434877,0.9690966745504519,1.0,0.21299391182854702,1.0,X ~= Y A^T,SVD normal-system solve,4.699308874734759,63.901917040748415,63.91191704074845,300.29484586215335,300.3048458621533,63.91191704074843,3.0030484586215335e-10,True,0.9196112269487791,rms,10.0,0.6719804958124022,0.6908175438775033
r5_final_inverse_map_complete_2026-08-31,1,0.7,0.0,ZeroOperator,0.01,1.0,,0.0,0.0,0,0.1,0.0,0.0,0.0,,,0.0,0.031992994777606844,0.1788658569364395,-3.328539468598872,,,,,,,,,,,,,,,,,,,-300.0
r5_final_inverse_map_complete_2026-08-31,1,0.7,0.0,AIME,0.0,1.0,12.677689649127432,4.850101649289448,0.0,1,0.9999999999999999,1.0,1.0,1.0,0.9995946937774352,0.5205930288720461,1.0,0.002526548148733672,0.05026478040073061,0.6581669375708512,0.9597027475511816,,,,X ~= Y A^T,SVD normal-system solve,12.677689649127432,25.749026995996008,25.749026995996008,326.4381730222414,326.4381730222414,25.749026995995973,3.264381730222415e-10,True,1.0,rms,10.0,1.103040116001886,0.6857508407183227
r5_final_inverse_map_complete_2026-08-31,1,0.7,0.0,HuberAIME,0.0,1.0,12.677689649127432,4.850101649289448,0.0,2,0.9999999999999999,1.0,1.0,1.0,0.9995946937774352,0.5205930288720461,1.0,0.002526548148733672,0.05026478040073061,0.6581669375708512,0.9597027475511816,,,,X ~= Y A^T,SVD normal-system solve,12.677689649127432,25.749026995996008,25.749026995996008,326.4381730222414,326.4381730222414,25.749026995995973,3.264381730222415e-10,True,1.0,rms,10.0,1.103040116001886,0.6857508407183227
r5_final_inverse_map_complete_2026-08-31,1,0.7,0.0,RidgeAIME,0.01,1.0,12.673156213275625,4.8488765168665715,0.0,1,0.9999999999999999,1.0,1.0,1.0,0.9995947494714609,0.5205930288720461,1.0,0.0025265535367354646,0.050264833996895526,0.6581662085931929,0.959702758447625,,,,X ~= Y A^T,SVD normal-system solve,12.677689649127432,25.749026995996008,25.759026995996017,326.4381730222414,326.44817302224146,25.759026995995978,3.2644817302224143e-10,True,1.0,rms,10.0,1.1028847881515904,0.6856411243658224
r5_final_inverse_map_complete_2026-08-31,1,0.7,0.0,HuberRidgeAIME,0.01,1.0,12.673156213275625,4.8488765168665715,0.0,2,0.9999999999999999,1.0,1.0,1.0,0.9995947494714609,0.5205930288720461,1.0,0.0025265535367354646,0.050264833996895526,0.6581662085931929,0.959702758447625,,,,X ~= Y A^T,SVD normal-system solve,12.677689649127432,25.749026995996008,25.759026995996017,326.4381730222414,326.44817302224146,25.759026995995978,3.2644817302224143e-10,True,1.0,rms,10.0,1.1028847881515904,0.6856411243658224
r5_final_inverse_map_complete_2026-08-31,1,0.7,0.05,ZeroOperator,0.01,1.0,,0.0,0.0,0,0.1,0.0,0.0,0.0,,,0.0,0.03092557198485119,0.17585668023948134,-3.110235784456507,,0.04800817160367722,1.0,1.0,,,,,,,,,,,,,,,-300.0
r5_final_inverse_map_complete_2026-08-31,1,0.7,0.05,AIME,0.0,1.0,11.900827367488077,5.482877907668306,0.0,1,0.9999999999999999,1.0,1.0,1.0,0.8571373468454314,0.5205008171100406,0.8333333333333334,0.0066437052608082975,0.08150892749146131,0.11700274718499715,0.8942821056357876,0.04800817160367722,1.0,1.0,X ~= Y A^T,SVD normal-system solve,11.900827367488077,27.43096127009229,27.43096127009229,326.4511345996198,326.4511345996198,27.43096127009228,3.2645113459961975e-10,True,1.0,rms,10.0,1.0755771553962243,0.7390085751528042
r5_final_inverse_map_complete_2026-08-31,1,0.7,0.05,HuberAIME,0.0,1.0,11.928038285642737,4.836985454264558,0.04800817160367722,5,0.9999999999999999,1.0,1.0,1.0,0.9928955453571165,0.5205930288720461,0.9,0.0026649907146940213,0.05162354806378598,0.6458031493760132,0.955942612083526,1.0,0.20875981391923534,1.0,X ~= Y A^T,SVD normal-system solve,11.928038285642737,26.32870491618358,26.32870491618358,314.04980025162786,314.04980025162786,26.32870491618357,3.1404980025162783e-10,True,0.9620140053669092,rms,10.0,1.0765690244101203,0.6845747813842923
r5_final_inverse_map_complete_2026-08-31,1,0.7,0.05,RidgeAIME,0.01,1.0,11.896854901924572,5.481421358485633,0.0,1,0.9999999999999999,1.0,1.0,1.0,0.8571565148801872,0.5205008171100406,0.8333333333333334,0.0066420253929189614,0.08149862203079854,0.11722601397260235,0.8942966745834496,0.04800817160367722,1.0,1.0,X ~= Y A^T,SVD normal-system solve,11.900827367488077,27.43096127009229,27.440961270092288,326.4511345996198,326.46113459961975,27.44096127009227,3.2646113459961963e-10,True,1.0,rms,10.0,1.0754321648151859,0.7388931877010353
r5_final_inverse_map_complete_2026-08-31,1,0.7,0.05,HuberRidgeAIME,0.01,1.0,11.923889275104239,4.835742719153327,0.04800817160367722,5,0.9999999999999999,1.0,1.0,1.0,0.9928964698753714,0.5205930288720461,0.9,0.0026649488516287153,0.051623142597373085,0.6458087132850381,0.955943252192359,1.0,0.20875980391660456,1.0,X ~= Y A^T,SVD normal-system solve,11.928038316746743,26.328704834372907,26.338704834372905,314.04980009471524,314.05980009471523,26.338704834372916,3.140598000947152e-10,True,0.9620140048867011,rms,10.0,1.0764179345331437,0.6844631866005729
r5_final_inverse_map_complete_2026-08-31,1,0.7,0.1,ZeroOperator,0.01,1.0,,0.0,0.0,0,0.1,0.1,0.1,0.10000000000000002,,,0.0,0.021819311176594563,0.14771361202202918,-1.6284939432241012,,0.10214504596527069,1.0,1.0,,,,,,,,,,,,,,,-300.0
r5_final_inverse_map_complete_2026-08-31,1,0.7,0.1,AIME,0.0,1.0,11.407412669619024,7.087262849701854,0.0,1,0.9267857142857142,0.8,0.8,0.8000000000000002,0.70377000623509,0.5088014498055986,0.8666666666666667,0.013257134944215985,0.11513963237832568,-0.5970393667952132,0.766571315116563,0.10214504596527069,1.0,1.0,X ~= Y A^T,SVD normal-system solve,11.407412669619024,28.608909267587457,28.608909267587457,326.35363404305826,326.35363404305826,28.608909267587503,3.263536340430582e-10,True,1.0,rms,10.0,1.0571871526804875,0.8504785400083354
r5_final_inverse_map_complete_2026-08-31,1,0.7,0.1,HuberAIME,0.0,1.0,11.441951714433067,4.937632863225769,0.10214504596527069,5,0.9999999999999999,1.0,1.0,1.0,0.9784057643153882,0.5205930288720461,0.9,0.0029456076717367437,0.05427345273461735,0.6451532378079918,0.9303472359155748,1.0,0.2034932244705963,1.0,X ~= Y A^T,SVD normal-system solve,11.441951714433067,26.200743958467815,26.200743958467815,299.78764725501264,299.78764725501264,26.20074395846778,2.997876472550127e-10,True,0.9186407788018995,rms,10.0,1.0585001106906593,0.6935187949108639
r5_final_inverse_map_complete_2026-08-31,1,0.7,0.1,RidgeAIME,0.01,1.0,11.403776118493928,7.085122224013042,0.0,1,0.9267857142857142,0.8,0.8,0.8000000000000002,0.7037829264556367,0.5088014498055986,0.8666666666666667,0.013251724601478252,0.11511613527858834,-0.5963876022641608,0.7666027992180653,0.10214504596527069,1.0,1.0,X ~= Y A^T,SVD normal-system solve,11.407412669619024,28.608909267587457,28.618909267587444,326.35363404305826,326.36363404305825,28.618909267587487,3.263636340430582e-10,True,1.0,rms,10.0,1.0570486825538459,0.8503473465745266
r5_final_inverse_map_complete_2026-08-31,1,0.7,0.1,HuberRidgeAIME,0.01,1.0,11.437967945960205,4.936076835862313,0.10214504596527069,5,0.9999999999999999,1.0,1.0,1.0,0.9784066634455628,0.5205930288720461,0.9,0.002945402340575242,0.05427156106631945,0.6451779733145344,0.9303489808605395,1.0,0.2034931976113587,1.0,X ~= Y A^T,SVD normal-system solve,11.441951790107044,26.200743706964605,26.210743706964628,299.78764636003956,299.79764636003955,26.210743706964642,2.997976463600396e-10,True,0.9186407760583614,rms,10.0,1.0583488751349313,0.6933819113840378
r5_final_inverse_map_complete_2026-08-31,1,0.95,0.0,ZeroOperator,0.01,1.0,,0.0,0.0,0,0.1,0.2,0.2,0.20000000000000004,,,0.0,0.02608934848597433,0.16152197524168135,-6.615028883310229,,,,,,,,,,,,,,,,,,,-300.0
r5_final_inverse_map_complete_2026-08-31,1,0.95,0.0,AIME,0.0,1.0,64.47386926961421,4.844949304149302,0.0,1,0.9999999999999999,1.0,1.0,1.0,0.9978899691672058,0.5205930288720461,1.0,0.002504158691580042,0.0500415696354545,0.26907945688923496,0.9507976282872237,,,,X ~= Y A^T,SVD normal-system solve,64.47386926961421,5.06165680208982,5.06165680208982,326.34459894559257,326.34459894559257,5.061656802089858,3.2634459894559267e-10,True,1.0,rms,10.0,1.8093837343032175,0.6852892371053803
r5_final_inverse_map_complete_2026-08-31,1,0.95,0.0,HuberAIME,0.0,1.0,64.47386926961421,4.844949304149302,0.0,2,0.9999999999999999,1.0,1.0,1.0,0.9978899691672058,0.5205930288720461,1.0,0.002504158691580042,0.0500415696354545,0.26907945688923496,0.9507976282872237,,,,X ~= Y A^T,SVD normal-system solve,64.47386926961421,5.06165680208982,5.06165680208982,326.34459894559257,326.34459894559257,5.061656802089858,3.2634459894559267e-10,True,1.0,rms,10.0,1.8093837343032175,0.6852892371053803
r5_final_inverse_map_complete_2026-08-31,1,0.95,0.0,RidgeAIME,0.01,1.0,64.34871515973117,4.838634470682661,0.0,1,0.9999999999999999,1.0,1.0,1.0,0.9978902347350606,0.5205930288720461,1.0,0.002504175908283422,0.05004174165917311,0.26907443163175926,0.9507972570189853,,,,X ~= Y A^T,SVD normal-system solve,64.47386926961421,5.06165680208982,5.071656802089848,326.34459894559257,326.35459894559267,5.071656802089853,3.2635459894559265e-10,True,1.0,rms,10.0,1.8085398798401011,0.6847228150489958
r5_final_inverse_map_complete_2026-08-31,1,0.95,0.0,HuberRidgeAIME,0.01,1.0,64.34871515973117,4.838634470682661,0.0,2,0.9999999999999999,1.0,1.0,1.0,0.9978902347350606,0.5205930288720461,1.0,0.002504175908283422,0.05004174165917311,0.26907443163175926,0.9507972570189853,,,,X ~= Y A^T,SVD normal-system solve,64.47386926961421,5.06165680208982,5.071656802089848,326.34459894559257,326.35459894559267,5.071656802089853,3.2635459894559265e-10,True,1.0,rms,10.0,1.8085398798401011,0.6847228150489958
r5_final_inverse_map_complete_2026-08-31,1,0.95,0.05,ZeroOperator,0.01,1.0,,0.0,0.0,0,0.1,0.1,0.1,0.10000000000000002,,,0.0,0.037517437692231904,0.19369418600523844,-10.671891762598953,,0.05209397344228805,1.0,1.0,,,,,,,,,,,,,,,-300.0
r5_final_inverse_map_complete_2026-08-31,1,0.95,0.05,AIME,0.0,1.0,67.76839005104397,9.516261086569957,0.0,1,0.7205893670599552,0.6,0.6,0.6,0.574487770589185,0.4680207980586862,0.8666666666666667,0.007514481277569889,0.08668610775418337,-1.337798568318334,0.9046611616047531,0.05209397344228805,1.0,1.0,X ~= Y A^T,SVD normal-system solve,67.76839005104397,4.815496945262837,4.815496945262837,326.3384752761827,326.3384752761827,4.815496945262762,3.2633847527618264e-10,True,1.0,rms,10.0,1.8310271683867732,0.9784663487604749
r5_final_inverse_map_complete_2026-08-31,1,0.95,0.05,HuberAIME,0.0,1.0,68.10836083646501,5.204863572631599,0.05209397344228805,6,0.9999999999999999,1.0,1.0,1.0,0.949773140996902,0.520523870050542,1.0,0.002711892170103663,0.05207583095931992,0.15631466783662118,0.963221942190959,1.0000000000000002,0.20373018924935937,1.0,X ~= Y A^T,SVD normal-system solve,68.10836083646501,4.59269638277712,4.59269638277712,312.80102245051177,312.80102245051177,4.592696382777129,3.128010224505117e-10,True,0.9585191416258604,rms,10.0,1.8332004282455434,0.7164093504786814
r5_final_inverse_map_complete_2026-08-31,1,0.95,0.05,RidgeAIME,0.01,1.0,67.63002421886526,9.499340652783035,0.0,1,0.7205893670599552,0.6,0.6,0.6,0.5747546610809472,0.4680207980586862,0.8666666666666667,0.007499996924220088,0.08660252262041844,-1.3332924022539836,0.9048131137737444,0.05209397344228805,1.0,1.0,X ~= Y A^T,SVD normal-system solve,67.76839005104397,4.815496945262837,4.825496945262789,326.3384752761827,326.34847527618274,4.82549694526279,3.263484752761826e-10,True,1.0,rms,10.0,1.8301395429497795,0.9776934620472127
r5_final_inverse_map_complete_2026-08-31,1,0.95,0.05,HuberRidgeAIME,0.01,1.0,67.96256032202814,5.197995166757276,0.05209397344228805,6,0.9999999999999999,1.0,1.0,1.0,0.9498557993812154,0.520523870050542,1.0,0.0027111387134597406,0.05206859623093118,0.15654907255444372,0.9632314995525051,1.0000000000000002,0.20372983897756933,1.0,X ~= Y A^T,SVD normal-system solve,68.10836260843647,4.592696175844354,4.6026961758443035,312.8010164947868,312.8110164947867,4.602696175844365,3.128110164947867e-10,True,0.9585191233788111,rms,10.0,1.8322697314798768,0.7158358713459055
r5_final_inverse_map_complete_2026-08-31,1,0.95,0.1,ZeroOperator,0.01,1.0,,0.0,0.0,0,0.1,0.0,0.0,0.0,,,0.0,0.039260124239269945,0.19814167718900016,-11.130406069981724,,0.1062308478038815,1.0,1.0,,,,,,,,,,,,,,,-300.0
r5_final_inverse_map_complete_2026-08-31,1,0.95,0.1,AIME,0.0,1.0,65.8859974839863,11.979977444897349,0.0,1,0.5559355590062112,0.6,0.6,0.6,0.4860723225135546,0.4141114966962471,0.9666666666666667,0.012645396733985726,0.11245175291646514,-2.9071144137092504,0.8547248588393707,0.1062308478038815,1.0,1.0,X ~= Y A^T,SVD normal-system solve,65.8859974839863,4.953076511400933,4.953076511400933,326.33838656815357,326.33838656815357,4.95307651140094,3.263383865681536e-10,True,1.0,rms,10.0,1.8187931253436116,1.0784560003933725
r5_final_inverse_map_complete_2026-08-31,1,0.95,0.1,HuberAIME,0.0,1.0,65.92448642324426,5.476555948956698,0.1062308478038815,6,0.9999999999999999,1.0,1.0,1.0,0.9158892305567545,0.5203855524075338,1.0,0.0029018317781962124,0.05386865302006551,0.10340584757783333,0.9623756379593446,1.0,0.20473739878002023,1.0,X ~= Y A^T,SVD normal-system solve,65.92448642324426,4.532043293169534,4.532043293169534,298.77262655011015,298.77262655011015,4.532043293169519,2.987726265501102e-10,True,0.9155185796456813,rms,10.0,1.8190467551598997,0.7385075288170667
r5_final_inverse_map_complete_2026-08-31,1,0.95,0.1,RidgeAIME,0.01,1.0,65.75526003245844,11.958714345073814,0.0,1,0.5559355590062112,0.6,0.6,0.6,0.4863125376494505,0.4141114966962471,0.9666666666666667,0.012618860227863746,0.11233370032124708,-2.898915290523181,0.8549558872505361,0.1062308478038815,1.0,1.0,X ~= Y A^T,SVD normal-system solve,65.8859974839863,4.953076511400933,4.963076511400912,326.33838656815357,326.3483865681536,4.963076511400953,3.263483865681536e-10,True,1.0,rms,10.0,1.817930499545058,1.0776844921229072
r5_final_inverse_map_complete_2026-08-31,1,0.95,0.1,HuberRidgeAIME,0.01,1.0,65.78154747101925,5.469066628934583,0.1062308478038815,6,0.9999999999999999,1.0,1.0,1.0,0.9160372015761451,0.5203855524075338,1.0,0.002900493612875324,0.05385623095682916,0.103819307520859,0.9623923447820358,1.0,0.20473712682327447,1.0,X ~= Y A^T,SVD normal-system solve,65.92448862910616,4.532042998543322,4.542042998543342,298.7726171240895,298.7826171240895,4.5420429985433595,2.9878261712408953e-10,True,0.9155185507554857,rms,10.0,1.8181040857811694,0.737913214360625
r5_final_inverse_map_complete_2026-08-31,2,0.0,0.0,ZeroOperator,0.01,1.0,,0.0,0.0,0,0.1,0.2,0.2,0.20000000000000004,,,0.0,0.04335197505168038,0.2082113710912072,-2.227258310866959,,,,,,,,,,,,,,,,,,,-300.0
r5_final_inverse_map_complete_2026-08-31,2,0.0,0.0,AIME,0.0,1.0,4.832661468685341,4.844012191923724,0.0,1,0.9999999999999999,1.0,1.0,1.0,0.9998042862567903,0.5205930288720461,1.0,0.0025309013135066095,0.05030806410016797,0.8115916913067676,0.9703709415374271,,,,X ~= Y A^T,SVD normal-system solve,4.832661468685341,67.59671844465822,67.59671844465822,326.6720566370715,326.6720566370715,67.5967184446583,3.266720566370715e-10,True,1.0,rms,10.0,0.6841863735722977,0.685205227550811
r5_final_inverse_map_complete_2026-08-31,2,0.0,0.0,HuberAIME,0.0,1.0,4.832661468685341,4.844012191923724,0.0,2,0.9999999999999999,1.0,1.0,1.0,0.9998042862567903,0.5205930288720461,1.0,0.0025309013135066095,0.05030806410016797,0.8115916913067676,0.9703709415374271,,,,X ~= Y A^T,SVD normal-system solve,4.832661468685341,67.59671844465822,67.59671844465822,326.6720566370715,326.6720566370715,67.5967184446583,3.266720566370715e-10,True,1.0,rms,10.0,0.6841863735722977,0.685205227550811
r5_final_inverse_map_complete_2026-08-31,2,0.0,0.0,RidgeAIME,0.01,1.0,4.832094563271666,4.843523126514627,0.0,1,0.9999999999999999,1.0,1.0,1.0,0.9998042937140472,0.5205930288720461,1.0,0.00253090968796765,0.05030814733189496,0.8115910678853673,0.9703708283161335,,,,X ~= Y A^T,SVD normal-system solve,4.832661468685341,67.59671844465822,67.60671844465826,326.6720566370715,326.68205663707147,67.60671844465827,3.2668205663707145e-10,True,1.0,rms,10.0,0.6841354247656464,0.6851613777166355
r5_final_inverse_map_complete_2026-08-31,2,0.0,0.0,HuberRidgeAIME,0.01,1.0,4.832094563271666,4.843523126514627,0.0,2,0.9999999999999999,1.0,1.0,1.0,0.9998042937140472,0.5205930288720461,1.0,0.00253090968796765,0.05030814733189496,0.8115910678853673,0.9703708283161335,,,,X ~= Y A^T,SVD normal-system solve,4.832661468685341,67.59671844465822,67.60671844465826,326.6720566370715,326.68205663707147,67.60671844465827,3.2668205663707145e-10,True,1.0,rms,10.0,0.6841354247656464,0.6851613777166355
r5_final_inverse_map_complete_2026-08-31,2,0.0,0.05,ZeroOperator,0.01,1.0,,0.0,0.0,0,0.1,0.2,0.2,0.20000000000000004,,,0.0,0.03296554442692146,0.18156416063453013,-0.9906159800152983,,0.04290091930541369,1.0,1.0,,,,,,,,,,,,,,,-300.0
r5_final_inverse_map_complete_2026-08-31,2,0.0,0.05,AIME,0.0,1.0,4.57380402157661,5.115128068975471,0.0,1,0.9999999999999999,1.0,1.0,1.0,0.9420291999237536,0.5205008171100406,1.0,0.006057883196433485,0.07783240453971267,0.6341962705145352,0.9089732409996707,0.04290091930541369,1.0,1.0,X ~= Y A^T,SVD normal-system solve,4.57380402157661,71.44553619995737,71.44553619995737,326.7778807950623,326.7778807950623,71.44553619995739,3.2677788079506227e-10,True,1.0,rms,10.0,0.6602775520129089,0.7088565117437922
r5_final_inverse_map_complete_2026-08-31,2,0.0,0.05,HuberAIME,0.0,1.0,4.527583415402281,4.856424521905079,0.04290091930541369,5,0.9999999999999999,1.0,1.0,1.0,0.9973838258537819,0.5205930288720461,1.0,0.0026466422481005464,0.051445526997986386,0.8401831838654525,0.9590287737638148,1.0,0.20224939598961422,1.0,X ~= Y A^T,SVD normal-system solve,4.527583415402281,69.70629907211351,69.70629907211351,315.60108362797257,315.60108362797257,69.70629907211351,3.1560108362797263e-10,True,0.9657757657115054,rms,10.0,0.6558664604251233,0.6863166433601153
r5_final_inverse_map_complete_2026-08-31,2,0.0,0.05,RidgeAIME,0.01,1.0,4.57330387782126,5.114559976052333,0.0,1,0.9999999999999999,1.0,1.0,1.0,0.9420300828614708,0.5205008171100406,1.0,0.0060572803161200615,0.07782853150432727,0.634232675288271,0.9089745377869891,0.04290091930541369,1.0,1.0,X ~= Y A^T,SVD normal-system solve,4.57380402157661,71.44553619995737,71.45553619995735,326.7778807950623,326.7878807950624,71.45553619995736,3.267878807950623e-10,True,1.0,rms,10.0,0.6602300594774076,0.7088082757426757
r5_final_inverse_map_complete_2026-08-31,2,0.0,0.05,HuberRidgeAIME,0.01,1.0,4.527077424395433,4.855873150441432,0.04290091930541369,5,0.9999999999999999,1.0,1.0,1.0,0.9973837997676661,0.5205930288720461,1.0,0.002646611207274887,0.05144522531076025,0.8401850582577814,0.9590289005560776,1.0,0.20224939247582685,1.0,X ~= Y A^T,SVD normal-system solve,4.527583415600247,69.7062990586268,69.71629905862679,315.60108358070977,315.6110835807099,69.71629905862677,3.1561108358070974e-10,True,0.9657757655607607,rms,10.0,0.6558179220853039,0.6862673331778131
r5_final_inverse_map_complete_2026-08-31,2,0.0,0.1,ZeroOperator,0.01,1.0,,0.0,0.0,0,0.1,0.0,0.0,0.0,,,0.0,0.0364771990146868,0.19099004951747303,-1.4101620362796052,,0.09805924412665985,1.0,1.0,,,,,,,,,,,,,,,-300.0
r5_final_inverse_map_complete_2026-08-31,2,0.0,0.1,AIME,0.0,1.0,4.61175081625832,5.464386362820728,0.0,1,0.9999999999999999,1.0,1.0,1.0,0.8766920068352805,0.5201319700620188,0.9666666666666667,0.010691748800431227,0.10340091295743586,0.29356288979693723,0.8635270303303864,0.09805924412665985,1.0,1.0,X ~= Y A^T,SVD normal-system solve,4.61175081625832,70.90353530392775,70.90353530392775,326.9894368134895,326.9894368134895,70.90353530392775,3.269894368134895e-10,True,1.0,rms,10.0,0.6638658333044468,0.7375413988193184
r5_final_inverse_map_complete_2026-08-31,2,0.0,0.1,HuberAIME,0.0,1.0,4.687080314744955,4.854924553950092,0.09805924412665985,5,0.9999999999999999,1.0,1.0,1.0,0.9935813326994163,0.5205699759315447,1.0,0.0028489249475504267,0.05337532152175223,0.8117626643967016,0.9601886395883983,0.9999999999999999,0.20999745150202576,1.0,X ~= Y A^T,SVD normal-system solve,4.687080314744955,64.41904755268835,64.41904755268835,301.9372496788248,301.9372496788248,64.41904755268847,3.0193724967882494e-10,True,0.9225329472361536,rms,10.0,0.6709023953703713,0.6861824853134887
r5_final_inverse_map_complete_2026-08-31,2,0.0,0.1,RidgeAIME,0.01,1.0,4.611241498706916,5.463790099784072,0.0,1,0.9999999999999999,1.0,1.0,1.0,0.8766960818633789,0.5201319700620188,0.9666666666666667,0.010690309836726766,0.10339395454632136,0.2936579666061703,0.863531023129287,0.09805924412665985,1.0,1.0,X ~= Y A^T,SVD normal-system solve,4.61175081625832,70.90353530392775,70.91353530392772,326.9894368134895,326.99943681348947,70.91353530392773,3.2699943681348945e-10,True,1.0,rms,10.0,0.6638178675695134,0.7374940068783618
r5_final_inverse_map_complete_2026-08-31,2,0.0,0.1,HuberRidgeAIME,0.01,1.0,4.686508044802124,4.854358981686596,0.09805924412665985,5,0.9999999999999999,1.0,1.0,1.0,0.9935817525264624,0.5205699759315447,1.0,0.002848874439789637,0.05337484838188898,0.8117660016016099,0.9601887447219957,0.9999999999999999,0.20999743761258208,1.0,X ~= Y A^T,SVD normal-system solve,4.687080314680332,64.41904746634447,64.42904746634441,301.9372492699611,301.947249269961,64.4290474663444,3.01947249269961e-10,True,0.9225329458741653,rms,10.0,0.6708493668674956,0.6861318894250218
r5_final_inverse_map_complete_2026-08-31,2,0.7,0.0,ZeroOperator,0.01,1.0,,0.0,0.0,0,0.1,0.0,0.0,0.0,,,0.0,0.04121940542809421,0.20302562751557796,-5.775057271919646,,,,,,,,,,,,,,,,,,,-300.0
r5_final_inverse_map_complete_2026-08-31,2,0.7,0.0,AIME,0.0,1.0,12.143807453795617,4.857406290921632,0.0,1,0.9999999999999999,1.0,1.0,1.0,0.9996329535000257,0.5205930288720461,1.0,0.0025259125670907,0.0502584576672494,0.5848265609809815,0.968878225583401,,,,X ~= Y A^T,SVD normal-system solve,12.143807453795617,26.873967987283653,26.873967987283653,326.35229275704,326.35229275704,26.873967987283617,3.263522927570401e-10,True,1.0,rms,10.0,1.0843548726475016,0.6864044309438317
r5_final_inverse_map_complete_2026-08-31,2,0.7,0.0,HuberAIME,0.0,1.0,12.143807453795617,4.857406290921632,0.0,2,0.9999999999999999,1.0,1.0,1.0,0.9996329535000257,0.5205930288720461,1.0,0.0025259125670907,0.0502584576672494,0.5848265609809815,0.968878225583401,,,,X ~= Y A^T,SVD normal-system solve,12.143807453795617,26.873967987283653,26.873967987283653,326.35229275704,326.35229275704,26.873967987283617,3.263522927570401e-10,True,1.0,rms,10.0,1.0843548726475016,0.6864044309438317
r5_final_inverse_map_complete_2026-08-31,2,0.7,0.0,RidgeAIME,0.01,1.0,12.139662303995138,4.856346204652318,0.0,1,0.9999999999999999,1.0,1.0,1.0,0.9996332528249768,0.5205930288720461,1.0,0.0025259298097875327,0.05025862920720712,0.5848237268726932,0.9688781490255683,,,,X ~= Y A^T,SVD normal-system solve,12.143807453795617,26.873967987283653,26.88396798728371,326.35229275704,326.3622927570401,26.88396798728364,3.2636229275704004e-10,True,1.0,rms,10.0,1.0842066058865774,0.6863096396427064
r5_final_inverse_map_complete_2026-08-31,2,0.7,0.0,HuberRidgeAIME,0.01,1.0,12.139662303995138,4.856346204652318,0.0,2,0.9999999999999999,1.0,1.0,1.0,0.9996332528249768,0.5205930288720461,1.0,0.0025259298097875327,0.05025862920720712,0.5848237268726932,0.9688781490255683,,,,X ~= Y A^T,SVD normal-system solve,12.143807453795617,26.873967987283653,26.88396798728371,326.35229275704,326.3622927570401,26.88396798728364,3.2636229275704004e-10,True,1.0,rms,10.0,1.0842066058865774,0.6863096396427064
r5_final_inverse_map_complete_2026-08-31,2,0.7,0.05,ZeroOperator,0.01,1.0,,0.0,0.0,0,0.1,0.1,0.1,0.10000000000000002,,,0.0,0.03379014953044566,0.1838209714108966,-4.149791451997936,,0.04698672114402452,1.0,1.0,,,,,,,,,,,,,,,-300.0
r5_final_inverse_map_complete_2026-08-31,2,0.7,0.05,AIME,0.0,1.0,11.854797596160045,5.667942660690085,0.0,1,0.9999999999999999,1.0,1.0,1.0,0.8733287080215365,0.5203855524075338,0.9,0.00586683662274529,0.0765952780708138,0.10586411987139666,0.9127543194681201,0.04698672114402452,1.0,1.0,X ~= Y A^T,SVD normal-system solve,11.854797596160045,27.52820866939773,27.52820866939773,326.34134196056834,326.34134196056834,27.52820866939769,3.263413419605683e-10,True,1.0,rms,10.0,1.0738941434157496,0.7534254480906217
r5_final_inverse_map_complete_2026-08-31,2,0.7,0.05,HuberAIME,0.0,1.0,11.802060020132393,4.903499293376129,0.04698672114402452,5,0.9999999999999999,1.0,1.0,1.0,0.9925349033736204,0.5205930288720461,1.0,0.002659721132880166,0.051572484261281866,0.5946449084972754,0.9598374474903744,0.9999999999999999,0.20469649481467672,1.0,X ~= Y A^T,SVD normal-system solve,11.802060020132393,26.617715165488825,26.617715165488825,314.14387198188734,314.14387198188734,26.617715165488885,3.1414387198188735e-10,True,0.962631295976992,rms,10.0,1.0719578189410095,0.6905061170515963
r5_final_inverse_map_complete_2026-08-31,2,0.7,0.05,RidgeAIME,0.01,1.0,11.850855873687673,5.6664377478672545,0.0,1,0.9999999999999999,1.0,1.0,1.0,0.8733448037928963,0.5203855524075338,0.9,0.005865292243079633,0.07658519597859388,0.10609949122403528,0.9127701646911506,0.04698672114402452,1.0,1.0,X ~= Y A^T,SVD normal-system solve,11.854797596160045,27.52820866939773,27.538208669397683,326.34134196056834,326.35134196056833,27.53820866939767,3.2635134196056833e-10,True,1.0,rms,10.0,1.0737497164049608,0.7533101219210416
r5_final_inverse_map_complete_2026-08-31,2,0.7,0.05,HuberRidgeAIME,0.01,1.0,11.79800332697372,4.9022884093432895,0.04698672114402452,5,0.9999999999999999,1.0,1.0,1.0,0.9925356714877535,0.5205930288720461,1.0,0.0026596499346237283,0.05157179398298772,0.594655759475371,0.9598384811828816,0.9999999999999999,0.2046964484897031,1.0,X ~= Y A^T,SVD normal-system solve,11.802060025036944,26.61771509416852,26.627715094168536,314.14387127070876,314.15387127070875,26.627715094168536,3.141538712707087e-10,True,0.9626312938003334,rms,10.0,1.071808514301863,0.6903988578956155
r5_final_inverse_map_complete_2026-08-31,2,0.7,0.1,ZeroOperator,0.01,1.0,,0.0,0.0,0,0.1,0.1,0.1,0.10000000000000002,,,0.0,0.027226700793217477,0.1650051538383498,-2.622640880126079,,0.08682328907048008,1.0,1.0,,,,,,,,,,,,,,,-300.0
r5_final_inverse_map_complete_2026-08-31,2,0.7,0.1,AIME,0.0,1.0,12.380158484592725,6.354099037825451,0.0,1,0.9999999999999999,1.0,1.0,1.0,0.7953462784185625,0.520523870050542,0.9,0.009324338805800367,0.09656261598465717,-0.24064723062050586,0.8481913356695419,0.08682328907048008,1.0,1.0,X ~= Y A^T,SVD normal-system solve,12.380158484592725,26.370767339293014,26.370767339293014,326.47427902076913,326.47427902076913,26.370767339292964,3.264742790207691e-10,True,1.0,rms,10.0,1.0927262043402808,0.8030539796516405
r5_final_inverse_map_complete_2026-08-31,2,0.7,0.1,HuberAIME,0.0,1.0,12.349446955472047,4.917169048577102,0.08682328907048008,5,0.9999999999999999,1.0,1.0,1.0,0.986993156568759,0.5205930288720461,0.9666666666666667,0.0027801977626785994,0.05272758066399974,0.6300815825462212,0.9476306032658577,0.9999999999999998,0.21081118685549485,1.0,X ~= Y A^T,SVD normal-system solve,12.349446955472047,24.627219015236083,24.627219015236083,304.13253488945054,304.13253488945054,24.627219015236054,3.0413253488945066e-10,True,0.9314800315451656,rms,10.0,1.0916475090479327,0.6917151392647773
r5_final_inverse_map_complete_2026-08-31,2,0.7,0.1,RidgeAIME,0.01,1.0,12.375844675847807,6.35218660909698,0.0,1,0.9999999999999999,1.0,1.0,1.0,0.7953656713235212,0.520523870050542,0.9,0.009321072888440043,0.0965457036249674,-0.24021268492102954,0.8482138073594804,0.08682328907048008,1.0,1.0,X ~= Y A^T,SVD normal-system solve,12.380158484592725,26.370767339293014,26.38076733929302,326.47427902076913,326.48427902076924,26.380767339292994,3.264842790207691e-10,True,1.0,rms,10.0,1.092574850073542,0.8029232479377221
r5_final_inverse_map_complete_2026-08-31,2,0.7,0.1,HuberRidgeAIME,0.01,1.0,12.344840422079647,4.915703261628905,0.08682328907048008,5,0.9999999999999999,1.0,1.0,1.0,0.9869956378090422,0.5205930288720461,0.9666666666666667,0.0027800626857932206,0.05272629975442256,0.630099555162538,0.9476319887366564,0.9999999999999998,0.2108111516756598,1.0,X ~= Y A^T,SVD normal-system solve,12.349447048811292,24.627218750160594,24.637218750160567,304.13253391460086,304.1425339146008,24.637218750160592,3.041425339146006e-10,True,0.9314800284907365,rms,10.0,1.0914854803142715,0.6915856586475416
r5_final_inverse_map_complete_2026-08-31,2,0.95,0.0,ZeroOperator,0.01,1.0,,0.0,0.0,0,0.1,0.1,0.1,0.10000000000000002,,,0.0,0.017574121446788216,0.1325674222680226,-4.006206627491335,,,,,,,,,,,,,,,,,,,-300.0
r5_final_inverse_map_complete_2026-08-31,2,0.95,0.0,AIME,0.0,1.0,62.978098375458906,4.819139519156365,0.0,1,0.9999999999999999,1.0,1.0,1.0,0.9980899698152004,0.5205930288720461,0.9666666666666667,0.002494311157376111,0.04994307917395674,0.289464506951842,0.9263206417919375,,,,X ~= Y A^T,SVD normal-system solve,62.978098375458906,5.181716110651805,5.181716110651805,326.3346269703297,326.3346269703297,5.181716110651803,3.263346269703296e-10,True,1.0,rms,10.0,1.7991895429706866,0.682969499765125
r5_final_inverse_map_complete_2026-08-31,2,0.95,0.0,HuberAIME,0.0,1.0,62.978098375458906,4.819139519156365,0.0,2,0.9999999999999999,1.0,1.0,1.0,0.9980899698152004,0.5205930288720461,0.9666666666666667,0.002494311157376111,0.04994307917395674,0.289464506951842,0.9263206417919375,,,,X ~= Y A^T,SVD normal-system solve,62.978098375458906,5.181716110651805,5.181716110651805,326.3346269703297,326.3346269703297,5.181716110651803,3.263346269703296e-10,True,1.0,rms,10.0,1.7991895429706866,0.682969499765125
r5_final_inverse_map_complete_2026-08-31,2,0.95,0.0,RidgeAIME,0.01,1.0,62.858719547621234,4.811855279489037,0.0,1,0.9999999999999999,1.0,1.0,1.0,0.9980885161887961,0.5205930288720461,0.9666666666666667,0.0024943094573739817,0.04994306215455738,0.2894649912185494,0.9263208454515504,,,,X ~= Y A^T,SVD normal-system solve,62.978098375458906,5.181716110651805,5.19171611065182,326.3346269703297,326.3446269703296,5.191716110651821,3.2634462697032954e-10,True,1.0,rms,10.0,1.7983655300530805,0.6823125570999616
r5_final_inverse_map_complete_2026-08-31,2,0.95,0.0,HuberRidgeAIME,0.01,1.0,62.858719547621234,4.811855279489037,0.0,2,0.9999999999999999,1.0,1.0,1.0,0.9980885161887961,0.5205930288720461,0.9666666666666667,0.0024943094573739817,0.04994306215455738,0.2894649912185494,0.9263208454515504,,,,X ~= Y A^T,SVD normal-system solve,62.978098375458906,5.181716110651805,5.19171611065182,326.3346269703297,326.3446269703296,5.191716110651821,3.2634462697032954e-10,True,1.0,rms,10.0,1.7983655300530805,0.6823125570999616
r5_final_inverse_map_complete_2026-08-31,2,0.95,0.05,ZeroOperator,0.01,1.0,,0.0,0.0,0,0.1,0.2,0.2,0.20000000000000004,,,0.0,0.03414755380156797,0.18479056740420483,-9.330981776156044,,0.05515832482124617,1.0,1.0,,,,,,,,,,,,,,,-300.0
r5_final_inverse_map_complete_2026-08-31,2,0.95,0.05,AIME,0.0,1.0,63.18208218745717,9.927904532389752,0.0,1,0.4868064311167759,0.4,0.4,0.4000000000000001,0.5156676264965291,0.4069996645515764,0.7333333333333333,0.008528920748357679,0.09235215616517937,-1.5803348999340754,0.8818044351447243,0.05515832482124617,1.0,1.0,X ~= Y A^T,SVD normal-system solve,63.18208218745717,5.165159297828837,5.165159297828837,326.34551926673015,326.34551926673015,5.165159297828791,3.263455192667301e-10,True,1.0,rms,10.0,1.8005939341304202,0.9968575922965077
r5_final_inverse_map_complete_2026-08-31,2,0.95,0.05,HuberAIME,0.0,1.0,63.72474015849217,5.058991378076831,0.05515832482124617,6,0.9999999999999999,1.0,1.0,1.0,0.945090143100101,0.5205469229910433,0.9333333333333333,0.0027410581750446847,0.05235511603506084,0.17072179698945533,0.9590416054947449,0.9999999999999998,0.1915209591120055,1.0,X ~= Y A^T,SVD normal-system solve,63.72474015849217,4.892890785226221,4.892890785226221,311.79819391242165,311.79819391242165,4.892890785226255,3.117981939124216e-10,True,0.9554056504515305,rms,10.0,1.804308073282724,0.7040639392510567
r5_final_inverse_map_complete_2026-08-31,2,0.95,0.05,RidgeAIME,0.01,1.0,63.061927273166134,9.911487788298473,0.0,1,0.4868064311167759,0.4,0.4,0.4000000000000001,0.5158898236212144,0.4069996645515764,0.7333333333333333,0.008513481622114367,0.09226852996615025,-1.5756639553391478,0.8819778859104423,0.05515832482124617,1.0,1.0,X ~= Y A^T,SVD normal-system solve,63.18208218745717,5.165159297828837,5.175159297828812,326.34551926673015,326.3555192667301,5.175159297828835,3.2635551926673013e-10,True,1.0,rms,10.0,1.7997672393473592,0.996138850221981
r5_final_inverse_map_complete_2026-08-31,2,0.95,0.05,HuberRidgeAIME,0.01,1.0,63.59680722737702,5.052617752799644,0.05515832482124617,6,0.9999999999999999,1.0,1.0,1.0,0.9451521507914747,0.5205008171100406,0.9333333333333333,0.002740540863555969,0.052350175391835785,0.17087830411712757,0.9590489724881162,0.9999999999999998,0.19152077800197317,1.0,X ~= Y A^T,SVD normal-system solve,63.724741432083924,4.892890636292172,4.902890636292144,311.79819065318327,311.8081906531833,4.902890636292192,3.1180819065318326e-10,True,0.9554056404618044,rms,10.0,1.8034353131588288,0.7035164436708051
r5_final_inverse_map_complete_2026-08-31,2,0.95,0.1,ZeroOperator,0.01,1.0,,0.0,0.0,0,0.1,0.2,0.2,0.20000000000000004,,,0.0,0.022392798913653162,0.14964223639618984,-5.688827414919931,,0.0888661899897855,1.0,1.0,,,,,,,,,,,,,,,-300.0
r5_final_inverse_map_complete_2026-08-31,2,0.95,0.1,AIME,0.0,1.0,61.0315253683778,10.358740307514083,0.0,1,0.3724621402562579,0.3,0.3,0.3,0.49375332685273576,0.3931563737805075,0.9333333333333333,0.00930307337649924,0.09645244100850553,-1.7788688892213247,0.8190851395369713,0.0888661899897855,1.0,1.0,X ~= Y A^T,SVD normal-system solve,61.0315253683778,5.347084342108357,5.347084342108357,326.3407136722419,326.3407136722419,5.347084342108353,3.2634071367224195e-10,True,1.0,rms,10.0,1.785554224467339,1.0153069454904564
r5_final_inverse_map_complete_2026-08-31,2,0.95,0.1,HuberAIME,0.0,1.0,60.25632191316743,5.135173041358339,0.0888661899897855,5,0.9999999999999999,1.0,1.0,1.0,0.9460146532321916,0.5205699759315447,1.0,0.0027659601135789948,0.05259239596727834,0.17379556224202408,0.9363092802029046,1.0,0.21031729672857066,1.0,X ~= Y A^T,SVD normal-system solve,60.25632191316743,5.035778406323615,5.035778406323615,303.43748473481304,303.43748473481304,5.035778406323595,3.03437484734813e-10,True,0.9298239068594337,rms,10.0,1.7800026185161184,0.71055508272217
r5_final_inverse_map_complete_2026-08-31,2,0.95,0.1,RidgeAIME,0.01,1.0,60.91946529701289,10.340880503152022,0.0,1,0.3724621402562579,0.3,0.3,0.3,0.4939253409546704,0.39320247966151023,0.9333333333333333,0.009287760163486723,0.09637302611979517,-1.7742947652181758,0.8192892228567109,0.0888661899897855,1.0,1.0,X ~= Y A^T,SVD normal-system solve,61.0315253683778,5.347084342108357,5.357084342108369,326.3407136722419,326.3507136722419,5.35708434210836,3.2635071367224194e-10,True,1.0,rms,10.0,1.7847560827865285,1.0145575195489875
r5_final_inverse_map_complete_2026-08-31,2,0.95,0.1,HuberRidgeAIME,0.01,1.0,60.13888462351658,5.12727891522935,0.0888661899897855,5,0.9999999999999999,1.0,1.0,1.0,0.9460669631628712,0.5205699759315447,1.0,0.002765332415395231,0.05258642805320809,0.1739830584472124,0.9363222402911393,1.0,0.2103171780533541,1.0,X ~= Y A^T,SVD normal-system solve,60.25632204958445,5.035778337781408,5.045778337781444,303.43748129167756,303.44748129167755,5.045778337781442,3.034474812916775e-10,True,0.9298238963132194,rms,10.0,1.7791553691196036,0.7098869429622047
r5_final_inverse_map_complete_2026-08-31,3,0.0,0.0,ZeroOperator,0.01,1.0,,0.0,0.0,0,0.1,0.0,0.0,0.0,,,0.0,0.037740514714454367,0.1942691810721772,-1.429353985688873,,,,,,,,,,,,,,,,,,,-300.0
r5_final_inverse_map_complete_2026-08-31,3,0.0,0.0,AIME,0.0,1.0,4.543436446168826,4.8472376710618335,0.0,1,0.9999999999999999,1.0,1.0,1.0,0.9998454537168119,0.5205930288720461,1.0,0.002497988572162023,0.04997988167414988,0.8392046706330989,0.9663393064959057,,,,X ~= Y A^T,SVD normal-system solve,4.543436446168826,71.86208807881958,71.86208807881958,326.5008300751032,326.5008300751032,71.86208807881957,3.265008300751032e-10,True,1.0,rms,10.0,0.6573844574966641,0.685494314688735
r5_final_inverse_map_complete_2026-08-31,3,0.0,0.0,HuberAIME,0.0,1.0,4.543436446168826,4.8472376710618335,0.0,2,0.9999999999999999,1.0,1.0,1.0,0.9998454537168119,0.5205930288720461,1.0,0.002497988572162023,0.04997988167414988,0.8392046706330989,0.9663393064959057,,,,X ~= Y A^T,SVD normal-system solve,4.543436446168826,71.86208807881958,71.86208807881958,326.5008300751032,326.5008300751032,71.86208807881957,3.265008300751032e-10,True,1.0,rms,10.0,0.6573844574966641,0.685494314688735
r5_final_inverse_map_complete_2026-08-31,3,0.0,0.0,RidgeAIME,0.01,1.0,4.542943426341394,4.846718799528569,0.0,1,0.9999999999999999,1.0,1.0,1.0,0.9998454717380502,0.5205930288720461,1.0,0.00249799556030831,0.04997995158369314,0.8392042208066679,0.9663392417652746,,,,X ~= Y A^T,SVD normal-system solve,4.543436446168826,71.86208807881958,71.87208807881954,326.5008300751032,326.51083007510294,71.87208807881962,3.265108300751032e-10,True,1.0,rms,10.0,0.657337328542397,0.6854478232392196
r5_final_inverse_map_complete_2026-08-31,3,0.0,0.0,HuberRidgeAIME,0.01,1.0,4.542943426341394,4.846718799528569,0.0,2,0.9999999999999999,1.0,1.0,1.0,0.9998454717380502,0.5205930288720461,1.0,0.00249799556030831,0.04997995158369314,0.8392042208066679,0.9663392417652746,,,,X ~= Y A^T,SVD normal-system solve,4.543436446168826,71.86208807881958,71.87208807881954,326.5008300751032,326.51083007510294,71.87208807881962,3.265108300751032e-10,True,1.0,rms,10.0,0.657337328542397,0.6854478232392196
r5_final_inverse_map_complete_2026-08-31,3,0.0,0.05,ZeroOperator,0.01,1.0,,0.0,0.0,0,0.1,0.1,0.1,0.10000000000000002,,,0.0,0.03469190037770695,0.18625761830783444,-1.3056405975046128,,0.05209397344228805,1.0,1.0,,,,,,,,,,,,,,,-300.0
r5_final_inverse_map_complete_2026-08-31,3,0.0,0.05,AIME,0.0,1.0,4.8250821587386366,5.051892548723612,0.0,1,0.9999999999999999,1.0,1.0,1.0,0.93807057758961,0.5205008171100406,0.9333333333333333,0.005822508627941081,0.07630536434577244,0.6130332404468535,0.9152555925146201,0.05209397344228805,1.0,1.0,X ~= Y A^T,SVD normal-system solve,4.8250821587386366,67.71535884134751,67.71535884134751,326.73216981797043,326.73216981797043,67.7153588413475,3.2673216981797034e-10,True,1.0,rms,10.0,0.6835047126607543,0.7034541047509334
r5_final_inverse_map_complete_2026-08-31,3,0.0,0.05,HuberAIME,0.0,1.0,4.8410687670324695,4.83378438446171,0.05209397344228805,5,0.9999999999999999,1.0,1.0,1.0,0.9972760800828461,0.5205930288720461,1.0,0.0026291034804306703,0.05127478406030268,0.8252685020559749,0.9613642866860268,1.0000000000000002,0.21867808810085995,1.0,X ~= Y A^T,SVD normal-system solve,4.8410687670324695,64.75117442589628,64.75117442589628,313.4648881418781,313.4648881418781,64.7511744258963,3.134648881418782e-10,True,0.9592978370716485,rms,10.0,0.6849412518064797,0.6842872743862932
r5_final_inverse_map_complete_2026-08-31,3,0.0,0.05,RidgeAIME,0.01,1.0,4.824517365546813,5.051300145183832,0.0,1,0.9999999999999999,1.0,1.0,1.0,0.9380720042922269,0.5205008171100406,0.9333333333333333,0.005821970180054131,0.0763018360202042,0.6130690259556978,0.915257595820755,0.05209397344228805,1.0,1.0,X ~= Y A^T,SVD normal-system solve,4.8250821587386366,67.71535884134751,67.72535884134747,326.73216981797043,326.7421698179703,67.72535884134751,3.267421698179702e-10,True,1.0,rms,10.0,0.683453873956767,0.7034031747931516
r5_final_inverse_map_complete_2026-08-31,3,0.0,0.05,HuberRidgeAIME,0.01,1.0,4.8404756545372045,4.8332029782126815,0.05209397344228805,5,0.9999999999999999,1.0,1.0,1.0,0.9972761953694838,0.5205930288720461,1.0,0.0026290865516199182,0.05127461898073859,0.8252696271529834,0.9613643549224894,1.0000000000000002,0.21867809236634725,1.0,X ~= Y A^T,SVD normal-system solve,4.8410687674325255,64.75117443626924,64.76117443626921,313.46488821799835,313.4748882179983,64.7611744362692,3.1347488821799837e-10,True,0.9592978372938548,rms,10.0,0.6848880401549192,0.6842350344243426
r5_final_inverse_map_complete_2026-08-31,3,0.0,0.1,ZeroOperator,0.01,1.0,,0.0,0.0,0,0.1,0.0,0.0,0.0,,,0.0,0.04220077631825559,0.20542827536212144,-2.035519844636419,,0.10112359550561797,1.0,1.0,,,,,,,,,,,,,,,-300.0
r5_final_inverse_map_complete_2026-08-31,3,0.0,0.1,AIME,0.0,1.0,4.731658571575778,5.546233892414365,0.0,1,0.9999999999999999,1.0,1.0,1.0,0.8272211536061146,0.5202933406455283,0.9,0.013351972160277503,0.11555073413993311,0.039586946176095594,0.8488786739090072,0.10112359550561797,1.0,1.0,X ~= Y A^T,SVD normal-system solve,4.731658571575778,68.97642165309439,68.97642165309439,326.3728767514892,326.3728767514892,68.9764216530944,3.263728767514892e-10,True,1.0,rms,10.0,0.6750133991363008,0.7439981804317167
r5_final_inverse_map_complete_2026-08-31,3,0.0,0.1,HuberAIME,0.0,1.0,4.752495205041691,4.816887744028647,0.10112359550561797,5,0.9999999999999999,1.0,1.0,1.0,0.9903321215596125,0.5205699759315447,0.9666666666666667,0.0029831637975619115,0.054618346712088525,0.7854197553379407,0.9640113145696962,0.9999999999999998,0.20945181402209803,1.0,X ~= Y A^T,SVD normal-system solve,4.752495205041691,63.1837797361246,63.1837797361246,300.2806102323425,300.2806102323425,63.18377973612461,3.0028061023234247e-10,True,0.9200569250134706,rms,10.0,0.676921687362839,0.6827665253434996
r5_final_inverse_map_complete_2026-08-31,3,0.0,0.1,RidgeAIME,0.01,1.0,4.731117645045291,5.545624102001756,0.0,1,0.9999999999999999,1.0,1.0,1.0,0.82722824097202,0.5202933406455283,0.9,0.013350058077725342,0.11554245140953753,0.039724626950675246,0.8488867669413902,0.10112359550561797,1.0,1.0,X ~= Y A^T,SVD normal-system solve,4.731658571575778,68.97642165309439,68.98642165309435,326.3728767514892,326.3828767514892,68.98642165309438,3.2638287675148913e-10,True,1.0,rms,10.0,0.6749637474480047,0.743950428538082
r5_final_inverse_map_complete_2026-08-31,3,0.0,0.1,HuberRidgeAIME,0.01,1.0,4.751901400033028,4.816349458688145,0.10112359550561797,5,0.9999999999999999,1.0,1.0,1.0,0.9903324162542408,0.5205699759315447,0.9666666666666667,0.002983157215364233,0.054618286455767114,0.7854202287982278,0.9640115871902138,0.9999999999999998,0.20945181024116624,1.0,X ~= Y A^T,SVD normal-system solve,4.752495207719012,63.18377967443113,63.1937796744311,300.2806101083079,300.2906101083079,63.19377967443112,3.0029061010830786e-10,True,0.9200569246311291,rms,10.0,0.6768674206377348,0.6827179903913556
r5_final_inverse_map_complete_2026-08-31,3,0.7,0.0,ZeroOperator,0.01,1.0,,0.0,0.0,0,0.1,0.1,0.1,0.10000000000000002,,,0.0,0.023278978721121456,0.15257450219850452,-1.940437065261754,,,,,,,,,,,,,,,,,,,-300.0
r5_final_inverse_map_complete_2026-08-31,3,0.7,0.0,AIME,0.0,1.0,12.398381676226874,4.855252674531737,0.0,1,0.9999999999999999,1.0,1.0,1.0,0.999641260985735,0.5205930288720461,1.0,0.002495075962417299,0.04995073535411965,0.6848395314748571,0.9448951089810601,,,,X ~= Y A^T,SVD normal-system solve,12.398381676226874,26.32412541825997,26.32412541825997,326.3765542284525,326.3765542284525,26.324125418260014,3.263765542284526e-10,True,1.0,rms,10.0,1.0933650016983885,0.6862118361594535
r5_final_inverse_map_complete_2026-08-31,3,0.7,0.0,HuberAIME,0.0,1.0,12.398381676226874,4.855252674531737,0.0,2,0.9999999999999999,1.0,1.0,1.0,0.999641260985735,0.5205930288720461,1.0,0.002495075962417299,0.04995073535411965,0.6848395314748571,0.9448951089810601,,,,X ~= Y A^T,SVD normal-system solve,12.398381676226874,26.32412541825997,26.32412541825997,326.3765542284525,326.3765542284525,26.324125418260014,3.263765542284526e-10,True,1.0,rms,10.0,1.0933650016983885,0.6862118361594535
r5_final_inverse_map_complete_2026-08-31,3,0.7,0.0,RidgeAIME,0.01,1.0,12.394053307049926,4.853894687997777,0.0,1,0.9999999999999999,1.0,1.0,1.0,0.9996413403347363,0.5205930288720461,1.0,0.002495057352435828,0.049950549070413915,0.6848418821569878,0.9448952277463706,,,,X ~= Y A^T,SVD normal-system solve,12.398381676226874,26.32412541825997,26.33412541825998,326.3765542284525,326.3865542284526,26.334125418260015,3.263865542284526e-10,True,1.0,rms,10.0,1.0932133597261857,0.6860903494747792
r5_final_inverse_map_complete_2026-08-31,3,0.7,0.0,HuberRidgeAIME,0.01,1.0,12.394053307049926,4.853894687997777,0.0,2,0.9999999999999999,1.0,1.0,1.0,0.9996413403347363,0.5205930288720461,1.0,0.002495057352435828,0.049950549070413915,0.6848418821569878,0.9448952277463706,,,,X ~= Y A^T,SVD normal-system solve,12.398381676226874,26.32412541825997,26.33412541825998,326.3765542284525,326.3865542284526,26.334125418260015,3.263865542284526e-10,True,1.0,rms,10.0,1.0932133597261857,0.6860903494747792
r5_final_inverse_map_complete_2026-08-31,3,0.7,0.05,ZeroOperator,0.01,1.0,,0.0,0.0,0,0.1,0.1,0.1,0.10000000000000002,,,0.0,0.03421109268419662,0.18496240884081452,-4.405859934136587,,0.056179775280898875,1.0,1.0,,,,,,,,,,,,,,,-300.0
r5_final_inverse_map_complete_2026-08-31,3,0.7,0.05,AIME,0.0,1.0,11.7064742220881,5.66119826750534,0.0,1,0.9733333333333333,0.9,0.9,0.9,0.826664165019397,0.5173310377911031,0.9,0.007114826947196536,0.08434943359143875,-0.12424815796462418,0.9019957129673529,0.056179775280898875,1.0,1.0,X ~= Y A^T,SVD normal-system solve,11.7064742220881,27.878626509888427,27.878626509888427,326.3604225852308,326.3604225852308,27.878626509888445,3.263604225852307e-10,True,1.0,rms,10.0,1.068426113137508,0.7529083650905068
r5_final_inverse_map_complete_2026-08-31,3,0.7,0.05,HuberAIME,0.0,1.0,11.688983713597784,4.8524515724412725,0.056179775280898875,5,0.9999999999999999,1.0,1.0,1.0,0.9928758159313593,0.5205930288720461,1.0,0.002655845026688609,0.05153489135225386,0.5803371042958836,0.960422960271989,1.0,0.2048077123583305,1.0,X ~= Y A^T,SVD normal-system solve,11.688983713597784,26.673287680056536,26.673287680056536,311.78362528028924,311.78362528028924,26.673287680056553,3.117836252802892e-10,True,0.955326275975187,rms,10.0,1.0677767535259908,0.6859612098148619
r5_final_inverse_map_complete_2026-08-31,3,0.7,0.05,RidgeAIME,0.01,1.0,11.702635211149952,5.659763030090347,0.0,1,0.9733333333333333,0.9,0.9,0.9,0.8266917051915226,0.5173310377911031,0.9,0.007113022054881931,0.0843387340128006,-0.12396295821555392,0.9020094530228107,0.056179775280898875,1.0,1.0,X ~= Y A^T,SVD normal-system solve,11.7064742220881,27.878626509888427,27.888626509888457,326.3604225852308,326.37042258523064,27.888626509888443,3.263704225852307e-10,True,1.0,rms,10.0,1.0682836676261906,0.7527982479941744
r5_final_inverse_map_complete_2026-08-31,3,0.7,0.05,HuberRidgeAIME,0.01,1.0,11.684977830982865,4.851268605757963,0.056179775280898875,5,0.9999999999999999,1.0,1.0,1.0,0.9928765513463298,0.5205930288720461,1.0,0.002655809301115632,0.05153454473569774,0.580342749466161,0.9604230361978462,1.0,0.20480769641843838,1.0,X ~= Y A^T,SVD normal-system solve,11.688983703059638,26.673287679187656,26.683287679187654,311.7836249890459,311.79362498904595,26.683287679187657,3.11793624989046e-10,True,0.9553262750796876,rms,10.0,1.0676278927752338,0.6858553213729144
r5_final_inverse_map_complete_2026-08-31,3,0.7,0.1,ZeroOperator,0.01,1.0,,0.0,0.0,0,0.1,0.1,0.1,0.10000000000000002,,,0.0,0.03950261470068184,0.1987526470281134,-5.267981310806521,,0.10112359550561797,1.0,1.0,,,,,,,,,,,,,,,-300.0
r5_final_inverse_map_complete_2026-08-31,3,0.7,0.1,AIME,0.0,1.0,11.582702761211097,6.445514808499131,0.0,1,0.9572979797979798,0.9,0.9,0.9,0.7701508799088455,0.5160285466527761,0.9333333333333333,0.009822061341223312,0.09910631332676699,-0.5584916944578939,0.8782937589097446,0.10112359550561797,1.0,1.0,X ~= Y A^T,SVD normal-system solve,11.582702761211097,28.177419738590896,28.177419738590896,326.37067740998083,326.37067740998083,28.177419738590917,3.263706774099809e-10,True,1.0,rms,10.0,1.0638099114915855,0.8092576105275093
r5_final_inverse_map_complete_2026-08-31,3,0.7,0.1,HuberAIME,0.0,1.0,11.575605632234918,4.910816968335591,0.10112359550561797,5,0.9999999999999999,1.0,1.0,1.0,0.984883207846748,0.5205930288720461,0.9333333333333333,0.002840236411967529,0.05329386842749857,0.5493323952508552,0.9633797092149552,0.9999999999999998,0.21170645570839905,1.0,X ~= Y A^T,SVD normal-system solve,11.575605632234918,25.946467739347717,25.946467739347717,300.34607810019503,300.34607810019503,25.946467739347728,3.0034607810019497e-10,True,0.9202849224873662,rms,10.0,1.0635437224422095,0.6911537477900884
r5_final_inverse_map_complete_2026-08-31,3,0.7,0.1,RidgeAIME,0.01,1.0,11.578948354862666,6.443727172094643,0.0,1,0.9572979797979798,0.9,0.9,0.9,0.7701864444765169,0.5160285466527761,0.9333333333333333,0.009818597734745423,0.0990888375890313,-0.5579421151240727,0.8783226725335818,0.10112359550561797,1.0,1.0,X ~= Y A^T,SVD normal-system solve,11.582702761211097,28.177419738590896,28.187419738590933,326.37067740998083,326.38067740998093,28.187419738590915,3.263806774099808e-10,True,1.0,rms,10.0,1.0636691168680885,0.8091371440745923
r5_final_inverse_map_complete_2026-08-31,3,0.7,0.1,HuberRidgeAIME,0.01,1.0,11.57153130432525,4.909640851843077,0.10112359550561797,5,0.9999999999999999,1.0,1.0,1.0,0.9848877357450649,0.5205930288720461,0.9333333333333333,0.0028401020119783785,0.053292607479634345,0.5493537208422508,0.9633815251258305,0.9999999999999998,0.21170642122090644,1.0,X ~= Y A^T,SVD normal-system solve,11.57560566677113,25.946467563316705,25.956467563316707,300.3460769586222,300.3560769586222,25.95646756331673,3.0035607695862227e-10,True,0.920284918999867,rms,10.0,1.0633908345795111,0.691049723942205
r5_final_inverse_map_complete_2026-08-31,3,0.95,0.0,ZeroOperator,0.01,1.0,,0.0,0.0,0,0.1,0.0,0.0,0.0,,,0.0,0.040465142008131144,0.2011594939547501,-11.737464018631515,,,,,,,,,,,,,,,,,,,-300.0
r5_final_inverse_map_complete_2026-08-31,3,0.95,0.0,AIME,0.0,1.0,63.033628700577346,4.838296201514757,0.0,1,0.9999999999999999,1.0,1.0,1.0,0.9974257362974857,0.5205930288720461,1.0,0.0025167645767676127,0.05016736565505122,0.20778238629430223,0.9684029030923073,,,,X ~= Y A^T,SVD normal-system solve,63.033628700577346,5.177253094603544,5.177253094603544,326.3410492541548,326.3410492541548,5.177253094603517,3.263410492541548e-10,True,1.0,rms,10.0,1.7995723091766254,0.6846924524395992
r5_final_inverse_map_complete_2026-08-31,3,0.95,0.0,HuberAIME,0.0,1.0,63.033628700577346,4.838296201514757,0.0,2,0.9999999999999999,1.0,1.0,1.0,0.9974257362974857,0.5205930288720461,1.0,0.0025167645767676127,0.05016736565505122,0.20778238629430223,0.9684029030923073,,,,X ~= Y A^T,SVD normal-system solve,63.033628700577346,5.177253094603544,5.177253094603544,326.3410492541548,326.3410492541548,5.177253094603517,3.263410492541548e-10,True,1.0,rms,10.0,1.7995723091766254,0.6846924524395992
r5_final_inverse_map_complete_2026-08-31,3,0.95,0.0,RidgeAIME,0.01,1.0,62.91404010991247,4.833434294698328,0.0,1,0.9999999999999999,1.0,1.0,1.0,0.9974260859528824,0.5205930288720461,1.0,0.002516776530985538,0.05016748479827884,0.20777862339089603,0.9684027376075295,,,,X ~= Y A^T,SVD normal-system solve,63.033628700577346,5.177253094603544,5.187253094603541,326.3410492541548,326.35104925415476,5.187253094603531,3.263510492541548e-10,True,1.0,rms,10.0,1.7987475748862167,0.6842558192061592
r5_final_inverse_map_complete_2026-08-31,3,0.95,0.0,HuberRidgeAIME,0.01,1.0,62.91404010991247,4.833434294698328,0.0,2,0.9999999999999999,1.0,1.0,1.0,0.9974260859528824,0.5205930288720461,1.0,0.002516776530985538,0.05016748479827884,0.20777862339089603,0.9684027376075295,,,,X ~= Y A^T,SVD normal-system solve,63.033628700577346,5.177253094603544,5.187253094603541,326.3410492541548,326.35104925415476,5.187253094603531,3.263510492541548e-10,True,1.0,rms,10.0,1.7987475748862167,0.6842558192061592
r5_final_inverse_map_complete_2026-08-31,3,0.95,0.05,ZeroOperator,0.01,1.0,,0.0,0.0,0,0.1,0.1,0.1,0.10000000000000002,,,0.0,0.03189997733748561,0.17860564755204583,-8.676024732521403,,0.05209397344228805,1.0,1.0,,,,,,,,,,,,,,,-300.0
r5_final_inverse_map_complete_2026-08-31,3,0.95,0.05,AIME,0.0,1.0,66.77606031795676,8.014795839708373,0.0,1,0.7606376904828916,0.6,0.6,0.6,0.6451893469987883,0.48371985054011485,0.8333333333333334,0.006581614546319356,0.08112715048810328,-0.9963608267293,0.8964846798809081,0.05209397344228805,1.0,1.0,X ~= Y A^T,SVD normal-system solve,66.77606031795676,4.887420488519775,4.887420488519775,326.36268534061423,326.36268534061423,4.887420488519763,3.263626853406141e-10,True,1.0,rms,10.0,1.824620792785985,0.9038924640803876
r5_final_inverse_map_complete_2026-08-31,3,0.95,0.05,HuberAIME,0.0,1.0,65.6911822151234,5.040938458156836,0.05209397344228805,5,0.9999999999999999,1.0,1.0,1.0,0.967756800075003,0.5205008171100406,0.9333333333333333,0.0026714630952117896,0.05168619830488396,0.18968146253470308,0.9572168263485681,1.0000000000000002,0.20641389138135352,1.0,X ~= Y A^T,SVD normal-system solve,65.6911822151234,4.762825931270864,4.762825931270864,312.87566611002916,312.87566611002916,4.762825931270865,3.1287566611002916e-10,True,0.9586589463334515,rms,10.0,1.817507077743607,0.7025113954254466
r5_final_inverse_map_complete_2026-08-31,3,0.95,0.05,RidgeAIME,0.01,1.0,66.6417527565125,8.00172945467827,0.0,1,0.7689710238162251,0.6,0.6,0.6,0.6453908719579871,0.48481486521392964,0.8333333333333334,0.006573037423385201,0.08107427103209255,-0.9937591805661465,0.8965983685329338,0.05209397344228805,1.0,1.0,X ~= Y A^T,SVD normal-system solve,66.77606031795676,4.887420488519775,4.897420488519785,326.36268534061423,326.37268534061417,4.897420488519797,3.2637268534061416e-10,True,1.0,rms,10.0,1.823746411004839,0.9031838634230539
r5_final_inverse_map_complete_2026-08-31,3,0.95,0.05,HuberRidgeAIME,0.01,1.0,65.5556420217973,5.034146195032683,0.05209397344228805,5,0.9999999999999999,1.0,1.0,1.0,0.9677924394372046,0.5205008171100406,0.9333333333333333,0.0026710554208465563,0.051682254409483305,0.18980511990282856,0.9572231956894334,1.0000000000000002,0.20641369072213475,1.0,X ~= Y A^T,SVD normal-system solve,65.691182652696,4.762825847407136,4.772825847407142,312.87566268500376,312.8856626850039,4.772825847407138,3.128856626850038e-10,True,0.9586589358803155,rms,10.0,1.8166100750266871,0.7019258236028973
r5_final_inverse_map_complete_2026-08-31,3,0.95,0.1,ZeroOperator,0.01,1.0,,0.0,0.0,0,0.1,0.1,0.1,0.10000000000000002,,,0.0,0.02330925108414802,0.15267367515111444,-5.780355523871027,,0.1041879468845761,1.0,1.0,,,,,,,,,,,,,,,-300.0
r5_final_inverse_map_complete_2026-08-31,3,0.95,0.1,AIME,0.0,1.0,63.50530491788973,11.808216503367156,0.0,1,0.6498643023643023,0.6,0.6,0.6,0.5247370626215702,0.45497283373491426,0.8,0.012289726295649247,0.11085903795202828,-2.574920244101619,0.7966121602319317,0.1041879468845761,1.0,1.0,X ~= Y A^T,SVD normal-system solve,63.50530491788973,5.138878125427726,5.138878125427726,326.3460222911613,326.3460222911613,5.138878125427674,3.263460222911613e-10,True,1.0,rms,10.0,1.8028100056122236,1.072184307330904
r5_final_inverse_map_complete_2026-08-31,3,0.95,0.1,HuberAIME,0.0,1.0,64.11754349026377,5.455966204332653,0.1041879468845761,5,0.9999999999999999,1.0,1.0,1.0,0.9144884791329984,0.5204547112290379,0.9333333333333333,0.0029655957345774875,0.05445728357692373,0.13734708387153727,0.9348933675436529,0.9999999999999998,0.21280394106377143,1.0,X ~= Y A^T,SVD normal-system solve,64.11754349026377,4.672322602366661,4.672322602366661,299.5778476577868,299.5778476577868,4.672322602366682,2.995778476577867e-10,True,0.9179836588238046,rms,10.0,1.8069768750504822,0.7368716715242842
r5_final_inverse_map_complete_2026-08-31,3,0.95,0.1,RidgeAIME,0.01,1.0,63.383908948913344,11.78717052823503,0.0,1,0.6498643023643023,0.6,0.6,0.6,0.5248550582850027,0.45497283373491426,0.8,0.012265222965708778,0.11074846710320092,-2.567792546694469,0.7968732841677048,0.1041879468845761,1.0,1.0,X ~= Y A^T,SVD normal-system solve,63.50530491788973,5.138878125427726,5.1488781254277045,326.3460222911613,326.35602229116125,5.14887812542769,3.263560222911613e-10,True,1.0,rms,10.0,1.8019790190542597,1.0714095666345278
r5_final_inverse_map_complete_2026-08-31,3,0.95,0.1,HuberRidgeAIME,0.01,1.0,63.98274693019073,5.447098697404806,0.1041879468845761,5,0.9999999999999999,1.0,1.0,1.0,0.9145601488587992,0.5204547112290379,0.9333333333333333,0.0029641882749825896,0.054444359441383726,0.13775649541395185,0.934919747488938,0.9999999999999998,0.21280369985848963,1.0,X ~= Y A^T,SVD normal-system solve,64.1175465942186,4.672322248303968,4.682322248303959,299.57783945883386,299.58783945883386,4.6823222483040094,2.9958783945883393e-10,True,0.9179836336931214,rms,10.0,1.8060628814344746,0.7361652444396373
r5_final_inverse_map_complete_2026-08-31,4,0.0,0.0,ZeroOperator,0.01,1.0,,0.0,0.0,0,0.1,0.2,0.2,0.20000000000000004,,,0.0,0.03944472384905872,0.1986069582090686,-2.1349284468743392,,,,,,,,,,,,,,,,,,,-300.0
r5_final_inverse_map_complete_2026-08-31,4,0.0,0.0,AIME,0.0,1.0,4.819210130647736,4.854439494164291,0.0,1,0.9999999999999999,1.0,1.0,1.0,0.9998331399235538,0.5205930288720461,1.0,0.0024974544858185972,0.04997453837524262,0.8015110679358076,0.9678251207642062,,,,X ~= Y A^T,SVD normal-system solve,4.819210130647736,67.7355271781003,67.7355271781003,326.43173878146604,326.43173878146604,67.7355271781003,3.264317387814661e-10,True,1.0,rms,10.0,0.6829758631327504,0.6861390924017599
r5_final_inverse_map_complete_2026-08-31,4,0.0,0.0,HuberAIME,0.0,1.0,4.819210130647736,4.854439494164291,0.0,2,0.9999999999999999,1.0,1.0,1.0,0.9998331399235538,0.5205930288720461,1.0,0.0024974544858185972,0.04997453837524262,0.8015110679358076,0.9678251207642062,,,,X ~= Y A^T,SVD normal-system solve,4.819210130647736,67.7355271781003,67.7355271781003,326.43173878146604,326.43173878146604,67.7355271781003,3.264317387814661e-10,True,1.0,rms,10.0,0.6829758631327504,0.6861390924017599
r5_final_inverse_map_complete_2026-08-31,4,0.0,0.0,RidgeAIME,0.01,1.0,4.818646372376201,4.853941387484368,0.0,1,0.9999999999999999,1.0,1.0,1.0,0.9998331378846189,0.5205930288720461,1.0,0.0024974416962677912,0.049974410414409004,0.8015120844044942,0.9678252371272578,,,,X ~= Y A^T,SVD normal-system solve,4.819210130647736,67.7355271781003,67.74552717810026,326.43173878146604,326.44173878146614,67.74552717810029,3.2644173878146613e-10,True,1.0,rms,10.0,0.6829250557552682,0.6860945278167241
r5_final_inverse_map_complete_2026-08-31,4,0.0,0.0,HuberRidgeAIME,0.01,1.0,4.818646372376201,4.853941387484368,0.0,2,0.9999999999999999,1.0,1.0,1.0,0.9998331378846189,0.5205930288720461,1.0,0.0024974416962677912,0.049974410414409004,0.8015120844044942,0.9678252371272578,,,,X ~= Y A^T,SVD normal-system solve,4.819210130647736,67.7355271781003,67.74552717810026,326.43173878146604,326.44173878146614,67.74552717810029,3.2644173878146613e-10,True,1.0,rms,10.0,0.6829250557552682,0.6860945278167241
r5_final_inverse_map_complete_2026-08-31,4,0.0,0.05,ZeroOperator,0.01,1.0,,0.0,0.0,0,0.1,0.1,0.1,0.10000000000000002,,,0.0,0.03568069036710154,0.1888933306580768,-1.110761229381306,,0.05107252298263534,1.0,1.0,,,,,,,,,,,,,,,-300.0
r5_final_inverse_map_complete_2026-08-31,4,0.0,0.05,AIME,0.0,1.0,4.532648408692533,5.575257368876749,0.0,1,0.9999999999999999,1.0,1.0,1.0,0.9227459535068331,0.5205008171100406,0.9,0.007620680573949473,0.08729650951756017,0.5491836920335211,0.9064211607566868,0.05107252298263534,1.0,1.0,X ~= Y A^T,SVD normal-system solve,4.532648408692533,72.01120208635191,72.01120208635191,326.40146054473945,326.40146054473945,72.01120208635191,3.2640146054473955e-10,True,1.0,rms,10.0,0.6563520327390975,0.7462649203844233
r5_final_inverse_map_complete_2026-08-31,4,0.0,0.05,HuberAIME,0.0,1.0,4.523561475945358,4.916347111937875,0.05107252298263534,5,0.9999999999999999,1.0,1.0,1.0,0.996414163691009,0.5205930288720461,0.9666666666666667,0.0026964566362882216,0.051927416999964685,0.8404858183508445,0.9616081594250148,1.0,0.21586497759270476,1.0,X ~= Y A^T,SVD normal-system solve,4.523561475945358,69.27554457195068,69.27554457195068,313.3721846508116,313.3721846508116,69.27554457195058,3.133721846508115e-10,True,0.9599522460466141,rms,10.0,0.655480496826347,0.6916425380625432
r5_final_inverse_map_complete_2026-08-31,4,0.0,0.05,RidgeAIME,0.01,1.0,4.532157907519774,5.5746317369279765,0.0,1,0.9999999999999999,1.0,1.0,1.0,0.9227476706784,0.5205008171100406,0.9,0.007619343571980695,0.08728885136133191,0.5492627850076275,0.9064236056103254,0.05107252298263534,1.0,1.0,X ~= Y A^T,SVD normal-system solve,4.532648408692533,72.01120208635191,72.0212020863519,326.40146054473945,326.41146054473944,72.02120208635188,3.264114605447395e-10,True,1.0,rms,10.0,0.656305032958744,0.7462161829484253
r5_final_inverse_map_complete_2026-08-31,4,0.0,0.05,HuberRidgeAIME,0.01,1.0,4.523052920977353,4.91578115228785,0.05107252298263534,5,0.9999999999999999,1.0,1.0,1.0,0.9964142108263542,0.5205930288720461,0.9666666666666667,0.002696362324199156,0.0519265088774429,0.8404913975674744,0.961608232371616,1.0,0.21586495279827506,1.0,X ~= Y A^T,SVD normal-system solve,4.523561477488676,69.27554445833287,69.28554445833286,313.37218424376874,313.38218424376873,69.28554445833285,3.133821842437687e-10,True,0.9599522447803001,rms,10.0,0.6554316691418915,0.6915925401075426
r5_final_inverse_map_complete_2026-08-31,4,0.0,0.1,ZeroOperator,0.01,1.0,,0.0,0.0,0,0.1,0.1,0.1,0.10000000000000002,,,0.0,0.031982581757906546,0.17883674610634848,-0.9698924892428187,,0.10214504596527069,1.0,1.0,,,,,,,,,,,,,,,-300.0
r5_final_inverse_map_complete_2026-08-31,4,0.0,0.1,AIME,0.0,1.0,4.515632800773446,5.7875793110224425,0.0,1,0.9999999999999999,1.0,1.0,1.0,0.888508732568254,0.5202241818240242,0.9333333333333333,0.01070874580093392,0.1034830701174541,0.3404197921809331,0.8507207937392797,0.10214504596527069,1.0,1.0,X ~= Y A^T,SVD normal-system solve,4.515632800773446,72.27313758685798,72.27313758685798,326.35895070202815,326.35895070202815,72.273137586858,3.2635895070202816e-10,True,1.0,rms,10.0,0.6547186190187364,0.7624969554909586
r5_final_inverse_map_complete_2026-08-31,4,0.0,0.1,HuberAIME,0.0,1.0,4.493559495216151,4.918541610695199,0.10214504596527069,5,0.9999999999999999,1.0,1.0,1.0,0.9931750594320432,0.5205930288720461,0.9333333333333333,0.0028353232068850844,0.053247753068886246,0.8253648835451495,0.9547599478431711,1.0,0.22214047039867788,1.0,X ~= Y A^T,SVD normal-system solve,4.493559495216151,66.8579623622506,66.8579623622506,300.43023160369523,300.43023160369523,66.85796236225059,3.0043023160369513e-10,True,0.9205455025943492,rms,10.0,0.6525904961708724,0.6918363498571745
r5_final_inverse_map_complete_2026-08-31,4,0.0,0.1,RidgeAIME,0.01,1.0,4.5151464310725515,5.7868908726062385,0.0,1,0.9999999999999999,1.0,1.0,1.0,0.888509799422885,0.5202241818240242,0.9333333333333333,0.01070689256145112,0.1034741154175822,0.3405339381421806,0.8507258545242906,0.10214504596527069,1.0,1.0,X ~= Y A^T,SVD normal-system solve,4.515632800773446,72.27313758685798,72.28313758685799,326.35895070202815,326.36895070202803,72.28313758685798,3.263689507020281e-10,True,1.0,rms,10.0,0.6546718395167589,0.7624452926500862
r5_final_inverse_map_complete_2026-08-31,4,0.0,0.1,HuberRidgeAIME,0.01,1.0,4.493037040171871,4.91792526831206,0.10214504596527069,5,0.9999999999999999,1.0,1.0,1.0,0.9931750836119625,0.5205930288720461,0.9333333333333333,0.002835204173218158,0.05324663532297753,0.8253722151460883,0.9547605558550323,1.0,0.2221404421470516,1.0,X ~= Y A^T,SVD normal-system solve,4.493559496574794,66.85796213089081,66.86796213089079,300.43023065490235,300.44023065490234,66.8679621308908,3.0044023065490225e-10,True,0.9205454997085855,rms,10.0,0.6525399988903646,0.6917819250114239
r5_final_inverse_map_complete_2026-08-31,4,0.7,0.0,ZeroOperator,0.01,1.0,,0.0,0.0,0,0.1,0.1,0.1,0.10000000000000002,,,0.0,0.02588557742218717,0.16088995438555873,-2.6158752925905655,,,,,,,,,,,,,,,,,,,-300.0
r5_final_inverse_map_complete_2026-08-31,4,0.7,0.0,AIME,0.0,1.0,12.766075600550641,4.848561247974439,0.0,1,0.9999999999999999,1.0,1.0,1.0,0.999665777149056,0.5205930288720461,1.0,0.0025064403003094617,0.05006436157896615,0.6498831991874302,0.9503555458913006,,,,X ~= Y A^T,SVD normal-system solve,12.766075600550641,25.566643997894463,25.566643997894463,326.385710129485,326.385710129485,25.56664399789443,3.2638571012948506e-10,True,1.0,rms,10.0,1.1060574119882525,0.6856128860737007
r5_final_inverse_map_complete_2026-08-31,4,0.7,0.0,HuberAIME,0.0,1.0,12.766075600550641,4.848561247974439,0.0,2,0.9999999999999999,1.0,1.0,1.0,0.999665777149056,0.5205930288720461,1.0,0.0025064403003094617,0.05006436157896615,0.6498831991874302,0.9503555458913006,,,,X ~= Y A^T,SVD normal-system solve,12.766075600550641,25.566643997894463,25.566643997894463,326.385710129485,326.385710129485,25.56664399789443,3.2638571012948506e-10,True,1.0,rms,10.0,1.1060574119882525,0.6856128860737007
r5_final_inverse_map_complete_2026-08-31,4,0.7,0.0,RidgeAIME,0.01,1.0,12.761475280195278,4.847174480420738,0.0,1,0.9999999999999999,1.0,1.0,1.0,0.9996659142180835,0.5205930288720461,1.0,0.0025064336432325317,0.050064295093734536,0.649884129093671,0.95035550475605,,,,X ~= Y A^T,SVD normal-system solve,12.766075600550641,25.566643997894463,25.576643997894465,326.385710129485,326.3957101294851,25.57664399789444,3.26395710129485e-10,True,1.0,rms,10.0,1.1059008835554012,0.6854886530052193
r5_final_inverse_map_complete_2026-08-31,4,0.7,0.0,HuberRidgeAIME,0.01,1.0,12.761475280195278,4.847174480420738,0.0,2,0.9999999999999999,1.0,1.0,1.0,0.9996659142180835,0.5205930288720461,1.0,0.0025064336432325317,0.050064295093734536,0.649884129093671,0.95035550475605,,,,X ~= Y A^T,SVD normal-system solve,12.766075600550641,25.566643997894463,25.576643997894465,326.385710129485,326.3957101294851,25.57664399789444,3.26395710129485e-10,True,1.0,rms,10.0,1.1059008835554012,0.6854886530052193
r5_final_inverse_map_complete_2026-08-31,4,0.7,0.05,ZeroOperator,0.01,1.0,,0.0,0.0,0,0.1,0.0,0.0,0.0,,,0.0,0.0420012797243448,0.20494213750311283,-6.026978800893588,,0.054136874361593465,1.0,1.0,,,,,,,,,,,,,,,-300.0
r5_final_inverse_map_complete_2026-08-31,4,0.7,0.05,AIME,0.0,1.0,11.995248483899271,5.377897096203789,0.0,1,0.9999999999999999,1.0,1.0,1.0,0.8801698900399516,0.5204777641695393,0.9666666666666667,0.006350545884160135,0.07969031236078909,-0.06247122932851101,0.9248309830499317,0.054136874361593465,1.0,1.0,X ~= Y A^T,SVD normal-system solve,11.995248483899271,27.237749715408473,27.237749715408473,326.72357597858127,326.72357597858127,27.237749715408594,3.267235759785814e-10,True,1.0,rms,10.0,1.079009248891473,0.730612487924764
r5_final_inverse_map_complete_2026-08-31,4,0.7,0.05,HuberAIME,0.0,1.0,11.748763102947425,4.837670310083104,0.054136874361593465,5,0.9999999999999999,1.0,1.0,1.0,0.994174653055791,0.5205930288720461,0.9666666666666667,0.002660792356741966,0.05158286883008705,0.5548390047370837,0.9678070571710773,1.0,0.20707135645411545,1.0,X ~= Y A^T,SVD normal-system solve,11.748763102947425,26.616742628269183,26.616742628269183,312.71380371165685,312.71380371165685,26.616742628269144,3.1271380371165683e-10,True,0.9570733216466477,rms,10.0,1.069992146961767,0.6846362676243478
r5_final_inverse_map_complete_2026-08-31,4,0.7,0.05,RidgeAIME,0.01,1.0,11.99121319709619,5.376705428911718,0.0,1,0.9999999999999999,1.0,1.0,1.0,0.8801922929541343,0.5204777641695393,0.9666666666666667,0.006349291913701387,0.07968244420009583,-0.06226143515346694,0.924840357969016,0.054136874361593465,1.0,1.0,X ~= Y A^T,SVD normal-system solve,11.995248483899271,27.237749715408473,27.247749715408574,326.72357597858127,326.73357597858126,27.247749715408546,3.2673357597858136e-10,True,1.0,rms,10.0,1.0788631245625648,0.7305162436367728
r5_final_inverse_map_complete_2026-08-31,4,0.7,0.05,HuberRidgeAIME,0.01,1.0,11.744726274896664,4.836682190553878,0.054136874361593465,5,0.9999999999999999,1.0,1.0,1.0,0.9941755824375137,0.5205930288720461,0.9666666666666667,0.002660782028922601,0.05158276872098473,0.5548407326217627,0.9678071324377161,1.0,0.20707135662139547,1.0,X ~= Y A^T,SVD normal-system solve,11.748763104807317,26.616742624007873,26.626742624007854,312.713803711096,312.72380371109597,26.626742624007857,3.127238037110959e-10,True,0.9570733216557038,rms,10.0,1.0698428994714606,0.6845475516383492
r5_final_inverse_map_complete_2026-08-31,4,0.7,0.1,ZeroOperator,0.01,1.0,,0.0,0.0,0,0.1,0.1,0.1,0.10000000000000002,,,0.0,0.0445423588510682,0.21105060732219702,-6.104223009319481,,0.10214504596527069,1.0,1.0,,,,,,,,,,,,,,,-300.0
r5_final_inverse_map_complete_2026-08-31,4,0.7,0.1,AIME,0.0,1.0,12.334581834687768,6.454036441542578,0.0,1,0.9733333333333333,0.9,0.9,0.9,0.7349906777001404,0.5171235613265909,0.8666666666666667,0.011041589680912605,0.10507896878496956,-0.7610633449584971,0.8849493274663042,0.10214504596527069,1.0,1.0,X ~= Y A^T,SVD normal-system solve,12.334581834687768,26.459431510012877,26.459431510012877,326.36602325956994,326.36602325956994,26.45943151001294,3.263660232595698e-10,True,1.0,rms,10.0,1.0911244306829906,0.8098314132395895
r5_final_inverse_map_complete_2026-08-31,4,0.7,0.1,HuberAIME,0.0,1.0,12.448610077882096,4.917079883209628,0.10214504596527069,5,0.9999999999999999,1.0,1.0,1.0,0.9824363100061532,0.5205699759315447,0.9666666666666667,0.0028842432410235985,0.053705150972915054,0.5399815428306027,0.9671196214276446,1.0,0.21557055635350814,1.0,X ~= Y A^T,SVD normal-system solve,12.448610077882096,24.114800683121054,24.114800683121054,300.1957508100188,300.1957508100188,24.114800683121043,3.001957508100188e-10,True,0.9198744184222174,rms,10.0,1.0951208639455203,0.691707263924761
r5_final_inverse_map_complete_2026-08-31,4,0.7,0.1,RidgeAIME,0.01,1.0,12.33029969442707,6.452343660321554,0.0,1,0.9733333333333333,0.9,0.9,0.9,0.7350427230409651,0.5171235613265909,0.8666666666666667,0.011037248421562267,0.1050583096264273,-0.7603709416964872,0.8849791349631609,0.10214504596527069,1.0,1.0,X ~= Y A^T,SVD normal-system solve,12.334581834687768,26.459431510012877,26.469431510012853,326.36602325956994,326.37602325956976,26.46943151001288,3.2637602325956984e-10,True,1.0,rms,10.0,1.0909736324800925,0.8097174904290456
r5_final_inverse_map_complete_2026-08-31,4,0.7,0.1,HuberRidgeAIME,0.01,1.0,12.443864516408105,4.916006163626294,0.10214504596527069,5,0.9999999999999999,1.0,1.0,1.0,0.9824409943032979,0.5205699759315447,0.9666666666666667,0.0028840559833684396,0.05370340755825872,0.5400114092359024,0.967121211643566,1.0,0.21557051444879277,1.0,X ~= Y A^T,SVD normal-system solve,12.448610093505968,24.114800540560577,24.124800540560642,300.19574941210556,300.20574941210566,24.124800540560603,3.0020574941210566e-10,True,0.9198744141418583,rms,10.0,1.0949552740457418,0.6916124187276813
r5_final_inverse_map_complete_2026-08-31,4,0.95,0.0,ZeroOperator,0.01,1.0,,0.0,0.0,0,0.1,0.1,0.1,0.10000000000000002,,,0.0,0.02797365553095073,0.16725326762413562,-7.234877406728895,,,,,,,,,,,,,,,,,,,-300.0
r5_final_inverse_map_complete_2026-08-31,4,0.95,0.0,AIME,0.0,1.0,64.2808898495932,4.8273848536588995,0.0,1,0.9999999999999999,1.0,1.0,1.0,0.9982788224095679,0.5205930288720461,1.0,0.0025277398850230602,0.05027663358880605,0.2558845930510234,0.9537509139147335,,,,X ~= Y A^T,SVD normal-system solve,64.2808898495932,5.076806491046916,5.076806491046916,326.34163883868655,326.34163883868655,5.076806491046878,3.263416388386866e-10,True,1.0,rms,10.0,1.8080818801338263,0.6837119234629386
r5_final_inverse_map_complete_2026-08-31,4,0.95,0.0,HuberAIME,0.0,1.0,64.2808898495932,4.8273848536588995,0.0,2,0.9999999999999999,1.0,1.0,1.0,0.9982788224095679,0.5205930288720461,1.0,0.0025277398850230602,0.05027663358880605,0.2558845930510234,0.9537509139147335,,,,X ~= Y A^T,SVD normal-system solve,64.2808898495932,5.076806491046916,5.076806491046916,326.34163883868655,326.34163883868655,5.076806491046878,3.263416388386866e-10,True,1.0,rms,10.0,1.8080818801338263,0.6837119234629386
r5_final_inverse_map_complete_2026-08-31,4,0.95,0.0,RidgeAIME,0.01,1.0,64.15648785010455,4.821427484801171,0.0,1,0.9999999999999999,1.0,1.0,1.0,0.9982788187280078,0.5205930288720461,1.0,0.00252772011713183,0.050276436997184176,0.25589041231767906,0.9537511494815025,,,,X ~= Y A^T,SVD normal-system solve,64.2808898495932,5.076806491046916,5.086806491046949,326.34163883868655,326.35163883868654,5.08680649104688,3.263516388386865e-10,True,1.0,rms,10.0,1.8072405811322672,0.6831756392738428
r5_final_inverse_map_complete_2026-08-31,4,0.95,0.0,HuberRidgeAIME,0.01,1.0,64.15648785010455,4.821427484801171,0.0,2,0.9999999999999999,1.0,1.0,1.0,0.9982788187280078,0.5205930288720461,1.0,0.00252772011713183,0.050276436997184176,0.25589041231767906,0.9537511494815025,,,,X ~= Y A^T,SVD normal-system solve,64.2808898495932,5.076806491046916,5.086806491046949,326.34163883868655,326.35163883868654,5.08680649104688,3.263516388386865e-10,True,1.0,rms,10.0,1.8072405811322672,0.6831756392738428
r5_final_inverse_map_complete_2026-08-31,4,0.95,0.05,ZeroOperator,0.01,1.0,,0.0,0.0,0,0.1,0.2,0.2,0.20000000000000004,,,0.0,0.03734857605974383,0.19325779689250272,-10.638605270207199,,0.05720122574055159,1.0,1.0,,,,,,,,,,,,,,,-300.0
r5_final_inverse_map_complete_2026-08-31,4,0.95,0.05,AIME,0.0,1.0,65.2541053275424,9.884390414277227,0.0,1,0.5116690009337068,0.5,0.5,0.5,0.55040642568824,0.41459560844677573,0.9,0.00802693458531452,0.0895931614874401,-1.5013623817628026,0.8972829852283882,0.05720122574055159,1.0,1.0,X ~= Y A^T,SVD normal-system solve,65.2541053275424,5.001032843262191,5.001032843262191,326.3379239007299,326.3379239007299,5.001032843262179,3.263379239007298e-10,True,1.0,rms,10.0,1.8146078396120426,0.994949890859713
r5_final_inverse_map_complete_2026-08-31,4,0.95,0.05,HuberAIME,0.0,1.0,66.48818364101393,5.1908551813744115,0.05720122574055159,5,0.9999999999999999,1.0,1.0,1.0,0.9464172604764272,0.520523870050542,0.9,0.002737209812928324,0.05231835063272087,0.14702760010313065,0.9626782146538715,1.0,0.21189276262957987,1.0,X ~= Y A^T,SVD normal-system solve,66.48818364101393,4.686931045578404,4.686931045578404,311.62553207118634,311.62553207118634,4.68693104557839,3.116255320711863e-10,True,0.9549193000074122,rms,10.0,1.8227444688295737,0.7152389127533832
r5_final_inverse_map_complete_2026-08-31,4,0.95,0.05,RidgeAIME,0.01,1.0,65.125880054755,9.867231632900516,0.0,1,0.5116690009337068,0.5,0.5,0.5,0.5506977029206078,0.41459560844677573,0.9,0.008010952657135756,0.08950392537277768,-1.4963820753320594,0.8974519235020593,0.05720122574055159,1.0,1.0,X ~= Y A^T,SVD normal-system solve,65.2541053275424,5.001032843262191,5.011032843262166,326.3379239007299,326.34792390072977,5.011032843262186,3.263479239007298e-10,True,1.0,rms,10.0,1.813753605026836,0.99419532336901
r5_final_inverse_map_complete_2026-08-31,4,0.95,0.05,HuberRidgeAIME,0.01,1.0,66.34875846936484,5.184202971878693,0.05720122574055159,5,0.9999999999999999,1.0,1.0,1.0,0.9465254497021448,0.520523870050542,0.9,0.0027364047345291506,0.05231065603229566,0.1472784795391916,0.9626888217237329,1.0,0.2118925113199283,1.0,X ~= Y A^T,SVD normal-system solve,66.48818608461839,4.686930802818788,4.696930802818816,311.62552738354543,311.6355273835455,4.696930802818787,3.1163552738354533e-10,True,0.9549192856321921,rms,10.0,1.8218328006752298,0.7146819966899405
r5_final_inverse_map_complete_2026-08-31,4,0.95,0.1,ZeroOperator,0.01,1.0,,0.0,0.0,0,0.1,0.0,0.0,0.0,,,0.0,0.0309044036085121,0.17579648349302127,-8.283265862039494,,0.1062308478038815,1.0,1.0,,,,,,,,,,,,,,,-300.0
r5_final_inverse_map_complete_2026-08-31,4,0.95,0.1,AIME,0.0,1.0,66.56885582721051,11.875422381901378,0.0,1,0.6405869130869131,0.6,0.6,0.6,0.5598452318212142,0.4566211189807618,0.9,0.011776359668662386,0.10851893691269919,-2.537459550297908,0.8365748550700581,0.1062308478038815,1.0,1.0,X ~= Y A^T,SVD normal-system solve,66.56885582721051,4.902212104676782,4.902212104676782,326.3346508306349,326.3346508306349,4.902212104676801,3.2633465083063495e-10,True,1.0,rms,10.0,1.8232710924451487,1.0746490654435776
r5_final_inverse_map_complete_2026-08-31,4,0.95,0.1,HuberAIME,0.0,1.0,67.63145999153721,5.527156880539909,0.1062308478038815,6,0.9999999999999999,1.0,1.0,1.0,0.9260124147168511,0.5205699759315447,0.9333333333333333,0.0029008705976665936,0.053859730761178094,0.128617612860353,0.9520305709292247,1.0,0.21524998262585868,1.0,X ~= Y A^T,SVD normal-system solve,67.63145999153721,4.422944294648999,4.422944294648999,299.13018010835157,299.13018010835157,4.4229442946490085,2.9913018010835146e-10,True,0.9166353403402343,rms,10.0,1.8301487628419366,0.7425017915920649
r5_final_inverse_map_complete_2026-08-31,4,0.95,0.1,RidgeAIME,0.01,1.0,66.43537450671752,11.853838113576188,0.0,1,0.6405869130869131,0.6,0.6,0.6,0.5599946131968714,0.4566211189807618,0.9,0.011752670618226739,0.10840973488680221,-2.5303436791748424,0.8368066003995736,0.1062308478038815,1.0,1.0,X ~= Y A^T,SVD normal-system solve,66.56885582721051,4.902212104676782,4.912212104676811,326.3346508306349,326.34465083063503,4.912212104676805,3.2634465083063504e-10,True,1.0,rms,10.0,1.8223993875340492,1.0738589918366388
r5_final_inverse_map_complete_2026-08-31,4,0.95,0.1,HuberRidgeAIME,0.01,1.0,67.48115464673455,5.518409976880712,0.1062308478038815,6,0.9999999999999999,1.0,1.0,1.0,0.9261038397918152,0.5205699759315447,0.9333333333333333,0.002899495063467315,0.05384695964924403,0.12903080477423012,0.9520516699215553,1.0,0.21524970786039743,1.0,X ~= Y A^T,SVD normal-system solve,67.6314643876114,4.4229438663849505,4.432943866384977,299.13017058781804,299.14017058781803,4.432943866384967,2.9914017058781816e-10,True,0.9166353111516663,rms,10.0,1.8291825050435726,0.7418139621966127
r5_final_inverse_map_complete_2026-08-31,5,0.0,0.0,ZeroOperator,0.01,1.0,,0.0,0.0,0,0.1,0.3,0.3,0.3,,,0.0,0.04435045775786173,0.21059548370718145,-2.4291776412853228,,,,,,,,,,,,,,,,,,,-300.0
r5_final_inverse_map_complete_2026-08-31,5,0.0,0.0,AIME,0.0,1.0,4.625030092083408,4.848167980851014,0.0,1,0.9999999999999999,1.0,1.0,1.0,0.9998629093114813,0.5205930288720461,1.0,0.0024874917266026536,0.04987476041649377,0.8076671258204551,0.9715531203093609,,,,X ~= Y A^T,SVD normal-system solve,4.625030092083408,70.60322946520994,70.60322946520994,326.5420608748659,326.5420608748659,70.6032294652099,3.265420608748658e-10,True,1.0,rms,10.0,0.665114562757918,0.6855776589909018
r5_final_inverse_map_complete_2026-08-31,5,0.0,0.0,HuberAIME,0.0,1.0,4.625030092083408,4.848167980851014,0.0,2,0.9999999999999999,1.0,1.0,1.0,0.9998629093114813,0.5205930288720461,1.0,0.0024874917266026536,0.04987476041649377,0.8076671258204551,0.9715531203093609,,,,X ~= Y A^T,SVD normal-system solve,4.625030092083408,70.60322946520994,70.60322946520994,326.5420608748659,326.5420608748659,70.6032294652099,3.265420608748658e-10,True,1.0,rms,10.0,0.665114562757918,0.6855776589909018
r5_final_inverse_map_complete_2026-08-31,5,0.0,0.0,RidgeAIME,0.01,1.0,4.624516727927779,4.847699881514853,0.0,1,0.9999999999999999,1.0,1.0,1.0,0.9998629390077625,0.5205930288720461,1.0,0.0024875008029443687,0.04987485140774225,0.807666424037663,0.9715531110566711,,,,X ~= Y A^T,SVD normal-system solve,4.625030092083408,70.60322946520994,70.6132294652099,326.5420608748659,326.5520608748659,70.61322946520997,3.265520608748658e-10,True,1.0,rms,10.0,0.6650663547268514,0.6855357250533274
r5_final_inverse_map_complete_2026-08-31,5,0.0,0.0,HuberRidgeAIME,0.01,1.0,4.624516727927779,4.847699881514853,0.0,2,0.9999999999999999,1.0,1.0,1.0,0.9998629390077625,0.5205930288720461,1.0,0.0024875008029443687,0.04987485140774225,0.807666424037663,0.9715531110566711,,,,X ~= Y A^T,SVD normal-system solve,4.625030092083408,70.60322946520994,70.6132294652099,326.5420608748659,326.5520608748659,70.61322946520997,3.265520608748658e-10,True,1.0,rms,10.0,0.6650663547268514,0.6855357250533274
r5_final_inverse_map_complete_2026-08-31,5,0.0,0.05,ZeroOperator,0.01,1.0,,0.0,0.0,0,0.1,0.2,0.2,0.20000000000000004,,,0.0,0.04259183694619577,0.20637789839562706,-2.2624984189659467,,0.05107252298263534,1.0,1.0,,,,,,,,,,,,,,,-300.0
r5_final_inverse_map_complete_2026-08-31,5,0.0,0.05,AIME,0.0,1.0,4.568509394797881,5.354321224892464,0.0,1,0.9999999999999999,1.0,1.0,1.0,0.9123171845564464,0.5202933406455283,0.8666666666666667,0.007262420861597721,0.08521983842743261,0.44370475007314414,0.9176182129914835,0.05107252298263534,1.0,1.0,X ~= Y A^T,SVD normal-system solve,4.568509394797881,71.48942311110747,71.48942311110747,326.60010111177525,326.60010111177525,71.48942311110744,3.2660010111177507e-10,True,1.0,rms,10.0,0.659774522342827,0.7287044225127415
r5_final_inverse_map_complete_2026-08-31,5,0.0,0.05,HuberAIME,0.0,1.0,4.608842727448341,4.870119326150819,0.05107252298263534,5,0.9999999999999999,1.0,1.0,1.0,0.9965527649711708,0.5205930288720461,1.0,0.0026725038764016202,0.051696265594350435,0.7952884802208696,0.9681209459643836,1.0,0.21159176060019633,1.0,X ~= Y A^T,SVD normal-system solve,4.608842727448341,68.00958501824817,68.00958501824817,313.44548130813274,313.44548130813274,68.00958501824817,3.134454813081327e-10,True,0.9597340020735545,rms,10.0,0.6635918884745509,0.6875396022934784
r5_final_inverse_map_complete_2026-08-31,5,0.0,0.05,RidgeAIME,0.01,1.0,4.568010298547937,5.353786384093642,0.0,1,0.9999999999999999,1.0,1.0,1.0,0.9123224898611422,0.5202933406455283,0.8666666666666667,0.0072614179953771,0.08521395422920533,0.44378156877113406,0.9176227069990418,0.05107252298263534,1.0,1.0,X ~= Y A^T,SVD normal-system solve,4.568509394797881,71.48942311110747,71.49942311110746,326.60010111177525,326.61010111177524,71.49942311110742,3.2661010111177516e-10,True,1.0,rms,10.0,0.6597270743528307,0.7286610388605967
r5_final_inverse_map_complete_2026-08-31,5,0.0,0.05,HuberRidgeAIME,0.01,1.0,4.608312173988506,4.869636246100419,0.05107252298263534,5,0.9999999999999999,1.0,1.0,1.0,0.9965531489074422,0.5205930288720461,1.0,0.002672468577836573,0.05169592418979056,0.7952911840608755,0.9681212400678785,1.0,0.21159174458347593,1.0,X ~= Y A^T,SVD normal-system solve,4.608842733347254,68.00958487475818,68.01958487475818,313.44548104799253,313.4554810479926,68.0195848747582,3.134554810479925e-10,True,0.9597340012555401,rms,10.0,0.6635418911721991,0.6874965213354766
r5_final_inverse_map_complete_2026-08-31,5,0.0,0.1,ZeroOperator,0.01,1.0,,0.0,0.0,0,0.1,0.3,0.3,0.3,,,0.0,0.043577860848134024,0.20875310979272627,-2.266886684527034,,0.09499489274770173,1.0,1.0,,,,,,,,,,,,,,,-300.0
r5_final_inverse_map_complete_2026-08-31,5,0.0,0.1,AIME,0.0,1.0,4.588592531361906,5.8564328215776476,0.0,1,0.9999999999999999,1.0,1.0,1.0,0.863927377174252,0.5203624994670324,0.9333333333333333,0.011003479749359977,0.10489747255944719,0.17510587309642567,0.8821799908591096,0.09499489274770173,1.0,1.0,X ~= Y A^T,SVD normal-system solve,4.588592531361906,71.13552826515172,71.13552826515172,326.4119537119589,326.4119537119589,71.1355282651517,3.2641195371195885e-10,True,1.0,rms,10.0,0.6616794939034288,0.7676331659117738
r5_final_inverse_map_complete_2026-08-31,5,0.0,0.1,HuberAIME,0.0,1.0,4.626254647775889,4.921121387242862,0.09499489274770173,5,0.9999999999999999,1.0,1.0,1.0,0.9913916547622802,0.5205930288720461,0.9666666666666667,0.0029000286135999324,0.05385191374129551,0.7825945404816105,0.9661570282182265,1.0,0.22393570704674365,1.0,X ~= Y A^T,SVD normal-system solve,4.626254647775889,65.34844029820452,65.34844029820452,302.3185256544739,302.3185256544739,65.34844029820458,3.0231852565447387e-10,True,0.9262778557255844,rms,10.0,0.6652295344181983,0.6920640777265333
r5_final_inverse_map_complete_2026-08-31,5,0.0,0.1,RidgeAIME,0.01,1.0,4.588088129663179,5.855785675032344,0.0,1,0.9999999999999999,1.0,1.0,1.0,0.8639345351055444,0.5203624994670324,0.9333333333333333,0.011001443828600263,0.10488776777394142,0.17525849927612358,0.8821893541825726,0.09499489274770173,1.0,1.0,X ~= Y A^T,SVD normal-system solve,4.588592531361906,71.13552826515172,71.14552826515177,326.4119537119589,326.421953711959,71.14552826515173,3.2642195371195893e-10,True,1.0,rms,10.0,0.6616317513954932,0.7675851729249669
r5_final_inverse_map_complete_2026-08-31,5,0.0,0.1,HuberRidgeAIME,0.01,1.0,4.6256998347381835,4.920588166898679,0.09499489274770173,5,0.9999999999999999,1.0,1.0,1.0,0.9913927902518958,0.5205930288720461,0.9666666666666667,0.002899908679940186,0.05385080017920055,0.7826035315075219,0.9661582674454953,1.0,0.22393567197910755,1.0,X ~= Y A^T,SVD normal-system solve,4.626254660506192,65.34843988510859,65.35843988510861,302.3185245752924,302.3285245752924,65.35843988510857,3.0232852457529236e-10,True,0.926277852394338,rms,10.0,0.6651774476420457,0.6920170178835112
r5_final_inverse_map_complete_2026-08-31,5,0.7,0.0,ZeroOperator,0.01,1.0,,0.0,0.0,0,0.1,0.1,0.1,0.10000000000000002,,,0.0,0.016672602728412332,0.12912243309515326,-0.9574792157154199,,,,,,,,,,,,,,,,,,,-300.0
r5_final_inverse_map_complete_2026-08-31,5,0.7,0.0,AIME,0.0,1.0,11.408976649427393,4.85284832352766,0.0,1,0.9999999999999999,1.0,1.0,1.0,0.9996526970942382,0.5205930288720461,1.0,0.0025204965420134117,0.050204547025278615,0.7040762216527863,0.921316506211314,,,,X ~= Y A^T,SVD normal-system solve,11.408976649427393,28.603511201188866,28.603511201188866,326.33679138599865,326.33679138599865,28.60351120118885,3.263367913859986e-10,True,1.0,rms,10.0,1.0572466912684866,0.6859967175909121
r5_final_inverse_map_complete_2026-08-31,5,0.7,0.0,HuberAIME,0.0,1.0,11.408976649427393,4.85284832352766,0.0,2,0.9999999999999999,1.0,1.0,1.0,0.9996526970942382,0.5205930288720461,1.0,0.0025204965420134117,0.050204547025278615,0.7040762216527863,0.921316506211314,,,,X ~= Y A^T,SVD normal-system solve,11.408976649427393,28.603511201188866,28.603511201188866,326.33679138599865,326.33679138599865,28.60351120118885,3.263367913859986e-10,True,1.0,rms,10.0,1.0572466912684866,0.6859967175909121
r5_final_inverse_map_complete_2026-08-31,5,0.7,0.0,RidgeAIME,0.01,1.0,11.405338865662854,4.851330151690146,0.0,1,0.9999999999999999,1.0,1.0,1.0,0.9996526883402654,0.5205930288720461,1.0,0.0025204796454714436,0.050204378747988145,0.7040782054240222,0.9213171066825213,,,,X ~= Y A^T,SVD normal-system solve,11.408976649427393,28.603511201188866,28.61351120118886,326.33679138599865,326.3467913859987,28.613511201188864,3.263467913859985e-10,True,1.0,rms,10.0,1.0571081931901514,0.6858608310429315
r5_final_inverse_map_complete_2026-08-31,5,0.7,0.0,HuberRidgeAIME,0.01,1.0,11.405338865662854,4.851330151690146,0.0,2,0.9999999999999999,1.0,1.0,1.0,0.9996526883402654,0.5205930288720461,1.0,0.0025204796454714436,0.050204378747988145,0.7040782054240222,0.9213171066825213,,,,X ~= Y A^T,SVD normal-system solve,11.408976649427393,28.603511201188866,28.61351120118886,326.33679138599865,326.3467913859987,28.613511201188864,3.263467913859985e-10,True,1.0,rms,10.0,1.0571081931901514,0.6858608310429315
r5_final_inverse_map_complete_2026-08-31,5,0.7,0.05,ZeroOperator,0.01,1.0,,0.0,0.0,0,0.1,0.2,0.2,0.20000000000000004,,,0.0,0.030752945931471883,0.17536517878835547,-3.3349117622358406,,0.05311542390194075,1.0,1.0,,,,,,,,,,,,,,,-300.0
r5_final_inverse_map_complete_2026-08-31,5,0.7,0.05,AIME,0.0,1.0,12.065577886103952,5.897338631090338,0.0,1,0.9809090909090908,0.9,0.9,0.9,0.8301345252174025,0.5181263642384002,0.9333333333333333,0.007584770310225075,0.0870905868060669,-0.06914342791478423,0.8850921678316328,0.05311542390194075,1.0,1.0,X ~= Y A^T,SVD normal-system solve,12.065577886103952,27.054082097731538,27.054082097731538,326.42313468723046,326.42313468723046,27.05408209773148,3.264231346872305e-10,True,1.0,rms,10.0,1.0815481274661718,0.7706560661178993
r5_final_inverse_map_complete_2026-08-31,5,0.7,0.05,HuberAIME,0.0,1.0,12.100797274387299,4.894420554045776,0.05311542390194075,5,0.9999999999999999,1.0,1.0,1.0,0.991633323795059,0.5205930288720461,1.0,0.002684945367897051,0.05181645846540509,0.6215321523279996,0.9553895185780892,1.0,0.20747374785410047,1.0,X ~= Y A^T,SVD normal-system solve,12.100797274387299,25.843325123963908,25.843325123963908,312.72483822116726,312.72483822116726,25.843325123963954,3.1272483822116715e-10,True,0.9579046321638542,rms,10.0,1.0828139852305099,0.6897012834576021
r5_final_inverse_map_complete_2026-08-31,5,0.7,0.05,RidgeAIME,0.01,1.0,12.0614892279902,5.895677745556003,0.0,1,0.9809090909090908,0.9,0.9,0.9,0.8301560829114201,0.5181263642384002,0.9333333333333333,0.007582431271572798,0.08707715700212541,-0.06881371881346188,0.88511080706136,0.05311542390194075,1.0,1.0,X ~= Y A^T,SVD normal-system solve,12.065577886103952,27.054082097731538,27.06408209773146,326.42313468723046,326.43313468723045,27.064082097731475,3.264331346872305e-10,True,1.0,rms,10.0,1.081400933307363,0.770533737206556
r5_final_inverse_map_complete_2026-08-31,5,0.7,0.05,HuberRidgeAIME,0.01,1.0,12.096503529887777,4.893097859099294,0.05311542390194075,5,0.9999999999999999,1.0,1.0,1.0,0.99163453553532,0.5205930288720461,1.0,0.002684837445872772,0.05181541706744019,0.621547364934086,0.9553906114164603,1.0,0.2074737007092446,1.0,X ~= Y A^T,SVD normal-system solve,12.100797289889636,25.843325023233646,25.853325023233733,312.7248374028827,312.7348374028828,25.853325023233708,3.1273483740288285e-10,True,0.9579046296597352,rms,10.0,1.082659856505368,0.689583901482775
r5_final_inverse_map_complete_2026-08-31,5,0.7,0.1,ZeroOperator,0.01,1.0,,0.0,0.0,0,0.1,0.1,0.1,0.10000000000000002,,,0.0,0.031323371371674874,0.17698409920576164,-3.694815443634681,,0.09908069458631256,1.0,1.0,,,,,,,,,,,,,,,-300.0
r5_final_inverse_map_complete_2026-08-31,5,0.7,0.1,AIME,0.0,1.0,11.462537441514538,6.516368811310697,0.0,1,0.9622222222222222,0.9,0.9,0.9,0.7505002806118335,0.5159593878312719,0.9,0.010858319042577422,0.10420325831075256,-0.6274686184994531,0.8450272614099701,0.09908069458631256,1.0,1.0,X ~= Y A^T,SVD normal-system solve,11.462537441514538,28.473474766826225,28.473474766826225,326.378270604765,326.378270604765,28.473474766826214,3.2637827060476494e-10,True,1.0,rms,10.0,1.0592807672705835,0.8140056563891286
r5_final_inverse_map_complete_2026-08-31,5,0.7,0.1,HuberAIME,0.0,1.0,11.381316774837407,4.922216044949196,0.09908069458631256,5,0.9999999999999999,1.0,1.0,1.0,0.984085918661773,0.5205930288720461,1.0,0.0028268993161816957,0.053168593325211226,0.5762981446112294,0.9538879515650496,1.0,0.1987776365144359,1.0,X ~= Y A^T,SVD normal-system solve,11.381316774837407,26.398901523396866,26.398901523396866,300.4542607455175,300.4542607455175,26.39890152339687,3.004542607455175e-10,True,0.9206143317077633,rms,10.0,1.0561925111770705,0.6921606717540506
r5_final_inverse_map_complete_2026-08-31,5,0.7,0.1,RidgeAIME,0.01,1.0,11.458864245906497,6.514510984613018,0.0,1,0.9622222222222222,0.9,0.9,0.9,0.7505277775420749,0.5159593878312719,0.9,0.010854640360710772,0.1041856053431124,-0.6269172496115121,0.845054435139347,0.09908069458631256,1.0,1.0,X ~= Y A^T,SVD normal-system solve,11.462537441514538,28.473474766826225,28.483474766826227,326.378270604765,326.38827060476495,28.483474766826223,3.2638827060476487e-10,True,1.0,rms,10.0,1.0591415743347472,0.813881820715523
r5_final_inverse_map_complete_2026-08-31,5,0.7,0.1,HuberRidgeAIME,0.01,1.0,11.377385807767839,4.920887127127662,0.09908069458631256,5,0.9999999999999999,1.0,1.0,1.0,0.9840889973734961,0.5205930288720461,1.0,0.002826743408238125,0.05316712713922133,0.5763215124349726,0.9538894942440256,1.0,0.1987775980826525,1.0,X ~= Y A^T,SVD normal-system solve,11.381316799314622,26.398901356785302,26.408901356785314,300.4542594954301,300.46425949543004,26.408901356785318,3.0046425949543003e-10,True,0.9206143278999155,rms,10.0,1.0560424852854242,0.6920434035165421
r5_final_inverse_map_complete_2026-08-31,5,0.95,0.0,ZeroOperator,0.01,1.0,,0.0,0.0,0,0.1,0.1,0.1,0.10000000000000002,,,0.0,0.03455067521080763,0.18587811923625555,-9.373907580698969,,,,,,,,,,,,,,,,,,,-300.0
r5_final_inverse_map_complete_2026-08-31,5,0.95,0.0,AIME,0.0,1.0,62.8195338998711,4.871185492564348,0.0,1,0.9999999999999999,1.0,1.0,1.0,0.9979177881132192,0.5205930288720461,1.0,0.0025131931905653074,0.05013175830314859,0.24540884563636167,0.9629439771004662,,,,X ~= Y A^T,SVD normal-system solve,62.8195338998711,5.1954235875953865,5.1954235875953865,326.3740881851383,326.3740881851383,5.19542358759534,3.2637408818513813e-10,True,1.0,rms,10.0,1.7980947097532698,0.6876346676262345
r5_final_inverse_map_complete_2026-08-31,5,0.95,0.0,HuberAIME,0.0,1.0,62.8195338998711,4.871185492564348,0.0,2,0.9999999999999999,1.0,1.0,1.0,0.9979177881132192,0.5205930288720461,1.0,0.0025131931905653074,0.05013175830314859,0.24540884563636167,0.9629439771004662,,,,X ~= Y A^T,SVD normal-system solve,62.8195338998711,5.1954235875953865,5.1954235875953865,326.3740881851383,326.3740881851383,5.19542358759534,3.2637408818513813e-10,True,1.0,rms,10.0,1.7980947097532698,0.6876346676262345
r5_final_inverse_map_complete_2026-08-31,5,0.95,0.0,RidgeAIME,0.01,1.0,62.700774047076415,4.865829049893372,0.0,1,0.9999999999999999,1.0,1.0,1.0,0.9979209622930957,0.5205930288720461,1.0,0.002513143983531386,0.050131267523686115,0.24542362014421448,0.9629447573845369,,,,X ~= Y A^T,SVD normal-system solve,62.8195338998711,5.1954235875953865,5.205423587595356,326.3740881851383,326.3840881851383,5.205423587595351,3.2638408818513837e-10,True,1.0,rms,10.0,1.7972729022708922,0.6871568468898778
r5_final_inverse_map_complete_2026-08-31,5,0.95,0.0,HuberRidgeAIME,0.01,1.0,62.700774047076415,4.865829049893372,0.0,2,0.9999999999999999,1.0,1.0,1.0,0.9979209622930957,0.5205930288720461,1.0,0.002513143983531386,0.050131267523686115,0.24542362014421448,0.9629447573845369,,,,X ~= Y A^T,SVD normal-system solve,62.8195338998711,5.1954235875953865,5.205423587595356,326.3740881851383,326.3840881851383,5.205423587595351,3.2638408818513837e-10,True,1.0,rms,10.0,1.7972729022708922,0.6871568468898778
r5_final_inverse_map_complete_2026-08-31,5,0.95,0.05,ZeroOperator,0.01,1.0,,0.0,0.0,0,0.1,0.0,0.0,0.0,,,0.0,0.024685908862660352,0.15711750017951645,-6.248701630086568,,0.05107252298263534,1.0,1.0,,,,,,,,,,,,,,,-300.0
r5_final_inverse_map_complete_2026-08-31,5,0.95,0.05,AIME,0.0,1.0,64.86691908653859,8.13192426859404,0.0,1,0.4826026570048309,0.5,0.5,0.5,0.5472377023325257,0.432265687341071,0.9333333333333333,0.006443927422827561,0.08027407690423827,-0.8921769287037633,0.8706442916944276,0.05107252298263534,1.0,1.0,X ~= Y A^T,SVD normal-system solve,64.86691908653859,5.03093063199618,5.03093063199618,326.34097023568467,326.34097023568467,5.03093063199627,3.263409702356847e-10,True,1.0,rms,10.0,1.8120232712076996,0.910193325464665
r5_final_inverse_map_complete_2026-08-31,5,0.95,0.05,HuberAIME,0.0,1.0,65.16859211661831,4.890518347088803,0.05107252298263534,5,0.9999999999999999,1.0,1.0,1.0,0.9616579971905512,0.520523870050542,0.9666666666666667,0.0026294922737220582,0.05127857519200449,0.22788320102486936,0.9452473753056192,1.0,0.2111319209862288,1.0,X ~= Y A^T,SVD normal-system solve,65.16859211661831,4.8058919636963875,4.8058919636963875,313.19321313866374,313.19321313866374,4.805891963696425,3.1319321313866374e-10,True,0.9597105169043018,rms,10.0,1.8140383387247936,0.6893548925285176
r5_final_inverse_map_complete_2026-08-31,5,0.95,0.05,RidgeAIME,0.01,1.0,64.74022240342678,8.118026083394865,0.0,1,0.4826026570048309,0.5,0.5,0.5,0.5474034614131563,0.432265687341071,0.9333333333333333,0.006435044439705361,0.08021872873403917,-0.8895685542421967,0.8707846171019645,0.05107252298263534,1.0,1.0,X ~= Y A^T,SVD normal-system solve,64.86691908653859,5.03093063199618,5.040930631996262,326.34097023568467,326.35097023568477,5.040930631996291,3.2635097023568474e-10,True,1.0,rms,10.0,1.811174187009945,0.9094504423811509
r5_final_inverse_map_complete_2026-08-31,5,0.95,0.05,HuberRidgeAIME,0.01,1.0,65.03534899572152,4.883228009942408,0.05107252298263534,5,0.9999999999999999,1.0,1.0,1.0,0.9616734800285865,0.520523870050542,0.9666666666666667,0.0026292493132995154,0.051276206112577355,0.22795454324770303,0.9452521354166703,1.0,0.21113183092279963,1.0,X ~= Y A^T,SVD normal-system solve,65.1685924187601,4.805891918388318,4.815891918388353,313.19321163806137,313.20321163806136,4.815891918388354,3.1320321163806137e-10,True,0.9597105123045352,rms,10.0,1.8131494751180148,0.6887070030365188
r5_final_inverse_map_complete_2026-08-31,5,0.95,0.1,ZeroOperator,0.01,1.0,,0.0,0.0,0,0.1,0.0,0.0,0.0,,,0.0,0.04083718438753505,0.20208212287962302,-12.125388637942212,,0.10010214504596528,1.0,1.0,,,,,,,,,,,,,,,-300.0
r5_final_inverse_map_complete_2026-08-31,5,0.95,0.1,AIME,0.0,1.0,61.90744373341847,9.824567196037522,0.0,1,0.5931822425940072,0.5,0.5,0.5,0.5352595952713206,0.433533599068646,0.8333333333333334,0.009928582802198849,0.09964227417215471,-2.1911237235696013,0.8932076701344983,0.10010214504596528,1.0,1.0,X ~= Y A^T,SVD normal-system solve,61.90744373341847,5.271586899625309,5.271586899625309,326.3504693743797,326.3504693743797,5.271586899625297,3.2635046937437967e-10,True,1.0,rms,10.0,1.7917428716047188,0.9923134273922166
r5_final_inverse_map_complete_2026-08-31,5,0.95,0.1,HuberAIME,0.0,1.0,61.59385947323761,5.113783729550375,0.10010214504596528,5,0.9999999999999999,1.0,1.0,1.0,0.9391349713248681,0.5204777641695393,0.9666666666666667,0.0027992424183882767,0.05290786726365255,0.10030171804954158,0.9652118136734875,1.0,0.20407335654873113,1.0,X ~= Y A^T,SVD normal-system solve,61.59385947323761,4.8763988400954865,4.8763988400954865,300.35622489230025,300.35622489230025,4.876398840095455,3.003562248923003e-10,True,0.9203260356912928,rms,10.0,1.7895374178492298,0.7087423570401472
r5_final_inverse_map_complete_2026-08-31,5,0.95,0.1,RidgeAIME,0.01,1.0,61.79212338578291,9.80927023893585,0.0,1,0.5931822425940072,0.5,0.5,0.5,0.5355520441471245,0.433533599068646,0.8333333333333334,0.009913781006699346,0.0995679717916326,-2.186366311387932,0.8933326765353619,0.10010214504596528,1.0,1.0,X ~= Y A^T,SVD normal-system solve,61.90744373341847,5.271586899625309,5.281586899625274,326.3504693743797,326.36046937437953,5.281586899625309,3.263604693743797e-10,True,1.0,rms,10.0,1.790933119294264,0.991636699225817
r5_final_inverse_map_complete_2026-08-31,5,0.95,0.1,HuberRidgeAIME,0.01,1.0,61.469854708571276,5.108264273775181,0.10010214504596528,5,0.9999999999999999,1.0,1.0,1.0,0.9392398616974349,0.5204777641695393,0.9666666666666667,0.0027985667970459476,0.0529014819929078,0.10051886800302523,0.9652192731319413,1.0,0.20407321052675903,1.0,X ~= Y A^T,SVD normal-system solve,61.593859856690145,4.876398732316445,4.886398732316475,300.3562201236406,300.3662201236406,4.886398732316442,3.0036622012364063e-10,True,0.9203260210741802,rms,10.0,1.7886621866145889,0.7082733572040179
r5_final_inverse_map_complete_2026-08-31,6,0.0,0.0,ZeroOperator,0.01,1.0,,0.0,0.0,0,0.1,0.2,0.2,0.20000000000000004,,,0.0,0.04648233859987394,0.2155976312482907,-2.820543872901303,,,,,,,,,,,,,,,,,,,-300.0
r5_final_inverse_map_complete_2026-08-31,6,0.0,0.0,AIME,0.0,1.0,4.6269288817668555,4.856304301897057,0.0,1,0.9999999999999999,1.0,1.0,1.0,0.9998388749050721,0.5205930288720461,1.0,0.0024774069925315298,0.04977355716172524,0.7963733669367304,0.9729877048765115,,,,X ~= Y A^T,SVD normal-system solve,4.6269288817668555,70.6407227197022,70.6407227197022,326.8496001806742,326.8496001806742,70.64072271970223,3.2684960018067423e-10,True,1.0,rms,10.0,0.665292824225727,0.6863058923369892
r5_final_inverse_map_complete_2026-08-31,6,0.0,0.0,HuberAIME,0.0,1.0,4.6269288817668555,4.856304301897057,0.0,2,0.9999999999999999,1.0,1.0,1.0,0.9998388749050721,0.5205930288720461,1.0,0.0024774069925315298,0.04977355716172524,0.7963733669367304,0.9729877048765115,,,,X ~= Y A^T,SVD normal-system solve,4.6269288817668555,70.6407227197022,70.6407227197022,326.8496001806742,326.8496001806742,70.64072271970223,3.2684960018067423e-10,True,1.0,rms,10.0,0.665292824225727,0.6863058923369892
r5_final_inverse_map_complete_2026-08-31,6,0.0,0.0,RidgeAIME,0.01,1.0,4.626415521288414,4.855866294345224,0.0,1,0.9999999999999999,1.0,1.0,1.0,0.9998388453550405,0.5205930288720461,1.0,0.002477395912833903,0.04977344586055805,0.7963742776153271,0.97298773699598,,,,X ~= Y A^T,SVD normal-system solve,4.6269288817668555,70.6407227197022,70.65072271970216,326.8496001806742,326.8596001806741,70.6507227197022,3.2685960018067426e-10,True,1.0,rms,10.0,0.6652446363244597,0.6862667199890498
r5_final_inverse_map_complete_2026-08-31,6,0.0,0.0,HuberRidgeAIME,0.01,1.0,4.626415521288414,4.855866294345224,0.0,2,0.9999999999999999,1.0,1.0,1.0,0.9998388453550405,0.5205930288720461,1.0,0.002477395912833903,0.04977344586055805,0.7963742776153271,0.97298773699598,,,,X ~= Y A^T,SVD normal-system solve,4.6269288817668555,70.6407227197022,70.65072271970216,326.8496001806742,326.8596001806741,70.6507227197022,3.2685960018067426e-10,True,1.0,rms,10.0,0.6652446363244597,0.6862667199890498
r5_final_inverse_map_complete_2026-08-31,6,0.0,0.05,ZeroOperator,0.01,1.0,,0.0,0.0,0,0.1,0.1,0.1,0.10000000000000002,,,0.0,0.03580837105199862,0.18923099918353392,-1.128979664772522,,0.04698672114402452,1.0,1.0,,,,,,,,,,,,,,,-300.0
r5_final_inverse_map_complete_2026-08-31,6,0.0,0.05,AIME,0.0,1.0,4.703031703287271,5.3109596087142945,0.0,1,0.9999999999999999,1.0,1.0,1.0,0.927274683537554,0.5204777641695393,0.9333333333333333,0.007143326138279475,0.08451820004164473,0.575294948068122,0.90453145688974,0.04698672114402452,1.0,1.0,X ~= Y A^T,SVD normal-system solve,4.703031703287271,69.4959815219283,69.4959815219283,326.8418043486952,326.8418043486952,69.49598152192836,3.268418043486951e-10,True,1.0,rms,10.0,0.6723779063489528,0.7251729985045818
r5_final_inverse_map_complete_2026-08-31,6,0.0,0.05,HuberAIME,0.0,1.0,4.768743351764895,4.890347496696489,0.04698672114402452,5,0.9999999999999999,1.0,1.0,1.0,0.9959250617292584,0.5205930288720461,0.9666666666666667,0.0027170438798425913,0.05212527102896052,0.8384586900063231,0.9613597793575273,0.9999999999999999,0.2245360751889527,1.0,X ~= Y A^T,SVD normal-system solve,4.768743351764895,66.06416930702105,66.06416930702105,315.04306817272703,315.04306817272703,66.06416930702107,3.1504306817272686e-10,True,0.9635634928076525,rms,10.0,0.6784039498376014,0.6893397201738802
r5_final_inverse_map_complete_2026-08-31,6,0.0,0.05,RidgeAIME,0.01,1.0,4.702498938822655,5.310354660696053,0.0,1,0.9999999999999999,1.0,1.0,1.0,0.927275429203912,0.5204777641695393,0.9333333333333333,0.007142359872117227,0.08451248352827662,0.5753523972329331,0.9045338028219138,0.04698672114402452,1.0,1.0,X ~= Y A^T,SVD normal-system solve,4.703031703287271,69.4959815219283,69.50598152192836,326.8418043486952,326.85180434869517,69.5059815219283,3.268518043486951e-10,True,1.0,rms,10.0,0.6723287062184787,0.7251235271153016
r5_final_inverse_map_complete_2026-08-31,6,0.0,0.05,HuberRidgeAIME,0.01,1.0,4.768172984981908,4.889768686168493,0.04698672114402452,5,0.9999999999999999,1.0,1.0,1.0,0.9959249224439134,0.5205930288720461,0.9666666666666667,0.002716971866786437,0.05212458025525421,0.8384629715284266,0.9613600416974983,0.9999999999999999,0.22453603491127264,1.0,X ~= Y A^T,SVD normal-system solve,4.768743365725757,66.06416898960721,66.07416898960723,315.04306758137466,315.05306758137453,66.07416898960722,3.1505306758137465e-10,True,0.9635634909151364,rms,10.0,0.6783520028270457,0.6892883150138659
r5_final_inverse_map_complete_2026-08-31,6,0.0,0.1,ZeroOperator,0.01,1.0,,0.0,0.0,0,0.1,0.2,0.2,0.20000000000000004,,,0.0,0.045827512317502705,0.2140736142487035,-2.5439771036818026,,0.09908069458631256,1.0,1.0,,,,,,,,,,,,,,,-300.0
r5_final_inverse_map_complete_2026-08-31,6,0.0,0.1,AIME,0.0,1.0,4.70768026185022,5.409035828884052,0.0,1,0.9999999999999999,1.0,1.0,1.0,0.8729348404331612,0.5205699759315447,0.9333333333333333,0.00996449040473421,0.09982229412678417,0.22941647804112297,0.8961612383638203,0.09908069458631256,1.0,1.0,X ~= Y A^T,SVD normal-system solve,4.70768026185022,69.32966811666593,69.32966811666593,326.38191015345467,326.38191015345467,69.32966811666596,3.2638191015345466e-10,True,1.0,rms,10.0,0.672806958583124,0.7331198581725324
r5_final_inverse_map_complete_2026-08-31,6,0.0,0.1,HuberAIME,0.0,1.0,4.725337796807506,4.853906135243941,0.09908069458631256,5,0.9999999999999999,1.0,1.0,1.0,0.9930772598929256,0.5205930288720461,1.0,0.0028309575324630505,0.05320674329878733,0.7810736789063547,0.9686282507216273,1.0,0.22106959742882487,1.0,X ~= Y A^T,SVD normal-system solve,4.725337796807506,63.73833338751032,63.73833338751032,301.18515586152034,301.18515586152034,63.73833338751036,3.0118515586152034e-10,True,0.922823034678852,rms,10.0,0.6744328600507301,0.6860913736976557
r5_final_inverse_map_complete_2026-08-31,6,0.0,0.1,RidgeAIME,0.01,1.0,4.707145549129125,5.408488618983907,0.0,1,0.9999999999999999,1.0,1.0,1.0,0.872943461657426,0.5205699759315447,0.9333333333333333,0.00996309421584445,0.0998153005097137,0.22952444945845485,0.8961669568391571,0.09908069458631256,1.0,1.0,X ~= Y A^T,SVD normal-system solve,4.70768026185022,69.32966811666593,69.33966811666592,326.38191015345467,326.39191015345466,69.33966811666595,3.263919101534546e-10,True,1.0,rms,10.0,0.6727576272860641,0.7330759201640863
r5_final_inverse_map_complete_2026-08-31,6,0.0,0.1,HuberRidgeAIME,0.01,1.0,4.724753422770471,4.853407861782298,0.09908069458631256,5,0.9999999999999999,1.0,1.0,1.0,0.993077952711066,0.5205930288720461,1.0,0.0028309176599528724,0.05320636860332485,0.7810767623655257,0.9686284611845352,1.0,0.2210695875000774,1.0,X ~= Y A^T,SVD normal-system solve,4.725337804764015,63.73833321178009,63.748333211780064,301.18515553827024,301.19515553827034,63.74833321178005,3.011951555382702e-10,True,0.9228230336951047,rms,10.0,0.6743791483110064,0.6860467892914798
r5_final_inverse_map_complete_2026-08-31,6,0.7,0.0,ZeroOperator,0.01,1.0,,0.0,0.0,0,0.1,0.1,0.1,0.10000000000000002,,,0.0,0.03877665971262069,0.19691790094509104,-4.852493363509692,,,,,,,,,,,,,,,,,,,-300.0
r5_final_inverse_map_complete_2026-08-31,6,0.7,0.0,AIME,0.0,1.0,12.06357307511875,4.851855476150432,0.0,1,0.9999999999999999,1.0,1.0,1.0,0.999572430788591,0.5205930288720461,1.0,0.002508090221682553,0.05008083687082868,0.6214583337949753,0.9671192228564134,,,,X ~= Y A^T,SVD normal-system solve,12.06357307511875,27.06331757264842,27.06331757264842,326.4803091927896,326.4803091927896,27.06331757264843,3.2648030919278957e-10,True,1.0,rms,10.0,1.0814759592948562,0.6859078559115229
r5_final_inverse_map_complete_2026-08-31,6,0.7,0.0,HuberAIME,0.0,1.0,12.06357307511875,4.851855476150432,0.0,2,0.9999999999999999,1.0,1.0,1.0,0.999572430788591,0.5205930288720461,1.0,0.002508090221682553,0.05008083687082868,0.6214583337949753,0.9671192228564134,,,,X ~= Y A^T,SVD normal-system solve,12.06357307511875,27.06331757264842,27.06331757264842,326.4803091927896,326.4803091927896,27.06331757264843,3.2648030919278957e-10,True,1.0,rms,10.0,1.0814759592948562,0.6859078559115229
r5_final_inverse_map_complete_2026-08-31,6,0.7,0.0,RidgeAIME,0.01,1.0,12.0594865522737,4.850771682109057,0.0,1,0.9999999999999999,1.0,1.0,1.0,0.9995725895446377,0.5205930288720461,1.0,0.002508087337055467,0.0500808080711111,0.6214587691666912,0.9671192649252679,,,,X ~= Y A^T,SVD normal-system solve,12.06357307511875,27.06331757264842,27.07331757264848,326.4803091927896,326.4903091927896,27.073317572648435,3.264903091927896e-10,True,1.0,rms,10.0,1.0813288175668856,0.685810833576032
r5_final_inverse_map_complete_2026-08-31,6,0.7,0.0,HuberRidgeAIME,0.01,1.0,12.0594865522737,4.850771682109057,0.0,2,0.9999999999999999,1.0,1.0,1.0,0.9995725895446377,0.5205930288720461,1.0,0.002508087337055467,0.0500808080711111,0.6214587691666912,0.9671192649252679,,,,X ~= Y A^T,SVD normal-system solve,12.06357307511875,27.06331757264842,27.07331757264848,326.4803091927896,326.4903091927896,27.073317572648435,3.264903091927896e-10,True,1.0,rms,10.0,1.0813288175668856,0.685810833576032
r5_final_inverse_map_complete_2026-08-31,6,0.7,0.05,ZeroOperator,0.01,1.0,,0.0,0.0,0,0.1,0.0,0.0,0.0,,,0.0,0.023345969427106136,0.1527938788927951,-2.1642829331456808,,0.045965270684371805,1.0,1.0,,,,,,,,,,,,,,,-300.0
r5_final_inverse_map_complete_2026-08-31,6,0.7,0.05,AIME,0.0,1.0,11.885118426788214,5.862569685983539,0.0,1,0.9909090909090909,0.9,0.9,0.9,0.8134562920516166,0.5189677965666999,0.9666666666666667,0.00706325082653762,0.08404314859961887,0.042655987675962015,0.854319686591711,0.045965270684371805,1.0,1.0,X ~= Y A^T,SVD normal-system solve,11.885118426788214,27.458944306930142,27.458944306930142,326.3528049624468,326.3528049624468,27.458944306930142,3.2635280496244683e-10,True,1.0,rms,10.0,1.0750035135227087,0.768088018035847
r5_final_inverse_map_complete_2026-08-31,6,0.7,0.05,HuberAIME,0.0,1.0,11.93894837754776,4.878809009278556,0.045965270684371805,5,0.9999999999999999,1.0,1.0,1.0,0.9911140146366784,0.5205930288720461,1.0,0.0026577021461582223,0.05155290628236416,0.6397784393262806,0.9413775893951895,1.0000000000000002,0.20976662343152366,1.0,X ~= Y A^T,SVD normal-system solve,11.93894837754776,26.34356518998387,26.34356518998387,314.51446488378156,314.51446488378156,26.343565189983817,3.145144648837814e-10,True,0.9636767089422048,rms,10.0,1.0769660743694054,0.6883138171202711
r5_final_inverse_map_complete_2026-08-31,6,0.7,0.05,RidgeAIME,0.01,1.0,11.881155726836907,5.860856628970297,0.0,1,0.9909090909090909,0.9,0.9,0.9,0.8134732272054865,0.5189677965666999,0.9666666666666667,0.0070610990494687775,0.08403034600350505,0.042947636796643485,0.8543417486373185,0.045965270684371805,1.0,1.0,X ~= Y A^T,SVD normal-system solve,11.885118426788214,27.458944306930142,27.46894430693012,326.3528049624468,326.36280496244683,27.468944306930148,3.263628049624467e-10,True,1.0,rms,10.0,1.074858688235656,0.7679610975958077
r5_final_inverse_map_complete_2026-08-31,6,0.7,0.05,HuberRidgeAIME,0.01,1.0,11.934797549293474,4.877414203855106,0.045965270684371805,5,0.9999999999999999,1.0,1.0,1.0,0.9911146579547965,0.5205930288720461,1.0,0.0026576149647351546,0.05155206072248863,0.6397902557852186,0.9413789679326934,1.0000000000000002,0.209766581840088,1.0,X ~= Y A^T,SVD normal-system solve,11.938948391256085,26.343565107523958,26.35356510752397,314.5144642604231,314.5244642604231,26.353565107523952,3.145244642604231e-10,True,0.9636767070304433,rms,10.0,1.076815056441188,0.6881896386775219
r5_final_inverse_map_complete_2026-08-31,6,0.7,0.1,ZeroOperator,0.01,1.0,,0.0,0.0,0,0.1,0.0,0.0,0.0,,,0.0,0.03233395813943222,0.17981645680924818,-3.6635185432659707,,0.10214504596527069,1.0,1.0,,,,,,,,,,,,,,,-300.0
r5_final_inverse_map_complete_2026-08-31,6,0.7,0.1,AIME,0.0,1.0,11.869573896322848,6.6246549924262395,0.0,1,0.9503174603174603,0.9,0.9,0.9,0.7514208467506804,0.5140229408291574,0.9,0.011315874093797708,0.10637609737999279,-0.6320856370916081,0.8459927589761834,0.10214504596527069,1.0,1.0,X ~= Y A^T,SVD normal-system solve,11.869573896322848,27.49447172926535,27.49447172926535,326.3476639308745,326.3476639308745,27.49447172926535,3.2634766393087444e-10,True,1.0,rms,10.0,1.074435128575713,0.821163265433437
r5_final_inverse_map_complete_2026-08-31,6,0.7,0.1,HuberAIME,0.0,1.0,11.708928254590655,4.925535473963307,0.10214504596527069,5,0.9999999999999999,1.0,1.0,1.0,0.9848504453788884,0.5205930288720461,0.9333333333333333,0.00282246085394855,0.053126837417152455,0.5929171902409562,0.9554403663737909,1.0,0.2088284767276243,1.0,X ~= Y A^T,SVD normal-system solve,11.708928254590655,25.619716611156832,25.619716611156832,299.9794237029798,299.9794237029798,25.61971661115681,2.9997942370297977e-10,True,0.91918574838893,rms,10.0,1.0685171449085171,0.692453451228782
r5_final_inverse_map_complete_2026-08-31,6,0.7,0.1,RidgeAIME,0.01,1.0,11.865621966613636,6.622747350652045,0.0,1,0.9503174603174603,0.9,0.9,0.9,0.7514518534858656,0.5140229408291574,0.9,0.011311686123635287,0.10635641082527789,-0.6314816072222409,0.8460231262099169,0.10214504596527069,1.0,1.0,X ~= Y A^T,SVD normal-system solve,11.869573896322848,27.49447172926535,27.504471729265315,326.3476639308745,326.35766393087425,27.50447172926535,3.263576639308744e-10,True,1.0,rms,10.0,1.0742905077947131,0.8210381875834175
r5_final_inverse_map_complete_2026-08-31,6,0.7,0.1,HuberRidgeAIME,0.01,1.0,11.704749956725605,4.92420103906473,0.10214504596527069,5,0.9999999999999999,1.0,1.0,1.0,0.9848543315382581,0.5205930288720461,0.9333333333333333,0.0028222708790735505,0.05312504945008099,0.592944590268769,0.9554423315465868,1.0,0.20882844153896304,1.0,X ~= Y A^T,SVD normal-system solve,11.708928281640636,25.619716452026534,25.629716452026557,299.9794225327474,299.98942253274737,25.62971645202656,2.999894225327473e-10,True,0.9191857447945825,rms,10.0,1.068362140495334,0.692335775448178
r5_final_inverse_map_complete_2026-08-31,6,0.95,0.0,ZeroOperator,0.01,1.0,,0.0,0.0,0,0.1,0.1,0.1,0.10000000000000002,,,0.0,0.038980891693150936,0.19743579131745828,-11.448733140923803,,,,,,,,,,,,,,,,,,,-300.0
r5_final_inverse_map_complete_2026-08-31,6,0.95,0.0,AIME,0.0,1.0,60.41828665738397,4.846883089009958,0.0,1,0.9999999999999999,1.0,1.0,1.0,0.9985882769151206,0.5205930288720461,1.0,0.0024985172419296963,0.04998517022007324,0.2020866367650408,0.9674256629190072,,,,X ~= Y A^T,SVD normal-system solve,60.41828665738397,5.401506173548184,5.401506173548184,326.3497483750634,326.3497483750634,5.4015061735481416,3.2634974837506354e-10,True,1.0,rms,10.0,1.7811684053829058,0.6854625442925554
r5_final_inverse_map_complete_2026-08-31,6,0.95,0.0,HuberAIME,0.0,1.0,60.41828665738397,4.846883089009958,0.0,2,0.9999999999999999,1.0,1.0,1.0,0.9985882769151206,0.5205930288720461,1.0,0.0024985172419296963,0.04998517022007324,0.2020866367650408,0.9674256629190072,,,,X ~= Y A^T,SVD normal-system solve,60.41828665738397,5.401506173548184,5.401506173548184,326.3497483750634,326.3497483750634,5.4015061735481416,3.2634974837506354e-10,True,1.0,rms,10.0,1.7811684053829058,0.6854625442925554
r5_final_inverse_map_complete_2026-08-31,6,0.95,0.0,RidgeAIME,0.01,1.0,60.308486751864685,4.841985688906715,0.0,1,0.9999999999999999,1.0,1.0,1.0,0.9985904846652974,0.5205930288720461,1.0,0.0024985343089824943,0.04998534094094482,0.20208118632056526,0.9674256184039353,,,,X ~= Y A^T,SVD normal-system solve,60.41828665738397,5.401506173548184,5.411506173548164,326.3497483750634,326.3597483750634,5.4115061735481635,3.263597483750635e-10,True,1.0,rms,10.0,1.7803784313799238,0.6850235014960427
r5_final_inverse_map_complete_2026-08-31,6,0.95,0.0,HuberRidgeAIME,0.01,1.0,60.308486751864685,4.841985688906715,0.0,2,0.9999999999999999,1.0,1.0,1.0,0.9985904846652974,0.5205930288720461,1.0,0.0024985343089824943,0.04998534094094482,0.20208118632056526,0.9674256184039353,,,,X ~= Y A^T,SVD normal-system solve,60.41828665738397,5.401506173548184,5.411506173548164,326.3497483750634,326.3597483750634,5.4115061735481635,3.263597483750635e-10,True,1.0,rms,10.0,1.7803784313799238,0.6850235014960427
r5_final_inverse_map_complete_2026-08-31,6,0.95,0.05,ZeroOperator,0.01,1.0,,0.0,0.0,0,0.1,0.1,0.1,0.10000000000000002,,,0.0,0.032025129979775274,0.1789556648440481,-8.421563012553525,,0.054136874361593465,1.0,1.0,,,,,,,,,,,,,,,-300.0
r5_final_inverse_map_complete_2026-08-31,6,0.95,0.05,AIME,0.0,1.0,63.023501559372406,9.435108723066467,0.0,1,0.5306514214503812,0.4,0.4,0.4000000000000001,0.5652739417013709,0.408970690964443,0.9333333333333333,0.007571362193618186,0.08701357476634428,-1.2274403271146315,0.8895289185925819,0.054136874361593465,1.0,1.0,X ~= Y A^T,SVD normal-system solve,63.023501559372406,5.177971060502488,5.177971060502488,326.3338672059637,326.3338672059637,5.177971060502493,3.263338672059637e-10,True,1.0,rms,10.0,1.7995025287279802,0.9747469090113656
r5_final_inverse_map_complete_2026-08-31,6,0.95,0.05,HuberAIME,0.0,1.0,63.298566753950226,5.148878055051077,0.054136874361593465,5,0.9999999999999999,1.0,1.0,1.0,0.9482029946497937,0.5205469229910433,1.0,0.002713482070221206,0.052091093962607526,0.20171308206497773,0.9567622403688646,1.0,0.21424267631862765,1.0,X ~= Y A^T,SVD normal-system solve,63.298566753950226,4.936161792426359,4.936161792426359,312.4519667261985,312.4519667261985,4.936161792426339,3.124519667261986e-10,True,0.9574615544891596,rms,10.0,1.801393876559258,0.7117126062095313
r5_final_inverse_map_complete_2026-08-31,6,0.95,0.05,RidgeAIME,0.01,1.0,62.90394903905948,9.41905375181184,0.0,1,0.5306514214503812,0.4,0.4,0.4000000000000001,0.5655098585240411,0.408970690964443,0.9333333333333333,0.007556796539007281,0.08692983687438555,-1.2231552162400652,0.8896989358938341,0.054136874361593465,1.0,1.0,X ~= Y A^T,SVD normal-system solve,63.023501559372406,5.177971060502488,5.187971060502485,326.3338672059637,326.3438672059637,5.1879710605025045,3.263438672059637e-10,True,1.0,rms,10.0,1.7986779108194646,0.9740072752973153
r5_final_inverse_map_complete_2026-08-31,6,0.95,0.05,HuberRidgeAIME,0.01,1.0,63.172614172927865,5.141989610634796,0.054136874361593465,5,0.9999999999999999,1.0,1.0,1.0,0.9482676256614933,0.5205469229910433,1.0,0.0027128627882890936,0.05208514940258013,0.20189527035740995,0.9567711663822491,1.0,0.2142424255558063,1.0,X ~= Y A^T,SVD normal-system solve,63.29856753189948,4.936161661769848,4.94616166176981,312.45196229591187,312.4619622959119,4.94616166176982,3.124619622959119e-10,True,0.9574615409136442,rms,10.0,1.800528848991667,0.7111311948178225
r5_final_inverse_map_complete_2026-08-31,6,0.95,0.1,ZeroOperator,0.01,1.0,,0.0,0.0,0,0.1,0.1,0.1,0.10000000000000002,,,0.0,0.026471665296769285,0.16270115333570714,-6.377641581435542,,0.10214504596527069,1.0,1.0,,,,,,,,,,,,,,,-300.0
r5_final_inverse_map_complete_2026-08-31,6,0.95,0.1,AIME,0.0,1.0,63.00078329478878,10.825028093937267,0.0,1,0.36151190626560087,0.4,0.4,0.4000000000000001,0.44040142078889705,0.3514305514730392,0.6666666666666666,0.01198686437849679,0.10948453944962636,-2.340733878220324,0.7970392626994394,0.10214504596527069,1.0,1.0,X ~= Y A^T,SVD normal-system solve,63.00078329478878,5.180026231113626,5.180026231113626,326.345710047711,326.345710047711,5.180026231113628,3.2634571004771104e-10,True,1.0,rms,10.0,1.7993459491121486,1.034429032140978
r5_final_inverse_map_complete_2026-08-31,6,0.95,0.1,HuberAIME,0.0,1.0,63.02159671885648,5.141239828406222,0.10214504596527069,6,0.9999999999999999,1.0,1.0,1.0,0.9040548749558894,0.5205008171100406,0.9666666666666667,0.0029846337363680885,0.05463180151128177,0.16818387842521199,0.9420241206277353,1.0,0.2126723632412082,1.0,X ~= Y A^T,SVD normal-system solve,63.02159671885648,4.7618515081050985,4.7618515081050985,300.09948537887806,300.09948537887806,4.7618515081051145,3.000994853788781e-10,True,0.9195783823535452,rms,10.0,1.7994894022877403,0.7110678632959488
r5_final_inverse_map_complete_2026-08-31,6,0.95,0.1,RidgeAIME,0.01,1.0,62.88132188836441,10.805913954243675,0.0,1,0.36151190626560087,0.4,0.4,0.4000000000000001,0.44059387585048704,0.3514305514730392,0.6666666666666666,0.01196343934574572,0.10937750840893076,-2.3342053318016043,0.7973167391783096,0.10214504596527069,1.0,1.0,X ~= Y A^T,SVD normal-system solve,63.00078329478878,5.180026231113626,5.190026231113631,326.345710047711,326.355710047711,5.190026231113632,3.2635571004771117e-10,True,1.0,rms,10.0,1.7985216628466836,1.0336615049997766
r5_final_inverse_map_complete_2026-08-31,6,0.95,0.1,HuberRidgeAIME,0.01,1.0,62.89162371384517,5.133375296526375,0.10214504596527069,6,0.9999999999999999,1.0,1.0,1.0,0.904150291935768,0.5205008171100406,0.9666666666666667,0.002983650733864336,0.054622804155996386,0.16845784079459958,0.9420419259576835,1.0,0.21267218264392365,1.0,X ~= Y A^T,SVD normal-system solve,63.02159758156941,4.761851347295776,4.771851347295736,300.09947935252853,300.1094793525285,4.771851347295777,3.001094793525287e-10,True,0.9195783639064273,rms,10.0,1.7985928073356419,0.7104030163068057
r5_final_inverse_map_complete_2026-08-31,7,0.0,0.0,ZeroOperator,0.01,1.0,,0.0,0.0,0,0.1,0.0,0.0,0.0,,,0.0,0.03722120202221784,0.1929279710726722,-1.384128156346034,,,,,,,,,,,,,,,,,,,-300.0
r5_final_inverse_map_complete_2026-08-31,7,0.0,0.0,AIME,0.0,1.0,4.412479229217013,4.853707466025068,0.0,1,0.9999999999999999,1.0,1.0,1.0,0.999859113872908,0.5205930288720461,1.0,0.0025507299106866813,0.05050475136743751,0.8366181996037599,0.9651303175184444,,,,X ~= Y A^T,SVD normal-system solve,4.412479229217013,73.99201142018951,73.99201142018951,326.48821351957423,326.48821351957423,73.99201142018954,3.264882135195742e-10,True,1.0,rms,10.0,0.644682674054198,0.6860735977644478
r5_final_inverse_map_complete_2026-08-31,7,0.0,0.0,HuberAIME,0.0,1.0,4.412479229217013,4.853707466025068,0.0,2,0.9999999999999999,1.0,1.0,1.0,0.999859113872908,0.5205930288720461,1.0,0.0025507299106866813,0.05050475136743751,0.8366181996037599,0.9651303175184444,,,,X ~= Y A^T,SVD normal-system solve,4.412479229217013,73.99201142018951,73.99201142018951,326.48821351957423,326.48821351957423,73.99201142018954,3.264882135195742e-10,True,1.0,rms,10.0,0.644682674054198,0.6860735977644478
r5_final_inverse_map_complete_2026-08-31,7,0.0,0.0,RidgeAIME,0.01,1.0,4.412018095909451,4.853193737530248,0.0,1,0.9999999999999999,1.0,1.0,1.0,0.9998591003945987,0.5205930288720461,1.0,0.0025507219755798423,0.05050467280935342,0.8366187078708393,0.9651302655226512,,,,X ~= Y A^T,SVD normal-system solve,4.412479229217013,73.99201142018951,74.00201142018956,326.48821351957423,326.49821351957416,74.00201142018952,3.2649821351957435e-10,True,1.0,rms,10.0,0.6446372850323195,0.6860276285213234
r5_final_inverse_map_complete_2026-08-31,7,0.0,0.0,HuberRidgeAIME,0.01,1.0,4.412018095909451,4.853193737530248,0.0,2,0.9999999999999999,1.0,1.0,1.0,0.9998591003945987,0.5205930288720461,1.0,0.0025507219755798423,0.05050467280935342,0.8366187078708393,0.9651302655226512,,,,X ~= Y A^T,SVD normal-system solve,4.412479229217013,73.99201142018951,74.00201142018956,326.48821351957423,326.49821351957416,74.00201142018952,3.2649821351957435e-10,True,1.0,rms,10.0,0.6446372850323195,0.6860276285213234
r5_final_inverse_map_complete_2026-08-31,7,0.0,0.05,ZeroOperator,0.01,1.0,,0.0,0.0,0,0.1,0.1,0.1,0.10000000000000002,,,0.0,0.040391465993861043,0.2009762821674763,-1.9502485439184003,,0.05107252298263534,1.0,1.0,,,,,,,,,,,,,,,-300.0
r5_final_inverse_map_complete_2026-08-31,7,0.0,0.05,AIME,0.0,1.0,4.519791569815023,5.228571427131413,0.0,1,0.9999999999999999,1.0,1.0,1.0,0.942672615802261,0.5203624994670324,0.9666666666666667,0.005779493255981071,0.07602297847349228,0.5778578186383263,0.9300562767353644,0.05107252298263534,1.0,1.0,X ~= Y A^T,SVD normal-system solve,4.519791569815023,72.22820716760789,72.22820716760789,326.45644185900716,326.45644185900716,72.22820716760788,3.264564418590072e-10,True,1.0,rms,10.0,0.6551184077834326,0.7183830452605436
r5_final_inverse_map_complete_2026-08-31,7,0.0,0.05,HuberAIME,0.0,1.0,4.525598280233934,4.874776244679659,0.05107252298263534,5,0.9999999999999999,1.0,1.0,1.0,0.9973114609166052,0.5205930288720461,1.0,0.002634002368407598,0.05132253275519046,0.8076088237734869,0.9668645184200317,1.0,0.21076356436620905,1.0,X ~= Y A^T,SVD normal-system solve,4.525598280233934,69.2280465727243,69.2280465727243,313.2983285134758,313.2983285134758,69.22804657272425,3.1329832851347584e-10,True,0.95969170400236,rms,10.0,0.6556760006967653,0.6879546860999711
r5_final_inverse_map_complete_2026-08-31,7,0.0,0.05,RidgeAIME,0.01,1.0,4.5193043219017905,5.22803304506906,0.0,1,0.9999999999999999,1.0,1.0,1.0,0.9426742265520806,0.5203624994670324,0.9666666666666667,0.005778776206055917,0.07601826231936584,0.5779101929566519,0.9300591308898664,0.05107252298263534,1.0,1.0,X ~= Y A^T,SVD normal-system solve,4.519791569815023,72.22820716760789,72.23820716760787,326.45644185900716,326.46644185900715,72.23820716760787,3.2646644185900713e-10,True,1.0,rms,10.0,0.6550715869325917,0.7183383239823
r5_final_inverse_map_complete_2026-08-31,7,0.0,0.05,HuberRidgeAIME,0.01,1.0,4.525089092535277,4.8742681927479055,0.05107252298263534,5,0.9999999999999999,1.0,1.0,1.0,0.9973113635858042,0.5205930288720461,1.0,0.00263395413038498,0.05132206280329134,0.8076123471453795,0.9668647302524617,1.0,0.21076354028741828,1.0,X ~= Y A^T,SVD normal-system solve,4.525598292098279,69.22804630420396,69.23804630420396,313.298328119606,313.3083281196058,69.23804630420399,3.1330832811960597e-10,True,0.9596917027725954,rms,10.0,0.6556271342628902,0.6879094213251316
r5_final_inverse_map_complete_2026-08-31,7,0.0,0.1,ZeroOperator,0.01,1.0,,0.0,0.0,0,0.1,0.1,0.1,0.10000000000000002,,,0.0,0.03106870788458396,0.1762631779033385,-0.6234684298883622,,0.10929519918283963,1.0,1.0,,,,,,,,,,,,,,,-300.0
r5_final_inverse_map_complete_2026-08-31,7,0.0,0.1,AIME,0.0,1.0,4.708858785066122,6.019862676810204,0.0,1,0.9999999999999999,1.0,1.0,1.0,0.8544594921307861,0.5205008171100406,0.9333333333333333,0.01356248008786849,0.11645806149798514,0.2913043459857141,0.8206845848601064,0.10929519918283963,1.0,1.0,X ~= Y A^T,SVD normal-system solve,4.708858785066122,69.40844108827639,69.40844108827639,326.83454757627464,326.83454757627464,69.4084410882764,3.2683454757627457e-10,True,1.0,rms,10.0,0.6729156664915357,0.7795865843834409
r5_final_inverse_map_complete_2026-08-31,7,0.0,0.1,HuberAIME,0.0,1.0,4.722422493584326,4.952953236853699,0.10929519918283963,5,0.9999999999999999,1.0,1.0,1.0,0.9909117225775712,0.5205930288720461,1.0,0.003018043759934661,0.054936725056510795,0.8422947364764184,0.9504258450964562,1.0,0.22410859626686852,1.0,X ~= Y A^T,SVD normal-system solve,4.722422493584326,63.3202582328162,63.3202582328162,299.0250117782193,299.0250117782193,63.32025823281624,2.9902501177821927e-10,True,0.9151987944847344,rms,10.0,0.6741648388257687,0.6948642276246391
r5_final_inverse_map_complete_2026-08-31,7,0.0,0.1,RidgeAIME,0.01,1.0,4.708324509342417,6.019110700984126,0.0,1,0.9999999999999999,1.0,1.0,1.0,0.8544605766421839,0.5205008171100406,0.9333333333333333,0.013559888159511755,0.11644693280422527,0.29143978495779244,0.8206879952183912,0.10929519918283963,1.0,1.0,X ~= Y A^T,SVD normal-system solve,4.708858785066122,69.40844108827639,69.4184410882764,326.83454757627464,326.84454757627446,69.41844108827638,3.2684454757627455e-10,True,1.0,rms,10.0,0.6728663878502235,0.7795323307619788
r5_final_inverse_map_complete_2026-08-31,7,0.0,0.1,HuberRidgeAIME,0.01,1.0,4.721834727676882,4.952285341078066,0.10929519918283963,5,0.9999999999999999,1.0,1.0,1.0,0.990911952932646,0.5205930288720461,1.0,0.0030178678725573042,0.05493512421536247,0.8423039273190313,0.9504265724387443,1.0,0.22410855541837738,1.0,X ~= Y A^T,SVD normal-system solve,4.722422507142765,63.320257744889446,63.33025774488945,299.0250103325469,299.0350103325468,63.33025774488946,2.9903501033254696e-10,True,0.9151987900201904,rms,10.0,0.6741107819561594,0.6948056599388631
r5_final_inverse_map_complete_2026-08-31,7,0.7,0.0,ZeroOperator,0.01,1.0,,0.0,0.0,0,0.1,0.0,0.0,0.0,,,0.0,0.032903463368301855,0.18139311830469715,-3.633734396256153,,,,,,,,,,,,,,,,,,,-300.0
r5_final_inverse_map_complete_2026-08-31,7,0.7,0.0,AIME,0.0,1.0,12.262626169769,4.855464465024734,0.0,1,0.9999999999999999,1.0,1.0,1.0,0.9996316005472123,0.5205930288720461,1.0,0.0024996445395203785,0.04999644526884265,0.6479796442234758,0.9612653727651624,,,,X ~= Y A^T,SVD normal-system solve,12.262626169769,26.625940530216518,26.625940530216518,326.50395514054617,326.50395514054617,26.625940530216496,3.2650395514054626e-10,True,1.0,rms,10.0,1.0885834888530461,0.6862307800625908
r5_final_inverse_map_complete_2026-08-31,7,0.7,0.0,HuberAIME,0.0,1.0,12.262626169769,4.855464465024734,0.0,2,0.9999999999999999,1.0,1.0,1.0,0.9996316005472123,0.5205930288720461,1.0,0.0024996445395203785,0.04999644526884265,0.6479796442234758,0.9612653727651624,,,,X ~= Y A^T,SVD normal-system solve,12.262626169769,26.625940530216518,26.625940530216518,326.50395514054617,326.50395514054617,26.625940530216496,3.2650395514054626e-10,True,1.0,rms,10.0,1.0885834888530461,0.6862307800625908
r5_final_inverse_map_complete_2026-08-31,7,0.7,0.0,RidgeAIME,0.01,1.0,12.258397812915222,4.8542603241800135,0.0,1,0.9999999999999999,1.0,1.0,1.0,0.9996317899181396,0.5205930288720461,1.0,0.002499619816572515,0.04999619802117472,0.6479831259108778,0.9612657342164236,,,,X ~= Y A^T,SVD normal-system solve,12.262626169769,26.625940530216518,26.635940530216523,326.50395514054617,326.51395514054616,26.635940530216512,3.265139551405463e-10,True,1.0,rms,10.0,1.0884337110893922,0.6861230629566314
r5_final_inverse_map_complete_2026-08-31,7,0.7,0.0,HuberRidgeAIME,0.01,1.0,12.258397812915222,4.8542603241800135,0.0,2,0.9999999999999999,1.0,1.0,1.0,0.9996317899181396,0.5205930288720461,1.0,0.002499619816572515,0.04999619802117472,0.6479831259108778,0.9612657342164236,,,,X ~= Y A^T,SVD normal-system solve,12.262626169769,26.625940530216518,26.635940530216523,326.50395514054617,326.51395514054616,26.635940530216512,3.265139551405463e-10,True,1.0,rms,10.0,1.0884337110893922,0.6861230629566314
r5_final_inverse_map_complete_2026-08-31,7,0.7,0.05,ZeroOperator,0.01,1.0,,0.0,0.0,0,0.1,0.1,0.1,0.10000000000000002,,,0.0,0.029636157800422343,0.17215155474297159,-3.0649843913430335,,0.054136874361593465,1.0,1.0,,,,,,,,,,,,,,,-300.0
r5_final_inverse_map_complete_2026-08-31,7,0.7,0.05,AIME,0.0,1.0,12.454381979493226,5.932666794680697,0.0,1,0.9999999999999999,1.0,1.0,1.0,0.8366458643971644,0.5203624994670324,1.0,0.006952516956687433,0.0833817543392284,0.046371898145331714,0.8892290040738312,0.054136874361593465,1.0,1.0,X ~= Y A^T,SVD normal-system solve,12.454381979493226,26.210057047230027,26.210057047230027,326.43006217051106,326.43006217051106,26.21005704723001,3.2643006217051116e-10,True,1.0,rms,10.0,1.0953221815268708,0.7732499570859453
r5_final_inverse_map_complete_2026-08-31,7,0.7,0.05,HuberAIME,0.0,1.0,12.410047078663329,4.9304765719041415,0.054136874361593465,5,0.9999999999999999,1.0,1.0,1.0,0.9909882051513652,0.5205930288720461,1.0,0.0026570560383496243,0.051546639447684894,0.6355502155322895,0.954183397613252,1.0,0.2195811328139663,1.0,X ~= Y A^T,SVD normal-system solve,12.410047078663329,25.19532673043207,25.19532673043207,312.67519088696656,312.67519088696656,25.19532673043205,3.126751908869665e-10,True,0.9577505618377326,rms,10.0,1.0937734290382075,0.6928888995094937
r5_final_inverse_map_complete_2026-08-31,7,0.7,0.05,RidgeAIME,0.01,1.0,12.450013422262838,5.930896622974933,0.0,1,0.9999999999999999,1.0,1.0,1.0,0.8366671707142452,0.5203624994670324,1.0,0.006950114642497749,0.08336734757983937,0.04670140677293211,0.8892494795930833,0.054136874361593465,1.0,1.0,X ~= Y A^T,SVD normal-system solve,12.454381979493226,26.210057047230027,26.22005704723003,326.43006217051106,326.44006217051117,26.22005704722998,3.2644006217051104e-10,True,1.0,rms,10.0,1.0951698196415176,0.773120354236873
r5_final_inverse_map_complete_2026-08-31,7,0.7,0.05,HuberRidgeAIME,0.01,1.0,12.40552023726681,4.929068160686298,0.054136874361593465,5,0.9999999999999999,1.0,1.0,1.0,0.9909899045192412,0.5205930288720461,1.0,0.0026569149902019628,0.05154527126906951,0.635569562119743,0.9541847955526132,1.0,0.2195810817006288,1.0,X ~= Y A^T,SVD normal-system solve,12.41004707686327,25.19532666053485,25.205326660534848,312.67518997418574,312.68518997418573,25.20532666053486,3.1268518997418567e-10,True,0.9577505590706162,rms,10.0,1.0936149815414618,0.6927648237553063
r5_final_inverse_map_complete_2026-08-31,7,0.7,0.1,ZeroOperator,0.01,1.0,,0.0,0.0,0,0.1,0.0,0.0,0.0,,,0.0,0.03015093026699205,0.17364023228212996,-3.258562898115038,,0.09703779366700716,1.0,1.0,,,,,,,,,,,,,,,-300.0
r5_final_inverse_map_complete_2026-08-31,7,0.7,0.1,AIME,0.0,1.0,11.718621840662067,6.265802518730602,0.0,1,0.9999999999999999,1.0,1.0,1.0,0.828447265014358,0.5197861759544984,0.9666666666666667,0.008579680075484682,0.09262656247256876,-0.21180696328813298,0.866271692969764,0.09703779366700716,1.0,1.0,X ~= Y A^T,SVD normal-system solve,11.718621840662067,27.847535974272603,27.847535974272603,326.33474327673355,326.33474327673355,27.84753597427259,3.2633474327673364e-10,True,1.0,rms,10.0,1.0688765398229492,0.7969767029655546
r5_final_inverse_map_complete_2026-08-31,7,0.7,0.1,HuberAIME,0.0,1.0,11.54311922140916,4.966082590176812,0.09703779366700716,5,0.9999999999999999,1.0,1.0,1.0,0.9883422081786539,0.5205930288720461,1.0,0.002739814186053888,0.05234323438663194,0.613024509123302,0.9535106269813762,1.0,0.21765290379683394,1.0,X ~= Y A^T,SVD normal-system solve,11.54311922140916,26.12494069763976,26.12494069763976,301.5633051251,301.5633051251,26.12494069763977,3.015633051250999e-10,True,0.924082763902655,rms,10.0,1.0623231812286218,0.6960139379651799
r5_final_inverse_map_complete_2026-08-31,7,0.7,0.1,RidgeAIME,0.01,1.0,11.714774184555454,6.263975464915995,0.0,1,0.9999999999999999,1.0,1.0,1.0,0.8284698090178887,0.5197861759544984,0.9666666666666667,0.008576835722388633,0.09261120732605009,-0.21140522256382654,0.8662946675583754,0.09703779366700716,1.0,1.0,X ~= Y A^T,SVD normal-system solve,11.718621840662067,27.847535974272603,27.8575359742726,326.33474327673355,326.34474327673354,27.857535974272594,3.2634474327673357e-10,True,1.0,rms,10.0,1.0687339214992047,0.7968500479846787
r5_final_inverse_map_complete_2026-08-31,7,0.7,0.1,HuberRidgeAIME,0.01,1.0,11.53908520462848,4.964687940125293,0.09703779366700716,5,0.9999999999999999,1.0,1.0,1.0,0.9883461458181648,0.5205930288720461,1.0,0.0027396219191813307,0.05234139775723735,0.613051665186573,0.953513259874255,1.0,0.21765284591879425,1.0,X ~= Y A^T,SVD normal-system solve,11.543119313442208,26.12494033067902,26.134940330679004,301.5633032935863,301.57330329358626,26.134940330679022,3.0157330329358633e-10,True,0.9240827582862977,rms,10.0,1.062171380194955,0.6958919557234806
r5_final_inverse_map_complete_2026-08-31,7,0.95,0.0,ZeroOperator,0.01,1.0,,0.0,0.0,0,0.1,0.2,0.2,0.20000000000000004,,,0.0,0.020735891322472923,0.143999622646981,-5.039849242831535,,,,,,,,,,,,,,,,,,,-300.0
r5_final_inverse_map_complete_2026-08-31,7,0.95,0.0,AIME,0.0,1.0,65.5747610279914,4.8716509228678975,0.0,1,0.9999999999999999,1.0,1.0,1.0,0.9980579843304518,0.5205930288720461,1.0,0.00248964803380218,0.0498963729523718,0.2748274690473338,0.9380503026229282,,,,X ~= Y A^T,SVD normal-system solve,65.5747610279914,4.976512842847879,4.976512842847879,326.3336404224798,326.3336404224798,4.976512842847881,3.2633364042247974e-10,True,1.0,rms,10.0,1.8167367165797563,0.6876761614590522
r5_final_inverse_map_complete_2026-08-31,7,0.95,0.0,HuberAIME,0.0,1.0,65.5747610279914,4.8716509228678975,0.0,2,0.9999999999999999,1.0,1.0,1.0,0.9980579843304518,0.5205930288720461,1.0,0.00248964803380218,0.0498963729523718,0.2748274690473338,0.9380503026229282,,,,X ~= Y A^T,SVD normal-system solve,65.5747610279914,4.976512842847879,4.976512842847879,326.3336404224798,326.3336404224798,4.976512842847881,3.2633364042247974e-10,True,1.0,rms,10.0,1.8167367165797563,0.6876761614590522
r5_final_inverse_map_complete_2026-08-31,7,0.95,0.0,RidgeAIME,0.01,1.0,65.44526219170415,4.864283511985286,0.0,1,0.9999999999999999,1.0,1.0,1.0,0.99806081503784,0.5205930288720461,1.0,0.002489645469611631,0.04989634725720542,0.27482821593224493,0.9380506220287126,,,,X ~= Y A^T,SVD normal-system solve,65.5747610279914,4.976512842847879,4.986512842847884,326.3336404224798,326.3436404224798,4.986512842847871,3.263436404224797e-10,True,1.0,rms,10.0,1.8158782119490215,0.6870188796081159
r5_final_inverse_map_complete_2026-08-31,7,0.95,0.0,HuberRidgeAIME,0.01,1.0,65.44526219170415,4.864283511985286,0.0,2,0.9999999999999999,1.0,1.0,1.0,0.99806081503784,0.5205930288720461,1.0,0.002489645469611631,0.04989634725720542,0.27482821593224493,0.9380506220287126,,,,X ~= Y A^T,SVD normal-system solve,65.5747610279914,4.976512842847879,4.986512842847884,326.3336404224798,326.3436404224798,4.986512842847871,3.263436404224797e-10,True,1.0,rms,10.0,1.8158782119490215,0.6870188796081159
r5_final_inverse_map_complete_2026-08-31,7,0.95,0.05,ZeroOperator,0.01,1.0,,0.0,0.0,0,0.1,0.1,0.1,0.10000000000000002,,,0.0,0.024775919091985867,0.15740368195180782,-6.297096266494164,,0.049029622063329927,1.0,1.0,,,,,,,,,,,,,,,-300.0
r5_final_inverse_map_complete_2026-08-31,7,0.95,0.05,AIME,0.0,1.0,67.21843290634374,8.769980031310087,0.0,1,0.46328588078588073,0.3,0.3,0.3,0.5237266161256198,0.4184339230402528,0.8333333333333334,0.0067142275516960045,0.08194039023397438,-0.9774993863182704,0.8627228069957921,0.049029622063329927,1.0,1.0,X ~= Y A^T,SVD normal-system solve,67.21843290634374,4.855128605014393,4.855128605014393,326.35413638783024,326.35413638783024,4.855128605014417,3.2635413638783e-10,True,1.0,rms,10.0,1.8274883833482636,0.9429986045060961
r5_final_inverse_map_complete_2026-08-31,7,0.95,0.05,HuberAIME,0.0,1.0,67.15883358226668,4.986274125354146,0.049029622063329927,6,0.9999999999999999,1.0,1.0,1.0,0.9526716067201882,0.5205469229910433,1.0,0.0026712485493164,0.0516841227972034,0.2132538961026983,0.944562778940977,0.9999999999999999,0.19903873546010856,1.0,X ~= Y A^T,SVD normal-system solve,67.15883358226668,4.668542163165293,4.668542163165293,313.5338462078132,313.5338462078132,4.6685421631652915,3.135338462078133e-10,True,0.9607291719122424,rms,10.0,1.827103144684829,0.6977761505929689
r5_final_inverse_map_complete_2026-08-31,7,0.95,0.05,RidgeAIME,0.01,1.0,67.08232461757558,8.754570128946327,0.0,1,0.46328588078588073,0.3,0.3,0.3,0.5239284472753926,0.4184339230402528,0.8333333333333334,0.006702872750010082,0.08187107395173268,-0.9741551276983782,0.8629150701056749,0.049029622063329927,1.0,1.0,X ~= Y A^T,SVD normal-system solve,67.21843290634374,4.855128605014393,4.865128605014424,326.35413638783024,326.36413638783023,4.865128605014418,3.2636413638783005e-10,True,1.0,rms,10.0,1.826608103890712,0.9422348260094191
r5_final_inverse_map_complete_2026-08-31,7,0.95,0.05,HuberRidgeAIME,0.01,1.0,67.01742495528421,4.979000642821586,0.049029622063329927,6,0.9999999999999999,1.0,1.0,1.0,0.9527205792359316,0.5205469229910433,1.0,0.0026708591661696052,0.0516803557086211,0.21336857868202708,0.9445715904172088,0.9999999999999999,0.1990386112195469,1.0,X ~= Y A^T,SVD normal-system solve,67.1588340365626,4.668542101996393,4.67854210199639,313.53384422068086,313.54384422068074,4.678542101996404,3.1354384422068083e-10,True,0.9607291658207744,rms,10.0,1.8261877367013493,0.6971421823457246
r5_final_inverse_map_complete_2026-08-31,7,0.95,0.1,ZeroOperator,0.01,1.0,,0.0,0.0,0,0.1,0.1,0.1,0.10000000000000002,,,0.0,0.013751488019548877,0.11726673876060884,-2.7390566059717063,,0.10725229826353422,1.0,1.0,,,,,,,,,,,,,,,-300.0
r5_final_inverse_map_complete_2026-08-31,7,0.95,0.1,AIME,0.0,1.0,66.64759284859598,12.276596836592486,0.0,1,0.29518508001286636,0.3,0.3,0.3,0.4126925822935277,0.27663528601636456,0.9,0.01367148010383203,0.11692510467744739,-2.717302296520552,0.6289765244730915,0.10725229826353422,1.0,1.0,X ~= Y A^T,SVD normal-system solve,66.64759284859598,4.896574257690513,4.896574257690513,326.34488747947336,326.34488747947336,4.896574257690513,3.2634488747947335e-10,True,1.0,rms,10.0,1.8237844683567717,1.0890779938472674
r5_final_inverse_map_complete_2026-08-31,7,0.95,0.1,HuberAIME,0.0,1.0,66.95070567448494,5.335938910062018,0.10725229826353422,6,0.9999999999999999,1.0,1.0,1.0,0.9042754816386067,0.5203855524075338,1.0,0.002985499681846519,0.05463972622411755,0.1882367717831268,0.8853436931337504,1.0,0.20542860721563794,1.0,X ~= Y A^T,SVD normal-system solve,66.95070567448494,4.459067567465377,4.459067567465377,298.537720292016,298.537720292016,4.459067567465342,2.9853772029201597e-10,True,0.9147803919894198,rms,10.0,1.825755158927112,0.7272108487992649
r5_final_inverse_map_complete_2026-08-31,7,0.95,0.1,RidgeAIME,0.01,1.0,66.51379768031582,12.253147218339354,0.0,1,0.29518508001286636,0.3,0.3,0.3,0.412753397131875,0.27663528601636456,0.9,0.013642981740294994,0.11680317521495293,-2.709553535492578,0.6293138456236698,0.10725229826353422,1.0,1.0,X ~= Y A^T,SVD normal-system solve,66.64759284859598,4.896574257690513,4.906574257690526,326.34488747947336,326.3548874794734,4.906574257690544,3.2635488747947333e-10,True,1.0,rms,10.0,1.8229117450754624,1.0882476514768316
r5_final_inverse_map_complete_2026-08-31,7,0.95,0.1,HuberRidgeAIME,0.01,1.0,66.80313856019609,5.325693653278141,0.10725229826353422,6,0.9999999999999999,1.0,1.0,1.0,0.9043129838805092,0.5203855524075338,1.0,0.0029842192575981435,0.05462800799588196,0.18858492165152851,0.8853851008987667,1.0,0.20542837131489122,1.0,X ~= Y A^T,SVD normal-system solve,66.95071009556665,4.459067149718276,4.4690671497183105,298.537712037453,298.54771203745287,4.469067149718216,2.985477120374529e-10,True,0.9147803666885227,rms,10.0,1.8247968670766535,0.7263761811571273
r5_final_inverse_map_complete_2026-08-31,8,0.0,0.0,ZeroOperator,0.01,1.0,,0.0,0.0,0,0.1,0.1,0.1,0.10000000000000002,,,0.0,0.030993593385071353,0.1760499741126688,-0.7201395178265577,,,,,,,,,,,,,,,,,,,-300.0
r5_final_inverse_map_complete_2026-08-31,8,0.0,0.0,AIME,0.0,1.0,4.546960562526869,4.847364772847986,0.0,1,0.9999999999999999,1.0,1.0,1.0,0.9998421075489945,0.5205930288720461,1.0,0.0025200189796418977,0.050199790633446845,0.8601393462610593,0.9584877870962094,,,,X ~= Y A^T,SVD normal-system solve,4.546960562526869,71.7709205400062,71.7709205400062,326.33954523165784,326.33954523165784,71.77092054000624,3.2633954523165785e-10,True,1.0,rms,10.0,0.6577211874245414,0.6855057023871349
r5_final_inverse_map_complete_2026-08-31,8,0.0,0.0,HuberAIME,0.0,1.0,4.546960562526869,4.847364772847986,0.0,2,0.9999999999999999,1.0,1.0,1.0,0.9998421075489945,0.5205930288720461,1.0,0.0025200189796418977,0.050199790633446845,0.8601393462610593,0.9584877870962094,,,,X ~= Y A^T,SVD normal-system solve,4.546960562526869,71.7709205400062,71.7709205400062,326.33954523165784,326.33954523165784,71.77092054000624,3.2633954523165785e-10,True,1.0,rms,10.0,0.6577211874245414,0.6855057023871349
r5_final_inverse_map_complete_2026-08-31,8,0.0,0.0,RidgeAIME,0.01,1.0,4.546466425570163,4.8468006355206885,0.0,1,0.9999999999999999,1.0,1.0,1.0,0.9998421186369946,0.5205930288720461,1.0,0.0025200327890402534,0.050199928177640386,0.8601385798416405,0.9584877797847254,,,,X ~= Y A^T,SVD normal-system solve,4.546960562526869,71.7709205400062,71.78092054000619,326.33954523165784,326.3495452316578,71.78092054000625,3.2634954523165783e-10,True,1.0,rms,10.0,0.6576739882873857,0.6854551561630431
r5_final_inverse_map_complete_2026-08-31,8,0.0,0.0,HuberRidgeAIME,0.01,1.0,4.546466425570163,4.8468006355206885,0.0,2,0.9999999999999999,1.0,1.0,1.0,0.9998421186369946,0.5205930288720461,1.0,0.0025200327890402534,0.050199928177640386,0.8601385798416405,0.9584877797847254,,,,X ~= Y A^T,SVD normal-system solve,4.546960562526869,71.7709205400062,71.78092054000619,326.33954523165784,326.3495452316578,71.78092054000625,3.2634954523165783e-10,True,1.0,rms,10.0,0.6576739882873857,0.6854551561630431
r5_final_inverse_map_complete_2026-08-31,8,0.0,0.05,ZeroOperator,0.01,1.0,,0.0,0.0,0,0.1,0.3,0.3,0.3,,,0.0,0.03610077856311324,0.19000204883925131,-1.4162292726994758,,0.0449438202247191,1.0,1.0,,,,,,,,,,,,,,,-300.0
r5_final_inverse_map_complete_2026-08-31,8,0.0,0.05,AIME,0.0,1.0,4.713766865080641,5.182621154459334,0.0,1,0.9999999999999999,1.0,1.0,1.0,0.9308528043811418,0.520523870050542,0.9666666666666667,0.0063575233631545285,0.07973407905754307,0.5744902280966186,0.9113791721535128,0.0449438202247191,1.0,1.0,X ~= Y A^T,SVD normal-system solve,4.713766865080641,69.22992026297769,69.22992026297769,326.33370420779903,326.33370420779903,69.2299202629777,3.26333704207799e-10,True,1.0,rms,10.0,0.6733680992505063,0.7145494634138734
r5_final_inverse_map_complete_2026-08-31,8,0.0,0.05,HuberAIME,0.0,1.0,4.693450282657457,4.856050691111656,0.0449438202247191,5,0.9999999999999999,1.0,1.0,1.0,0.9968587678960397,0.5205930288720461,1.0,0.002672345911464718,0.05169473775409561,0.8211395799464172,0.9622764697159589,1.0,0.20178508855874985,1.0,X ~= Y A^T,SVD normal-system solve,4.693450282657457,67.03711417950367,67.03711417950367,314.63536249433173,314.63536249433173,67.03711417950369,3.146353624943316e-10,True,0.9641251725194944,rms,10.0,0.6714922217796135,0.6862832115835046
r5_final_inverse_map_complete_2026-08-31,8,0.0,0.05,RidgeAIME,0.01,1.0,4.713230502986205,5.182024004033099,0.0,1,0.9999999999999999,1.0,1.0,1.0,0.930855771128373,0.520523870050542,0.9666666666666667,0.006356784297199989,0.07972944435526934,0.5745396938661917,0.9113832427792401,0.0449438202247191,1.0,1.0,X ~= Y A^T,SVD normal-system solve,4.713766865080641,69.22992026297769,69.23992026297768,326.33370420779903,326.343704207799,69.23992026297766,3.2634370420779904e-10,True,1.0,rms,10.0,0.6733186796762619,0.7144994203817577
r5_final_inverse_map_complete_2026-08-31,8,0.0,0.05,HuberRidgeAIME,0.01,1.0,4.6928994196904235,4.855489439941777,0.0449438202247191,5,0.9999999999999999,1.0,1.0,1.0,0.9968591333419871,0.5205930288720461,1.0,0.0026723261703893784,0.05169454681481769,0.8211409012188663,0.9622768146094809,1.0,0.20178506916547512,1.0,X ~= Y A^T,SVD normal-system solve,4.693450293557358,67.03711396285411,67.0471139628541,314.6353622081957,314.6453622081957,67.04711396285407,3.146453622081957e-10,True,0.9641251716478865,rms,10.0,0.6714412463195618,0.6862330139252502
r5_final_inverse_map_complete_2026-08-31,8,0.0,0.1,ZeroOperator,0.01,1.0,,0.0,0.0,0,0.1,0.0,0.0,0.0,,,0.0,0.039541666323958745,0.1988508645290705,-1.8998102820175786,,0.10214504596527069,1.0,1.0,,,,,,,,,,,,,,,-300.0
r5_final_inverse_map_complete_2026-08-31,8,0.0,0.1,AIME,0.0,1.0,4.529297432798532,5.333410250420247,0.0,1,0.9999999999999999,1.0,1.0,1.0,0.868647114941873,0.5204316582885365,1.0,0.00989875281055738,0.09949247615049783,0.27406940961887816,0.8786822087753171,0.10214504596527069,1.0,1.0,X ~= Y A^T,SVD normal-system solve,4.529297432798532,72.07286443595147,72.07286443595147,326.4394398641916,326.4394398641916,72.07286443595144,3.264394398641917e-10,True,1.0,rms,10.0,0.6560308411470166,0.7270049912660497
r5_final_inverse_map_complete_2026-08-31,8,0.0,0.1,HuberAIME,0.0,1.0,4.496488260621788,4.823917895219267,0.10214504596527069,5,0.9999999999999999,1.0,1.0,1.0,0.9932211674457,0.5205930288720461,1.0,0.0028266498539822253,0.0531662473189732,0.792706047259454,0.9636046449057851,1.0,0.21345571554772813,1.0,X ~= Y A^T,SVD normal-system solve,4.496488260621788,66.76269021308673,66.76269021308673,300.19765279067366,300.19765279067366,66.76269021308678,3.0019765279067364e-10,True,0.9196583979109018,rms,10.0,0.6528734639000771,0.6833999073500341
r5_final_inverse_map_complete_2026-08-31,8,0.0,0.1,RidgeAIME,0.01,1.0,4.5288078160969185,5.332841184080593,0.0,1,0.9999999999999999,1.0,1.0,1.0,0.8686520415911743,0.5204316582885365,1.0,0.009897541006770913,0.09948638603734138,0.2741582779293583,0.8786869700905039,0.10214504596527069,1.0,1.0,X ~= Y A^T,SVD normal-system solve,4.529297432798532,72.07286443595147,72.08286443595146,326.4394398641916,326.4494398641916,72.0828644359514,3.2644943986419156e-10,True,1.0,rms,10.0,0.6559838914094893,0.7269586502674522
r5_final_inverse_map_complete_2026-08-31,8,0.0,0.1,HuberRidgeAIME,0.01,1.0,4.495964611912314,4.823385813229963,0.10214504596527069,5,0.9999999999999999,1.0,1.0,1.0,0.9932212459709022,0.5205930288720461,1.0,0.0028266349838573183,0.0531661074732514,0.7927071377684058,0.9636045426367065,1.0,0.21345571427724847,1.0,X ~= Y A^T,SVD normal-system solve,4.49648825237599,66.76269032696331,66.7726903269633,300.19765275220664,300.2076527522066,66.77269032696337,3.002076527522067e-10,True,0.9196583977811286,rms,10.0,0.65282288420876,0.6833520016804102
r5_final_inverse_map_complete_2026-08-31,8,0.7,0.0,ZeroOperator,0.01,1.0,,0.0,0.0,0,0.1,0.1,0.1,0.10000000000000002,,,0.0,0.03172709078087282,0.17812100039263426,-3.49046330709169,,,,,,,,,,,,,,,,,,,-300.0
r5_final_inverse_map_complete_2026-08-31,8,0.7,0.0,AIME,0.0,1.0,11.776028609148371,4.852512794245764,0.0,1,0.9999999999999999,1.0,1.0,1.0,0.9995827780928352,0.5205930288720461,1.0,0.002502162530732174,0.05002162063280411,0.6458588305421866,0.9597582515746111,,,,X ~= Y A^T,SVD normal-system solve,11.776028609148371,27.717596228216852,27.717596228216852,326.40320616030465,326.40320616030465,27.717596228216895,3.264032061603045e-10,True,1.0,rms,10.0,1.070998852086849,0.6859666891326334
r5_final_inverse_map_complete_2026-08-31,8,0.7,0.0,HuberAIME,0.0,1.0,11.776028609148371,4.852512794245764,0.0,2,0.9999999999999999,1.0,1.0,1.0,0.9995827780928352,0.5205930288720461,1.0,0.002502162530732174,0.05002162063280411,0.6458588305421866,0.9597582515746111,,,,X ~= Y A^T,SVD normal-system solve,11.776028609148371,27.717596228216852,27.717596228216852,326.40320616030465,326.40320616030465,27.717596228216895,3.264032061603045e-10,True,1.0,rms,10.0,1.070998852086849,0.6859666891326334
r5_final_inverse_map_complete_2026-08-31,8,0.7,0.0,RidgeAIME,0.01,1.0,11.772142217944266,4.8512987681729935,0.0,1,0.9999999999999999,1.0,1.0,1.0,0.9995827336271847,0.5205930288720461,1.0,0.0025021408337588627,0.050021403756380756,0.6458619014024556,0.9597585249150945,,,,X ~= Y A^T,SVD normal-system solve,11.776028609148371,27.717596228216852,27.727596228216914,326.40320616030465,326.4132061603045,27.72759622821688,3.264132061603046e-10,True,1.0,rms,10.0,1.0708555001227258,0.6858580215593504
r5_final_inverse_map_complete_2026-08-31,8,0.7,0.0,HuberRidgeAIME,0.01,1.0,11.772142217944266,4.8512987681729935,0.0,2,0.9999999999999999,1.0,1.0,1.0,0.9995827336271847,0.5205930288720461,1.0,0.0025021408337588627,0.050021403756380756,0.6458619014024556,0.9597585249150945,,,,X ~= Y A^T,SVD normal-system solve,11.776028609148371,27.717596228216852,27.727596228216914,326.40320616030465,326.4132061603045,27.72759622821688,3.264132061603046e-10,True,1.0,rms,10.0,1.0708555001227258,0.6858580215593504
r5_final_inverse_map_complete_2026-08-31,8,0.7,0.05,ZeroOperator,0.01,1.0,,0.0,0.0,0,0.1,0.1,0.1,0.10000000000000002,,,0.0,0.0308579023349476,0.1756641748762325,-3.2729571806601605,,0.05005107252298264,1.0,1.0,,,,,,,,,,,,,,,-300.0
r5_final_inverse_map_complete_2026-08-31,8,0.7,0.05,AIME,0.0,1.0,11.610698224141618,5.940674997186851,0.0,1,0.9999999999999999,1.0,1.0,1.0,0.8344674674889028,0.5203855524075338,0.9,0.0073114474919575515,0.08550700259018294,-0.012431166664160997,0.8863841359191604,0.05005107252298264,1.0,1.0,X ~= Y A^T,SVD normal-system solve,11.610698224141618,28.110483058643158,28.110483058643158,326.3823357287512,326.3823357287512,28.110483058643148,3.2638233572875116e-10,True,1.0,rms,10.0,1.0648583373762952,0.7738357936173501
r5_final_inverse_map_complete_2026-08-31,8,0.7,0.05,HuberAIME,0.0,1.0,11.65206681428474,4.913272935081613,0.05005107252298264,5,0.9999999999999999,1.0,1.0,1.0,0.9911920893003511,0.5205930288720461,1.0,0.0027104448682999096,0.052061933005795216,0.6246791263685796,0.9550986416688584,1.0,0.20489749759085746,1.0,X ~= Y A^T,SVD normal-system solve,11.65206681428474,26.896981406659553,26.896981406659553,313.4054244529715,313.4054244529715,26.896981406659517,3.134054244529716e-10,True,0.960204266988715,rms,10.0,1.0664029662570356,0.6913708901082557
r5_final_inverse_map_complete_2026-08-31,8,0.7,0.05,RidgeAIME,0.01,1.0,11.60692492543903,5.939076500621883,0.0,1,0.9999999999999999,1.0,1.0,1.0,0.8344902833705454,0.5203855524075338,0.9,0.007309078458473508,0.08549314860544971,-0.012103121726854793,0.8864057634072916,0.05005107252298264,1.0,1.0,X ~= Y A^T,SVD normal-system solve,11.610698224141618,28.110483058643158,28.120483058643142,326.3823357287512,326.39233572875105,28.12048305864311,3.26392335728751e-10,True,1.0,rms,10.0,1.064717175396968,0.77371891941475
r5_final_inverse_map_complete_2026-08-31,8,0.7,0.05,HuberRidgeAIME,0.01,1.0,11.648107982767742,4.91202099574121,0.05005107252298264,5,0.9999999999999999,1.0,1.0,1.0,0.9911940636682941,0.5205930288720461,1.0,0.0027103231588344982,0.052060764101523695,0.6246959797284917,0.955100112975936,1.0,0.2048974435967152,1.0,X ~= Y A^T,SVD normal-system solve,11.652066831482944,26.896981291281435,26.906981291281447,313.4054235711577,313.4154235711577,26.90698129128151,3.1341542357115776e-10,True,0.9602042642862503,rms,10.0,1.0662553880766883,0.6912602144676112
r5_final_inverse_map_complete_2026-08-31,8,0.7,0.1,ZeroOperator,0.01,1.0,,0.0,0.0,0,0.1,0.1,0.1,0.10000000000000002,,,0.0,0.03061291464317872,0.1749654670018593,-3.3092954179327183,,0.10316649642492338,1.0,1.0,,,,,,,,,,,,,,,-300.0
r5_final_inverse_map_complete_2026-08-31,8,0.7,0.1,AIME,0.0,1.0,12.289453521569126,6.137189732918845,0.0,1,0.9999999999999999,1.0,1.0,1.0,0.8179090474580433,0.5200858641810161,0.9333333333333333,0.008461226727593378,0.09198492663253789,-0.19106351003505528,0.8690807394276812,0.10316649642492338,1.0,1.0,X ~= Y A^T,SVD normal-system solve,12.289453521569126,26.55816658595191,26.55816658595191,326.38535387614616,326.38535387614616,26.558166585951906,3.263853538761462e-10,True,1.0,rms,10.0,1.0895325714264301,0.7879695498255593
r5_final_inverse_map_complete_2026-08-31,8,0.7,0.1,HuberAIME,0.0,1.0,11.980575425702611,4.934955903719446,0.10316649642492338,5,0.9999999999999999,1.0,1.0,1.0,0.9892701225310615,0.5205930288720461,1.0,0.002731988307875592,0.052268425534691514,0.6154255537508142,0.9543590784863183,1.0,0.2085175240639896,1.0,X ~= Y A^T,SVD normal-system solve,11.980575425702611,25.01848484692282,25.01848484692282,299.7358447453567,299.7358447453567,25.01848484692281,2.9973584474535657e-10,True,0.9183455259759581,rms,10.0,1.0784776776698082,0.6932832763862274
r5_final_inverse_map_complete_2026-08-31,8,0.7,0.1,RidgeAIME,0.01,1.0,12.285204280852781,6.135369852962948,0.0,1,0.9999999999999999,1.0,1.0,1.0,0.8179294084118574,0.5200858641810161,0.9333333333333333,0.008458477098025951,0.09196997933035514,-0.19067645227743757,0.8691036748149875,0.10316649642492338,1.0,1.0,X ~= Y A^T,SVD normal-system solve,12.289453521569126,26.55816658595191,26.568166585951907,326.38535387614616,326.3953538761462,26.568166585951904,3.2639535387614627e-10,True,1.0,rms,10.0,1.0893823824123152,0.7878407480344033
r5_final_inverse_map_complete_2026-08-31,8,0.7,0.1,HuberRidgeAIME,0.01,1.0,11.976188198675024,4.933548444505918,0.10316649642492338,5,0.9999999999999999,1.0,1.0,1.0,0.9892722132278674,0.5205930288720461,1.0,0.002731840076970157,0.052267007537931204,0.6154464198058447,0.954360990127327,1.0,0.20851748031696862,1.0,X ~= Y A^T,SVD normal-system solve,11.980575430085564,25.01848471520193,25.028484715201927,299.73584327691947,299.7458432769195,25.02848471520193,2.9974584327691953e-10,True,0.9183455214627313,rms,10.0,1.0783186120681174,0.6931593970722981
r5_final_inverse_map_complete_2026-08-31,8,0.95,0.0,ZeroOperator,0.01,1.0,,0.0,0.0,0,0.1,0.0,0.0,0.0,,,0.0,0.035613491997099934,0.18871537297501742,-9.82275581163858,,,,,,,,,,,,,,,,,,,-300.0
r5_final_inverse_map_complete_2026-08-31,8,0.95,0.0,AIME,0.0,1.0,61.39893783927247,4.844602418513431,0.0,1,0.9999999999999999,1.0,1.0,1.0,0.998279400603526,0.5205930288720461,0.9666666666666667,0.00249542236488755,0.04995420267492566,0.2416540645809494,0.9643290008341814,,,,X ~= Y A^T,SVD normal-system solve,61.39893783927247,5.315052430923535,5.315052430923535,326.33857381874816,326.33857381874816,5.315052430923531,3.263385738187483e-10,True,1.0,rms,10.0,1.7881608582008932,0.6852581416487716
r5_final_inverse_map_complete_2026-08-31,8,0.95,0.0,HuberAIME,0.0,1.0,61.39893783927247,4.844602418513431,0.0,2,0.9999999999999999,1.0,1.0,1.0,0.998279400603526,0.5205930288720461,0.9666666666666667,0.00249542236488755,0.04995420267492566,0.2416540645809494,0.9643290008341814,,,,X ~= Y A^T,SVD normal-system solve,61.39893783927247,5.315052430923535,5.315052430923535,326.33857381874816,326.33857381874816,5.315052430923531,3.263385738187483e-10,True,1.0,rms,10.0,1.7881608582008932,0.6852581416487716
r5_final_inverse_map_complete_2026-08-31,8,0.95,0.0,RidgeAIME,0.01,1.0,61.285513720688236,4.839328548172938,0.0,1,0.9999999999999999,1.0,1.0,1.0,0.998278918741199,0.5205930288720461,0.9666666666666667,0.0024954267663146565,0.04995424672952898,0.24165272701004226,0.9643289380219863,,,,X ~= Y A^T,SVD normal-system solve,61.39893783927247,5.315052430923535,5.325052430923529,326.33857381874816,326.3485738187482,5.325052430923551,3.2634857381874816e-10,True,1.0,rms,10.0,1.787357830886117,0.6847851079145441
r5_final_inverse_map_complete_2026-08-31,8,0.95,0.0,HuberRidgeAIME,0.01,1.0,61.285513720688236,4.839328548172938,0.0,2,0.9999999999999999,1.0,1.0,1.0,0.998278918741199,0.5205930288720461,0.9666666666666667,0.0024954267663146565,0.04995424672952898,0.24165272701004226,0.9643289380219863,,,,X ~= Y A^T,SVD normal-system solve,61.39893783927247,5.315052430923535,5.325052430923529,326.33857381874816,326.3485738187482,5.325052430923551,3.2634857381874816e-10,True,1.0,rms,10.0,1.787357830886117,0.6847851079145441
r5_final_inverse_map_complete_2026-08-31,8,0.95,0.05,ZeroOperator,0.01,1.0,,0.0,0.0,0,0.1,0.1,0.1,0.10000000000000002,,,0.0,0.030793627670125688,0.1754811319490665,-8.24843297435596,,0.05005107252298264,1.0,1.0,,,,,,,,,,,,,,,-300.0
r5_final_inverse_map_complete_2026-08-31,8,0.95,0.05,AIME,0.0,1.0,63.30676324861052,8.356741804153495,0.0,1,0.6528870639164757,0.6,0.6,0.6,0.5882152183180013,0.47468309786358026,0.8333333333333334,0.006623145168717853,0.08138270804487802,-0.989168500330398,0.90035621579832,0.05005107252298264,1.0,1.0,X ~= Y A^T,SVD normal-system solve,63.30676324861052,5.154931760816532,5.154931760816532,326.34204454475514,326.34204454475514,5.154931760816546,3.263420445447552e-10,True,1.0,rms,10.0,1.8014501094588813,0.9220369841028396
r5_final_inverse_map_complete_2026-08-31,8,0.95,0.05,HuberAIME,0.0,1.0,63.05243579002027,4.996640430330687,0.05005107252298264,6,0.9999999999999999,1.0,1.0,1.0,0.9568653328782482,0.5205699759315447,0.9666666666666667,0.0026996800893308373,0.051958445794026954,0.18918905476661396,0.9552677845195566,1.0,0.20486587076188956,1.0,X ~= Y A^T,SVD normal-system solve,63.05243579002027,4.96977161575402,4.96977161575402,313.3562056933956,313.3562056933956,4.969771615754074,3.1335620569339567e-10,True,0.9602026840320047,rms,10.0,1.79970186854164,0.6986780977431889
r5_final_inverse_map_complete_2026-08-31,8,0.95,0.05,RidgeAIME,0.01,1.0,63.18612900573148,8.343182718399303,0.0,1,0.6528870639164757,0.6,0.6,0.6,0.5884566701400451,0.47468309786358026,0.8333333333333334,0.006613880506117788,0.08132576778683241,-0.9863859892211322,0.9004660498490951,0.05005107252298264,1.0,1.0,X ~= Y A^T,SVD normal-system solve,63.30676324861052,5.154931760816532,5.164931760816563,326.34204454475514,326.3520445447552,5.164931760816553,3.263520445447551e-10,True,1.0,rms,10.0,1.800621749841821,0.9213317548775555
r5_final_inverse_map_complete_2026-08-31,8,0.95,0.05,HuberRidgeAIME,0.01,1.0,62.92782841896936,4.99006262822493,0.05005107252298264,6,0.9999999999999999,1.0,1.0,1.0,0.9569082254624369,0.5205699759315447,0.9666666666666667,0.002699332844303535,0.05195510412176589,0.18929334492674332,0.9552722671806401,1.0,0.2048656291149713,1.0,X ~= Y A^T,SVD normal-system solve,63.052437426372066,4.969771424223352,4.97977142422337,313.3562017492149,313.3662017492149,4.979771424223307,3.1336620174921475e-10,True,0.9602026719373172,rms,10.0,1.7988427449060542,0.6981059963091245
r5_final_inverse_map_complete_2026-08-31,8,0.95,0.1,ZeroOperator,0.01,1.0,,0.0,0.0,0,0.1,0.1,0.1,0.10000000000000002,,,0.0,0.03501604623685452,0.18712574979637228,-9.799566783821176,,0.10214504596527069,1.0,1.0,,,,,,,,,,,,,,,-300.0
r5_final_inverse_map_complete_2026-08-31,8,0.95,0.1,AIME,0.0,1.0,62.513609245925025,11.401579840368926,0.0,1,0.566415336854645,0.6,0.6,0.6,0.5160824162472929,0.41930993477930467,0.7333333333333333,0.011293560658938134,0.10627116569859453,-2.4831334679632864,0.8520558054247395,0.10214504596527069,1.0,1.0,X ~= Y A^T,SVD normal-system solve,62.513609245925025,5.220301021732616,5.220301021732616,326.3398582186959,326.3398582186959,5.22030102173265,3.2633985821869584e-10,True,1.0,rms,10.0,1.7959745737762445,1.056965032776567
r5_final_inverse_map_complete_2026-08-31,8,0.95,0.1,HuberAIME,0.0,1.0,63.11113385277331,5.108118672416296,0.10214504596527069,5,0.9999999999999999,1.0,1.0,1.0,0.9242259419491267,0.5203394465265311,0.9,0.0028433867122450536,0.053323416171931946,0.12304934476581253,0.9585763056424166,1.0,0.20094785669396123,1.0,X ~= Y A^T,SVD normal-system solve,63.11113385277331,4.748839303220825,4.748839303220825,299.7046329108802,299.7046329108802,4.748839303220796,2.9970463291088027e-10,True,0.9183807820933567,rms,10.0,1.800105982766746,0.7082609782892769
r5_final_inverse_map_complete_2026-08-31,8,0.95,0.1,RidgeAIME,0.01,1.0,62.395999171493905,11.381898329851976,0.0,1,0.566415336854645,0.6,0.6,0.6,0.5162579847401899,0.41930993477930467,0.7333333333333333,0.01127235235991107,0.10617133492572782,-2.4765924541616497,0.8522675711451416,0.10214504596527069,1.0,1.0,X ~= Y A^T,SVD normal-system solve,62.513609245925025,5.220301021732616,5.230301021732678,326.3398582186959,326.3498582186959,5.230301021732653,3.263498582186958e-10,True,1.0,rms,10.0,1.7951567436335865,1.0562147019029977
r5_final_inverse_map_complete_2026-08-31,8,0.95,0.1,HuberRidgeAIME,0.01,1.0,62.98061758164476,5.101392878313713,0.10214504596527069,5,0.9999999999999999,1.0,1.0,1.0,0.9243234319815797,0.5203394465265311,0.9,0.0028427318914992284,0.053317275732160475,0.12325130304311582,0.9585851384918235,1.0,0.2009476795666136,1.0,X ~= Y A^T,SVD normal-system solve,63.111134990134246,4.748839124117152,4.7588391241171015,299.7046270085885,299.7146270085885,4.758839124117145,2.9971462700858847e-10,True,0.9183807640006756,rms,10.0,1.7992069149697123,0.7076887715439864
r5_final_inverse_map_complete_2026-08-31,9,0.0,0.0,ZeroOperator,0.01,1.0,,0.0,0.0,0,0.1,0.3,0.3,0.3,,,0.0,0.04059632211354638,0.20148529006740512,-1.8547437781017582,,,,,,,,,,,,,,,,,,,-300.0
r5_final_inverse_map_complete_2026-08-31,9,0.0,0.0,AIME,0.0,1.0,4.7736115673829085,4.856073251901143,0.0,1,0.9999999999999999,1.0,1.0,1.0,0.9998485167273686,0.5205930288720461,1.0,0.002515738033448482,0.05015713342535119,0.8230926565654441,0.9685202740334642,,,,X ~= Y A^T,SVD normal-system solve,4.7736115673829085,68.3738321285996,68.3738321285996,326.3901159553802,326.3901159553802,68.37383212859966,3.2639011595538026e-10,True,1.0,rms,10.0,0.6788470772167355,0.6862852292732373
r5_final_inverse_map_complete_2026-08-31,9,0.0,0.0,HuberAIME,0.0,1.0,4.7736115673829085,4.856073251901143,0.0,2,0.9999999999999999,1.0,1.0,1.0,0.9998485167273686,0.5205930288720461,1.0,0.002515738033448482,0.05015713342535119,0.8230926565654441,0.9685202740334642,,,,X ~= Y A^T,SVD normal-system solve,4.7736115673829085,68.3738321285996,68.3738321285996,326.3901159553802,326.3901159553802,68.37383212859966,3.2639011595538026e-10,True,1.0,rms,10.0,0.6788470772167355,0.6862852292732373
r5_final_inverse_map_complete_2026-08-31,9,0.0,0.0,RidgeAIME,0.01,1.0,4.773059739348429,4.855568591992828,0.0,1,0.9999999999999999,1.0,1.0,1.0,0.999848541942075,0.5205930288720461,1.0,0.0025157340455669937,0.05015709367145383,0.8230929369942926,0.9685202582334165,,,,X ~= Y A^T,SVD normal-system solve,4.7736115673829085,68.3738321285996,68.38383212859958,326.3901159553802,326.4001159553802,68.38383212859965,3.264001159553802e-10,True,1.0,rms,10.0,0.6787968700056771,0.6862400935449765
r5_final_inverse_map_complete_2026-08-31,9,0.0,0.0,HuberRidgeAIME,0.01,1.0,4.773059739348429,4.855568591992828,0.0,2,0.9999999999999999,1.0,1.0,1.0,0.999848541942075,0.5205930288720461,1.0,0.0025157340455669937,0.05015709367145383,0.8230929369942926,0.9685202582334165,,,,X ~= Y A^T,SVD normal-system solve,4.7736115673829085,68.3738321285996,68.38383212859958,326.3901159553802,326.4001159553802,68.38383212859965,3.264001159553802e-10,True,1.0,rms,10.0,0.6787968700056771,0.6862400935449765
r5_final_inverse_map_complete_2026-08-31,9,0.0,0.05,ZeroOperator,0.01,1.0,,0.0,0.0,0,0.1,0.1,0.1,0.10000000000000002,,,0.0,0.043120539202646746,0.20765485595729935,-2.2188186530362617,,0.049029622063329927,1.0,1.0,,,,,,,,,,,,,,,-300.0
r5_final_inverse_map_complete_2026-08-31,9,0.0,0.05,AIME,0.0,1.0,4.624479954772584,5.288926041935302,0.0,1,0.9999999999999999,1.0,1.0,1.0,0.927037014490119,0.5204777641695393,1.0,0.006808488037603412,0.0825135627494257,0.4917668308501357,0.9249215275580044,0.049029622063329927,1.0,1.0,X ~= Y A^T,SVD normal-system solve,4.624479954772584,70.58217021227085,70.58217021227085,326.4058313109931,326.4058313109931,70.58217021227085,3.2640583131099333e-10,True,1.0,rms,10.0,0.6650629012974835,0.7233674940743895
r5_final_inverse_map_complete_2026-08-31,9,0.0,0.05,HuberAIME,0.0,1.0,4.624518177014581,4.875004774292996,0.049029622063329927,5,0.9999999999999999,1.0,1.0,1.0,0.9966643245932815,0.5205930288720461,1.0,0.002680149972961057,0.05177016489215634,0.7999348596881144,0.9684606001981004,0.9999999999999999,0.2111406687076142,1.0,X ~= Y A^T,SVD normal-system solve,4.624518177014581,67.84762922066108,67.84762922066108,313.76259459829276,313.76259459829276,67.84762922066105,3.137625945982926e-10,True,0.9613225251256031,rms,10.0,0.665066490812488,0.6879750453572403
r5_final_inverse_map_complete_2026-08-31,9,0.0,0.05,RidgeAIME,0.01,1.0,4.623966515400501,5.288397114774654,0.0,1,0.9999999999999999,1.0,1.0,1.0,0.9270388648242414,0.5204777641695393,1.0,0.006807582601181913,0.08250807597551837,0.4918344189577186,0.9249244604295463,0.049029622063329927,1.0,1.0,X ~= Y A^T,SVD normal-system solve,4.624479954772584,70.58217021227085,70.59217021227084,326.4058313109931,326.4158313109931,70.59217021227083,3.264158313109932e-10,True,1.0,rms,10.0,0.6650146804666585,0.723324059616732
r5_final_inverse_map_complete_2026-08-31,9,0.0,0.05,HuberRidgeAIME,0.01,1.0,4.623984037170669,4.8745094349741445,0.049029622063329927,5,0.9999999999999999,1.0,1.0,1.0,0.9966640344001075,0.5205930288720461,1.0,0.0026800956954071437,0.05176964067295758,0.7999389113443833,0.9684607241853547,0.9999999999999999,0.21114065445010524,1.0,X ~= Y A^T,SVD normal-system solve,4.624518172862388,67.84762923270327,67.85762923270326,313.76259437226565,313.77259437226564,67.85762923270326,3.137725943722657e-10,True,0.9613225244265629,rms,10.0,0.6650163261519493,0.6879309153363152
r5_final_inverse_map_complete_2026-08-31,9,0.0,0.1,ZeroOperator,0.01,1.0,,0.0,0.0,0,0.1,0.1,0.1,0.10000000000000002,,,0.0,0.038455986445879935,0.19610197970923174,-1.4409976196617902,,0.09090909090909091,1.0,1.0,,,,,,,,,,,,,,,-300.0
r5_final_inverse_map_complete_2026-08-31,9,0.0,0.1,AIME,0.0,1.0,4.895013806283086,5.568389249191685,0.0,1,0.9909090909090909,0.9,0.9,0.9,0.8872441981557226,0.519290537733719,1.0,0.010348276770271133,0.10172648018225704,0.3431420879195901,0.8744837762650071,0.09090909090909091,1.0,1.0,X ~= Y A^T,SVD normal-system solve,4.895013806283086,66.75064429939049,66.75064429939049,326.7453254238078,326.7453254238078,66.75064429939054,3.267453254238078e-10,True,1.0,rms,10.0,0.6897539210593004,0.7457295863128787
r5_final_inverse_map_complete_2026-08-31,9,0.0,0.1,HuberAIME,0.0,1.0,4.8540563239043575,4.892603318943046,0.09090909090909091,5,0.9999999999999999,1.0,1.0,1.0,0.9932922721763789,0.5205930288720461,1.0,0.002892316586176052,0.05378026205008722,0.816409912872734,0.9617126307090543,1.0,0.20938408450993143,1.0,X ~= Y A^T,SVD normal-system solve,4.8540563239043575,62.46972688077001,62.46972688077001,303.2315728181797,303.2315728181797,62.469726880770004,3.032315728181797e-10,True,0.9281258258645392,rms,10.0,0.6861048113488092,0.6895400055866684
r5_final_inverse_map_complete_2026-08-31,9,0.0,0.1,RidgeAIME,0.01,1.0,4.894430376652177,5.567736302091868,0.0,1,0.9909090909090909,0.9,0.9,0.9,0.887248101989663,0.519290537733719,1.0,0.010346586943237358,0.10171817410491282,0.3432493498610538,0.8744897153404502,0.09090909090909091,1.0,1.0,X ~= Y A^T,SVD normal-system solve,4.895013806283086,66.75064429939049,66.76064429939046,326.7453254238078,326.7553254238077,66.76064429939055,3.267553254238079e-10,True,1.0,rms,10.0,0.6897021550417722,0.7456786581293835
r5_final_inverse_map_complete_2026-08-31,9,0.0,0.1,HuberRidgeAIME,0.01,1.0,4.85343948766707,4.8920159334067845,0.09090909090909091,5,0.9999999999999999,1.0,1.0,1.0,0.9932928252980507,0.5205930288720461,1.0,0.00289219803011253,0.053779159812259336,0.8164174382308277,0.9617134215683009,1.0,0.2093840538956885,1.0,X ~= Y A^T,SVD normal-system solve,4.854056336771711,62.46972652956616,62.47972652956621,303.23157191723647,303.24157191723646,62.47972652956618,3.032415719172363e-10,True,0.9281258230814263,rms,10.0,0.6860496192416681,0.6894878628735233
r5_final_inverse_map_complete_2026-08-31,9,0.7,0.0,ZeroOperator,0.01,1.0,,0.0,0.0,0,0.1,0.1,0.1,0.10000000000000002,,,0.0,0.042317550090457054,0.20571229931741333,-5.983390410105066,,,,,,,,,,,,,,,,,,,-300.0
r5_final_inverse_map_complete_2026-08-31,9,0.7,0.0,AIME,0.0,1.0,11.26261198750866,4.861327596749958,0.0,1,0.9999999999999999,1.0,1.0,1.0,0.9996385438971059,0.5205930288720461,1.0,0.0025127060771819973,0.050126899736389015,0.5853444378207869,0.9698570494350212,,,,X ~= Y A^T,SVD normal-system solve,11.26261198750866,28.975130730136833,28.975130730136833,326.3356547008696,326.3356547008696,28.975130730136815,3.2633565470086953e-10,True,1.0,rms,10.0,1.0516391223280963,0.686754888440702
r5_final_inverse_map_complete_2026-08-31,9,0.7,0.0,HuberAIME,0.0,1.0,11.26261198750866,4.861327596749958,0.0,2,0.9999999999999999,1.0,1.0,1.0,0.9996385438971059,0.5205930288720461,1.0,0.0025127060771819973,0.050126899736389015,0.5853444378207869,0.9698570494350212,,,,X ~= Y A^T,SVD normal-system solve,11.26261198750866,28.975130730136833,28.975130730136833,326.3356547008696,326.3356547008696,28.975130730136815,3.2633565470086953e-10,True,1.0,rms,10.0,1.0516391223280963,0.686754888440702
r5_final_inverse_map_complete_2026-08-31,9,0.7,0.0,RidgeAIME,0.01,1.0,11.259071340380647,4.860348396899787,0.0,1,0.9999999999999999,1.0,1.0,1.0,0.9996388119411581,0.5205930288720461,1.0,0.002512701834070654,0.05012685741267504,0.5853451380338901,0.9698570841461726,,,,X ~= Y A^T,SVD normal-system solve,11.26261198750866,28.975130730136833,28.9851307301368,326.3356547008696,326.3456547008696,28.98513073013681,3.263456547008696e-10,True,1.0,rms,10.0,1.0515025709433403,0.6866674012433658
r5_final_inverse_map_complete_2026-08-31,9,0.7,0.0,HuberRidgeAIME,0.01,1.0,11.259071340380647,4.860348396899787,0.0,2,0.9999999999999999,1.0,1.0,1.0,0.9996388119411581,0.5205930288720461,1.0,0.002512701834070654,0.05012685741267504,0.5853451380338901,0.9698570841461726,,,,X ~= Y A^T,SVD normal-system solve,11.26261198750866,28.975130730136833,28.9851307301368,326.3356547008696,326.3456547008696,28.98513073013681,3.263456547008696e-10,True,1.0,rms,10.0,1.0515025709433403,0.6866674012433658
r5_final_inverse_map_complete_2026-08-31,9,0.7,0.05,ZeroOperator,0.01,1.0,,0.0,0.0,0,0.1,0.1,0.1,0.10000000000000002,,,0.0,0.027350682824671388,0.16538041850434224,-2.9562168542772436,,0.04800817160367722,1.0,1.0,,,,,,,,,,,,,,,-300.0
r5_final_inverse_map_complete_2026-08-31,9,0.7,0.05,AIME,0.0,1.0,11.84042237962847,5.863222979718531,0.0,1,0.9999999999999999,1.0,1.0,1.0,0.8681317736871972,0.5204547112290379,0.9,0.006267701471180344,0.07916881628002495,0.09339059807696504,0.8874000306203482,0.04800817160367722,1.0,1.0,X ~= Y A^T,SVD normal-system solve,11.84042237962847,27.564333903897005,27.564333903897005,326.3733560352539,326.3733560352539,27.564333903896987,3.2637335603525395e-10,True,1.0,rms,10.0,1.07336719511241,0.7681364108179047
r5_final_inverse_map_complete_2026-08-31,9,0.7,0.05,HuberAIME,0.0,1.0,11.791942436686968,4.907172842999903,0.04800817160367722,6,0.9999999999999999,1.0,1.0,1.0,0.9924651566707496,0.5205930288720461,0.9666666666666667,0.0026888272951948655,0.05185390337472065,0.6110669729278165,0.9496028672765477,1.0,0.21174849527176612,1.0,X ~= Y A^T,SVD normal-system solve,11.791942436686968,26.63092816475567,26.63092816475567,314.03037195434456,314.03037195434456,26.630928164755698,3.140303719543444e-10,True,0.9621574864941501,rms,10.0,1.0715853504767954,0.6908313551969524
r5_final_inverse_map_complete_2026-08-31,9,0.7,0.05,RidgeAIME,0.01,1.0,11.836491034480702,5.8615142568998,0.0,1,0.9999999999999999,1.0,1.0,1.0,0.8681452535776745,0.5204547112290379,0.9,0.006265833679791749,0.07915701914417791,0.09366077004375661,0.8874192267029075,0.04800817160367722,1.0,1.0,X ~= Y A^T,SVD normal-system solve,11.84042237962847,27.564333903897005,27.574333903896985,326.3733560352539,326.3833560352539,27.574333903896978,3.2638335603525383e-10,True,1.0,rms,10.0,1.0732229734826761,0.7680098256532986
r5_final_inverse_map_complete_2026-08-31,9,0.7,0.05,HuberRidgeAIME,0.01,1.0,11.787891651488101,4.905813226191042,0.04800817160367722,6,0.9999999999999999,1.0,1.0,1.0,0.9924663634468168,0.5205930288720461,0.9666666666666667,0.0026887067788412544,0.05185274128569534,0.6110844053565581,0.949604498217707,1.0,0.2117484404747753,1.0,X ~= Y A^T,SVD normal-system solve,11.79194253987938,26.630927859423444,26.64092785942344,314.0303711019942,314.0403711019943,26.640927859423442,3.1404037110199413e-10,True,0.9621574838634468,rms,10.0,1.0714361353746051,0.6907110097532299
r5_final_inverse_map_complete_2026-08-31,9,0.7,0.1,ZeroOperator,0.01,1.0,,0.0,0.0,0,0.1,0.1,0.1,0.10000000000000002,,,0.0,0.0205961130447713,0.14351345945510233,-1.4281958717195833,,0.09908069458631256,1.0,1.0,,,,,,,,,,,,,,,-300.0
r5_final_inverse_map_complete_2026-08-31,9,0.7,0.1,AIME,0.0,1.0,11.999790001238837,6.7351797731992225,0.0,1,0.9999999999999999,1.0,1.0,1.0,0.8091363671945506,0.5196939641924928,0.9666666666666667,0.01035697607197122,0.10176922949482922,-0.22104430514589213,0.7977947668244596,0.09908069458631256,1.0,1.0,X ~= Y A^T,SVD normal-system solve,11.999790001238837,27.20287737360656,27.20287737360656,326.4288159127302,326.4288159127302,27.20287737360655,3.264288159127302e-10,True,1.0,rms,10.0,1.0791736458725252,0.8283491922589209
r5_final_inverse_map_complete_2026-08-31,9,0.7,0.1,HuberAIME,0.0,1.0,12.080451325412982,4.993743209354035,0.09908069458631256,5,0.9999999999999999,1.0,1.0,1.0,0.9873483870867353,0.5205699759315447,0.9666666666666667,0.002803304521347477,0.052946241805698326,0.6695020826933721,0.9298157487693806,1.0,0.20658336052963475,1.0,X ~= Y A^T,SVD normal-system solve,12.080451325412982,24.899126419444094,24.899126419444094,300.7926847553988,300.7926847553988,24.89912641944412,3.0079268475539873e-10,True,0.9213877282649383,rms,10.0,1.0820831598211167,0.698426206091443
r5_final_inverse_map_complete_2026-08-31,9,0.7,0.1,RidgeAIME,0.01,1.0,11.995747874472814,6.732990492123041,0.0,1,0.9999999999999999,1.0,1.0,1.0,0.8091421831132968,0.5196939641924928,0.9666666666666667,0.010352752038250524,0.10174847437800001,-0.22054630917838614,0.797817274873096,0.09908069458631256,1.0,1.0,X ~= Y A^T,SVD normal-system solve,11.999790001238837,27.20287737360656,27.212877373606567,326.4288159127302,326.4388159127303,27.212877373606567,3.264388159127303e-10,True,1.0,rms,10.0,1.0790273292218766,0.82820800118688
r5_final_inverse_map_complete_2026-08-31,9,0.7,0.1,HuberRidgeAIME,0.01,1.0,12.07600308413836,4.992045932910377,0.09908069458631256,5,0.9999999999999999,1.0,1.0,1.0,0.9873484064081588,0.5205699759315447,0.9666666666666667,0.002803069344932031,0.052944020861019146,0.6695298090124047,0.9298176519048007,1.0,0.2065833199285006,1.0,X ~= Y A^T,SVD normal-system solve,12.080451434271454,24.899126086466445,24.90912608646638,300.79268344335935,300.8026834433593,24.909126086466383,3.008026834433594e-10,True,0.9213877242421498,rms,10.0,1.0819232152672658,0.698278572731607
r5_final_inverse_map_complete_2026-08-31,9,0.95,0.0,ZeroOperator,0.01,1.0,,0.0,0.0,0,0.1,0.0,0.0,0.0,,,0.0,0.020522387789304437,0.1432563708506691,-4.742664291818513,,,,,,,,,,,,,,,,,,,-300.0
r5_final_inverse_map_complete_2026-08-31,9,0.95,0.0,AIME,0.0,1.0,58.28277359717981,4.855618838426843,0.0,1,0.9999999999999999,1.0,1.0,1.0,0.9982633929275986,0.5205930288720461,1.0,0.00250587003249352,0.05005866590804753,0.29879648980035356,0.9369613948349352,,,,X ~= Y A^T,SVD normal-system solve,58.28277359717981,5.599480367948053,5.599480367948053,326.3532465469695,326.3532465469695,5.5994803679481455,3.263532465469695e-10,True,1.0,rms,10.0,1.765540211067893,0.6862445876913793
r5_final_inverse_map_complete_2026-08-31,9,0.95,0.0,HuberAIME,0.0,1.0,58.28277359717981,4.855618838426843,0.0,2,0.9999999999999999,1.0,1.0,1.0,0.9982633929275986,0.5205930288720461,1.0,0.00250587003249352,0.05005866590804753,0.29879648980035356,0.9369613948349352,,,,X ~= Y A^T,SVD normal-system solve,58.28277359717981,5.599480367948053,5.599480367948053,326.3532465469695,326.3532465469695,5.5994803679481455,3.263532465469695e-10,True,1.0,rms,10.0,1.765540211067893,0.6862445876913793
r5_final_inverse_map_complete_2026-08-31,9,0.95,0.0,RidgeAIME,0.01,1.0,58.18065580758069,4.84886922157207,0.0,1,0.9999999999999999,1.0,1.0,1.0,0.9982640325631859,0.5205930288720461,1.0,0.002505844698247615,0.05005841286185185,0.2988035789398247,0.9369619330316472,,,,X ~= Y A^T,SVD normal-system solve,58.28277359717981,5.599480367948053,5.609480367948101,326.3532465469695,326.36324654696955,5.609480367948124,3.263632465469696e-10,True,1.0,rms,10.0,1.7647786122704128,0.6856404709549717
r5_final_inverse_map_complete_2026-08-31,9,0.95,0.0,HuberRidgeAIME,0.01,1.0,58.18065580758069,4.84886922157207,0.0,2,0.9999999999999999,1.0,1.0,1.0,0.9982640325631859,0.5205930288720461,1.0,0.002505844698247615,0.05005841286185185,0.2988035789398247,0.9369619330316472,,,,X ~= Y A^T,SVD normal-system solve,58.28277359717981,5.599480367948053,5.609480367948101,326.3532465469695,326.36324654696955,5.609480367948124,3.263632465469696e-10,True,1.0,rms,10.0,1.7647786122704128,0.6856404709549717
r5_final_inverse_map_complete_2026-08-31,9,0.95,0.05,ZeroOperator,0.01,1.0,,0.0,0.0,0,0.1,0.2,0.2,0.20000000000000004,,,0.0,0.030965881001976326,0.17597125049841614,-8.392772614014895,,0.05311542390194075,1.0,1.0,,,,,,,,,,,,,,,-300.0
r5_final_inverse_map_complete_2026-08-31,9,0.95,0.05,AIME,0.0,1.0,60.387706243183075,9.121102321796897,0.0,1,0.4222313797313797,0.4,0.4,0.4000000000000001,0.5166125489650958,0.43391397258691855,0.8333333333333334,0.007219073496259821,0.08496513106127608,-1.189736369196225,0.8868305996659663,0.05311542390194075,1.0,1.0,X ~= Y A^T,SVD normal-system solve,60.387706243183075,5.4041093436862555,5.4041093436862555,326.34176755256647,326.34176755256647,5.404109343686268,3.263417675525664e-10,True,1.0,rms,10.0,1.7809485337506041,0.9600473277301871
r5_final_inverse_map_complete_2026-08-31,9,0.95,0.05,HuberAIME,0.0,1.0,60.700034722826715,4.986700617284655,0.05311542390194075,5,0.9999999999999999,1.0,1.0,1.0,0.9558197630676869,0.5205469229910433,1.0,0.002693099097186181,0.051895077774160636,0.1831116497133034,0.955531925939276,1.0,0.22357524455862876,1.0,X ~= Y A^T,SVD normal-system solve,60.700034722826715,5.154518253442999,5.154518253442999,312.87943696343416,312.87943696343416,5.154518253442992,3.1287943696343413e-10,True,0.9587598699867709,rms,10.0,1.7831889395089928,0.6978132955967195
r5_final_inverse_map_complete_2026-08-31,9,0.95,0.05,RidgeAIME,0.01,1.0,60.27801561361974,9.106103629795074,0.0,1,0.4222313797313797,0.4,0.4,0.4000000000000001,0.5168462240910088,0.43391397258691855,0.8333333333333334,0.007207316115023193,0.08489591341768574,-1.186170043778748,0.886981977955134,0.05311542390194075,1.0,1.0,X ~= Y A^T,SVD normal-system solve,60.387706243183075,5.4041093436862555,5.4141093436862855,326.34176755256647,326.35176755256646,5.414109343686272,3.2635176755256643e-10,True,1.0,rms,10.0,1.7801589466578505,0.959332588382897
r5_final_inverse_map_complete_2026-08-31,9,0.95,0.05,HuberRidgeAIME,0.01,1.0,60.58443944032281,4.980275397155439,0.05311542390194075,5,0.9999999999999999,1.0,1.0,1.0,0.9558743606583456,0.5205469229910433,1.0,0.002692746135596328,0.05189167693952787,0.18321871232052445,0.9555375900989399,1.0,0.2235751081936858,1.0,X ~= Y A^T,SVD normal-system solve,60.70003596784257,5.154518108733648,5.164518108733716,312.8794345970283,312.88943459702836,5.164518108733659,3.1288943459702827e-10,True,0.9587598627436892,rms,10.0,1.7823610939191443,0.697253358855699
r5_final_inverse_map_complete_2026-08-31,9,0.95,0.1,ZeroOperator,0.01,1.0,,0.0,0.0,0,0.1,0.0,0.0,0.0,,,0.0,0.02701722057541401,0.16436915944122246,-7.132703189008147,,0.09805924412665985,1.0,1.0,,,,,,,,,,,,,,,-300.0
r5_final_inverse_map_complete_2026-08-31,9,0.95,0.1,AIME,0.0,1.0,64.51472947462673,12.331806229821337,0.0,1,0.4473113941933048,0.3,0.3,0.3,0.48685666501414093,0.36458225402906713,0.9333333333333333,0.011882352853239455,0.10900620557215747,-2.5768168184702223,0.8076630980368729,0.09805924412665985,1.0,1.0,X ~= Y A^T,SVD normal-system solve,64.51472947462673,5.058668606565109,5.058668606565109,326.358636654335,326.358636654335,5.058668606565105,3.26358636654335e-10,True,1.0,rms,10.0,1.809658880515095,1.0910266920210212
r5_final_inverse_map_complete_2026-08-31,9,0.95,0.1,HuberAIME,0.0,1.0,65.35937550629374,5.361842932344194,0.09805924412665985,5,0.9999999999999999,1.0,1.0,1.0,0.9232460633509895,0.5205469229910433,1.0,0.0028453746872812704,0.05334205364701729,0.1434874757533846,0.9459752446057811,0.9999999999999999,0.20289451819412505,1.0,X ~= Y A^T,SVD normal-system solve,65.35937550629374,4.6029147435545195,4.6029147435545195,300.8436331474356,300.8436331474356,4.6029147435545115,3.008436331474356e-10,True,0.921836438964899,rms,10.0,1.8153078939609213,0.7293140877864909
r5_final_inverse_map_complete_2026-08-31,9,0.95,0.1,RidgeAIME,0.01,1.0,64.38942096778857,12.309093867664238,0.0,1,0.4473113941933048,0.3,0.3,0.3,0.4869859920943248,0.36458225402906713,0.9333333333333333,0.011857025749989335,0.1088899708420814,-2.569192873113014,0.8079455930953253,0.09805924412665985,1.0,1.0,X ~= Y A^T,SVD normal-system solve,64.51472947462673,5.058668606565109,5.068668606565108,326.358636654335,326.36863665433503,5.068668606565099,3.2636863665433507e-10,True,1.0,rms,10.0,1.8088145196467917,1.0902260835765067
r5_final_inverse_map_complete_2026-08-31,9,0.95,0.1,HuberRidgeAIME,0.01,1.0,65.21985800161535,5.353319910074116,0.09805924412665985,5,0.9999999999999999,1.0,1.0,1.0,0.9233308404023153,0.5205469229910433,1.0,0.002844311623075321,0.053332088118461296,0.1438074785321204,0.9459940339690759,0.9999999999999999,0.202894355087727,1.0,X ~= Y A^T,SVD normal-system solve,65.35937799087154,4.6029144887394,4.612914488739399,300.84362792917767,300.85362792917766,4.612914488739384,3.008536279291777e-10,True,0.9218364229708088,rms,10.0,1.814379848913636,0.7286231972464027
r5_final_inverse_map_complete_2026-08-31,10,0.0,0.0,ZeroOperator,0.01,1.0,,0.0,0.0,0,0.1,0.0,0.0,0.0,,,0.0,0.042396279068526735,0.20590356740116655,-2.2663493268095496,,,,,,,,,,,,,,,,,,,-300.0
r5_final_inverse_map_complete_2026-08-31,10,0.0,0.0,AIME,0.0,1.0,4.740745317436843,4.845039984650612,0.0,1,0.9999999999999999,1.0,1.0,1.0,0.9998333963988657,0.5205930288720461,1.0,0.0025049690746235982,0.05004966607904191,0.8070089113869998,0.9700079416367572,,,,X ~= Y A^T,SVD normal-system solve,4.740745317436843,68.84779641308594,68.84779641308594,326.38986846118223,326.38986846118223,68.84779641308593,3.2638986846118235e-10,True,1.0,rms,10.0,0.6758466247551965,0.68529736550267
r5_final_inverse_map_complete_2026-08-31,10,0.0,0.0,HuberAIME,0.0,1.0,4.740745317436843,4.845039984650612,0.0,2,0.9999999999999999,1.0,1.0,1.0,0.9998333963988657,0.5205930288720461,1.0,0.0025049690746235982,0.05004966607904191,0.8070089113869998,0.9700079416367572,,,,X ~= Y A^T,SVD normal-system solve,4.740745317436843,68.84779641308594,68.84779641308594,326.38986846118223,326.38986846118223,68.84779641308593,3.2638986846118235e-10,True,1.0,rms,10.0,0.6758466247551965,0.68529736550267
r5_final_inverse_map_complete_2026-08-31,10,0.0,0.0,RidgeAIME,0.01,1.0,4.740202060825058,4.844558257996205,0.0,1,0.9999999999999999,1.0,1.0,1.0,0.999833373686533,0.5205930288720461,1.0,0.002504960921806055,0.05004958463170354,0.807009539506983,0.9700080289639674,,,,X ~= Y A^T,SVD normal-system solve,4.740745317436843,68.84779641308594,68.85779641308594,326.38986846118223,326.3998684611822,68.85779641308591,3.263998684611822e-10,True,1.0,rms,10.0,0.6757968547607854,0.6852541828602677
r5_final_inverse_map_complete_2026-08-31,10,0.0,0.0,HuberRidgeAIME,0.01,1.0,4.740202060825058,4.844558257996205,0.0,2,0.9999999999999999,1.0,1.0,1.0,0.999833373686533,0.5205930288720461,1.0,0.002504960921806055,0.05004958463170354,0.807009539506983,0.9700080289639674,,,,X ~= Y A^T,SVD normal-system solve,4.740745317436843,68.84779641308594,68.85779641308594,326.38986846118223,326.3998684611822,68.85779641308591,3.263998684611822e-10,True,1.0,rms,10.0,0.6757968547607854,0.6852541828602677
r5_final_inverse_map_complete_2026-08-31,10,0.0,0.05,ZeroOperator,0.01,1.0,,0.0,0.0,0,0.1,0.0,0.0,0.0,,,0.0,0.028384285264635354,0.16847636411270084,-0.6205582227702773,,0.0449438202247191,1.0,1.0,,,,,,,,,,,,,,,-300.0
r5_final_inverse_map_complete_2026-08-31,10,0.0,0.05,AIME,0.0,1.0,4.811802208826657,5.046525397102242,0.0,1,0.9999999999999999,1.0,1.0,1.0,0.9396945618448725,0.5205469229910433,0.9666666666666667,0.005757651904166056,0.07587919282758651,0.6712754945156053,0.8975112499715792,0.0449438202247191,1.0,1.0,X ~= Y A^T,SVD normal-system solve,4.811802208826657,67.83162527344258,67.83162527344258,326.3923643190531,326.3923643190531,67.83162527344257,3.2639236431905317e-10,True,1.0,rms,10.0,0.6823077671755798,0.7029924632216007
r5_final_inverse_map_complete_2026-08-31,10,0.0,0.05,HuberAIME,0.0,1.0,4.801182694760651,4.856707243042819,0.0449438202247191,5,0.9999999999999999,1.0,1.0,1.0,0.9972075680853109,0.5205930288720461,1.0,0.0026109862499410245,0.051097810617882884,0.8509296535941359,0.9528971721503021,1.0,0.2134542033777323,1.0,X ~= Y A^T,SVD normal-system solve,4.801182694760651,65.57088871136219,65.57088871136219,314.8178161610686,314.8178161610686,65.57088871136216,3.1481781616106865e-10,True,0.9646496271181003,rms,10.0,0.6813482320713979,0.6863419254695408
r5_final_inverse_map_complete_2026-08-31,10,0.0,0.05,RidgeAIME,0.01,1.0,4.811240341065756,5.045881216205482,0.0,1,0.9999999999999999,1.0,1.0,1.0,0.9396951126488607,0.5205469229910433,0.9666666666666667,0.005757120454760049,0.07587569080252284,0.6713058368228666,0.8975118972088326,0.0449438202247191,1.0,1.0,X ~= Y A^T,SVD normal-system solve,4.811802208826657,67.83162527344258,67.84162527344262,326.3923643190531,326.4023643190533,67.84162527344256,3.2640236431905315e-10,True,1.0,rms,10.0,0.6822570522240183,0.7029370226869672
r5_final_inverse_map_complete_2026-08-31,10,0.0,0.05,HuberRidgeAIME,0.01,1.0,4.800603080804485,4.856065951321183,0.0449438202247191,5,0.9999999999999999,1.0,1.0,1.0,0.9972076752096516,0.5205930288720461,1.0,0.0026109774119308913,0.05109772413651014,0.8509301581870774,0.952897316678663,1.0,0.21345418746175265,1.0,X ~= Y A^T,SVD normal-system solve,4.801182698247696,65.57088861484579,65.58088861484578,314.8178159263244,314.8278159263244,65.58088861484583,3.1482781592632444e-10,True,0.9646496264027754,rms,10.0,0.6812957995033347,0.6862845763580505
r5_final_inverse_map_complete_2026-08-31,10,0.0,0.1,ZeroOperator,0.01,1.0,,0.0,0.0,0,0.1,0.0,0.0,0.0,,,0.0,0.03846484220644291,0.19612455788718278,-1.5728112801509742,,0.1041879468845761,1.0,1.0,,,,,,,,,,,,,,,-300.0
r5_final_inverse_map_complete_2026-08-31,10,0.0,0.1,AIME,0.0,1.0,4.93844679047674,5.752742485007184,0.0,1,0.9999999999999999,1.0,1.0,1.0,0.8510162331781098,0.5203624994670324,0.9333333333333333,0.012542623367522444,0.11199385415067402,0.16105718803022406,0.8482217811014687,0.1041879468845761,1.0,1.0,X ~= Y A^T,SVD normal-system solve,4.93844679047674,66.08329131300691,66.08329131300691,326.34881788885843,326.34881788885843,66.0832913130069,3.2634881788885835e-10,True,1.0,rms,10.0,0.6935903788038583,0.7598749337606834
r5_final_inverse_map_complete_2026-08-31,10,0.0,0.1,HuberAIME,0.0,1.0,4.991022257657521,4.881487570577731,0.1041879468845761,5,0.9999999999999999,1.0,1.0,1.0,0.9915851820886596,0.5205930288720461,0.9666666666666667,0.002902981009010752,0.053879318936032886,0.8058272994865976,0.9615444576849286,0.9999999999999998,0.20683505835075053,1.0,X ~= Y A^T,SVD normal-system solve,4.991022257657521,59.987626255597675,59.987626255597675,299.3995778257287,299.3995778257287,59.98762625559769,2.993995778257288e-10,True,0.9173617731887401,rms,10.0,0.6981895066235433,0.6885521878319308
r5_final_inverse_map_complete_2026-08-31,10,0.0,0.1,RidgeAIME,0.01,1.0,4.937850898410809,5.752049118428814,0.0,1,0.9999999999999999,1.0,1.0,1.0,0.8510201262047478,0.5203624994670324,0.9333333333333333,0.012540484247908648,0.11198430357826336,0.16120026806789656,0.848230377764371,0.1041879468845761,1.0,1.0,X ~= Y A^T,SVD normal-system solve,4.93844679047674,66.08329131300691,66.0932913130069,326.34881788885843,326.3588178888584,66.0932913130069,3.263588178888583e-10,True,1.0,rms,10.0,0.693537971992215,0.7598225859581909
r5_final_inverse_map_complete_2026-08-31,10,0.0,0.1,HuberRidgeAIME,0.01,1.0,4.990357062886482,4.880886892464295,0.1041879468845761,5,0.9999999999999999,1.0,1.0,1.0,0.9915854665089854,0.5205930288720461,0.9666666666666667,0.0029028884863914416,0.05387846031942117,0.8058334880792182,0.9615452150337993,0.9999999999999998,0.20683504550985832,1.0,X ~= Y A^T,SVD normal-system solve,4.991022259581099,59.98762614399429,59.997626143994296,299.3995773841046,299.4095773841046,59.997626143994296,2.994095773841046e-10,True,0.917361771850874,rms,10.0,0.6981316207523418,0.6884987436229667
r5_final_inverse_map_complete_2026-08-31,10,0.7,0.0,ZeroOperator,0.01,1.0,,0.0,0.0,0,0.1,0.0,0.0,0.0,,,0.0,0.029678675161420316,0.1722749986545358,-3.0539492969252207,,,,,,,,,,,,,,,,,,,-300.0
r5_final_inverse_map_complete_2026-08-31,10,0.7,0.0,AIME,0.0,1.0,11.424752136076478,4.854956180306182,0.0,1,0.9999999999999999,1.0,1.0,1.0,0.999656933107216,0.5205930288720461,1.0,0.002486916574327886,0.04986899411786733,0.6603004129000436,0.9571862282429774,,,,X ~= Y A^T,SVD normal-system solve,11.424752136076478,28.566458818987925,28.566458818987925,326.364711412373,326.364711412373,28.566458818987975,3.2636471141237304e-10,True,1.0,rms,10.0,1.057846786676072,0.6861853144217566
r5_final_inverse_map_complete_2026-08-31,10,0.7,0.0,HuberAIME,0.0,1.0,11.424752136076478,4.854956180306182,0.0,2,0.9999999999999999,1.0,1.0,1.0,0.999656933107216,0.5205930288720461,1.0,0.002486916574327886,0.04986899411786733,0.6603004129000436,0.9571862282429774,,,,X ~= Y A^T,SVD normal-system solve,11.424752136076478,28.566458818987925,28.566458818987925,326.364711412373,326.364711412373,28.566458818987975,3.2636471141237304e-10,True,1.0,rms,10.0,1.057846786676072,0.6861853144217566
r5_final_inverse_map_complete_2026-08-31,10,0.7,0.0,RidgeAIME,0.01,1.0,11.42110411509456,4.853716121928296,0.0,1,0.9999999999999999,1.0,1.0,1.0,0.9996569969060228,0.5205930288720461,1.0,0.0024869129116609455,0.049868957394966114,0.6603009132008821,0.9571862571834998,,,,X ~= Y A^T,SVD normal-system solve,11.424752136076478,28.566458818987925,28.57645881898792,326.364711412373,326.37471141237313,28.576458818987973,3.2637471141237313e-10,True,1.0,rms,10.0,1.057708090592339,0.68607437226676
r5_final_inverse_map_complete_2026-08-31,10,0.7,0.0,HuberRidgeAIME,0.01,1.0,11.42110411509456,4.853716121928296,0.0,2,0.9999999999999999,1.0,1.0,1.0,0.9996569969060228,0.5205930288720461,1.0,0.0024869129116609455,0.049868957394966114,0.6603009132008821,0.9571862571834998,,,,X ~= Y A^T,SVD normal-system solve,11.424752136076478,28.566458818987925,28.57645881898792,326.364711412373,326.37471141237313,28.576458818987973,3.2637471141237313e-10,True,1.0,rms,10.0,1.057708090592339,0.68607437226676
r5_final_inverse_map_complete_2026-08-31,10,0.7,0.05,ZeroOperator,0.01,1.0,,0.0,0.0,0,0.1,0.1,0.1,0.10000000000000002,,,0.0,0.026273968572931565,0.1620924692048695,-2.456750838669279,,0.05005107252298264,1.0,1.0,,,,,,,,,,,,,,,-300.0
r5_final_inverse_map_complete_2026-08-31,10,0.7,0.05,AIME,0.0,1.0,12.924416088954713,5.396848081449408,0.0,1,0.9697979797979798,0.9,0.9,0.9,0.8372528776711603,0.5166163966355608,0.9333333333333333,0.006311931960433128,0.07944766806164374,0.16956678861490437,0.8823993153792318,0.05005107252298264,1.0,1.0,X ~= Y A^T,SVD normal-system solve,12.924416088954713,25.24961812165908,25.24961812165908,326.3365706915331,326.3365706915331,25.249618121659065,3.2633657069153303e-10,True,1.0,rms,10.0,1.1114109312574114,0.7321401930667282
r5_final_inverse_map_complete_2026-08-31,10,0.7,0.05,HuberAIME,0.0,1.0,12.992023604532982,4.859713763159721,0.05005107252298264,5,0.9999999999999999,1.0,1.0,1.0,0.9919313024931061,0.5205469229910433,0.9666666666666667,0.002682722736312849,0.051795006866616485,0.6470459328241529,0.9476503211816102,1.0,0.22788828168203581,1.0,X ~= Y A^T,SVD normal-system solve,12.992023604532982,24.147695257672584,24.147695257672584,313.72742678275137,313.72742678275137,24.147695257672613,3.1372742678275136e-10,True,0.9613549803906228,rms,10.0,1.1136768009449072,0.6866106900974506
r5_final_inverse_map_complete_2026-08-31,10,0.7,0.05,RidgeAIME,0.01,1.0,12.919695346134478,5.395237941311383,0.0,1,0.9697979797979798,0.9,0.9,0.9,0.8372658480474109,0.5166163966355608,0.9333333333333333,0.006310333688197594,0.07943760877693634,0.1697770662848066,0.8824139103407227,0.05005107252298264,1.0,1.0,X ~= Y A^T,SVD normal-system solve,12.924416088954713,25.24961812165908,25.2596181216591,326.3365706915331,326.3465706915332,25.259618121659045,3.263465706915332e-10,True,1.0,rms,10.0,1.1112522728655172,0.7320106027390104
r5_final_inverse_map_complete_2026-08-31,10,0.7,0.05,HuberRidgeAIME,0.01,1.0,12.987059602199013,4.858254397789936,0.05005107252298264,5,0.9999999999999999,1.0,1.0,1.0,0.9919303408969544,0.5205469229910433,0.9666666666666667,0.002682656574642977,0.05179436817495679,0.6470546374249513,0.9476503530870434,1.0,0.22788820564293835,1.0,X ~= Y A^T,SVD normal-system solve,12.992023661739458,24.147695055920302,24.157695055920307,313.7274255429855,313.7374255429854,24.15769505592029,3.137374255429854e-10,True,0.9613549765847844,rms,10.0,1.1135108336680115,0.6864802524748023
r5_final_inverse_map_complete_2026-08-31,10,0.7,0.1,ZeroOperator,0.01,1.0,,0.0,0.0,0,0.1,0.2,0.2,0.20000000000000004,,,0.0,0.0316742347786504,0.17797256748906667,-3.3930847460664166,,0.09499489274770173,1.0,1.0,,,,,,,,,,,,,,,-300.0
r5_final_inverse_map_complete_2026-08-31,10,0.7,0.1,AIME,0.0,1.0,11.301689392083274,6.866558626322741,0.0,1,0.8966528640441683,0.8,0.8,0.8000000000000002,0.7161466844713602,0.5002257559390912,0.9333333333333333,0.012239939771215487,0.11063426129014234,-0.697628784956223,0.8310665040923892,0.09499489274770173,1.0,1.0,X ~= Y A^T,SVD normal-system solve,11.301689392083274,28.876621254511935,28.876621254511935,326.35460411132397,326.35460411132397,28.87662125451194,3.26354604111324e-10,True,1.0,rms,10.0,1.0531433672728034,0.8367391323930359
r5_final_inverse_map_complete_2026-08-31,10,0.7,0.1,HuberAIME,0.0,1.0,11.43897417689054,4.9143169580048935,0.09499489274770173,5,0.9999999999999999,1.0,1.0,1.0,0.9812374286364577,0.5205930288720461,0.9666666666666667,0.002848241671354017,0.05336892046270017,0.6049607156422929,0.9540305786754191,1.0,0.2079232256103694,1.0,X ~= Y A^T,SVD normal-system solve,11.43897417689054,26.383047529444674,26.383047529444674,301.7949993969934,301.7949993969934,26.383047529444717,3.017949993969934e-10,True,0.9247567517689115,rms,10.0,1.0583870795888743,0.6914631636770959
r5_final_inverse_map_complete_2026-08-31,10,0.7,0.1,RidgeAIME,0.01,1.0,11.298123142745464,6.864603648442914,0.0,1,0.8966528640441683,0.8,0.8,0.8000000000000002,0.7161797582063798,0.5002257559390912,0.9333333333333333,0.012235123694517487,0.11061249339255258,-0.6969608151307254,0.8311016897592046,0.09499489274770173,1.0,1.0,X ~= Y A^T,SVD normal-system solve,11.301689392083274,28.876621254511935,28.886621254511905,326.35460411132397,326.36460411132396,28.88662125451192,3.2636460411132403e-10,True,1.0,rms,10.0,1.0530063039746924,0.8366154668075306
r5_final_inverse_map_complete_2026-08-31,10,0.7,0.1,HuberRidgeAIME,0.01,1.0,11.435018976095666,4.912990777093672,0.09499489274770173,5,0.9999999999999999,1.0,1.0,1.0,0.9812414078365842,0.5205930288720461,0.9666666666666667,0.002848084195647397,0.05336744509199777,0.6049825568684335,0.9540322598327386,1.0,0.20792318483257982,1.0,X ~= Y A^T,SVD normal-system solve,11.438974174601874,26.383047424141797,26.393047424141805,301.7949981320545,301.8049981320544,26.393047424141777,3.0180499813205425e-10,True,0.9247567478952298,rms,10.0,1.0582368896429681,0.6913459488567666
r5_final_inverse_map_complete_2026-08-31,10,0.95,0.0,ZeroOperator,0.01,1.0,,0.0,0.0,0,0.1,0.1,0.1,0.10000000000000002,,,0.0,0.0352103184368312,0.18764412710455716,-10.096213851625752,,,,,,,,,,,,,,,,,,,-300.0
r5_final_inverse_map_complete_2026-08-31,10,0.95,0.0,AIME,0.0,1.0,63.923245625756486,4.845412528706959,0.0,1,0.9999999999999999,1.0,1.0,1.0,0.9982707102416745,0.5205930288720461,1.0,0.0025112832873587475,0.05011270584750685,0.2085917527687603,0.9636823313592621,,,,X ~= Y A^T,SVD normal-system solve,63.923245625756486,5.105312649474882,5.105312649474882,326.34815448866453,326.34815448866453,5.105312649474842,3.2634815448866457e-10,True,1.0,rms,10.0,1.8056588176446626,0.6853307579222281
r5_final_inverse_map_complete_2026-08-31,10,0.95,0.0,HuberAIME,0.0,1.0,63.923245625756486,4.845412528706959,0.0,2,0.9999999999999999,1.0,1.0,1.0,0.9982707102416745,0.5205930288720461,1.0,0.0025112832873587475,0.05011270584750685,0.2085917527687603,0.9636823313592621,,,,X ~= Y A^T,SVD normal-system solve,63.923245625756486,5.105312649474882,5.105312649474882,326.34815448866453,326.34815448866453,5.105312649474842,3.2634815448866457e-10,True,1.0,rms,10.0,1.8056588176446626,0.6853307579222281
r5_final_inverse_map_complete_2026-08-31,10,0.95,0.0,RidgeAIME,0.01,1.0,63.80023604660155,4.839893554286926,0.0,1,0.9999999999999999,1.0,1.0,1.0,0.9982732137962159,0.5205930288720461,1.0,0.002511247546104961,0.05011234923753786,0.2086030163020921,0.9636830368243414,,,,X ~= Y A^T,SVD normal-system solve,63.923245625756486,5.105312649474882,5.1153126494748875,326.34815448866453,326.3581544886646,5.115312649474865,3.2635815448866466e-10,True,1.0,rms,10.0,1.804822285516568,0.6848358101373524
r5_final_inverse_map_complete_2026-08-31,10,0.95,0.0,HuberRidgeAIME,0.01,1.0,63.80023604660155,4.839893554286926,0.0,2,0.9999999999999999,1.0,1.0,1.0,0.9982732137962159,0.5205930288720461,1.0,0.002511247546104961,0.05011234923753786,0.2086030163020921,0.9636830368243414,,,,X ~= Y A^T,SVD normal-system solve,63.923245625756486,5.105312649474882,5.1153126494748875,326.34815448866453,326.3581544886646,5.115312649474865,3.2635815448866466e-10,True,1.0,rms,10.0,1.804822285516568,0.6848358101373524
r5_final_inverse_map_complete_2026-08-31,10,0.95,0.05,ZeroOperator,0.01,1.0,,0.0,0.0,0,0.1,0.1,0.1,0.10000000000000002,,,0.0,0.03248789397454091,0.1802439845724148,-8.710769886614804,,0.05209397344228805,1.0,1.0,,,,,,,,,,,,,,,-300.0
r5_final_inverse_map_complete_2026-08-31,10,0.95,0.05,AIME,0.0,1.0,64.85286645451329,9.304243720963118,0.0,1,0.5330609668109668,0.6,0.6,0.6,0.5944162636529012,0.4693348156672638,0.8666666666666667,0.00703177405131021,0.08385567393629491,-1.101827214791244,0.8978394605708009,0.05209397344228805,1.0,1.0,X ~= Y A^T,SVD normal-system solve,64.85286645451329,5.032040552324513,5.032040552324513,326.3422539335969,326.3422539335969,5.032040552324536,3.263422539335969e-10,True,1.0,rms,10.0,1.8119291763779366,0.9686810780405863
r5_final_inverse_map_complete_2026-08-31,10,0.95,0.05,HuberAIME,0.0,1.0,65.38592663324225,5.132940725365227,0.05209397344228805,6,0.9999999999999999,1.0,1.0,1.0,0.9516781618412851,0.5205699759315447,1.0,0.002702966183457013,0.05199005850599721,0.19207189485961695,0.9575350742892074,1.0000000000000002,0.2197438879641692,1.0,X ~= Y A^T,SVD normal-system solve,65.38592663324225,4.7881630509237905,4.7881630509237905,313.07847795570433,313.07847795570433,4.788163050923853,3.1307847795570436e-10,True,0.9593533588214224,rms,10.0,1.8154842828313718,0.7103662491048237
r5_final_inverse_map_complete_2026-08-31,10,0.95,0.05,RidgeAIME,0.01,1.0,64.72622553246599,9.288435662977177,0.0,1,0.5330609668109668,0.6,0.6,0.6,0.5946044788105816,0.4693348156672638,0.8666666666666667,0.007018248637562753,0.08377498813824298,-1.0977844110125279,0.8979980432691712,0.05209397344228805,1.0,1.0,X ~= Y A^T,SVD normal-system solve,64.85286645451329,5.032040552324513,5.042040552324532,326.3422539335969,326.352253933597,5.042040552324528,3.2635225393359687e-10,True,1.0,rms,10.0,1.8110802821574863,0.9679425772720384
r5_final_inverse_map_complete_2026-08-31,10,0.95,0.05,HuberRidgeAIME,0.01,1.0,65.25173936804279,5.12597648502263,0.05209397344228805,6,0.9999999999999999,1.0,1.0,1.0,0.9517360044918729,0.5205699759315447,1.0,0.0027023601178483604,0.051984229510961884,0.19225305045149466,0.9575438903491628,1.0000000000000002,0.21974361316952146,1.0,X ~= Y A^T,SVD normal-system solve,65.38592807686838,4.7881628737876465,4.798162873787643,313.07847328581045,313.08847328581044,4.798162873787693,3.130884732858104e-10,True,0.9593533445062775,rms,10.0,1.8145920928359867,0.709776609564117
r5_final_inverse_map_complete_2026-08-31,10,0.95,0.1,ZeroOperator,0.01,1.0,,0.0,0.0,0,0.1,0.2,0.2,0.20000000000000004,,,0.0,0.022206215642762688,0.14901750112910458,-5.504952776867702,,0.09397344228804903,1.0,1.0,,,,,,,,,,,,,,,-300.0
r5_final_inverse_map_complete_2026-08-31,10,0.95,0.1,AIME,0.0,1.0,62.33975459739287,10.330269242947507,0.0,1,0.6857758980785297,0.5,0.5,0.5,0.5202474351767201,0.44004605476028125,0.8333333333333334,0.009362530134790195,0.0967601681209277,-1.742602223565279,0.8118564820506567,0.09397344228804903,1.0,1.0,X ~= Y A^T,SVD normal-system solve,62.33975459739287,5.234779501132301,5.234779501132301,326.3348694720503,326.3348694720503,5.234779501132306,3.2633486947205025e-10,True,1.0,rms,10.0,1.7947650883288881,1.0141116409003146
r5_final_inverse_map_complete_2026-08-31,10,0.95,0.1,HuberAIME,0.0,1.0,62.83489839171087,5.27035480563993,0.09397344228804903,6,0.9999999999999999,1.0,1.0,1.0,0.9288489322589152,0.5205699759315447,0.9666666666666667,0.002810141374358441,0.05301076658904718,0.1768144004995551,0.93472318635698,1.0000000000000002,0.2174140284749775,1.0,X ~= Y A^T,SVD normal-system solve,62.83489839171087,4.811603935352501,4.811603935352501,302.3366443790306,302.3366443790306,4.8116039353525055,3.023366443790305e-10,True,0.9264577023694565,rms,10.0,1.7982009171338584,0.7218398533424709
r5_final_inverse_map_complete_2026-08-31,10,0.95,0.1,RidgeAIME,0.01,1.0,62.2228006728587,10.312052864953948,0.0,1,0.6857758980785297,0.5,0.5,0.5,0.5203968489555681,0.44004605476028125,0.8333333333333334,0.009346000037374139,0.09667471250215404,-1.7377599980902905,0.8120862564076952,0.09397344228804903,1.0,1.0,X ~= Y A^T,SVD normal-system solve,62.33975459739287,5.234779501132301,5.244779501132299,326.3348694720503,326.34486947205033,5.244779501132312,3.263448694720504e-10,True,1.0,rms,10.0,1.7939495549789573,1.013345130770767
r5_final_inverse_map_complete_2026-08-31,10,0.95,0.1,HuberRidgeAIME,0.01,1.0,62.70665544184266,5.261919524678353,0.09397344228804903,6,0.9999999999999999,1.0,1.0,1.0,0.9289196909838648,0.5205699759315447,0.9666666666666667,0.002809254937698424,0.05300240501805955,0.17707406782449953,0.9347420946845791,1.0000000000000002,0.21741374391833193,1.0,X ~= Y A^T,SVD normal-system solve,62.834900951167945,4.81160360051363,4.821603600513642,302.33663565455697,302.34663565455696,4.821603600513621,3.02346635654557e-10,True,0.926457675628689,rms,10.0,1.79731363761337,0.7211442017399198
r5_final_inverse_map_complete_2026-08-31,11,0.0,0.0,ZeroOperator,0.01,1.0,,0.0,0.0,0,0.1,0.0,0.0,0.0,,,0.0,0.034327996419082484,0.18527815958467012,-1.393228585298945,,,,,,,,,,,,,,,,,,,-300.0
r5_final_inverse_map_complete_2026-08-31,11,0.0,0.0,AIME,0.0,1.0,4.876651793879164,4.848445135603234,0.0,1,0.9999999999999999,1.0,1.0,1.0,0.9998378321683843,0.5205930288720461,1.0,0.0025026984478228793,0.050026977200535304,0.8255205636649532,0.9628575437232733,,,,X ~= Y A^T,SVD normal-system solve,4.876651793879164,66.9801875949512,66.9801875949512,326.6390519892817,326.6390519892817,66.98018759495125,3.2663905198928157e-10,True,1.0,rms,10.0,0.688121746898596,0.6856024855521166
r5_final_inverse_map_complete_2026-08-31,11,0.0,0.0,HuberAIME,0.0,1.0,4.876651793879164,4.848445135603234,0.0,2,0.9999999999999999,1.0,1.0,1.0,0.9998378321683843,0.5205930288720461,1.0,0.0025026984478228793,0.050026977200535304,0.8255205636649532,0.9628575437232733,,,,X ~= Y A^T,SVD normal-system solve,4.876651793879164,66.9801875949512,66.9801875949512,326.6390519892817,326.6390519892817,66.98018759495125,3.2663905198928157e-10,True,1.0,rms,10.0,0.688121746898596,0.6856024855521166
r5_final_inverse_map_complete_2026-08-31,11,0.0,0.0,RidgeAIME,0.01,1.0,4.876073104382528,4.847887007518945,0.0,1,0.9999999999999999,1.0,1.0,1.0,0.9998378769541258,0.5205930288720461,1.0,0.0025027011533773173,0.05002700424148259,0.8255203750431024,0.9628575296786536,,,,X ~= Y A^T,SVD normal-system solve,4.876651793879164,66.9801875949512,66.99018759495121,326.6390519892817,326.6490519892817,66.9901875949512,3.2664905198928176e-10,True,1.0,rms,10.0,0.6880702081423937,0.6855524889257857
r5_final_inverse_map_complete_2026-08-31,11,0.0,0.0,HuberRidgeAIME,0.01,1.0,4.876073104382528,4.847887007518945,0.0,2,0.9999999999999999,1.0,1.0,1.0,0.9998378769541258,0.5205930288720461,1.0,0.0025027011533773173,0.05002700424148259,0.8255203750431024,0.9628575296786536,,,,X ~= Y A^T,SVD normal-system solve,4.876651793879164,66.9801875949512,66.99018759495121,326.6390519892817,326.6490519892817,66.9901875949512,3.2664905198928176e-10,True,1.0,rms,10.0,0.6880702081423937,0.6855524889257857
r5_final_inverse_map_complete_2026-08-31,11,0.0,0.05,ZeroOperator,0.01,1.0,,0.0,0.0,0,0.1,0.1,0.1,0.10000000000000002,,,0.0,0.04500863401483469,0.21215238394803554,-2.481776561188544,,0.05209397344228805,1.0,1.0,,,,,,,,,,,,,,,-300.0
r5_final_inverse_map_complete_2026-08-31,11,0.0,0.05,AIME,0.0,1.0,4.8602410002098635,5.165173827561697,0.0,1,0.9999999999999999,1.0,1.0,1.0,0.9308246203632031,0.5205469229910433,1.0,0.0064940532904774395,0.08058568911709721,0.4976332201852375,0.9277835098085209,0.05209397344228805,1.0,1.0,X ~= Y A^T,SVD normal-system solve,4.8602410002098635,67.15207156323413,67.15207156323413,326.3752514606574,326.3752514606574,67.15207156323414,3.2637525146065734e-10,True,1.0,rms,10.0,0.6866578047491811,0.7130849417473204
r5_final_inverse_map_complete_2026-08-31,11,0.0,0.05,HuberAIME,0.0,1.0,4.82634185084101,4.8532149626401315,0.05209397344228805,5,0.9999999999999999,1.0,1.0,1.0,0.9965942517637064,0.5205930288720461,1.0,0.0026635900497309762,0.05160998013689771,0.7939500807620232,0.9699590362123739,1.0000000000000002,0.20641385401755297,1.0,X ~= Y A^T,SVD normal-system solve,4.82634185084101,64.83174521981898,64.83174521981898,312.90016521747395,312.90016521747395,64.83174521981888,3.129001652174739e-10,True,0.9586589443870227,rms,10.0,0.6836180798346597,0.6860295278742942
r5_final_inverse_map_complete_2026-08-31,11,0.0,0.05,RidgeAIME,0.01,1.0,4.859666235180983,5.164639483288559,0.0,1,0.9999999999999999,1.0,1.0,1.0,0.930829166587578,0.5205469229910433,1.0,0.0064932850831800875,0.08058092257588075,0.49769264714232253,0.9277875024238184,0.05209397344228805,1.0,1.0,X ~= Y A^T,SVD normal-system solve,4.8602410002098635,67.15207156323413,67.16207156323405,326.3752514606574,326.3852514606574,67.16207156323411,3.263852514606574e-10,True,1.0,rms,10.0,0.6866064426786017,0.7130400110670682
r5_final_inverse_map_complete_2026-08-31,11,0.0,0.05,HuberRidgeAIME,0.01,1.0,4.825751748208434,4.852720566001385,0.05209397344228805,5,0.9999999999999999,1.0,1.0,1.0,0.996594664605088,0.5205930288720461,1.0,0.0026635619040979584,0.05160970745991454,0.7939522580510587,0.9699593443786144,1.0000000000000002,0.20641384584978956,1.0,X ~= Y A^T,SVD normal-system solve,4.826341852907687,64.83174516396517,64.84174516396516,312.90016508189063,312.9101650818906,64.8417451639651,3.129101650818905e-10,True,0.9586589439615313,rms,10.0,0.683564976678381,0.685985284074893
r5_final_inverse_map_complete_2026-08-31,11,0.0,0.1,ZeroOperator,0.01,1.0,,0.0,0.0,0,0.1,0.3,0.3,0.3,,,0.0,0.04651806403995161,0.21568046745116168,-2.629457946957081,,0.10010214504596528,1.0,1.0,,,,,,,,,,,,,,,-300.0
r5_final_inverse_map_complete_2026-08-31,11,0.0,0.1,AIME,0.0,1.0,4.613558735741652,5.605598462681155,0.0,1,0.9999999999999999,1.0,1.0,1.0,0.8650160179729228,0.5202472347645256,0.9666666666666667,0.011064189309996777,0.10518645022053352,0.13674374360642116,0.8903013333286838,0.10010214504596528,1.0,1.0,X ~= Y A^T,SVD normal-system solve,4.613558735741652,70.81151799294938,70.81151799294938,326.69309742749874,326.69309742749874,70.81151799294935,3.2669309742749884e-10,True,1.0,rms,10.0,0.6640360540349193,0.7486219853815547
r5_final_inverse_map_complete_2026-08-31,11,0.0,0.1,HuberAIME,0.0,1.0,4.641886008010989,4.885741135395234,0.10010214504596528,5,0.9999999999999999,1.0,1.0,1.0,0.9934122148784382,0.5205930288720461,0.9666666666666667,0.002855285932702044,0.05343487562165784,0.777223312423752,0.9688804443208654,1.0,0.20106697363858553,1.0,X ~= Y A^T,SVD normal-system solve,4.641886008010989,64.78495088340544,64.78495088340544,300.7243570353589,300.7243570353589,64.78495088340547,3.0072435703535894e-10,True,0.9200250903131576,rms,10.0,0.6666944711695174,0.6889304527218095
r5_final_inverse_map_complete_2026-08-31,11,0.0,0.1,RidgeAIME,0.01,1.0,4.613048501163497,5.605055285605665,0.0,1,0.9999999999999999,1.0,1.0,1.0,0.8650238468847327,0.5202472347645256,0.9666666666666667,0.011062593499819568,0.10517886432083001,0.13686825278471648,0.8903070327899616,0.10010214504596528,1.0,1.0,X ~= Y A^T,SVD normal-system solve,4.613558735741652,70.81151799294938,70.82151799294937,326.69309742749874,326.70309742749873,70.82151799294937,3.267030974274988e-10,True,1.0,rms,10.0,0.6639880207641178,0.7485799006268092
r5_final_inverse_map_complete_2026-08-31,11,0.0,0.1,HuberRidgeAIME,0.01,1.0,4.641323948015121,4.885268323172489,0.10010214504596528,5,0.9999999999999999,1.0,1.0,1.0,0.9934126384765093,0.5205930288720461,0.9666666666666667,0.0028552139064627335,0.05343420165458387,0.7772289320945627,0.9688806261132015,1.0,0.20106695799786967,1.0,X ~= Y A^T,SVD normal-system solve,4.6418860112577285,64.7849507312699,64.79495073126989,300.7243565395029,300.73435653950287,64.7949507312699,3.007343565395029e-10,True,0.9200250887474886,rms,10.0,0.6666418816975227,0.6888884223174085
r5_final_inverse_map_complete_2026-08-31,11,0.7,0.0,ZeroOperator,0.01,1.0,,0.0,0.0,0,0.1,0.3,0.3,0.3,,,0.0,0.018090686944705336,0.13450162431995139,-1.2063764347469879,,,,,,,,,,,,,,,,,,,-300.0
r5_final_inverse_map_complete_2026-08-31,11,0.7,0.0,AIME,0.0,1.0,11.881498194884673,4.8476079886443815,0.0,1,0.9999999999999999,1.0,1.0,1.0,0.9997357120510615,0.5205930288720461,1.0,0.002495501415439974,0.04995499389890838,0.6956436462178692,0.9284704629083873,,,,X ~= Y A^T,SVD normal-system solve,11.881498194884673,27.470010229307263,27.470010229307263,326.3848769529777,326.3848769529777,27.470010229307277,3.2638487695297763e-10,True,1.0,rms,10.0,1.0748712063646386,0.6855274925006106
r5_final_inverse_map_complete_2026-08-31,11,0.7,0.0,HuberAIME,0.0,1.0,11.881498194884673,4.8476079886443815,0.0,2,0.9999999999999999,1.0,1.0,1.0,0.9997357120510615,0.5205930288720461,1.0,0.002495501415439974,0.04995499389890838,0.6956436462178692,0.9284704629083873,,,,X ~= Y A^T,SVD normal-system solve,11.881498194884673,27.470010229307263,27.470010229307263,326.3848769529777,326.3848769529777,27.470010229307277,3.2638487695297763e-10,True,1.0,rms,10.0,1.0748712063646386,0.6855274925006106
r5_final_inverse_map_complete_2026-08-31,11,0.7,0.0,RidgeAIME,0.01,1.0,11.877538408078163,4.846097619491431,0.0,1,0.9999999999999999,1.0,1.0,1.0,0.9997356892258408,0.5205930288720461,1.0,0.0024955227574572623,0.04995520751090183,0.6956410433026698,0.9284700107891264,,,,X ~= Y A^T,SVD normal-system solve,11.881498194884673,27.470010229307263,27.480010229307254,326.3848769529777,326.3948769529777,27.48001022930728,3.263948769529776e-10,True,1.0,rms,10.0,1.0747264434599602,0.6853921582908487
r5_final_inverse_map_complete_2026-08-31,11,0.7,0.0,HuberRidgeAIME,0.01,1.0,11.877538408078163,4.846097619491431,0.0,2,0.9999999999999999,1.0,1.0,1.0,0.9997356892258408,0.5205930288720461,1.0,0.0024955227574572623,0.04995520751090183,0.6956410433026698,0.9284700107891264,,,,X ~= Y A^T,SVD normal-system solve,11.881498194884673,27.470010229307263,27.480010229307254,326.3848769529777,326.3948769529777,27.48001022930728,3.263948769529776e-10,True,1.0,rms,10.0,1.0747264434599602,0.6853921582908487
r5_final_inverse_map_complete_2026-08-31,11,0.7,0.05,ZeroOperator,0.01,1.0,,0.0,0.0,0,0.1,0.0,0.0,0.0,,,0.0,0.0432098113407838,0.20786969798598304,-5.949304863849022,,0.049029622063329927,1.0,1.0,,,,,,,,,,,,,,,-300.0
r5_final_inverse_map_complete_2026-08-31,11,0.7,0.05,AIME,0.0,1.0,12.424936999734435,5.9705891866236085,0.0,1,0.9999999999999999,1.0,1.0,1.0,0.8600934369722711,0.5204086053480351,0.9,0.007171460143268282,0.0846844740390367,-0.1533645093116871,0.9208516931904279,0.049029622063329927,1.0,1.0,X ~= Y A^T,SVD normal-system solve,12.424936999734435,26.268045859602903,26.268045859602903,326.37881491170106,326.37881491170106,26.268045859602886,3.2637881491170106e-10,True,1.0,rms,10.0,1.0942941953339766,0.7760171900696865
r5_final_inverse_map_complete_2026-08-31,11,0.7,0.05,HuberAIME,0.0,1.0,12.571465100238443,4.940805256240157,0.049029622063329927,5,0.9999999999999999,1.0,1.0,1.0,0.9916989235013308,0.5205699759315447,0.9333333333333333,0.0026942996795358684,0.05190664388626824,0.5666838320584567,0.968354179136681,0.9999999999999999,0.20747726385126208,1.0,X ~= Y A^T,SVD normal-system solve,12.571465100238443,24.953146913357816,24.953146913357816,313.6976155624004,313.6976155624004,24.95314691335779,3.136976155624006e-10,True,0.9611429097700314,rms,10.0,1.0993858940638954,0.6937977363409319
r5_final_inverse_map_complete_2026-08-31,11,0.7,0.05,RidgeAIME,0.01,1.0,12.420589287936998,5.969025977146944,0.0,1,0.9999999999999999,1.0,1.0,1.0,0.8601256081774981,0.5204086053480351,0.9,0.00716886162310926,0.08466913028435606,-0.15294659707787805,0.920870687674116,0.049029622063329927,1.0,1.0,X ~= Y A^T,SVD normal-system solve,12.424936999734435,26.268045859602903,26.278045859602905,326.37881491170106,326.38881491170105,26.278045859602898,3.2638881491170105e-10,True,1.0,rms,10.0,1.0941422011890394,0.7759034689414355
r5_final_inverse_map_complete_2026-08-31,11,0.7,0.05,HuberRidgeAIME,0.01,1.0,12.566829741490686,4.939684714228559,0.049029622063329927,5,0.9999999999999999,1.0,1.0,1.0,0.9917021094942472,0.5205699759315447,0.9333333333333333,0.0026941330284385888,0.05190503856504288,0.5667106340565436,0.968355625469209,0.9999999999999999,0.20747717574246513,1.0,X ~= Y A^T,SVD normal-system solve,12.571465160778367,24.953146681313246,24.96314668131325,313.69761415592177,313.7076141559219,24.96314668131325,3.137076141559219e-10,True,0.9611429054500903,rms,10.0,1.0992257311919678,0.6936992300490539
r5_final_inverse_map_complete_2026-08-31,11,0.7,0.1,ZeroOperator,0.01,1.0,,0.0,0.0,0,0.1,0.1,0.1,0.10000000000000002,,,0.0,0.03715923728024785,0.1927673138274429,-4.554439893686479,,0.09397344228804903,1.0,1.0,,,,,,,,,,,,,,,-300.0
r5_final_inverse_map_complete_2026-08-31,11,0.7,0.1,AIME,0.0,1.0,11.659421891874286,6.312805266114992,0.0,1,0.9809090909090908,0.9,0.9,0.9,0.7996959182634853,0.5181955230599042,0.9666666666666667,0.009288471571418553,0.09637671695704597,-0.3884100111786748,0.8803130192243178,0.09397344228804903,1.0,1.0,X ~= Y A^T,SVD normal-system solve,11.659421891874286,27.98931284328186,27.98931284328186,326.3392069034786,326.3392069034786,27.989312843281798,3.2633920690347867e-10,True,1.0,rms,10.0,1.0666770173704045,0.8002223926607773
r5_final_inverse_map_complete_2026-08-31,11,0.7,0.1,HuberAIME,0.0,1.0,11.641826272717346,4.934802567990374,0.09397344228804903,5,0.9999999999999999,1.0,1.0,1.0,0.9881519561573509,0.5205930288720461,1.0,0.0027840296757991848,0.05276390504690858,0.5838524515494877,0.9618200838435699,1.0000000000000002,0.20358610507396777,1.0,X ~= Y A^T,SVD normal-system solve,11.641826272717346,25.933899429836647,25.933899429836647,301.9179517362817,301.9179517362817,25.933899429836707,3.0191795173628167e-10,True,0.9251582448077681,rms,10.0,1.0660211141583482,0.6932697820618808
r5_final_inverse_map_complete_2026-08-31,11,0.7,0.1,RidgeAIME,0.01,1.0,11.655614862054826,6.311121897539787,0.0,1,0.9809090909090908,0.9,0.9,0.9,0.7997277058282257,0.5181955230599042,0.9666666666666667,0.00928531757086337,0.09636035269167174,-0.387938561606761,0.8803382965637084,0.09397344228804903,1.0,1.0,X ~= Y A^T,SVD normal-system solve,11.659421891874286,27.98931284328186,27.99931284328187,326.3392069034786,326.3492069034787,27.999312843281807,3.263492069034787e-10,True,1.0,rms,10.0,1.0665351885519319,0.8001065685312372
r5_final_inverse_map_complete_2026-08-31,11,0.7,0.1,HuberRidgeAIME,0.01,1.0,11.637724439106737,4.933613031548621,0.09397344228804903,5,0.9999999999999999,1.0,1.0,1.0,0.9881557077565309,0.5205930288720461,1.0,0.0027838825983367327,0.05276251129672215,0.5838744362021528,0.9618217993943632,1.0000000000000002,0.20358607006384147,1.0,X ~= Y A^T,SVD normal-system solve,11.641826299889571,25.933899277214106,25.943899277214122,301.9179506641583,301.9279506641584,25.943899277214086,3.019279506641584e-10,True,0.9251582415177461,rms,10.0,1.0658680696478884,0.6931650825566832
r5_final_inverse_map_complete_2026-08-31,11,0.95,0.0,ZeroOperator,0.01,1.0,,0.0,0.0,0,0.1,0.1,0.1,0.10000000000000002,,,0.0,0.040954422893951466,0.20237199137714554,-12.009975528927303,,,,,,,,,,,,,,,,,,,-300.0
r5_final_inverse_map_complete_2026-08-31,11,0.95,0.0,AIME,0.0,1.0,63.216950102335616,4.861922781670855,0.0,1,0.9999999999999999,1.0,1.0,1.0,0.9981249153465229,0.5205930288720461,1.0,0.002477097271908528,0.04977044576762929,0.21310147688439018,0.9692880121373071,,,,X ~= Y A^T,SVD normal-system solve,63.216950102335616,5.162169593317809,5.162169593317809,326.33661760056606,326.33661760056606,5.162169593317797,3.263366176005662e-10,True,1.0,rms,10.0,1.800833539499812,0.6868080569835494
r5_final_inverse_map_complete_2026-08-31,11,0.95,0.0,HuberAIME,0.0,1.0,63.216950102335616,4.861922781670855,0.0,2,0.9999999999999999,1.0,1.0,1.0,0.9981249153465229,0.5205930288720461,1.0,0.002477097271908528,0.04977044576762929,0.21310147688439018,0.9692880121373071,,,,X ~= Y A^T,SVD normal-system solve,63.216950102335616,5.162169593317809,5.162169593317809,326.33661760056606,326.33661760056606,5.162169593317797,3.263366176005662e-10,True,1.0,rms,10.0,1.800833539499812,0.6868080569835494
r5_final_inverse_map_complete_2026-08-31,11,0.95,0.0,RidgeAIME,0.01,1.0,63.09665831959389,4.857123830997768,0.0,1,0.9999999999999999,1.0,1.0,1.0,0.9981303180186974,0.5205930288720461,1.0,0.00247705124523066,0.04976998337583267,0.21311609816117594,0.96928846758032,,,,X ~= Y A^T,SVD normal-system solve,63.216950102335616,5.162169593317809,5.1721695933178005,326.33661760056606,326.34661760056616,5.172169593317797,3.2634661760056623e-10,True,1.0,rms,10.0,1.800006359057278,0.6863791758291143
r5_final_inverse_map_complete_2026-08-31,11,0.95,0.0,HuberRidgeAIME,0.01,1.0,63.09665831959389,4.857123830997768,0.0,2,0.9999999999999999,1.0,1.0,1.0,0.9981303180186974,0.5205930288720461,1.0,0.00247705124523066,0.04976998337583267,0.21311609816117594,0.96928846758032,,,,X ~= Y A^T,SVD normal-system solve,63.216950102335616,5.162169593317809,5.1721695933178005,326.33661760056606,326.34661760056616,5.172169593317797,3.2634661760056623e-10,True,1.0,rms,10.0,1.800006359057278,0.6863791758291143
r5_final_inverse_map_complete_2026-08-31,11,0.95,0.05,ZeroOperator,0.01,1.0,,0.0,0.0,0,0.1,0.0,0.0,0.0,,,0.0,0.02094368528793532,0.14471933280641988,-5.0041716914653716,,0.05515832482124617,1.0,1.0,,,,,,,,,,,,,,,-300.0
r5_final_inverse_map_complete_2026-08-31,11,0.95,0.05,AIME,0.0,1.0,58.99639747991787,9.780551687393887,0.0,1,0.5891033966033967,0.7,0.7,0.7,0.5954927673189069,0.4653236040200266,0.8666666666666667,0.007797906370526912,0.08830575502495244,-1.2355171995248595,0.8327069297687132,0.05515832482124617,1.0,1.0,X ~= Y A^T,SVD normal-system solve,58.99639747991787,5.531589889222159,5.531589889222159,326.34387580044535,326.34387580044535,5.531589889222153,3.263438758004453e-10,True,1.0,rms,10.0,1.7708254929580738,0.9903633525415292
r5_final_inverse_map_complete_2026-08-31,11,0.95,0.05,HuberAIME,0.0,1.0,59.539289816567376,5.235205155244221,0.05515832482124617,5,0.9999999999999999,1.0,1.0,1.0,0.9507898825393873,0.5205469229910433,1.0,0.002702003391118487,0.05198079829243186,0.22538502426110563,0.9334144792416272,0.9999999999999998,0.21409334173383332,1.0,X ~= Y A^T,SVD normal-system solve,59.539289816567376,5.243493365258509,5.243493365258509,312.1938711253745,312.1938711253745,5.243493365258517,3.121938711253746e-10,True,0.9566507052641747,rms,10.0,1.7748036500858926,0.7189337053166205
r5_final_inverse_map_complete_2026-08-31,11,0.95,0.05,RidgeAIME,0.01,1.0,58.89174087659769,9.764121810363132,0.0,1,0.5891033966033967,0.7,0.7,0.7,0.5955987930440989,0.4652313922580212,0.8666666666666667,0.00778406769256059,0.08822736362694167,-1.231549903542783,0.8329112611320172,0.05515832482124617,1.0,1.0,X ~= Y A^T,SVD normal-system solve,58.99639747991787,5.531589889222159,5.5415898892221644,326.34387580044535,326.3538758004454,5.541589889222158,3.2635387580044527e-10,True,1.0,rms,10.0,1.7700543925252255,0.9896331887335332
r5_final_inverse_map_complete_2026-08-31,11,0.95,0.05,HuberRidgeAIME,0.01,1.0,59.427861280321835,5.227205071654322,0.05515832482124617,5,0.9999999999999999,1.0,1.0,1.0,0.9508164784481168,0.5205469229910433,1.0,0.0027012851907060806,0.051973889509118715,0.22559091918960972,0.9334299549655576,0.9999999999999998,0.214093023874309,1.0,X ~= Y A^T,SVD normal-system solve,59.53929054894057,5.243493204654481,5.253493204654459,312.1938654033186,312.2038654033186,5.253493204654488,3.1220386540331855e-10,True,0.9566506877315758,rms,10.0,1.773990100931808,0.7182695385023481
r5_final_inverse_map_complete_2026-08-31,11,0.95,0.1,ZeroOperator,0.01,1.0,,0.0,0.0,0,0.1,0.0,0.0,0.0,,,0.0,0.029004954000525884,0.17030840848450754,-7.480264191436838,,0.09601634320735444,1.0,1.0,,,,,,,,,,,,,,,-300.0
r5_final_inverse_map_complete_2026-08-31,11,0.95,0.1,AIME,0.0,1.0,64.97848864471808,10.92971425099277,0.0,1,0.5510576923076923,0.6,0.6,0.6,0.5153747537797826,0.4381211342284174,0.8,0.010217960494775394,0.1010839279746063,-1.987455332347328,0.8522904179908859,0.09601634320735444,1.0,1.0,X ~= Y A^T,SVD normal-system solve,64.97848864471808,5.0222571965218785,5.0222571965218785,326.33868221505054,326.33868221505054,5.022257196521884,3.263386822150506e-10,True,1.0,rms,10.0,1.8127696057333027,1.0386088078015532
r5_final_inverse_map_complete_2026-08-31,11,0.95,0.1,HuberAIME,0.0,1.0,65.52130177959803,5.271407004520915,0.09601634320735444,6,0.9999999999999999,1.0,1.0,1.0,0.9262951554223549,0.5204547112290379,0.9333333333333333,0.002821478018515678,0.05311758671584843,0.1750761264123759,0.9503342159551663,0.9999999999999997,0.21729981376704627,1.0,X ~= Y A^T,SVD normal-system solve,65.52130177959803,4.606299011239928,4.606299011239928,301.8107076025154,301.8107076025154,4.606299011239926,3.0181070760251535e-10,True,0.9248479902901964,rms,10.0,1.8163825174165835,0.7219265493194098
r5_final_inverse_map_complete_2026-08-31,11,0.95,0.1,RidgeAIME,0.01,1.0,64.85135188253317,10.910662131878661,0.0,1,0.5510576923076923,0.6,0.6,0.6,0.5155473654313008,0.4381211342284174,0.8,0.010196296200461462,0.10097671117867457,-1.9811212785405243,0.8525135947854356,0.09601634320735444,1.0,1.0,X ~= Y A^T,SVD normal-system solve,64.97848864471808,5.0222571965218785,5.032257196521884,326.33868221505054,326.34868221505053,5.032257196521889,3.263486822150506e-10,True,1.0,rms,10.0,1.8119190337586468,1.0378511072790366
r5_final_inverse_map_complete_2026-08-31,11,0.95,0.1,HuberRidgeAIME,0.01,1.0,65.38153527072784,5.263491045072333,0.09601634320735444,6,0.9999999999999999,1.0,1.0,1.0,0.9263720085119945,0.5204547112290379,0.9333333333333333,0.002820454122050351,0.053107947823751875,0.1753754860504051,0.9503496510233361,0.9999999999999997,0.21729953293903692,1.0,X ~= Y A^T,SVD normal-system solve,65.52130374629603,4.606298738610978,4.616298738610981,301.8106987987102,301.8206987987103,4.616298738610972,3.0182069879871017e-10,True,0.9248479633261181,rms,10.0,1.8154551143443338,0.7212738883941082
r5_final_inverse_map_complete_2026-08-31,12,0.0,0.0,ZeroOperator,0.01,1.0,,0.0,0.0,0,0.1,0.1,0.1,0.10000000000000002,,,0.0,0.03658669227851431,0.1912764812477329,-1.4161371066834807,,,,,,,,,,,,,,,,,,,-300.0
r5_final_inverse_map_complete_2026-08-31,12,0.0,0.0,AIME,0.0,1.0,4.751594482935177,4.848467584895037,0.0,1,0.9999999999999999,1.0,1.0,1.0,0.9998599602423522,0.5205930288720461,1.0,0.0025194322346321395,0.05019394619505563,0.8336200041389371,0.9649550650172696,,,,X ~= Y A^T,SVD normal-system solve,4.751594482935177,68.67883189474861,68.67883189474861,326.33395872551995,326.33395872551995,68.67883189474861,3.2633395872552e-10,True,1.0,rms,10.0,0.6768393694019188,0.6856044964196645
r5_final_inverse_map_complete_2026-08-31,12,0.0,0.0,HuberAIME,0.0,1.0,4.751594482935177,4.848467584895037,0.0,2,0.9999999999999999,1.0,1.0,1.0,0.9998599602423522,0.5205930288720461,1.0,0.0025194322346321395,0.05019394619505563,0.8336200041389371,0.9649550650172696,,,,X ~= Y A^T,SVD normal-system solve,4.751594482935177,68.67883189474861,68.67883189474861,326.33395872551995,326.33395872551995,68.67883189474861,3.2633395872552e-10,True,1.0,rms,10.0,0.6768393694019188,0.6856044964196645
r5_final_inverse_map_complete_2026-08-31,12,0.0,0.0,RidgeAIME,0.01,1.0,4.751048310525568,4.8479250276843535,0.0,1,0.9999999999999999,1.0,1.0,1.0,0.999859938196669,0.5205930288720461,1.0,0.002519422566688342,0.05019384988908843,0.833620642597248,0.9649551674275351,,,,X ~= Y A^T,SVD normal-system solve,4.751594482935177,68.67883189474861,68.68883189474859,326.33395872551995,326.34395872552,68.68883189474859,3.2634395872552007e-10,True,1.0,rms,10.0,0.676789446518553,0.6855558949216896
r5_final_inverse_map_complete_2026-08-31,12,0.0,0.0,HuberRidgeAIME,0.01,1.0,4.751048310525568,4.8479250276843535,0.0,2,0.9999999999999999,1.0,1.0,1.0,0.999859938196669,0.5205930288720461,1.0,0.002519422566688342,0.05019384988908843,0.833620642597248,0.9649551674275351,,,,X ~= Y A^T,SVD normal-system solve,4.751594482935177,68.67883189474861,68.68883189474859,326.33395872551995,326.34395872552,68.68883189474859,3.2634395872552007e-10,True,1.0,rms,10.0,0.676789446518553,0.6855558949216896
r5_final_inverse_map_complete_2026-08-31,12,0.0,0.05,ZeroOperator,0.01,1.0,,0.0,0.0,0,0.1,0.1,0.1,0.10000000000000002,,,0.0,0.0361770937114124,0.19020276998880012,-1.3272350888821434,,0.054136874361593465,1.0,1.0,,,,,,,,,,,,,,,-300.0
r5_final_inverse_map_complete_2026-08-31,12,0.0,0.05,AIME,0.0,1.0,4.563760286520632,5.262355009518349,0.0,1,0.9999999999999999,1.0,1.0,1.0,0.9246970740404541,0.5204316582885365,1.0,0.006967048486376524,0.08346884740055133,0.5518169637180163,0.9055003123780586,0.054136874361593465,1.0,1.0,X ~= Y A^T,SVD normal-system solve,4.563760286520632,71.51882796011772,71.51882796011772,326.3947867828867,326.3947867828867,71.51882796011772,3.263947867828867e-10,True,1.0,rms,10.0,0.6593228248400876,0.7211801431556356
r5_final_inverse_map_complete_2026-08-31,12,0.0,0.05,HuberAIME,0.0,1.0,4.508498012495996,4.861742118772531,0.054136874361593465,5,0.9999999999999999,1.0,1.0,1.0,0.9967006144730224,0.5205930288720461,1.0,0.0027007603941844992,0.051968840608430926,0.8262628721326342,0.9619509260856405,1.0,0.20458684543456582,1.0,X ~= Y A^T,SVD normal-system solve,4.508498012495996,69.27204609424274,69.27204609424274,312.31288213742437,312.31288213742437,69.27204609424274,3.123128821374243e-10,True,0.9569388179857323,rms,10.0,0.6540318825588579,0.6867919188503169
r5_final_inverse_map_complete_2026-08-31,12,0.0,0.05,RidgeAIME,0.01,1.0,4.563262059387863,5.261768257199726,0.0,1,0.9999999999999999,1.0,1.0,1.0,0.9246994402658509,0.5204316582885365,1.0,0.006966223122366041,0.08346390311006334,0.551870058532697,0.9055031122966988,0.054136874361593465,1.0,1.0,X ~= Y A^T,SVD normal-system solve,4.563760286520632,71.51882796011772,71.52882796011765,326.3947867828867,326.4047867828866,71.5288279601177,3.2640478678288663e-10,True,1.0,rms,10.0,0.6592754101879676,0.7211317166429414
r5_final_inverse_map_complete_2026-08-31,12,0.0,0.05,HuberRidgeAIME,0.01,1.0,4.507991625323974,4.8611932459227685,0.054136874361593465,5,0.9999999999999999,1.0,1.0,1.0,0.9967008500652923,0.5205930288720461,1.0,0.002700742176001261,0.05196866532826547,0.8262640440895532,0.9619510514138357,1.0,0.20458682478522944,1.0,X ~= Y A^T,SVD normal-system solve,4.508498033297081,69.27204569480656,69.28204569480661,312.31288177750093,312.32288177750104,69.28204569480663,3.123228817775011e-10,True,0.9569388168678419,rms,10.0,0.6539831005686199,0.6867428858286562
r5_final_inverse_map_complete_2026-08-31,12,0.0,0.1,ZeroOperator,0.01,1.0,,0.0,0.0,0,0.1,0.2,0.2,0.20000000000000004,,,0.0,0.03663673694101985,0.1914072541494179,-1.4611639521082367,,0.09703779366700716,1.0,1.0,,,,,,,,,,,,,,,-300.0
r5_final_inverse_map_complete_2026-08-31,12,0.0,0.1,AIME,0.0,1.0,4.866863773826007,5.6310958903240635,0.0,1,0.9999999999999999,1.0,1.0,1.0,0.8565360229313588,0.5205469229910433,0.9666666666666667,0.010954800531725508,0.10466518299666565,0.26408401996544073,0.8601344107723378,0.09703779366700716,1.0,1.0,X ~= Y A^T,SVD normal-system solve,4.866863773826007,67.06313605996172,67.06313605996172,326.3871474493923,326.3871474493923,67.06313605996174,3.2638714744939227e-10,True,1.0,rms,10.0,0.6872491902739892,0.750592922880705
r5_final_inverse_map_complete_2026-08-31,12,0.0,0.1,HuberAIME,0.0,1.0,4.8833860973837995,4.861560124172099,0.09703779366700716,5,0.9999999999999999,1.0,1.0,1.0,0.992423123329564,0.5205930288720461,1.0,0.0028390695616227926,0.053282919980260024,0.8092784389111253,0.9604813318208472,1.0,0.21634853431249917,1.0,X ~= Y A^T,SVD normal-system solve,4.8833860973837995,61.75082760514514,61.75082760514514,301.55313302890954,301.55313302890954,61.75082760514508,3.015531330289095e-10,True,0.9239561907657685,rms,10.0,0.6887210624644241,0.6867756611533457
r5_final_inverse_map_complete_2026-08-31,12,0.0,0.1,RidgeAIME,0.01,1.0,4.866287259292627,5.6304221309908895,0.0,1,0.9999999999999999,1.0,1.0,1.0,0.8565408896217451,0.5205469229910433,0.9666666666666667,0.01095299999243644,0.10465658121893931,0.26420497567172385,0.8601414979458558,0.09703779366700716,1.0,1.0,X ~= Y A^T,SVD normal-system solve,4.866863773826007,67.06313605996172,67.07313605996166,326.3871474493923,326.39714744939226,67.07313605996168,3.263971474493922e-10,True,1.0,rms,10.0,0.6871977419650038,0.750540956536501
r5_final_inverse_map_complete_2026-08-31,12,0.0,0.1,HuberRidgeAIME,0.01,1.0,4.882757314004279,4.860963483901699,0.09703779366700716,5,0.9999999999999999,1.0,1.0,1.0,0.9924235635756996,0.5205930288720461,1.0,0.00283901032002204,0.05328236406187361,0.8092824186130423,0.9604818472779094,1.0,0.21634851997370907,1.0,X ~= Y A^T,SVD normal-system solve,4.883386092186908,61.75082757739671,61.760827577396675,301.5531325724909,301.5631325724908,61.76082757739666,3.0156313257249073e-10,True,0.923956189374364,rms,10.0,0.6886651392323124,0.6867223586183482
r5_final_inverse_map_complete_2026-08-31,12,0.7,0.0,ZeroOperator,0.01,1.0,,0.0,0.0,0,0.1,0.1,0.1,0.10000000000000002,,,0.0,0.03405768835587757,0.18454725236610156,-4.06823285088127,,,,,,,,,,,,,,,,,,,-300.0
r5_final_inverse_map_complete_2026-08-31,12,0.7,0.0,AIME,0.0,1.0,12.222864164811227,4.847311084358307,0.0,1,0.9999999999999999,1.0,1.0,1.0,0.9996140962210145,0.5205930288720461,1.0,0.0024924011862146093,0.04992395403225399,0.6290978578007828,0.962714610853324,,,,X ~= Y A^T,SVD normal-system solve,12.222864164811227,26.6987031490513,26.6987031490513,326.33462196747183,326.33462196747183,26.698703149051276,3.2633462196747194e-10,True,1.0,rms,10.0,1.0871729853845935,0.6855008921974695
r5_final_inverse_map_complete_2026-08-31,12,0.7,0.0,HuberAIME,0.0,1.0,12.222864164811227,4.847311084358307,0.0,2,0.9999999999999999,1.0,1.0,1.0,0.9996140962210145,0.5205930288720461,1.0,0.0024924011862146093,0.04992395403225399,0.6290978578007828,0.962714610853324,,,,X ~= Y A^T,SVD normal-system solve,12.222864164811227,26.6987031490513,26.6987031490513,326.33462196747183,326.33462196747183,26.698703149051276,3.2633462196747194e-10,True,1.0,rms,10.0,1.0871729853845935,0.6855008921974695
r5_final_inverse_map_complete_2026-08-31,12,0.7,0.0,RidgeAIME,0.01,1.0,12.21866221456971,4.846106805988273,0.0,1,0.9999999999999999,1.0,1.0,1.0,0.9996143238731741,0.5205930288720461,1.0,0.0024924021564919274,0.04992396374980584,0.6290977134107312,0.9627145166811137,,,,X ~= Y A^T,SVD normal-system solve,12.222864164811227,26.6987031490513,26.708703149051274,326.33462196747183,326.3446219674718,26.70870314905128,3.263446219674719e-10,True,1.0,rms,10.0,1.0870236588824123,0.6853929815596761
r5_final_inverse_map_complete_2026-08-31,12,0.7,0.0,HuberRidgeAIME,0.01,1.0,12.21866221456971,4.846106805988273,0.0,2,0.9999999999999999,1.0,1.0,1.0,0.9996143238731741,0.5205930288720461,1.0,0.0024924021564919274,0.04992396374980584,0.6290977134107312,0.9627145166811137,,,,X ~= Y A^T,SVD normal-system solve,12.222864164811227,26.6987031490513,26.708703149051274,326.33462196747183,326.3446219674718,26.70870314905128,3.263446219674719e-10,True,1.0,rms,10.0,1.0870236588824123,0.6853929815596761
r5_final_inverse_map_complete_2026-08-31,12,0.7,0.05,ZeroOperator,0.01,1.0,,0.0,0.0,0,0.1,0.0,0.0,0.0,,,0.0,0.04787134264623611,0.21879520709155426,-7.681845616094634,,0.049029622063329927,1.0,1.0,,,,,,,,,,,,,,,-300.0
r5_final_inverse_map_complete_2026-08-31,12,0.7,0.05,AIME,0.0,1.0,12.18493405731416,5.819560095773693,0.0,1,0.9733333333333333,0.9,0.9,0.9,0.8217170926680915,0.5171696672075935,0.9666666666666667,0.007014525301009806,0.08375276294552798,-0.27213949655838765,0.9269342855766319,0.049029622063329927,1.0,1.0,X ~= Y A^T,SVD normal-system solve,12.18493405731416,26.783680561616855,26.783680561616855,326.3573814554685,326.3573814554685,26.78368056161686,3.263573814554686e-10,True,1.0,rms,10.0,1.0858231832029692,0.7648901572961793
r5_final_inverse_map_complete_2026-08-31,12,0.7,0.05,HuberAIME,0.0,1.0,12.161815198186645,4.884746363394999,0.049029622063329927,5,0.9999999999999999,1.0,1.0,1.0,0.9901914965491329,0.5205930288720461,1.0,0.0026840384614366256,0.05180770658344785,0.5132284523111217,0.9715639663548838,0.9999999999999999,0.19965296503972332,1.0,X ~= Y A^T,SVD normal-system solve,12.161815198186645,25.781616961093906,25.781616961093906,313.55126099125846,313.55126099125846,25.781616961093924,3.1355126099125845e-10,True,0.9607592873563909,rms,10.0,1.0849983999138866,0.6888420182415443
r5_final_inverse_map_complete_2026-08-31,12,0.7,0.05,RidgeAIME,0.01,1.0,12.180759590117844,5.818147555311653,0.0,1,0.9733333333333333,0.9,0.9,0.9,0.8217636403363716,0.5171696672075935,0.9666666666666667,0.007012250579937365,0.08373918186809186,-0.271726957948043,0.9269524023021938,0.049029622063329927,1.0,1.0,X ~= Y A^T,SVD normal-system solve,12.18493405731416,26.783680561616855,26.793680561616846,326.3573814554685,326.3673814554685,26.79368056161688,3.2636738145546853e-10,True,1.0,rms,10.0,1.0856743716721162,0.7647847312879766
r5_final_inverse_map_complete_2026-08-31,12,0.7,0.05,HuberRidgeAIME,0.01,1.0,12.157487534634926,4.883782165426084,0.049029622063329927,5,0.9999999999999999,1.0,1.0,1.0,0.9901955165886327,0.5205930288720461,1.0,0.002683940296110516,0.05180675917397764,0.5132462553673768,0.9715649029129362,0.9999999999999999,0.19965292322080286,1.0,X ~= Y A^T,SVD normal-system solve,12.161815225795875,25.781616847609225,25.791616847609237,313.55126032288933,313.56126032288944,25.79161684760926,3.135612603228894e-10,True,0.960759285306025,rms,10.0,1.0848438329478405,0.688756284580126
r5_final_inverse_map_complete_2026-08-31,12,0.7,0.1,ZeroOperator,0.01,1.0,,0.0,0.0,0,0.1,0.0,0.0,0.0,,,0.0,0.03185850685443871,0.17848951469046775,-3.756854565207889,,0.10929519918283963,1.0,1.0,,,,,,,,,,,,,,,-300.0
r5_final_inverse_map_complete_2026-08-31,12,0.7,0.1,AIME,0.0,1.0,12.204909449847799,7.142197452416777,0.0,1,0.9588235294117647,0.9,0.9,0.9,0.7671255345875428,0.5130892967388523,0.9666666666666667,0.011204373941651611,0.10585071535729747,-0.6729464936369438,0.8639776191033304,0.10929519918283963,1.0,1.0,X ~= Y A^T,SVD normal-system solve,12.204909449847799,26.741436827977807,26.741436827977807,326.3768150442943,326.3768150442943,26.741436827977832,3.263768150442942e-10,True,1.0,rms,10.0,1.0865345616657582,0.8538318524809135
r5_final_inverse_map_complete_2026-08-31,12,0.7,0.1,HuberAIME,0.0,1.0,12.182647742266985,5.067016824661465,0.10929519918283963,5,0.9999999999999999,1.0,1.0,1.0,0.9813766532779387,0.5205699759315447,0.9666666666666667,0.0028568512160071506,0.053449520259840975,0.5734380832386707,0.9546838318958322,1.0,0.21265261124700569,1.0,X ~= Y A^T,SVD normal-system solve,12.182647742266985,24.485767054578005,24.485767054578005,298.30147472513005,298.30147472513005,24.485767054577988,2.983014747251301e-10,True,0.9139467103201527,rms,10.0,1.0857416868920131,0.7047523463363595
r5_final_inverse_map_complete_2026-08-31,12,0.7,0.1,RidgeAIME,0.01,1.0,12.200720923630707,7.140095990346802,0.0,1,0.9588235294117647,0.9,0.9,0.9,0.7671509569238901,0.5130892967388523,0.9666666666666667,0.01119963195571805,0.1058283135825099,-0.6722384586515231,0.8640057979903492,0.10929519918283963,1.0,1.0,X ~= Y A^T,SVD normal-system solve,12.204909449847799,26.741436827977807,26.751436827977837,326.3768150442943,326.3868150442943,26.751436827977773,3.263868150442942e-10,True,1.0,rms,10.0,1.086385493289862,0.8537040504033042
r5_final_inverse_map_complete_2026-08-31,12,0.7,0.1,HuberRidgeAIME,0.01,1.0,12.178082689209836,5.065586041677238,0.10929519918283963,5,0.9999999999999999,1.0,1.0,1.0,0.9813794244508344,0.5205699759315447,0.9666666666666667,0.0028565174005438366,0.053446397451501225,0.5734879258636831,0.9546862184626433,1.0,0.2126525473653981,1.0,X ~= Y A^T,SVD normal-system solve,12.18264782405921,24.485766703587284,24.495766703587297,298.3014724518791,298.3114724518791,24.495766703587265,2.9831147245187905e-10,True,0.9139467033381997,rms,10.0,1.0855789185890592,0.704629696476856
r5_final_inverse_map_complete_2026-08-31,12,0.95,0.0,ZeroOperator,0.01,1.0,,0.0,0.0,0,0.1,0.1,0.1,0.10000000000000002,,,0.0,0.04262886023891837,0.20646757672554392,-12.688742424091572,,,,,,,,,,,,,,,,,,,-300.0
r5_final_inverse_map_complete_2026-08-31,12,0.95,0.0,AIME,0.0,1.0,65.31984219774391,4.84163544025617,0.0,1,0.9999999999999999,1.0,1.0,1.0,0.9978250304655634,0.5205930288720461,1.0,0.0024928494375080273,0.049928443171282914,0.19951005818975243,0.9703208480302142,,,,X ~= Y A^T,SVD normal-system solve,65.31984219774391,4.996050921009449,4.996050921009449,326.3412577722303,326.3412577722303,4.996050921009404,3.2634125777223015e-10,True,1.0,rms,10.0,1.815045126880126,0.6849920853441172
r5_final_inverse_map_complete_2026-08-31,12,0.95,0.0,HuberAIME,0.0,1.0,65.31984219774391,4.84163544025617,0.0,2,0.9999999999999999,1.0,1.0,1.0,0.9978250304655634,0.5205930288720461,1.0,0.0024928494375080273,0.049928443171282914,0.19951005818975243,0.9703208480302142,,,,X ~= Y A^T,SVD normal-system solve,65.31984219774391,4.996050921009449,4.996050921009449,326.3412577722303,326.3412577722303,4.996050921009404,3.2634125777223015e-10,True,1.0,rms,10.0,1.815045126880126,0.6849920853441172
r5_final_inverse_map_complete_2026-08-31,12,0.95,0.0,RidgeAIME,0.01,1.0,65.19135800289075,4.837084257406216,0.0,1,0.9999999999999999,1.0,1.0,1.0,0.9978263394370382,0.5205930288720461,1.0,0.0024928065339029416,0.04992801351849422,0.19952383515671301,0.9703213227545815,,,,X ~= Y A^T,SVD normal-system solve,65.31984219774391,4.996050921009449,5.006050921009483,326.3412577722303,326.3512577722302,5.00605092100945,3.263512577722302e-10,True,1.0,rms,10.0,1.8141900279341743,0.6845836524510713
r5_final_inverse_map_complete_2026-08-31,12,0.95,0.0,HuberRidgeAIME,0.01,1.0,65.19135800289075,4.837084257406216,0.0,2,0.9999999999999999,1.0,1.0,1.0,0.9978263394370382,0.5205930288720461,1.0,0.0024928065339029416,0.04992801351849422,0.19952383515671301,0.9703213227545815,,,,X ~= Y A^T,SVD normal-system solve,65.31984219774391,4.996050921009449,5.006050921009483,326.3412577722303,326.3512577722302,5.00605092100945,3.263512577722302e-10,True,1.0,rms,10.0,1.8141900279341743,0.6845836524510713
r5_final_inverse_map_complete_2026-08-31,12,0.95,0.05,ZeroOperator,0.01,1.0,,0.0,0.0,0,0.1,0.0,0.0,0.0,,,0.0,0.030181263355686515,0.1737275549695169,-8.059035901395196,,0.05209397344228805,1.0,1.0,,,,,,,,,,,,,,,-300.0
r5_final_inverse_map_complete_2026-08-31,12,0.95,0.05,AIME,0.0,1.0,62.82259809182168,8.902875572682781,0.0,1,0.7352597402597403,0.5,0.5,0.5,0.640039143434758,0.47659649192519343,1.0,0.006650290151758209,0.08154931116666903,-0.9961131689380258,0.8915959520661951,0.05209397344228805,1.0,1.0,X ~= Y A^T,SVD normal-system solve,62.82259809182168,5.194723596563845,5.194723596563845,326.3460327050329,326.3460327050329,5.194723596563827,3.263460327050328e-10,True,1.0,rms,10.0,1.7981158931196264,0.9495303036833553
r5_final_inverse_map_complete_2026-08-31,12,0.95,0.05,HuberAIME,0.0,1.0,62.34313087233428,5.180692499538922,0.05209397344228805,5,0.9999999999999999,1.0,1.0,1.0,0.9659063118523935,0.5204777641695393,1.0,0.002669316317917634,0.05166542671765747,0.19879323568342921,0.9547676206960073,1.0000000000000002,0.2059622932108737,1.0,X ~= Y A^T,SVD normal-system solve,62.34313087233428,5.018118420512783,5.018118420512783,312.8452134228998,312.8452134228998,5.018118420512764,3.1284521342289966e-10,True,0.9586354207903519,rms,10.0,1.7947886087594793,0.7143878154647586
r5_final_inverse_map_complete_2026-08-31,12,0.95,0.05,RidgeAIME,0.01,1.0,62.70381637950837,8.888030821424035,0.0,1,0.7376406926406927,0.5,0.5,0.5,0.6402435130440343,0.4776915065990082,1.0,0.006640004499934709,0.08148622276148716,-0.9930258863402024,0.8917329582501031,0.05209397344228805,1.0,1.0,X ~= Y A^T,SVD normal-system solve,62.82259809182168,5.194723596563845,5.204723596563831,326.3460327050329,326.3560327050328,5.20472359656384,3.263560327050328e-10,True,1.0,rms,10.0,1.7972939743573777,0.9488055519579208
r5_final_inverse_map_complete_2026-08-31,12,0.95,0.05,HuberRidgeAIME,0.01,1.0,62.22113089349441,5.17362712332712,0.05209397344228805,5,0.9999999999999999,1.0,1.0,1.0,0.9659607804251128,0.5204777641695393,1.0,0.002668817803704692,0.05166060204551136,0.1989428668668285,0.954775748117589,1.0000000000000002,0.20596208635542448,1.0,X ~= Y A^T,SVD normal-system solve,62.34313106695148,5.018118348414083,5.028118348414077,312.84520990465325,312.85520990465324,5.028118348414069,3.1285520990465317e-10,True,0.9586354100144296,rms,10.0,1.7939379003172182,0.7137951247831189
r5_final_inverse_map_complete_2026-08-31,12,0.95,0.1,ZeroOperator,0.01,1.0,,0.0,0.0,0,0.1,0.1,0.1,0.10000000000000002,,,0.0,0.03430025359323386,0.18520327641063444,-9.842628320686513,,0.1062308478038815,1.0,1.0,,,,,,,,,,,,,,,-300.0
r5_final_inverse_map_complete_2026-08-31,12,0.95,0.1,AIME,0.0,1.0,68.27265753717498,12.483455492658303,0.0,1,0.7310718267240006,0.6,0.6,0.6,0.5676046856780645,0.4619463482365768,0.9,0.010984788540942111,0.10480834194348325,-2.4723935497160965,0.8552084261214098,0.1062308478038815,1.0,1.0,X ~= Y A^T,SVD normal-system solve,68.27265753717498,4.779892642315741,4.779892642315741,326.335973433285,326.335973433285,4.779892642315772,3.263359734332851e-10,True,1.0,rms,10.0,1.834246808245955,1.0963348172112433
r5_final_inverse_map_complete_2026-08-31,12,0.95,0.1,HuberAIME,0.0,1.0,66.97154299224086,5.6236009457636404,0.1062308478038815,5,0.9999999999999999,1.0,1.0,1.0,0.9246165475508831,0.5203394465265311,1.0,0.002871740578282718,0.05358862359011209,0.09221616571677316,0.9573203345672411,1.0,0.21609265872217534,1.0,X ~= Y A^T,SVD normal-system solve,66.97154299224086,4.466992902046165,4.466992902046165,299.1614071854195,299.1614071854195,4.466992902046225,2.9916140718541953e-10,True,0.91672485853637,rms,10.0,1.8258903049880866,0.7500144952973874
r5_final_inverse_map_complete_2026-08-31,12,0.95,0.1,RidgeAIME,0.01,1.0,68.13221042789446,12.459898749932417,0.0,1,0.7310718267240006,0.6,0.6,0.6,0.5677765636898763,0.4619463482365768,0.9,0.010959935198244687,0.10468970913248678,-2.4645371775565637,0.8554545132955219,0.1062308478038815,1.0,1.0,X ~= Y A^T,SVD normal-system solve,68.27265753717498,4.779892642315741,4.789892642315825,326.335973433285,326.34597343328517,4.789892642315757,3.263459734332851e-10,True,1.0,rms,10.0,1.8333524790768507,1.0955145132281023
r5_final_inverse_map_complete_2026-08-31,12,0.95,0.1,HuberRidgeAIME,0.01,1.0,66.82418819353504,5.614812399518581,0.1062308478038815,5,0.9999999999999999,1.0,1.0,1.0,0.9247543381781071,0.5203394465265311,1.0,0.0028702644473405535,0.05357484901836452,0.09268278439978228,0.9573410042299496,1.0,0.21609237413969185,1.0,X ~= Y A^T,SVD normal-system solve,66.97154502576214,4.4669926191180505,4.476992619118046,299.16139732101163,299.1713973210116,4.476992619118024,2.9917139732101164e-10,True,0.9167248283049315,rms,10.0,1.8249336914808063,0.7493352503187664
r5_final_inverse_map_complete_2026-08-31,13,0.0,0.0,ZeroOperator,0.01,1.0,,0.0,0.0,0,0.1,0.1,0.1,0.10000000000000002,,,0.0,0.038289800235276894,0.19567779699106613,-1.4631651551333653,,,,,,,,,,,,,,,,,,,-300.0
r5_final_inverse_map_complete_2026-08-31,13,0.0,0.0,AIME,0.0,1.0,4.793145091070754,4.845228401909905,0.0,1,0.9999999999999999,1.0,1.0,1.0,0.9998423420951101,0.5205930288720461,1.0,0.002532291518546964,0.05032187912376647,0.8370988568026534,0.9663683283318157,,,,X ~= Y A^T,SVD normal-system solve,4.793145091070754,68.10908637876881,68.10908637876881,326.4567330337096,326.4567330337096,68.10908637876881,3.264567330337096e-10,True,1.0,rms,10.0,0.6806205755174889,0.6853142543178714
r5_final_inverse_map_complete_2026-08-31,13,0.0,0.0,HuberAIME,0.0,1.0,4.793145091070754,4.845228401909905,0.0,2,0.9999999999999999,1.0,1.0,1.0,0.9998423420951101,0.5205930288720461,1.0,0.002532291518546964,0.05032187912376647,0.8370988568026534,0.9663683283318157,,,,X ~= Y A^T,SVD normal-system solve,4.793145091070754,68.10908637876881,68.10908637876881,326.4567330337096,326.4567330337096,68.10908637876881,3.264567330337096e-10,True,1.0,rms,10.0,0.6806205755174889,0.6853142543178714
r5_final_inverse_map_complete_2026-08-31,13,0.0,0.0,RidgeAIME,0.01,1.0,4.792588250794006,4.844688290403224,0.0,1,0.9999999999999999,1.0,1.0,1.0,0.9998423210364795,0.5205930288720461,1.0,0.0025323036374311565,0.050321999537291405,0.8370980772004335,0.9663682838395501,,,,X ~= Y A^T,SVD normal-system solve,4.793145091070754,68.10908637876881,68.11908637876884,326.4567330337096,326.4667330337096,68.11908637876877,3.264667330337096e-10,True,1.0,rms,10.0,0.6805701187290221,0.6852658395678471
r5_final_inverse_map_complete_2026-08-31,13,0.0,0.0,HuberRidgeAIME,0.01,1.0,4.792588250794006,4.844688290403224,0.0,2,0.9999999999999999,1.0,1.0,1.0,0.9998423210364795,0.5205930288720461,1.0,0.0025323036374311565,0.050321999537291405,0.8370980772004335,0.9663682838395501,,,,X ~= Y A^T,SVD normal-system solve,4.793145091070754,68.10908637876881,68.11908637876884,326.4567330337096,326.4667330337096,68.11908637876877,3.264667330337096e-10,True,1.0,rms,10.0,0.6805701187290221,0.6852658395678471
r5_final_inverse_map_complete_2026-08-31,13,0.0,0.05,ZeroOperator,0.01,1.0,,0.0,0.0,0,0.1,0.2,0.2,0.20000000000000004,,,0.0,0.034162951884910336,0.1848322263159494,-1.0831309960423523,,0.05107252298263534,1.0,1.0,,,,,,,,,,,,,,,-300.0
r5_final_inverse_map_complete_2026-08-31,13,0.0,0.05,AIME,0.0,1.0,4.7551034600297655,5.351669759596448,0.0,1,0.9999999999999999,1.0,1.0,1.0,0.9261467470813991,0.5204777641695393,1.0,0.007014420396513742,0.0837521366683486,0.5722864758152378,0.9008939476961845,0.05107252298263534,1.0,1.0,X ~= Y A^T,SVD normal-system solve,4.7551034600297655,68.63919906301585,68.63919906301585,326.3864929582185,326.3864929582185,68.63919906301588,3.2638649295821865e-10,True,1.0,rms,10.0,0.6771599706175362,0.7284893061779287
r5_final_inverse_map_complete_2026-08-31,13,0.0,0.05,HuberAIME,0.0,1.0,4.722814368869607,4.872432649882395,0.05107252298263534,5,0.9999999999999999,1.0,1.0,1.0,0.9964607145081448,0.5205930288720461,1.0,0.0026676897114734496,0.05164968258831268,0.8373341055388075,0.960177575838271,1.0,0.23214858892142737,1.0,X ~= Y A^T,SVD normal-system solve,4.722814368869607,66.39231350204149,66.39231350204149,313.5585721899372,313.5585721899372,66.39231350204145,3.135585721899372e-10,True,0.9607838911604406,rms,10.0,0.6742008758837204,0.6877458447139103
r5_final_inverse_map_complete_2026-08-31,13,0.0,0.05,RidgeAIME,0.01,1.0,4.754556461155595,5.351031436470545,0.0,1,0.9999999999999999,1.0,1.0,1.0,0.9261486526661428,0.5204777641695393,1.0,0.007013398509342073,0.08374603578284809,0.5723487867317223,0.900897478853766,0.05107252298263534,1.0,1.0,X ~= Y A^T,SVD normal-system solve,4.7551034600297655,68.63919906301585,68.64919906301583,326.3864929582185,326.3964929582185,68.64919906301583,3.263964929582186e-10,True,1.0,rms,10.0,0.6771100090847599,0.7284375023937248
r5_final_inverse_map_complete_2026-08-31,13,0.0,0.05,HuberRidgeAIME,0.01,1.0,4.7222537208314455,4.871841900462319,0.05107252298263534,5,0.9999999999999999,1.0,1.0,1.0,0.9964608322559639,0.5205930288720461,1.0,0.0026676503157746123,0.05164930121283939,0.8373365077434424,0.9601777368582807,1.0,0.23214857584935303,1.0,X ~= Y A^T,SVD normal-system solve,4.722814366111742,66.3923134938255,66.4023134938255,313.55857196803356,313.56857196803355,66.40231349382549,3.135685719680333e-10,True,0.9607838904928168,rms,10.0,0.6741493174730796,0.6876931862605148
r5_final_inverse_map_complete_2026-08-31,13,0.0,0.1,ZeroOperator,0.01,1.0,,0.0,0.0,0,0.1,0.1,0.1,0.10000000000000002,,,0.0,0.04350507502355318,0.20857870222904634,-2.139861644084873,,0.09397344228804903,1.0,1.0,,,,,,,,,,,,,,,-300.0
r5_final_inverse_map_complete_2026-08-31,13,0.0,0.1,AIME,0.0,1.0,4.459925126063501,5.693393263760704,0.0,1,0.9999999999999999,1.0,1.0,1.0,0.8904349931448502,0.5204777641695393,0.9333333333333333,0.010305897906878823,0.10151796839416569,0.2561995691733775,0.8904352809727061,0.09397344228804903,1.0,1.0,X ~= Y A^T,SVD normal-system solve,4.459925126063501,73.214014837024,73.214014837024,326.5290243516293,326.5290243516293,73.21401483702402,3.265290243516294e-10,True,1.0,rms,10.0,0.6493275677681034,0.7553711831761081
r5_final_inverse_map_complete_2026-08-31,13,0.0,0.1,HuberAIME,0.0,1.0,4.4915691895821865,4.932293556411927,0.09397344228804903,5,0.9999999999999999,1.0,1.0,1.0,0.9937484845268237,0.5205930288720461,0.9666666666666667,0.002835770379068793,0.053251951880365786,0.7953359087451376,0.9669274772668578,1.0000000000000002,0.21068558373796503,1.0,X ~= Y A^T,SVD normal-system solve,4.4915691895821865,67.31615506774233,67.31615506774233,302.3551680634082,302.3551680634082,67.31615506774239,3.023551680634082e-10,True,0.9258254072562746,rms,10.0,0.652398094081021,0.6930489166941378
r5_final_inverse_map_complete_2026-08-31,13,0.0,0.1,RidgeAIME,0.01,1.0,4.459452613714409,5.692799917774392,0.0,1,0.9999999999999999,1.0,1.0,1.0,0.8904394562506347,0.5204777641695393,0.9333333333333333,0.010304201469196453,0.10150961269355949,0.25632200499511937,0.8904418475584599,0.09397344228804903,1.0,1.0,X ~= Y A^T,SVD normal-system solve,4.459925126063501,73.214014837024,73.22401483702403,326.5290243516293,326.53902435162945,73.22401483702401,3.265390243516295e-10,True,1.0,rms,10.0,0.6492815534581323,0.7553259201309727
r5_final_inverse_map_complete_2026-08-31,13,0.0,0.1,HuberRidgeAIME,0.01,1.0,4.4910505924548785,4.931777716764135,0.09397344228804903,5,0.9999999999999999,1.0,1.0,1.0,0.9937489582302307,0.5205930288720461,0.9666666666666667,0.002835643069948157,0.05325075651996089,0.7953450969381153,0.9669282269126838,1.0000000000000002,0.21068554794197566,1.0,X ~= Y A^T,SVD normal-system solve,4.491569197625951,67.31615470076868,67.32615470076867,302.35516695659595,302.36516695659594,67.32615470076867,3.0236516695659594e-10,True,0.9258254038924022,rms,10.0,0.6523479474920668,0.6930034940067741
r5_final_inverse_map_complete_2026-08-31,13,0.7,0.0,ZeroOperator,0.01,1.0,,0.0,0.0,0,0.1,0.2,0.2,0.20000000000000004,,,0.0,0.03292009198943312,0.18143894838053135,-3.7848815464629864,,,,,,,,,,,,,,,,,,,-300.0
r5_final_inverse_map_complete_2026-08-31,13,0.7,0.0,AIME,0.0,1.0,11.684967222113622,4.84958875756151,0.0,1,0.9999999999999999,1.0,1.0,1.0,0.9996351766555434,0.5205930288720461,1.0,0.002494292739208589,0.04994289478202669,0.6374586285133492,0.961370547496787,,,,X ~= Y A^T,SVD normal-system solve,11.684967222113622,27.930438584747527,27.930438584747527,326.36625936203245,326.36625936203245,27.930438584747456,3.263662593620323e-10,True,1.0,rms,10.0,1.0676274984762004,0.6857049122323357
r5_final_inverse_map_complete_2026-08-31,13,0.7,0.0,HuberAIME,0.0,1.0,11.684967222113622,4.84958875756151,0.0,2,0.9999999999999999,1.0,1.0,1.0,0.9996351766555434,0.5205930288720461,1.0,0.002494292739208589,0.04994289478202669,0.6374586285133492,0.961370547496787,,,,X ~= Y A^T,SVD normal-system solve,11.684967222113622,27.930438584747527,27.930438584747527,326.36625936203245,326.36625936203245,27.930438584747456,3.263662593620323e-10,True,1.0,rms,10.0,1.0676274984762004,0.6857049122323357
r5_final_inverse_map_complete_2026-08-31,13,0.7,0.0,RidgeAIME,0.01,1.0,11.681143027590087,4.848399178646598,0.0,1,0.9999999999999999,1.0,1.0,1.0,0.9996352361902926,0.5205930288720461,1.0,0.0024942955740162487,0.04994292316250871,0.6374582164786907,0.9613705975257874,,,,X ~= Y A^T,SVD normal-system solve,11.684967222113622,27.930438584747527,27.94043858474751,326.36625936203245,326.37625936203244,27.940438584747472,3.263762593620323e-10,True,1.0,rms,10.0,1.0674853416023027,0.6855983689855253
r5_final_inverse_map_complete_2026-08-31,13,0.7,0.0,HuberRidgeAIME,0.01,1.0,11.681143027590087,4.848399178646598,0.0,2,0.9999999999999999,1.0,1.0,1.0,0.9996352361902926,0.5205930288720461,1.0,0.0024942955740162487,0.04994292316250871,0.6374582164786907,0.9613705975257874,,,,X ~= Y A^T,SVD normal-system solve,11.684967222113622,27.930438584747527,27.94043858474751,326.36625936203245,326.37625936203244,27.940438584747472,3.263762593620323e-10,True,1.0,rms,10.0,1.0674853416023027,0.6855983689855253
r5_final_inverse_map_complete_2026-08-31,13,0.7,0.05,ZeroOperator,0.01,1.0,,0.0,0.0,0,0.1,0.1,0.1,0.10000000000000002,,,0.0,0.025639907080189362,0.16012466106190315,-2.2897273845936925,,0.05107252298263534,1.0,1.0,,,,,,,,,,,,,,,-300.0
r5_final_inverse_map_complete_2026-08-31,13,0.7,0.05,AIME,0.0,1.0,12.256645343557832,6.052248415396247,0.0,1,0.941540404040404,0.8,0.8,0.8000000000000002,0.8284662461423379,0.5138615702456478,0.9333333333333333,0.007062357863852445,0.08403783590652751,0.09386442034077713,0.8671928769741919,0.05107252298263534,1.0,1.0,X ~= Y A^T,SVD normal-system solve,12.256645343557832,26.626332999955324,26.626332999955324,326.34952037992264,326.34952037992264,26.62633299995533,3.263495203799225e-10,True,1.0,rms,10.0,1.0883716195998479,0.7819167453957118
r5_final_inverse_map_complete_2026-08-31,13,0.7,0.05,HuberAIME,0.0,1.0,12.298271905237646,4.929539349209198,0.05107252298263534,5,0.9999999999999999,1.0,1.0,1.0,0.9902316339252146,0.5205930288720461,0.9333333333333333,0.0026808965638527105,0.05177737501894732,0.6560276597810408,0.9463051510073595,1.0,0.21574871942545418,1.0,X ~= Y A^T,SVD normal-system solve,12.298271905237646,25.47348563067369,25.47348563067369,313.27985266018914,313.27985266018914,25.473485630673725,3.13279852660189e-10,True,0.9599463084486952,rms,10.0,1.0898440907283804,0.6928063376456568
r5_final_inverse_map_complete_2026-08-31,13,0.7,0.05,RidgeAIME,0.01,1.0,12.252419294370192,6.050298894741309,0.0,1,0.941540404040404,0.8,0.8,0.8000000000000002,0.8284819522792648,0.5138615702456478,0.9333333333333333,0.007059647011899484,0.08402170559980013,0.09421223610615204,0.8672191072509293,0.05107252298263534,1.0,1.0,X ~= Y A^T,SVD normal-system solve,12.256645343557832,26.626332999955324,26.63633299995536,326.34952037992264,326.3595203799225,26.636332999955336,3.263595203799225e-10,True,1.0,rms,10.0,1.08822185053377,0.7817768300459226
r5_final_inverse_map_complete_2026-08-31,13,0.7,0.05,HuberRidgeAIME,0.01,1.0,12.293838341974977,4.927999514971133,0.05107252298263534,5,0.9999999999999999,1.0,1.0,1.0,0.9902332460510358,0.5205930288720461,0.9333333333333333,0.00268074680989884,0.0517759288656306,0.6560468739568746,0.9463073190940177,1.0,0.21574864670973837,1.0,X ~= Y A^T,SVD normal-system solve,12.298271908135463,25.473485526521493,25.483485526521513,313.2798514531146,313.2898514531146,25.483485526521495,3.132898514531145e-10,True,0.9599463047349202,rms,10.0,1.08968749806011,0.6926706564117727
r5_final_inverse_map_complete_2026-08-31,13,0.7,0.1,ZeroOperator,0.01,1.0,,0.0,0.0,0,0.1,0.1,0.1,0.10000000000000002,,,0.0,0.03202490073491081,0.178955024335476,-3.5818134873105336,,0.09805924412665985,1.0,1.0,,,,,,,,,,,,,,,-300.0
r5_final_inverse_map_complete_2026-08-31,13,0.7,0.1,AIME,0.0,1.0,12.218962851993801,6.684291019803508,0.0,1,0.9999999999999999,1.0,1.0,1.0,0.8068160417724867,0.5203394465265311,0.9,0.009588498791810176,0.09792088026468193,-0.3718297974140148,0.8657565901682233,0.09805924412665985,1.0,1.0,X ~= Y A^T,SVD normal-system solve,12.218962851993801,26.711079420704458,26.711079420704458,326.38168717824385,326.38168717824385,26.71107942070443,3.263816871782438e-10,True,1.0,rms,10.0,1.0870343444685924,0.8250553498903258
r5_final_inverse_map_complete_2026-08-31,13,0.7,0.1,HuberAIME,0.0,1.0,12.085246468699387,4.9959080261208095,0.09805924412665985,5,0.9999999999999999,1.0,1.0,1.0,0.9865254324169437,0.5205930288720461,0.9666666666666667,0.0027910619678792148,0.05283050224897748,0.6006818108757493,0.9555442797909425,0.9999999999999999,0.22084284832057857,1.0,X ~= Y A^T,SVD normal-system solve,12.085246468699387,24.941815914455958,24.941815914455958,301.427992703129,301.427992703129,24.941815914455972,3.0142799270312905e-10,True,0.9235964386504347,rms,10.0,1.0822555119140955,0.6986144344827447
r5_final_inverse_map_complete_2026-08-31,13,0.7,0.1,RidgeAIME,0.01,1.0,12.21476430796218,6.682264961185187,0.0,1,0.9999999999999999,1.0,1.0,1.0,0.8068367798355858,0.5203394465265311,0.9,0.009584457256524034,0.09790024135069349,-0.3712515735801061,0.8657874038149755,0.09805924412665985,1.0,1.0,X ~= Y A^T,SVD normal-system solve,12.218962851993801,26.711079420704458,26.72107942070448,326.38168717824385,326.39168717824384,26.721079420704474,3.263916871782438e-10,True,1.0,rms,10.0,1.0868850913881296,0.8249236920293271
r5_final_inverse_map_complete_2026-08-31,13,0.7,0.1,HuberRidgeAIME,0.01,1.0,12.080803817754065,4.994481523166156,0.09805924412665985,5,0.9999999999999999,1.0,1.0,1.0,0.9865283721379042,0.5205930288720461,0.9666666666666667,0.0027908063097369686,0.052828082586224616,0.600718387973489,0.9555470236138249,0.9999999999999999,0.2208427936792011,1.0,X ~= Y A^T,SVD normal-system solve,12.085246478998055,24.94181574783787,24.951815747837884,301.42799094637587,301.4379909463759,24.951815747837855,3.014379909463759e-10,True,0.9235964332923425,rms,10.0,1.0820958318017526,0.6984904108172453
r5_final_inverse_map_complete_2026-08-31,13,0.95,0.0,ZeroOperator,0.01,1.0,,0.0,0.0,0,0.1,0.0,0.0,0.0,,,0.0,0.03236515525477439,0.17990318300345437,-9.062412991630778,,,,,,,,,,,,,,,,,,,-300.0
r5_final_inverse_map_complete_2026-08-31,13,0.95,0.0,AIME,0.0,1.0,70.03043539395841,4.8513712952315675,0.0,1,0.9999999999999999,1.0,1.0,1.0,0.9980562120494096,0.5205930288720461,1.0,0.0024863228170959,0.04986304059216506,0.22699561243590227,0.9608220603943164,,,,X ~= Y A^T,SVD normal-system solve,70.03043539395841,4.660099553277699,4.660099553277699,326.34880069522836,326.34880069522836,4.660099553277737,3.263488006952283e-10,True,1.0,rms,10.0,1.8452868264565991,0.6858645142260332
r5_final_inverse_map_complete_2026-08-31,13,0.95,0.0,HuberAIME,0.0,1.0,70.03043539395841,4.8513712952315675,0.0,2,0.9999999999999999,1.0,1.0,1.0,0.9980562120494096,0.5205930288720461,1.0,0.0024863228170959,0.04986304059216506,0.22699561243590227,0.9608220603943164,,,,X ~= Y A^T,SVD normal-system solve,70.03043539395841,4.660099553277699,4.660099553277699,326.34880069522836,326.34880069522836,4.660099553277737,3.263488006952283e-10,True,1.0,rms,10.0,1.8452868264565991,0.6858645142260332
r5_final_inverse_map_complete_2026-08-31,13,0.95,0.0,RidgeAIME,0.01,1.0,69.88262176684758,4.845298110834322,0.0,1,0.9999999999999999,1.0,1.0,1.0,0.9980571399263013,0.5205930288720461,1.0,0.002486287469174039,0.04986268614078105,0.22700660219897806,0.9608226395966497,,,,X ~= Y A^T,SVD normal-system solve,70.03043539395841,4.660099553277699,4.6700995532776854,326.34880069522836,326.35880069522835,4.67009955327771,3.2635880069522827e-10,True,1.0,rms,10.0,1.8443691899215953,0.6853205025235132
r5_final_inverse_map_complete_2026-08-31,13,0.95,0.0,HuberRidgeAIME,0.01,1.0,69.88262176684758,4.845298110834322,0.0,2,0.9999999999999999,1.0,1.0,1.0,0.9980571399263013,0.5205930288720461,1.0,0.002486287469174039,0.04986268614078105,0.22700660219897806,0.9608226395966497,,,,X ~= Y A^T,SVD normal-system solve,70.03043539395841,4.660099553277699,4.6700995532776854,326.34880069522836,326.35880069522835,4.67009955327771,3.2635880069522827e-10,True,1.0,rms,10.0,1.8443691899215953,0.6853205025235132
r5_final_inverse_map_complete_2026-08-31,13,0.95,0.05,ZeroOperator,0.01,1.0,,0.0,0.0,0,0.1,0.2,0.2,0.20000000000000004,,,0.0,0.026214440614651672,0.16190874162518734,-6.814780635556221,,0.04698672114402452,1.0,1.0,,,,,,,,,,,,,,,-300.0
r5_final_inverse_map_complete_2026-08-31,13,0.95,0.05,AIME,0.0,1.0,65.78520372812758,8.185146416133298,0.0,1,0.5963493713493713,0.6,0.6,0.6,0.5853381240005874,0.4473423104289629,0.8666666666666667,0.006477409072363135,0.08048235255236477,-0.9309788727281689,0.8820773820598458,0.04698672114402452,1.0,1.0,X ~= Y A^T,SVD normal-system solve,65.78520372812758,4.960949796290779,4.960949796290779,326.35709303400193,326.35709303400193,4.960949796290745,3.263570930340018e-10,True,1.0,rms,10.0,1.8181282239813228,0.9130264524895632
r5_final_inverse_map_complete_2026-08-31,13,0.95,0.05,HuberAIME,0.0,1.0,66.36909651556826,4.948874570459328,0.04698672114402452,5,0.9999999999999999,1.0,1.0,1.0,0.9616936641563458,0.5205699759315447,0.9333333333333333,0.0026490976769083046,0.05146938582213999,0.21027812374416088,0.9481670331832999,0.9999999999999999,0.21158851743372242,1.0,X ~= Y A^T,SVD normal-system solve,66.36909651556826,4.735151726067659,4.735151726067659,314.2677419232441,314.2677419232441,4.735151726067656,3.142677419232441e-10,True,0.9629551295219113,rms,10.0,1.8219659056189315,0.6945064467293839
r5_final_inverse_map_complete_2026-08-31,13,0.95,0.05,RidgeAIME,0.01,1.0,65.65487611191205,8.17072891509757,0.0,1,0.5963493713493713,0.6,0.6,0.6,0.5855362159994457,0.4473423104289629,0.8666666666666667,0.006467518270373801,0.08042088205418914,-0.928030328107569,0.8822176171011302,0.04698672114402452,1.0,1.0,X ~= Y A^T,SVD normal-system solve,65.78520372812758,4.960949796290779,4.970949796290724,326.35709303400193,326.3670930340019,4.9709497962907525,3.263670930340018e-10,True,1.0,rms,10.0,1.8172669861734982,0.9122608019037518
r5_final_inverse_map_complete_2026-08-31,13,0.95,0.05,HuberRidgeAIME,0.01,1.0,66.23133773620732,4.941552973812965,0.04698672114402452,5,0.9999999999999999,1.0,1.0,1.0,0.9617305084077623,0.5205699759315447,0.9333333333333333,0.0026487437692296408,0.05146594766668191,0.21038362707778724,0.9481731081326267,0.9999999999999999,0.21158839916793812,1.0,X ~= Y A^T,SVD normal-system solve,66.36909750158632,4.735151628405314,4.74515162840533,314.26774011042755,314.2777401104276,4.745151628405333,3.142777401104275e-10,True,0.96295512396499,rms,10.0,1.8210635269868827,0.6938634553948162
r5_final_inverse_map_complete_2026-08-31,13,0.95,0.1,ZeroOperator,0.01,1.0,,0.0,0.0,0,0.1,0.1,0.1,0.10000000000000002,,,0.0,0.01876547372547809,0.13698712978042166,-4.3558787673180115,,0.10112359550561797,1.0,1.0,,,,,,,,,,,,,,,-300.0
r5_final_inverse_map_complete_2026-08-31,13,0.95,0.1,AIME,0.0,1.0,62.82071018814104,11.83355998380362,0.0,1,0.5797451437451436,0.4,0.4,0.4000000000000001,0.5435693036107321,0.43168936382853684,0.8666666666666667,0.011507214453278587,0.10727168523556711,-2.284289353037344,0.7746847330367691,0.10112359550561797,1.0,1.0,X ~= Y A^T,SVD normal-system solve,62.82071018814104,5.19469879449958,5.19469879449958,326.33466748394375,326.33466748394375,5.194698794499648,3.263346674839437e-10,True,1.0,rms,10.0,1.7981028417894416,1.0731154165415646
r5_final_inverse_map_complete_2026-08-31,13,0.95,0.1,HuberAIME,0.0,1.0,62.80168400084725,5.525301017236712,0.10112359550561797,6,0.9999999999999999,1.0,1.0,1.0,0.9155680209812439,0.5204316582885365,0.9666666666666667,0.0028841178552358594,0.053703983606766634,0.17684009424563796,0.9207609798632281,0.9999999999999998,0.2032493680302974,1.0,X ~= Y A^T,SVD normal-system solve,62.80168400084725,4.777599388893987,4.777599388893987,300.0412871039611,300.0412871039611,4.777599388893991,3.000412871039611e-10,True,0.9194297113738503,rms,10.0,1.7979712893179276,0.7423559432736592
r5_final_inverse_map_complete_2026-08-31,13,0.95,0.1,RidgeAIME,0.01,1.0,62.70193153710038,11.81256511879223,0.0,1,0.5797451437451436,0.4,0.4,0.4000000000000001,0.5436721650041955,0.43168936382853684,0.8666666666666667,0.011484461089964612,0.10716557791550704,-2.277795285408615,0.7749456613853888,0.10112359550561797,1.0,1.0,X ~= Y A^T,SVD normal-system solve,62.82071018814104,5.19469879449958,5.204698794499616,326.33466748394375,326.3446674839438,5.204698794499576,3.263446674839438e-10,True,1.0,rms,10.0,1.7972809195066917,1.072344215646774
r5_final_inverse_map_complete_2026-08-31,13,0.95,0.1,HuberRidgeAIME,0.01,1.0,62.67259924465898,5.515761143214109,0.10112359550561797,6,0.9999999999999999,1.0,1.0,1.0,0.9156411395687452,0.5204316582885365,0.9666666666666667,0.002882818517615008,0.05369188502571881,0.1772109399208872,0.9207894740105366,0.9999999999999998,0.20324907887849647,1.0,X ~= Y A^T,SVD normal-system solve,62.80168625761678,4.777599065286286,4.787599065286306,300.0412775627925,300.0512775627926,4.7875990652863045,3.000512775627926e-10,True,0.9194296821337805,rms,10.0,1.7970777067344985,0.7416054510443998
r5_final_inverse_map_complete_2026-08-31,14,0.0,0.0,ZeroOperator,0.01,1.0,,0.0,0.0,0,0.1,0.2,0.2,0.20000000000000004,,,0.0,0.04090485094041709,0.20224947698428564,-1.926836779699054,,,,,,,,,,,,,,,,,,,-300.0
r5_final_inverse_map_complete_2026-08-31,14,0.0,0.0,AIME,0.0,1.0,4.6529722182032325,4.846935364373551,0.0,1,0.9999999999999999,1.0,1.0,1.0,0.9998295959719449,0.5205930288720461,1.0,0.002524561640048538,0.05024501607173131,0.8193617702830802,0.9686531267359568,,,,X ~= Y A^T,SVD normal-system solve,4.6529722182032325,70.15353948492479,70.15353948492479,326.42247023197854,326.42247023197854,70.15353948492475,3.2642247023197855e-10,True,1.0,rms,10.0,0.6677304594713603,0.6854672282882497
r5_final_inverse_map_complete_2026-08-31,14,0.0,0.0,HuberAIME,0.0,1.0,4.6529722182032325,4.846935364373551,0.0,2,0.9999999999999999,1.0,1.0,1.0,0.9998295959719449,0.5205930288720461,1.0,0.002524561640048538,0.05024501607173131,0.8193617702830802,0.9686531267359568,,,,X ~= Y A^T,SVD normal-system solve,4.6529722182032325,70.15353948492479,70.15353948492479,326.42247023197854,326.42247023197854,70.15353948492475,3.2642247023197855e-10,True,1.0,rms,10.0,0.6677304594713603,0.6854672282882497
r5_final_inverse_map_complete_2026-08-31,14,0.0,0.0,RidgeAIME,0.01,1.0,4.652451581381744,4.846447944379619,0.0,1,0.9999999999999999,1.0,1.0,1.0,0.9998295052118178,0.5205930288720461,1.0,0.0025245588122001015,0.050244987931136985,0.8193619726221824,0.9686530015943735,,,,X ~= Y A^T,SVD normal-system solve,4.6529722182032325,70.15353948492479,70.16353948492475,326.42247023197854,326.4324702319786,70.16353948492474,3.264324702319786e-10,True,1.0,rms,10.0,0.6676818620718751,0.6854235523482461
r5_final_inverse_map_complete_2026-08-31,14,0.0,0.0,HuberRidgeAIME,0.01,1.0,4.652451581381744,4.846447944379619,0.0,2,0.9999999999999999,1.0,1.0,1.0,0.9998295052118178,0.5205930288720461,1.0,0.0025245588122001015,0.050244987931136985,0.8193619726221824,0.9686530015943735,,,,X ~= Y A^T,SVD normal-system solve,4.6529722182032325,70.15353948492479,70.16353948492475,326.42247023197854,326.4324702319786,70.16353948492474,3.264324702319786e-10,True,1.0,rms,10.0,0.6676818620718751,0.6854235523482461
r5_final_inverse_map_complete_2026-08-31,14,0.0,0.05,ZeroOperator,0.01,1.0,,0.0,0.0,0,0.1,0.0,0.0,0.0,,,0.0,0.0491570727369279,0.22171394348783727,-3.3982584867497874,,0.05311542390194075,1.0,1.0,,,,,,,,,,,,,,,-300.0
r5_final_inverse_map_complete_2026-08-31,14,0.0,0.05,AIME,0.0,1.0,4.630928542949249,5.363360474145699,0.0,1,0.9999999999999999,1.0,1.0,1.0,0.9027158433355486,0.5205469229910433,1.0,0.008096278665087669,0.08997932354206531,0.2755970938224236,0.9189483476880033,0.05311542390194075,1.0,1.0,X ~= Y A^T,SVD normal-system solve,4.630928542949249,70.52520335644483,70.52520335644483,326.59717722066057,326.59717722066057,70.52520335644488,3.265971772206606e-10,True,1.0,rms,10.0,0.6656680797107446,0.7294369870938272
r5_final_inverse_map_complete_2026-08-31,14,0.0,0.05,HuberAIME,0.0,1.0,4.662977660697376,4.867624888727936,0.05311542390194075,5,0.9999999999999999,1.0,1.0,1.0,0.9959456720973627,0.5205930288720461,1.0,0.002703018862536145,0.05199056512999397,0.7581512691852501,0.9721201973660134,1.0,0.19282946419687547,1.0,X ~= Y A^T,SVD normal-system solve,4.662977660697376,67.03328969815759,67.03328969815759,312.57473238556435,312.57473238556435,67.03328969815757,3.125747323855644e-10,True,0.9571267948296605,rms,10.0,0.6686633348499245,0.6873171030353338
r5_final_inverse_map_complete_2026-08-31,14,0.0,0.05,RidgeAIME,0.01,1.0,4.6304137746675735,5.362859382253102,0.0,1,0.9999999999999999,1.0,1.0,1.0,0.9027226928253245,0.5205469229910433,1.0,0.00809514449768144,0.08997302094339969,0.275698571822274,0.9189542743119551,0.05311542390194075,1.0,1.0,X ~= Y A^T,SVD normal-system solve,4.630928542949249,70.52520335644483,70.53520335644484,326.59717722066057,326.6071772206607,70.53520335644484,3.266071772206606e-10,True,1.0,rms,10.0,0.665619801390658,0.729396409621623
r5_final_inverse_map_complete_2026-08-31,14,0.0,0.05,HuberRidgeAIME,0.01,1.0,4.662431298900957,4.867193368179798,0.05311542390194075,5,0.9999999999999999,1.0,1.0,1.0,0.9959459903706428,0.5205930288720461,1.0,0.002702968333174281,0.051990079180304016,0.7581557902273357,0.9721206060980284,1.0,0.1928294491531317,1.0,X ~= Y A^T,SVD normal-system solve,4.662977658973266,67.03328966615639,67.0432896661564,312.57473212077076,312.5847321207707,67.0432896661564,3.125847321207708e-10,True,0.9571267940306056,rms,10.0,0.668612445518506,0.6872786006230521
r5_final_inverse_map_complete_2026-08-31,14,0.0,0.1,ZeroOperator,0.01,1.0,,0.0,0.0,0,0.1,0.0,0.0,0.0,,,0.0,0.04426337018821524,0.21038861705951498,-2.7310756083387684,,0.09908069458631256,1.0,1.0,,,,,,,,,,,,,,,-300.0
r5_final_inverse_map_complete_2026-08-31,14,0.0,0.1,AIME,0.0,1.0,4.752585115621212,5.800168100140466,0.0,1,0.9999999999999999,1.0,1.0,1.0,0.8550701925198076,0.5204777641695393,0.9666666666666667,0.01191332238587128,0.10914816712098871,-0.004205201257695412,0.8793631727135854,0.09908069458631256,1.0,1.0,X ~= Y A^T,SVD normal-system solve,4.752585115621212,68.69832694107717,68.69832694107717,326.4946460882431,326.4946460882431,68.6983269410772,3.2649464608824314e-10,True,1.0,rms,10.0,0.6769299035308742,0.763440580443194
r5_final_inverse_map_complete_2026-08-31,14,0.0,0.1,HuberAIME,0.0,1.0,4.753747047342586,4.904335332396421,0.09908069458631256,5,0.9999999999999999,1.0,1.0,1.0,0.9925787114891185,0.5205930288720461,1.0,0.00288197624433436,0.053684040871886315,0.7570706608348009,0.9669321785910089,1.0,0.2004498206469593,1.0,X ~= Y A^T,SVD normal-system solve,4.753747047342586,63.25988779019186,63.25988779019186,300.72150479784784,300.72150479784784,63.25988779019187,3.0072150479784787e-10,True,0.92078001287309,rms,10.0,0.677036068669816,0.6905801572751322
r5_final_inverse_map_complete_2026-08-31,14,0.0,0.1,RidgeAIME,0.01,1.0,4.752038954001116,5.799559769204467,0.0,1,0.9999999999999999,1.0,1.0,1.0,0.8550776844101632,0.5204777641695393,0.9666666666666667,0.011911414139383047,0.10913942522930496,-0.004044350154476906,0.8793699862888695,0.09908069458631256,1.0,1.0,X ~= Y A^T,SVD normal-system solve,4.752585115621212,68.69832694107717,68.70832694107717,326.4946460882431,326.5046460882431,68.70832694107717,3.2650464608824313e-10,True,1.0,rms,10.0,0.6768799920401392,0.7633950285523403
r5_final_inverse_map_complete_2026-08-31,14,0.0,0.1,HuberRidgeAIME,0.01,1.0,4.753153766077277,4.903819052248356,0.09908069458631256,5,0.9999999999999999,1.0,1.0,1.0,0.9925793906064345,0.5205930288720461,1.0,0.002881878385248264,0.05368312942860414,0.7570789096339239,0.9669328057102441,1.0,0.20044979957142922,1.0,X ~= Y A^T,SVD normal-system solve,4.753747057326052,63.25988751425298,63.26988751425294,300.72150411765716,300.7315041176571,63.26988751425295,3.0073150411765703e-10,True,0.9207800107849118,rms,10.0,0.6769818640903992,0.6905344366204943
r5_final_inverse_map_complete_2026-08-31,14,0.7,0.0,ZeroOperator,0.01,1.0,,0.0,0.0,0,0.1,0.1,0.1,0.10000000000000002,,,0.0,0.026009947885694613,0.16127599909997337,-2.6163329586755437,,,,,,,,,,,,,,,,,,,-300.0
r5_final_inverse_map_complete_2026-08-31,14,0.7,0.0,AIME,0.0,1.0,12.415473337711257,4.849216783984433,0.0,1,0.9999999999999999,1.0,1.0,1.0,0.9996370908798351,0.5205930288720461,1.0,0.0025014464160959073,0.05001446206944455,0.6522075646347698,0.9506991798164792,,,,X ~= Y A^T,SVD normal-system solve,12.415473337711257,26.294116493850254,26.294116493850254,326.4539022680716,326.4539022680716,26.29411649385024,3.2645390226807154e-10,True,1.0,rms,10.0,1.0939632816060405,0.6856715996617669
r5_final_inverse_map_complete_2026-08-31,14,0.7,0.0,HuberAIME,0.0,1.0,12.415473337711257,4.849216783984433,0.0,2,0.9999999999999999,1.0,1.0,1.0,0.9996370908798351,0.5205930288720461,1.0,0.0025014464160959073,0.05001446206944455,0.6522075646347698,0.9506991798164792,,,,X ~= Y A^T,SVD normal-system solve,12.415473337711257,26.294116493850254,26.294116493850254,326.4539022680716,326.4539022680716,26.29411649385024,3.2645390226807154e-10,True,1.0,rms,10.0,1.0939632816060405,0.6856715996617669
r5_final_inverse_map_complete_2026-08-31,14,0.7,0.0,RidgeAIME,0.01,1.0,12.411133532821657,4.84782073754155,0.0,1,0.9999999999999999,1.0,1.0,1.0,0.9996372864656488,0.5205930288720461,1.0,0.0025014395705121777,0.05001439363335496,0.6522085164209931,0.9506992006218756,,,,X ~= Y A^T,SVD normal-system solve,12.415473337711257,26.294116493850254,26.304116493850213,326.4539022680716,326.4639022680716,26.304116493850255,3.2646390226807147e-10,True,1.0,rms,10.0,1.0938114482648904,0.6855465521367949
r5_final_inverse_map_complete_2026-08-31,14,0.7,0.0,HuberRidgeAIME,0.01,1.0,12.411133532821657,4.84782073754155,0.0,2,0.9999999999999999,1.0,1.0,1.0,0.9996372864656488,0.5205930288720461,1.0,0.0025014395705121777,0.05001439363335496,0.6522085164209931,0.9506992006218756,,,,X ~= Y A^T,SVD normal-system solve,12.415473337711257,26.294116493850254,26.304116493850213,326.4539022680716,326.4639022680716,26.304116493850255,3.2646390226807147e-10,True,1.0,rms,10.0,1.0938114482648904,0.6855465521367949
r5_final_inverse_map_complete_2026-08-31,14,0.7,0.05,ZeroOperator,0.01,1.0,,0.0,0.0,0,0.1,0.3,0.3,0.3,,,0.0,0.04589111298646878,0.2142221113388363,-7.182371294433688,,0.0449438202247191,1.0,1.0,,,,,,,,,,,,,,,-300.0
r5_final_inverse_map_complete_2026-08-31,14,0.7,0.05,AIME,0.0,1.0,11.402046435380678,5.685851322198256,0.0,1,0.9809090909090908,0.9,0.9,0.9,0.8411114706214196,0.5183799465839152,1.0,0.006798587770196422,0.08245354916676675,-0.21218610300311314,0.9248788594103372,0.0449438202247191,1.0,1.0,X ~= Y A^T,SVD normal-system solve,11.402046435380678,28.623642165016374,28.623642165016374,326.368097115237,326.368097115237,28.62364216501638,3.263680971152369e-10,True,1.0,rms,10.0,1.0569828053568107,0.7547954992529314
r5_final_inverse_map_complete_2026-08-31,14,0.7,0.05,HuberAIME,0.0,1.0,11.4328920617016,4.869265872646675,0.0449438202247191,5,0.9999999999999999,1.0,1.0,1.0,0.9924280316161265,0.5205930288720461,1.0,0.002643062049413366,0.05141071920731479,0.5287428516082475,0.9707777897708182,1.0,0.20962769952179316,1.0,X ~= Y A^T,SVD normal-system solve,11.4328920617016,27.532234398590035,27.532234398590035,314.7730640965477,314.7730640965477,27.532234398590077,3.147730640965479e-10,True,0.9644776494167098,rms,10.0,1.0581561033231368,0.6874634886290543
r5_final_inverse_map_complete_2026-08-31,14,0.7,0.05,RidgeAIME,0.01,1.0,11.398413629475133,5.684522638250128,0.0,1,0.9809090909090908,0.9,0.9,0.9,0.8411491459476542,0.5183799465839152,1.0,0.006796719064596898,0.08244221651918936,-0.2118529133709548,0.9248953210127493,0.0449438202247191,1.0,1.0,X ~= Y A^T,SVD normal-system solve,11.402046435380678,28.623642165016374,28.63364216501642,326.368097115237,326.378097115237,28.633642165016404,3.2637809711523685e-10,True,1.0,rms,10.0,1.0568444127482872,0.7546940003732113
r5_final_inverse_map_complete_2026-08-31,14,0.7,0.05,HuberRidgeAIME,0.01,1.0,11.42910412284872,4.868318833168983,0.0449438202247191,5,0.9999999999999999,1.0,1.0,1.0,0.9924308976243524,0.5205930288720461,1.0,0.0026429962994744156,0.05141007974584766,0.5287545748020874,0.9707786374155065,1.0,0.2096276702146323,1.0,X ~= Y A^T,SVD normal-system solve,11.432892084263962,27.532234306540094,27.542234306540106,314.77306366534293,314.783063665343,27.54223430654013,3.1478306366534287e-10,True,0.9644776480995341,rms,10.0,1.058012189297138,0.687379013056717
r5_final_inverse_map_complete_2026-08-31,14,0.7,0.1,ZeroOperator,0.01,1.0,,0.0,0.0,0,0.1,0.0,0.0,0.0,,,0.0,0.035248953436135606,0.18774704641121684,-4.172043311387946,,0.09703779366700716,1.0,1.0,,,,,,,,,,,,,,,-300.0
r5_final_inverse_map_complete_2026-08-31,14,0.7,0.1,AIME,0.0,1.0,12.202371740645454,6.5537589391440765,0.0,1,0.9229292929292928,0.8,0.8,0.8000000000000002,0.7387465205177133,0.5118559644220293,1.0,0.010904351999141018,0.10442390530496845,-0.5999845477500236,0.8555846857604408,0.09703779366700716,1.0,1.0,X ~= Y A^T,SVD normal-system solve,12.202371740645454,26.74528207688447,26.74528207688447,326.3558742105664,326.3558742105664,26.74528207688449,3.263558742105663e-10,True,1.0,rms,10.0,1.0864442514752357,0.8164904630877226
r5_final_inverse_map_complete_2026-08-31,14,0.7,0.1,HuberAIME,0.0,1.0,12.327669143334909,4.929568897033432,0.09703779366700716,6,0.9999999999999999,1.0,1.0,1.0,0.9826871489872891,0.5205930288720461,1.0,0.0028552641495167737,0.05343467179198141,0.5810499771713787,0.9586785896604332,1.0,0.198169408688141,1.0,X ~= Y A^T,SVD normal-system solve,12.327669143334909,24.415033565073642,24.415033565073642,300.98045591364445,300.98045591364445,24.415033565073696,3.009804559136445e-10,True,0.9221921285243855,rms,10.0,1.0908809700361142,0.6928089408135493
r5_final_inverse_map_complete_2026-08-31,14,0.7,0.1,RidgeAIME,0.01,1.0,12.198184764889243,6.551835305564936,0.0,1,0.9229292929292928,0.8,0.8,0.8000000000000002,0.7387803592158736,0.5118559644220293,1.0,0.010900174575529626,0.10440390115091307,-0.5993715986056674,0.8556174683521689,0.09703779366700716,1.0,1.0,X ~= Y A^T,SVD normal-system solve,12.202371740645454,26.74528207688447,26.755282076884473,326.3558742105664,326.3658742105664,26.755282076884495,3.2636587421056634e-10,True,1.0,rms,10.0,1.0862952072938687,0.8163629719661412
r5_final_inverse_map_complete_2026-08-31,14,0.7,0.1,HuberRidgeAIME,0.01,1.0,12.323031535541737,4.928244745760245,0.09703779366700716,6,0.9999999999999999,1.0,1.0,1.0,0.9826910259193369,0.5205930288720461,1.0,0.002855084843949828,0.053432993963934194,0.5810762864959916,0.9586805380686707,1.0,0.19816937133634518,1.0,X ~= Y A^T,SVD normal-system solve,12.327669264857706,24.415033228784772,24.425033228784773,300.9804547349696,300.9904547349696,24.425033228784812,3.009904547349696e-10,True,0.9221921248998496,rms,10.0,1.0907175598739607,0.6926922675601389
r5_final_inverse_map_complete_2026-08-31,14,0.95,0.0,ZeroOperator,0.01,1.0,,0.0,0.0,0,0.1,0.1,0.1,0.10000000000000002,,,0.0,0.02903273112338749,0.17038993844528347,-7.538478939703374,,,,,,,,,,,,,,,,,,,-300.0
r5_final_inverse_map_complete_2026-08-31,14,0.95,0.0,AIME,0.0,1.0,59.73132970921231,4.8640535858887,0.0,1,0.9999999999999999,1.0,1.0,1.0,0.9981248673737563,0.5205930288720461,0.9666666666666667,0.002515444591954372,0.05015420811810682,0.2602118422441021,0.9556980682974752,,,,X ~= Y A^T,SVD normal-system solve,59.73132970921231,5.4637647972646715,5.4637647972646715,326.35793655900363,326.35793655900363,5.463764797264705,3.263579365590036e-10,True,1.0,rms,10.0,1.7762021829028656,0.6869983507892631
r5_final_inverse_map_complete_2026-08-31,14,0.95,0.0,HuberAIME,0.0,1.0,59.73132970921231,4.8640535858887,0.0,2,0.9999999999999999,1.0,1.0,1.0,0.9981248673737563,0.5205930288720461,0.9666666666666667,0.002515444591954372,0.05015420811810682,0.2602118422441021,0.9556980682974752,,,,X ~= Y A^T,SVD normal-system solve,59.73132970921231,5.4637647972646715,5.4637647972646715,326.35793655900363,326.35793655900363,5.463764797264705,3.263579365590036e-10,True,1.0,rms,10.0,1.7762021829028656,0.6869983507892631
r5_final_inverse_map_complete_2026-08-31,14,0.95,0.0,RidgeAIME,0.01,1.0,59.624033667302264,4.858081895540308,0.0,1,0.9999999999999999,1.0,1.0,1.0,0.998129280248668,0.5205930288720461,0.9666666666666667,0.002515476183072618,0.05015452305697481,0.26020255134767634,0.955697562373854,,,,X ~= Y A^T,SVD normal-system solve,59.73132970921231,5.4637647972646715,5.473764797264687,326.35793655900363,326.3679365590037,5.4737647972647,3.263679365590035e-10,True,1.0,rms,10.0,1.7754213534509522,0.6864648316880211
r5_final_inverse_map_complete_2026-08-31,14,0.95,0.0,HuberRidgeAIME,0.01,1.0,59.624033667302264,4.858081895540308,0.0,2,0.9999999999999999,1.0,1.0,1.0,0.998129280248668,0.5205930288720461,0.9666666666666667,0.002515476183072618,0.05015452305697481,0.26020255134767634,0.955697562373854,,,,X ~= Y A^T,SVD normal-system solve,59.73132970921231,5.4637647972646715,5.473764797264687,326.35793655900363,326.3679365590037,5.4737647972647,3.263679365590035e-10,True,1.0,rms,10.0,1.7754213534509522,0.6864648316880211
r5_final_inverse_map_complete_2026-08-31,14,0.95,0.05,ZeroOperator,0.01,1.0,,0.0,0.0,0,0.1,0.0,0.0,0.0,,,0.0,0.02556255019200939,0.15988292651815386,-6.55086247977126,,0.04800817160367722,1.0,1.0,,,,,,,,,,,,,,,-300.0
r5_final_inverse_map_complete_2026-08-31,14,0.95,0.05,AIME,0.0,1.0,61.71511604130796,8.385497365676235,0.0,1,0.7332051282051282,0.6,0.6,0.6,0.667780860783446,0.4513881014869522,0.9333333333333333,0.006135508328672187,0.07832948569135499,-0.8123535909095914,0.8901262656877099,0.04800817160367722,1.0,1.0,X ~= Y A^T,SVD normal-system solve,61.71511604130796,5.287878638660455,5.287878638660455,326.34204379728357,326.34204379728357,5.287878638660428,3.263420437972834e-10,True,1.0,rms,10.0,1.7903915499213188,0.9235288268422471
r5_final_inverse_map_complete_2026-08-31,14,0.95,0.05,HuberAIME,0.0,1.0,61.23581981120878,5.085267836849546,0.04800817160367722,5,0.9999999999999999,1.0,1.0,1.0,0.9649370031167258,0.5205699759315447,1.0,0.0026507456738954533,0.051485392820638486,0.2170023764416984,0.9469055926138148,1.0,0.22158211142282708,1.0,X ~= Y A^T,SVD normal-system solve,61.23581981120878,5.1300813738810485,5.1300813738810485,314.14473862781824,314.14473862781824,5.1300813738810875,3.1414473862781824e-10,True,0.962629580425815,rms,10.0,1.787005536453263,0.7063138317921978
r5_final_inverse_map_complete_2026-08-31,14,0.95,0.05,RidgeAIME,0.01,1.0,61.60051334807525,8.37149001692839,0.0,1,0.7332051282051282,0.6,0.6,0.6,0.6679580821923176,0.4513881014869522,0.9333333333333333,0.006126002167206723,0.07826878156204249,-0.8095455878974871,0.890255884410794,0.04800817160367722,1.0,1.0,X ~= Y A^T,SVD normal-system solve,61.71511604130796,5.287878638660455,5.2978786386604115,326.34204379728357,326.35204379728344,5.297878638660418,3.2635204379728345e-10,True,1.0,rms,10.0,1.7895843313739614,0.9228027636728616
r5_final_inverse_map_complete_2026-08-31,14,0.95,0.05,HuberRidgeAIME,0.01,1.0,61.1186316684052,5.077982371945571,0.04800817160367722,5,0.9999999999999999,1.0,1.0,1.0,0.9649715555267586,0.5205699759315447,1.0,0.002650240382741704,0.05148048545557534,0.21715163322498277,0.9469138439063658,1.0,0.22158194271358128,1.0,X ~= Y A^T,SVD normal-system solve,61.23582012625207,5.130081304326756,5.140081304326742,314.14473598480186,314.1547359848019,5.140081304326706,3.1415473598480184e-10,True,0.9626295723263926,rms,10.0,1.7861736226371172,0.7056911889008279
r5_final_inverse_map_complete_2026-08-31,14,0.95,0.1,ZeroOperator,0.01,1.0,,0.0,0.0,0,0.1,0.3,0.3,0.3,,,0.0,0.04153393838183324,0.203798769333461,-12.310913283904762,,0.09499489274770173,1.0,1.0,,,,,,,,,,,,,,,-300.0
r5_final_inverse_map_complete_2026-08-31,14,0.95,0.1,AIME,0.0,1.0,58.67677801448796,10.410559143188856,0.0,1,0.4511064425770308,0.3,0.3,0.3,0.49565869963717124,0.4215691229484383,0.8666666666666667,0.009576879912313067,0.09786153438564647,-2.0692253855446214,0.8909955559862401,0.09499489274770173,1.0,1.0,X ~= Y A^T,SVD normal-system solve,58.67677801448796,5.561879433083685,5.561879433083685,326.3531648383975,326.3531648383975,5.561879433083684,3.263531648383975e-10,True,1.0,rms,10.0,1.7684662583930244,1.017474055762238
r5_final_inverse_map_complete_2026-08-31,14,0.95,0.1,HuberAIME,0.0,1.0,59.23466456734258,5.233023658172009,0.09499489274770173,6,0.9999999999999999,1.0,1.0,1.0,0.9329553568772184,0.5204316582885365,0.9666666666666667,0.0028045483724396174,0.052957986861658715,0.10119045675696292,0.9656752003860264,1.0,0.2126236688471568,1.0,X ~= Y A^T,SVD normal-system solve,59.23466456734258,5.0973269717176315,5.0973269717176315,301.93845335976204,301.93845335976204,5.097326971717609,3.01938453359762e-10,True,0.9252032698700569,rms,10.0,1.772575933486669,0.7187526981622393
r5_final_inverse_map_complete_2026-08-31,14,0.95,0.1,RidgeAIME,0.01,1.0,58.573263969169496,10.394537283550337,0.0,1,0.4511064425770308,0.3,0.3,0.3,0.4959602845547343,0.4215691229484383,0.8666666666666667,0.009561190178587843,0.09778133860092039,-2.0641970955918594,0.8911419931064857,0.09499489274770173,1.0,1.0,X ~= Y A^T,SVD normal-system solve,58.67677801448796,5.561879433083685,5.57187943308369,326.3531648383975,326.36316483839744,5.571879433083705,3.263631648383975e-10,True,1.0,rms,10.0,1.7676994255697602,1.0168051613275646
r5_final_inverse_map_complete_2026-08-31,14,0.95,0.1,HuberRidgeAIME,0.01,1.0,59.12064499572457,5.227350734263379,0.09499489274770173,6,0.9999999999999999,1.0,1.0,1.0,0.9330766528548144,0.5205008171100406,0.9666666666666667,0.002803761078569604,0.05295055314696537,0.10144277090873799,0.9656844510667539,1.0,0.21262348952285662,1.0,X ~= Y A^T,SVD normal-system solve,59.23466681263433,5.097326684589793,5.107326684589833,301.9384477968264,301.9484477968265,5.1073266845898075,3.019484477968264e-10,True,0.9252032528351641,rms,10.0,1.7717391634881903,0.7182816404928127
r5_final_inverse_map_complete_2026-08-31,15,0.0,0.0,ZeroOperator,0.01,1.0,,0.0,0.0,0,0.1,0.1,0.1,0.10000000000000002,,,0.0,0.03672438222820576,0.19163606713822365,-1.5458346134546184,,,,,,,,,,,,,,,,,,,-300.0
r5_final_inverse_map_complete_2026-08-31,15,0.0,0.0,AIME,0.0,1.0,4.924077181992644,4.852545139516927,0.0,1,0.9999999999999999,1.0,1.0,1.0,0.999836077236375,0.5205930288720461,1.0,0.0025184059492703507,0.05018372195513552,0.8254172120162104,0.9651031848532593,,,,X ~= Y A^T,SVD normal-system solve,4.924077181992644,66.40537029481135,66.40537029481135,326.9851686304527,326.9851686304527,66.4053702948114,3.2698516863045253e-10,True,1.0,rms,10.0,0.6923248516213432,0.6859695839886719
r5_final_inverse_map_complete_2026-08-31,15,0.0,0.0,HuberAIME,0.0,1.0,4.924077181992644,4.852545139516927,0.0,2,0.9999999999999999,1.0,1.0,1.0,0.999836077236375,0.5205930288720461,1.0,0.0025184059492703507,0.05018372195513552,0.8254172120162104,0.9651031848532593,,,,X ~= Y A^T,SVD normal-system solve,4.924077181992644,66.40537029481135,66.40537029481135,326.9851686304527,326.9851686304527,66.4053702948114,3.2698516863045253e-10,True,1.0,rms,10.0,0.6923248516213432,0.6859695839886719
r5_final_inverse_map_complete_2026-08-31,15,0.0,0.0,RidgeAIME,0.01,1.0,4.923486343280974,4.851994499755219,0.0,1,0.9999999999999999,1.0,1.0,1.0,0.999836072966488,0.5205930288720461,1.0,0.002518408682580059,0.0501837491881591,0.8254170225357061,0.9651031404052378,,,,X ~= Y A^T,SVD normal-system solve,4.924077181992644,66.40537029481135,66.41537029481137,326.9851686304527,326.9951686304526,66.41537029481141,3.269951686304527e-10,True,1.0,rms,10.0,0.6922727376153106,0.685920299876458
r5_final_inverse_map_complete_2026-08-31,15,0.0,0.0,HuberRidgeAIME,0.01,1.0,4.923486343280974,4.851994499755219,0.0,2,0.9999999999999999,1.0,1.0,1.0,0.999836072966488,0.5205930288720461,1.0,0.002518408682580059,0.0501837491881591,0.8254170225357061,0.9651031404052378,,,,X ~= Y A^T,SVD normal-system solve,4.924077181992644,66.40537029481135,66.41537029481137,326.9851686304527,326.9951686304526,66.41537029481141,3.269951686304527e-10,True,1.0,rms,10.0,0.6922727376153106,0.685920299876458
r5_final_inverse_map_complete_2026-08-31,15,0.0,0.05,ZeroOperator,0.01,1.0,,0.0,0.0,0,0.1,0.2,0.2,0.20000000000000004,,,0.0,0.03956194774194506,0.19890185454626877,-1.7510872671005937,,0.05005107252298264,1.0,1.0,,,,,,,,,,,,,,,-300.0
r5_final_inverse_map_complete_2026-08-31,15,0.0,0.05,AIME,0.0,1.0,4.54596432583379,5.292077151427497,0.0,1,0.9999999999999999,1.0,1.0,1.0,0.9377330913193239,0.5204547112290379,0.9,0.006265112178639612,0.07915246160821288,0.5643321088729365,0.9226708903537076,0.05005107252298264,1.0,1.0,X ~= Y A^T,SVD normal-system solve,4.54596432583379,71.94692278075377,71.94692278075377,327.068144314825,327.068144314825,71.94692278075381,3.2706814431482515e-10,True,1.0,rms,10.0,0.6576260233039714,0.7236261669959986
r5_final_inverse_map_complete_2026-08-31,15,0.0,0.05,HuberAIME,0.0,1.0,4.521675089233785,4.88410757064196,0.05005107252298264,5,0.9999999999999999,1.0,1.0,1.0,0.9971447574482202,0.5205930288720461,1.0,0.0026751803090944238,0.05172214524837909,0.813971381450845,0.9656284309099049,1.0,0.20038715901280832,1.0,X ~= Y A^T,SVD normal-system solve,4.521675089233785,69.42481910150445,69.42481910150445,313.91647510583454,313.91647510583454,69.42481910150438,3.1391647510583445e-10,True,0.9599785197054419,rms,10.0,0.6552993523431606,0.6887852205516631
r5_final_inverse_map_complete_2026-08-31,15,0.0,0.05,RidgeAIME,0.01,1.0,4.545471535954956,5.291507406754973,0.0,1,0.9999999999999999,1.0,1.0,1.0,0.9377360552735864,0.5204547112290379,0.9,0.006264256672171042,0.07914705725528298,0.564391599699019,0.9226745362695162,0.05005107252298264,1.0,1.0,X ~= Y A^T,SVD normal-system solve,4.54596432583379,71.94692278075377,71.9569227807538,327.068144314825,327.0781443148251,71.95692278075376,3.270781443148251e-10,True,1.0,rms,10.0,0.6575789425284859,0.7235794083640341
r5_final_inverse_map_complete_2026-08-31,15,0.0,0.05,HuberRidgeAIME,0.01,1.0,4.521167899358882,4.883583166906054,0.05005107252298264,5,0.9999999999999999,1.0,1.0,1.0,0.9971450444467225,0.5205930288720461,1.0,0.002675115258402356,0.05172151639697309,0.8139759049928059,0.9656287544223336,1.0,0.20038714035708052,1.0,X ~= Y A^T,SVD normal-system solve,4.521675090871871,69.42481901170287,69.43481901170286,313.91647481350475,313.92647481350474,69.43481901170287,3.1392647481350467e-10,True,0.9599785187717028,rms,10.0,0.6552506354154297,0.6887385881069775
r5_final_inverse_map_complete_2026-08-31,15,0.0,0.1,ZeroOperator,0.01,1.0,,0.0,0.0,0,0.1,0.2,0.2,0.20000000000000004,,,0.0,0.053937859537555866,0.23224525729830495,-4.365668896785921,,0.10010214504596528,1.0,1.0,,,,,,,,,,,,,,,-300.0
r5_final_inverse_map_complete_2026-08-31,15,0.0,0.1,AIME,0.0,1.0,4.6384426778542425,5.744224383689904,0.0,1,0.9999999999999999,1.0,1.0,1.0,0.861112784605444,0.5205008171100406,1.0,0.011837397845744082,0.10879980627622497,-0.177569113501159,0.8984023709146627,0.10010214504596528,1.0,1.0,X ~= Y A^T,SVD normal-system solve,4.6384426778542425,70.35862317252605,70.35862317252605,326.3544404785093,326.3544404785093,70.35862317252602,3.2635444047850914e-10,True,1.0,rms,10.0,0.66637219393006,0.7592313961881153
r5_final_inverse_map_complete_2026-08-31,15,0.0,0.1,HuberAIME,0.0,1.0,4.599137095640826,4.879919138708716,0.10010214504596528,5,0.9999999999999999,1.0,1.0,1.0,0.993387330237137,0.5205930288720461,1.0,0.0028506430988418183,0.053391414092921516,0.7164216907672625,0.9732358814477997,1.0,0.2086763780209038,1.0,X ~= Y A^T,SVD normal-system solve,4.599137095640826,65.33533843745491,65.33533843745491,300.48617866394676,300.48617866394676,65.33533843745487,3.004861786639469e-10,True,0.9207868080143499,rms,10.0,0.6626763556477239,0.6884126257109984
r5_final_inverse_map_complete_2026-08-31,15,0.0,0.1,RidgeAIME,0.01,1.0,4.6379256231622765,5.743701728075747,0.0,1,0.9999999999999999,1.0,1.0,1.0,0.8611228264171652,0.5205008171100406,1.0,0.011835569048332122,0.10879140153675805,-0.17738718708665147,0.8984094641955652,0.10010214504596528,1.0,1.0,X ~= Y A^T,SVD normal-system solve,4.6384426778542425,70.35862317252605,70.36862317252604,326.3544404785093,326.36444047850927,70.36862317252604,3.2636444047850907e-10,True,1.0,rms,10.0,0.6663237797247354,0.7591918787944426
r5_final_inverse_map_complete_2026-08-31,15,0.0,0.1,HuberRidgeAIME,0.01,1.0,4.598586317164881,4.879511158583766,0.10010214504596528,5,0.9999999999999999,1.0,1.0,1.0,0.9933879751543744,0.5205930288720461,1.0,0.002850587124053802,0.053390889897564,0.7164272590671845,0.9732361016968084,1.0,0.2086763702097412,1.0,X ~= Y A^T,SVD normal-system solve,4.599137104290662,65.33533825899518,65.34533825899517,300.486178408326,300.496178408326,65.34533825899517,3.0049617840832613e-10,True,0.9207868072324357,rms,10.0,0.6626243427653171,0.6883763154937628
r5_final_inverse_map_complete_2026-08-31,15,0.7,0.0,ZeroOperator,0.01,1.0,,0.0,0.0,0,0.1,0.0,0.0,0.0,,,0.0,0.02540876073303545,0.15940125699954644,-2.47243099710968,,,,,,,,,,,,,,,,,,,-300.0
r5_final_inverse_map_complete_2026-08-31,15,0.7,0.0,AIME,0.0,1.0,12.4569307265715,4.848420035122143,0.0,1,0.9999999999999999,1.0,1.0,1.0,0.9996831439838665,0.5205930288720461,1.0,0.002526148214165728,0.05026080196500776,0.6547696499515816,0.9489888123589617,,,,X ~= Y A^T,SVD normal-system solve,12.4569307265715,26.199623738876127,26.199623738876127,326.3668979774181,326.3668979774181,26.199623738876127,3.2636689797741816e-10,True,1.0,rms,10.0,1.0954110493283218,0.6856002371965421
r5_final_inverse_map_complete_2026-08-31,15,0.7,0.0,HuberAIME,0.0,1.0,12.4569307265715,4.848420035122143,0.0,2,0.9999999999999999,1.0,1.0,1.0,0.9996831439838665,0.5205930288720461,1.0,0.002526148214165728,0.05026080196500776,0.6547696499515816,0.9489888123589617,,,,X ~= Y A^T,SVD normal-system solve,12.4569307265715,26.199623738876127,26.199623738876127,326.3668979774181,326.3668979774181,26.199623738876127,3.2636689797741816e-10,True,1.0,rms,10.0,1.0954110493283218,0.6856002371965421
r5_final_inverse_map_complete_2026-08-31,15,0.7,0.0,RidgeAIME,0.01,1.0,12.452559457895264,4.847035541929261,0.0,1,0.9999999999999999,1.0,1.0,1.0,0.9996832326197811,0.5205930288720461,1.0,0.002526137728848277,0.05026069765580534,0.65477108290385,0.9489889984822315,,,,X ~= Y A^T,SVD normal-system solve,12.4569307265715,26.199623738876127,26.20962373887612,326.3668979774181,326.3768979774181,26.209623738876132,3.263768979774182e-10,True,1.0,rms,10.0,1.0952586240582391,0.6854762042920106
r5_final_inverse_map_complete_2026-08-31,15,0.7,0.0,HuberRidgeAIME,0.01,1.0,12.452559457895264,4.847035541929261,0.0,2,0.9999999999999999,1.0,1.0,1.0,0.9996832326197811,0.5205930288720461,1.0,0.002526137728848277,0.05026069765580534,0.65477108290385,0.9489889984822315,,,,X ~= Y A^T,SVD normal-system solve,12.4569307265715,26.199623738876127,26.20962373887612,326.3668979774181,326.3768979774181,26.209623738876132,3.263768979774182e-10,True,1.0,rms,10.0,1.0952586240582391,0.6854762042920106
r5_final_inverse_map_complete_2026-08-31,15,0.7,0.05,ZeroOperator,0.01,1.0,,0.0,0.0,0,0.1,0.1,0.1,0.10000000000000002,,,0.0,0.04534212407470016,0.21293690162745432,-6.7461174712478185,,0.05209397344228805,1.0,1.0,,,,,,,,,,,,,,,-300.0
r5_final_inverse_map_complete_2026-08-31,15,0.7,0.05,AIME,0.0,1.0,11.73109356804794,5.498385959084153,0.0,1,0.9999999999999999,1.0,1.0,1.0,0.858770819341251,0.5203394465265311,1.0,0.006136643402606935,0.07833673086494569,-0.04836642847693029,0.9330135913640981,0.05209397344228805,1.0,1.0,X ~= Y A^T,SVD normal-system solve,11.73109356804794,27.819222900463856,27.819222900463856,326.3499068357235,326.3499068357235,27.8192229004639,3.2634990683572327e-10,True,1.0,rms,10.0,1.0693384987678478,0.7402352218692745
r5_final_inverse_map_complete_2026-08-31,15,0.7,0.05,HuberAIME,0.0,1.0,11.643919360440979,4.8679473683530565,0.05209397344228805,5,0.9999999999999999,1.0,1.0,1.0,0.9923874202631785,0.5205930288720461,1.0,0.00265330808635732,0.05151027165874123,0.546716512652226,0.970301016494311,1.0000000000000002,0.214653439694499,1.0,X ~= Y A^T,SVD normal-system solve,11.643919360440979,26.881379626834853,26.881379626834853,313.004616672266,313.004616672266,26.88137962683487,3.13004616672266e-10,True,0.9590881771444529,rms,10.0,1.066099189085841,0.687345874045002
r5_final_inverse_map_complete_2026-08-31,15,0.7,0.05,RidgeAIME,0.01,1.0,11.727237515866221,5.497169307488462,0.0,1,0.9999999999999999,1.0,1.0,1.0,0.858803801215896,0.5203394465265311,1.0,0.006135122947617681,0.07832702565282101,-0.04810667833957227,0.9330250770594833,0.05209397344228805,1.0,1.0,X ~= Y A^T,SVD normal-system solve,11.73109356804794,27.819222900463856,27.82922290046389,326.3499068357235,326.3599068357235,27.829222900463893,3.263599068357234e-10,True,1.0,rms,10.0,1.0691957211598802,0.740139113020971
r5_final_inverse_map_complete_2026-08-31,15,0.7,0.05,HuberRidgeAIME,0.01,1.0,11.639961223250124,4.866973497295822,0.05209397344228805,5,0.9999999999999999,1.0,1.0,1.0,0.9923890803569594,0.5205930288720461,1.0,0.002653259038919187,0.05150979556277803,0.5467248917748452,0.9703015002220762,1.0000000000000002,0.21465338614726928,1.0,X ~= Y A^T,SVD normal-system solve,11.643919339009946,26.881379597939855,26.891379597939842,313.0046157597193,313.0146157597193,26.891379597939807,3.1301461575971925e-10,True,0.959088174354965,rms,10.0,1.065951533530661,0.6872589813350375
r5_final_inverse_map_complete_2026-08-31,15,0.7,0.1,ZeroOperator,0.01,1.0,,0.0,0.0,0,0.1,0.2,0.2,0.20000000000000004,,,0.0,0.017701665091770232,0.13304760460741197,-0.9587462558485813,,0.09193054136874361,1.0,1.0,,,,,,,,,,,,,,,-300.0
r5_final_inverse_map_complete_2026-08-31,15,0.7,0.1,AIME,0.0,1.0,11.443357262566753,6.217945600258703,0.0,1,0.8905555555555555,0.8,0.8,0.8000000000000002,0.7151822693834656,0.49732108543591946,0.8,0.011562221796658409,0.10752777221098933,-0.2793970813527962,0.7119879714242271,0.09193054136874361,1.0,1.0,X ~= Y A^T,SVD normal-system solve,11.443357262566753,28.523306074625737,28.523306074625737,326.4023817214828,326.4023817214828,28.523306074625754,3.2640238172148293e-10,True,1.0,rms,10.0,1.0585534568613308,0.7936469181557401
r5_final_inverse_map_complete_2026-08-31,15,0.7,0.1,HuberAIME,0.0,1.0,11.453530240656612,4.832618427486177,0.09193054136874361,5,0.9999999999999999,1.0,1.0,1.0,0.9817938233956681,0.5205699759315447,0.9666666666666667,0.0028754278611657766,0.0536230161513298,0.6818246459967392,0.91523942585901,0.9999999999999999,0.20275650470495438,1.0,X ~= Y A^T,SVD normal-system solve,11.453530240656612,26.408729257339896,26.408729257339896,302.47317916625553,302.47317916625553,26.4087292573399,3.0247317916625555e-10,True,0.9267089738748171,rms,10.0,1.0589393668273934,0.6841825055921684
r5_final_inverse_map_complete_2026-08-31,15,0.7,0.1,RidgeAIME,0.01,1.0,11.439697203954811,6.21599292489875,0.0,1,0.8905555555555555,0.8,0.8,0.8000000000000002,0.7151979020064307,0.49732108543591946,0.8,0.011558265241384029,0.10750937280713728,-0.2789592757684305,0.7120141240837156,0.09193054136874361,1.0,1.0,X ~= Y A^T,SVD normal-system solve,11.443357262566753,28.523306074625737,28.53330607462573,326.4023817214828,326.4123817214828,28.53330607462576,3.264123817214828e-10,True,1.0,rms,10.0,1.0584145293178517,0.7935105114751004
r5_final_inverse_map_complete_2026-08-31,15,0.7,0.1,HuberRidgeAIME,0.01,1.0,11.449573368358104,4.8310294983213105,0.09193054136874361,5,0.9999999999999999,1.0,1.0,1.0,0.981795627703844,0.5205699759315447,0.9666666666666667,0.002875346791927329,0.05362226022770141,0.6818336165690808,0.9152401797525014,0.9999999999999999,0.20275648028671397,1.0,X ~= Y A^T,SVD normal-system solve,11.45353023174358,26.408729213947062,26.418729213947067,302.47317843387253,302.4831784338726,26.418729213947064,3.0248317843387266e-10,True,0.9267089716300351,rms,10.0,1.0587893043859644,0.684039689301684
r5_final_inverse_map_complete_2026-08-31,15,0.95,0.0,ZeroOperator,0.01,1.0,,0.0,0.0,0,0.1,0.1,0.1,0.10000000000000002,,,0.0,0.018859502235762698,0.13732990291907549,-4.353489734703658,,,,,,,,,,,,,,,,,,,-300.0
r5_final_inverse_map_complete_2026-08-31,15,0.95,0.0,AIME,0.0,1.0,66.92767767346409,4.870002219271971,0.0,1,0.9999999999999999,1.0,1.0,1.0,0.9973689083268791,0.5205930288720461,1.0,0.002522850317179536,0.050227983407454616,0.28385950454177966,0.9307144845061521,,,,X ~= Y A^T,SVD normal-system solve,66.92767767346409,4.87608956670017,4.87608956670017,326.34535082705014,326.34535082705014,4.876089566700173,3.2634535082705016e-10,True,1.0,rms,10.0,1.8256057556609364,0.6875291591237414
r5_final_inverse_map_complete_2026-08-31,15,0.95,0.0,HuberAIME,0.0,1.0,66.92767767346409,4.870002219271971,0.0,2,0.9999999999999999,1.0,1.0,1.0,0.9973689083268791,0.5205930288720461,1.0,0.002522850317179536,0.050227983407454616,0.28385950454177966,0.9307144845061521,,,,X ~= Y A^T,SVD normal-system solve,66.92767767346409,4.87608956670017,4.87608956670017,326.34535082705014,326.34535082705014,4.876089566700173,3.2634535082705016e-10,True,1.0,rms,10.0,1.8256057556609364,0.6875291591237414
r5_final_inverse_map_complete_2026-08-31,15,0.95,0.0,RidgeAIME,0.01,1.0,66.79274834649716,4.862340526237078,0.0,1,0.9999999999999999,1.0,1.0,1.0,0.9973726278362347,0.5205930288720461,1.0,0.0025228403167659474,0.050227883857136044,0.28386234327584703,0.9307148558983075,,,,X ~= Y A^T,SVD normal-system solve,66.92767767346409,4.87608956670017,4.886089566700176,326.34535082705014,326.3553508270502,4.886089566700168,3.2635535082705014e-10,True,1.0,rms,10.0,1.8247293139118246,0.6868453706914001
r5_final_inverse_map_complete_2026-08-31,15,0.95,0.0,HuberRidgeAIME,0.01,1.0,66.79274834649716,4.862340526237078,0.0,2,0.9999999999999999,1.0,1.0,1.0,0.9973726278362347,0.5205930288720461,1.0,0.0025228403167659474,0.050227883857136044,0.28386234327584703,0.9307148558983075,,,,X ~= Y A^T,SVD normal-system solve,66.92767767346409,4.87608956670017,4.886089566700176,326.34535082705014,326.3553508270502,4.886089566700168,3.2635535082705014e-10,True,1.0,rms,10.0,1.8247293139118246,0.6868453706914001
r5_final_inverse_map_complete_2026-08-31,15,0.95,0.05,ZeroOperator,0.01,1.0,,0.0,0.0,0,0.1,0.1,0.1,0.10000000000000002,,,0.0,0.038849302289371584,0.19710226353183158,-11.224847264604675,,0.056179775280898875,1.0,1.0,,,,,,,,,,,,,,,-300.0
r5_final_inverse_map_complete_2026-08-31,15,0.95,0.05,AIME,0.0,1.0,59.512528513027625,8.996396725836528,0.0,1,0.6507539682539681,0.5,0.5,0.5,0.5750867754565154,0.45825787775635857,0.9,0.007626110520354393,0.08732760457240535,-1.399735151996094,0.9074159571726715,0.056179775280898875,1.0,1.0,X ~= Y A^T,SVD normal-system solve,59.512528513027625,5.4837192814108855,5.4837192814108855,326.3500000924047,326.3500000924047,5.483719281410988,3.2635000009240483e-10,True,1.0,rms,10.0,1.7746084025573008,0.9540685988359155
r5_final_inverse_map_complete_2026-08-31,15,0.95,0.05,HuberAIME,0.0,1.0,60.347120906172464,5.163533923526049,0.056179775280898875,5,0.9999999999999999,1.0,1.0,1.0,0.9559418153860194,0.5205008171100406,1.0,0.0027351050971959326,0.05229823225689308,0.13933481181180685,0.9642035394515692,1.0,0.2115704410425687,1.0,X ~= Y A^T,SVD normal-system solve,60.347120906172464,5.168308269565797,5.168308269565797,311.89252402385813,311.89252402385813,5.168308269565785,3.118925240238582e-10,True,0.9557062045529534,rms,10.0,1.7806565552222877,0.7129470346060437
r5_final_inverse_map_complete_2026-08-31,15,0.95,0.05,RidgeAIME,0.01,1.0,59.40602047081469,8.98245207868278,0.0,1,0.6507539682539681,0.5,0.5,0.5,0.5753790241017722,0.45825787775635857,0.9,0.007615376007611745,0.0872661217633266,-1.396357284930133,0.9075219276351167,0.056179775280898875,1.0,1.0,X ~= Y A^T,SVD normal-system solve,59.512528513027625,5.4837192814108855,5.493719281410891,326.3500000924047,326.36000009240473,5.4937192814109945,3.2636000009240476e-10,True,1.0,rms,10.0,1.773830460549515,0.953394908924931
r5_final_inverse_map_complete_2026-08-31,15,0.95,0.05,HuberRidgeAIME,0.01,1.0,60.23251491165727,5.157623724698136,0.056179775280898875,5,0.9999999999999999,1.0,1.0,1.0,0.9560108625154023,0.5205008171100406,1.0,0.0027345396343613627,0.05229282584027529,0.13951274800059454,0.9642102897654613,1.0,0.21157015037209276,1.0,X ~= Y A^T,SVD normal-system solve,60.347122079002595,5.168308080845131,5.178308080845082,311.89251869665674,311.9025186966567,5.17830808084509,3.1190251869665663e-10,True,0.9557061882231512,rms,10.0,1.779830996815826,0.7124496549310212
r5_final_inverse_map_complete_2026-08-31,15,0.95,0.1,ZeroOperator,0.01,1.0,,0.0,0.0,0,0.1,0.1,0.1,0.10000000000000002,,,0.0,0.03667535469922221,0.19150810609272445,-10.171708612005695,,0.10010214504596528,1.0,1.0,,,,,,,,,,,,,,,-300.0
r5_final_inverse_map_complete_2026-08-31,15,0.95,0.1,AIME,0.0,1.0,65.94421529398329,12.973422408655779,0.0,1,0.5224806814190375,0.5,0.5,0.5,0.5213822448116697,0.38576790634982033,0.8666666666666667,0.012743348825356764,0.11288644216803347,-2.881761498575228,0.8434057986387948,0.10010214504596528,1.0,1.0,X ~= Y A^T,SVD normal-system solve,65.94421529398329,4.948777455390137,4.948777455390137,326.343245960258,326.343245960258,4.94877745539014,3.26343245960258e-10,True,1.0,rms,10.0,1.8191767047180358,1.1130545587462464
r5_final_inverse_map_complete_2026-08-31,15,0.95,0.1,HuberAIME,0.0,1.0,67.32345940899374,5.462440238577892,0.10010214504596528,6,0.9999999999999999,1.0,1.0,1.0,0.9181301599115378,0.5205469229910433,0.9666666666666667,0.002913496319665998,0.05397681279647769,0.11251759683322693,0.9594919383685708,1.0,0.20601258851356619,1.0,X ~= Y A^T,SVD normal-system solve,67.32345940899374,4.462135072804409,4.462135072804409,300.40636945139494,300.40636945139494,4.462135072804404,3.00406369451395e-10,True,0.9205201569707144,rms,10.0,1.8281664240541662,0.7373866986379152
r5_final_inverse_map_complete_2026-08-31,15,0.95,0.1,RidgeAIME,0.01,1.0,65.81324709490943,12.950218061431144,0.0,1,0.5224806814190375,0.5,0.5,0.5,0.5215372498166903,0.38576790634982033,0.8666666666666667,0.012712135856218065,0.11274810799396176,-2.8722536915207955,0.8436940788886063,0.10010214504596528,1.0,1.0,X ~= Y A^T,SVD normal-system solve,65.94421529398329,4.948777455390137,4.958777455390148,326.343245960258,326.35324596025805,4.958777455390166,3.2635324596025805e-10,True,1.0,rms,10.0,1.8183133185558489,1.1122770813191187
r5_final_inverse_map_complete_2026-08-31,15,0.95,0.1,HuberRidgeAIME,0.01,1.0,67.17515767231987,5.454813652006473,0.10010214504596528,6,0.9999999999999999,1.0,1.0,1.0,0.9182412769861473,0.5205469229910433,0.9666666666666667,0.0029120749382928702,0.05396364459794085,0.11295056493012312,0.9595111449074236,1.0,0.20601236480141552,1.0,X ~= Y A^T,SVD normal-system solve,67.32346147808889,4.46213482717136,4.472134827171372,300.40636214710986,300.41636214710985,4.472134827171369,3.0041636214711e-10,True,0.9205201345766484,rms,10.0,1.8272086944745862,0.7367799187579711
r5_final_inverse_map_complete_2026-08-31,16,0.0,0.0,ZeroOperator,0.01,1.0,,0.0,0.0,0,0.1,0.2,0.2,0.20000000000000004,,,0.0,0.05211554711382919,0.22828829824112576,-3.751090679269904,,,,,,,,,,,,,,,,,,,-300.0
r5_final_inverse_map_complete_2026-08-31,16,0.0,0.0,AIME,0.0,1.0,4.382945089351366,4.852144165935832,0.0,1,0.9999999999999999,1.0,1.0,1.0,0.9998578615328768,0.5205930288720461,1.0,0.0025025992529404744,0.05002598577679879,0.77185165189529,0.975694533069502,,,,X ~= Y A^T,SVD normal-system solve,4.382945089351366,74.48960205339097,74.48960205339097,326.48383552764733,326.48383552764733,74.48960205339095,3.264838355276474e-10,True,1.0,rms,10.0,0.6417660297365323,0.685933696056915
r5_final_inverse_map_complete_2026-08-31,16,0.0,0.0,HuberAIME,0.0,1.0,4.382945089351366,4.852144165935832,0.0,2,0.9999999999999999,1.0,1.0,1.0,0.9998578615328768,0.5205930288720461,1.0,0.0025025992529404744,0.05002598577679879,0.77185165189529,0.975694533069502,,,,X ~= Y A^T,SVD normal-system solve,4.382945089351366,74.48960205339097,74.48960205339097,326.48383552764733,326.48383552764733,74.48960205339095,3.264838355276474e-10,True,1.0,rms,10.0,0.6417660297365323,0.685933696056915
r5_final_inverse_map_complete_2026-08-31,16,0.0,0.0,RidgeAIME,0.01,1.0,4.382491000336649,4.851755830807565,0.0,1,0.9999999999999999,1.0,1.0,1.0,0.9998578653353574,0.5205930288720461,1.0,0.0025026020809768078,0.050026014042464026,0.7718513940786152,0.9756945144584316,,,,X ~= Y A^T,SVD normal-system solve,4.382945089351366,74.48960205339097,74.49960205339089,326.48383552764733,326.49383552764726,74.49960205339092,3.264938355276474e-10,True,1.0,rms,10.0,0.6417210329214182,0.6858989364646929
r5_final_inverse_map_complete_2026-08-31,16,0.0,0.0,HuberRidgeAIME,0.01,1.0,4.382491000336649,4.851755830807565,0.0,2,0.9999999999999999,1.0,1.0,1.0,0.9998578653353574,0.5205930288720461,1.0,0.0025026020809768078,0.050026014042464026,0.7718513940786152,0.9756945144584316,,,,X ~= Y A^T,SVD normal-system solve,4.382945089351366,74.48960205339097,74.49960205339089,326.48383552764733,326.49383552764726,74.49960205339092,3.264938355276474e-10,True,1.0,rms,10.0,0.6417210329214182,0.6858989364646929
r5_final_inverse_map_complete_2026-08-31,16,0.0,0.05,ZeroOperator,0.01,1.0,,0.0,0.0,0,0.1,0.1,0.1,0.10000000000000002,,,0.0,0.0405862379535558,0.20146026395683045,-1.857404785666525,,0.05005107252298264,1.0,1.0,,,,,,,,,,,,,,,-300.0
r5_final_inverse_map_complete_2026-08-31,16,0.0,0.05,AIME,0.0,1.0,4.615471071536217,5.369247498999338,0.0,1,0.9999999999999999,1.0,1.0,1.0,0.9302424199775612,0.5205469229910433,0.9333333333333333,0.006514737022694498,0.08071392087300987,0.5413410632611924,0.9224484410593484,0.05005107252298264,1.0,1.0,X ~= Y A^T,SVD normal-system solve,4.615471071536217,70.72779831579165,70.72779831579165,326.44210707998434,326.44210707998434,70.72779831579157,3.264421070799842e-10,True,1.0,rms,10.0,0.6642160332770184,0.7299134235147928
r5_final_inverse_map_complete_2026-08-31,16,0.0,0.05,HuberAIME,0.0,1.0,4.671492978870177,4.899805932148117,0.05005107252298264,5,0.9999999999999999,1.0,1.0,1.0,0.9966539356963213,0.5205930288720461,0.9666666666666667,0.0026480188475574884,0.0514589044535296,0.813570754298428,0.9668463396891445,1.0,0.2143092062478287,1.0,X ~= Y A^T,SVD normal-system solve,4.671492978870177,67.13854242023241,67.13854242023241,313.63722952769325,313.63722952769325,67.13854242023241,3.1363722952769314e-10,True,0.9606753331012703,rms,10.0,0.6694557004510927,0.6901788791578469
r5_final_inverse_map_complete_2026-08-31,16,0.0,0.05,RidgeAIME,0.01,1.0,4.614959962743234,5.368689369494151,0.0,1,0.9999999999999999,1.0,1.0,1.0,0.9302462795772963,0.5205469229910433,0.9333333333333333,0.006513812833473773,0.08070819557810578,0.5414061292253052,0.9224523174221259,0.05005107252298264,1.0,1.0,X ~= Y A^T,SVD normal-system solve,4.615471071536217,70.72779831579165,70.73779831579162,326.44210707998434,326.4521070799841,70.73779831579155,3.264521070799841e-10,True,1.0,rms,10.0,0.6641679376403472,0.7298682765619885
r5_final_inverse_map_complete_2026-08-31,16,0.0,0.05,HuberRidgeAIME,0.01,1.0,4.670946226658422,4.8992949352538915,0.05005107252298264,5,0.9999999999999999,1.0,1.0,1.0,0.9966543563027692,0.5205930288720461,0.9666666666666667,0.0026479594371638143,0.051458327189715505,0.8135749369857566,0.9668466989041216,1.0,0.21430915941697912,1.0,X ~= Y A^T,SVD normal-system solve,4.671492998470635,67.13854197763187,67.14854197763184,313.63722877603414,313.64722877603407,67.14854197763188,3.136472287760342e-10,True,0.9606753307573359,rms,10.0,0.6694048675875158,0.6901335845671216
r5_final_inverse_map_complete_2026-08-31,16,0.0,0.1,ZeroOperator,0.01,1.0,,0.0,0.0,0,0.1,0.2,0.2,0.20000000000000004,,,0.0,0.04691081183906325,0.21658903905568086,-2.687340784716646,,0.09805924412665985,1.0,1.0,,,,,,,,,,,,,,,-300.0
r5_final_inverse_map_complete_2026-08-31,16,0.0,0.1,AIME,0.0,1.0,4.604497523984842,5.591253680173079,0.0,1,0.9999999999999999,1.0,1.0,1.0,0.880612002913827,0.5204547112290379,0.9666666666666667,0.010751815112557945,0.1036909596472033,0.15487272933413,0.8920065515125007,0.09805924412665985,1.0,1.0,X ~= Y A^T,SVD normal-system solve,4.604497523984842,70.90536310900879,70.90536310900879,326.4835688726771,326.4835688726771,70.9053631090088,3.2648356887267713e-10,True,1.0,rms,10.0,0.6631822437690784,0.7475091970342049
r5_final_inverse_map_complete_2026-08-31,16,0.0,0.1,HuberAIME,0.0,1.0,4.587728955320553,4.894904672652753,0.09805924412665985,5,0.9999999999999999,1.0,1.0,1.0,0.9927625040652335,0.5205930288720461,1.0,0.002904907665363656,0.05389719533856707,0.7716649085699278,0.9685704838633834,0.9999999999999999,0.22057285924113712,1.0,X ~= Y A^T,SVD normal-system solve,4.587728955320553,65.71072084524376,65.71072084524376,301.4629766967106,301.4629766967106,65.71072084524377,3.014629766967105e-10,True,0.9235699637253822,rms,10.0,0.6615977517127013,0.6897442384182146
r5_final_inverse_map_complete_2026-08-31,16,0.0,0.1,RidgeAIME,0.01,1.0,4.603989242370541,5.590695509381175,0.0,1,0.9999999999999999,1.0,1.0,1.0,0.880619096762328,0.5204547112290379,0.9666666666666667,0.010750202601255938,0.1036831837920496,0.1549994779120507,0.8920130432728895,0.09805924412665985,1.0,1.0,X ~= Y A^T,SVD normal-system solve,4.604497523984842,70.90536310900879,70.91536310900878,326.4835688726771,326.49356887267714,70.9153631090088,3.264935688726771e-10,True,1.0,rms,10.0,0.66313430019134,0.7474658395674564
r5_final_inverse_map_complete_2026-08-31,16,0.0,0.1,HuberRidgeAIME,0.01,1.0,4.587183051736143,4.894422657894501,0.09805924412665985,5,0.9999999999999999,1.0,1.0,1.0,0.9927633219756102,0.5205930288720461,1.0,0.0029048195347920643,0.05389637775205366,0.7716718359164876,0.9685710111021686,0.9999999999999999,0.2205728397453406,1.0,X ~= Y A^T,SVD normal-system solve,4.587728957033542,65.71072068413609,65.7207206841361,301.46297607015407,301.47297607015406,65.7207206841361,3.0147297607015407e-10,True,0.9235699618136392,rms,10.0,0.6615460710176804,0.6897014701374522
r5_final_inverse_map_complete_2026-08-31,16,0.7,0.0,ZeroOperator,0.01,1.0,,0.0,0.0,0,0.1,0.4,0.4,0.4000000000000001,,,0.0,0.021382831735856228,0.14622869669068458,-1.8224887356164463,,,,,,,,,,,,,,,,,,,-300.0
r5_final_inverse_map_complete_2026-08-31,16,0.7,0.0,AIME,0.0,1.0,11.518482284656077,4.842308174634319,0.0,1,0.9999999999999999,1.0,1.0,1.0,0.9996450305252392,0.5205930288720461,1.0,0.0024961613336143473,0.04996159858946016,0.6705119633620077,0.9398230746700174,,,,X ~= Y A^T,SVD normal-system solve,11.518482284656077,28.334844701361224,28.334844701361224,326.37440673111035,326.37440673111035,28.334844701361245,3.263744067311103e-10,True,1.0,rms,10.0,1.061395258703335,0.6850524253957129
r5_final_inverse_map_complete_2026-08-31,16,0.7,0.0,HuberAIME,0.0,1.0,11.518482284656077,4.842308174634319,0.0,2,0.9999999999999999,1.0,1.0,1.0,0.9996450305252392,0.5205930288720461,1.0,0.0024961613336143473,0.04996159858946016,0.6705119633620077,0.9398230746700174,,,,X ~= Y A^T,SVD normal-system solve,11.518482284656077,28.334844701361224,28.334844701361224,326.37440673111035,326.37440673111035,28.334844701361245,3.263744067311103e-10,True,1.0,rms,10.0,1.061395258703335,0.6850524253957129
r5_final_inverse_map_complete_2026-08-31,16,0.7,0.0,RidgeAIME,0.01,1.0,11.514771386820692,4.840915934830525,0.0,1,0.9999999999999999,1.0,1.0,1.0,0.9996450244772456,0.5205930288720461,1.0,0.002496158876710326,0.049961574001529674,0.6705122876681618,0.9398229092384253,,,,X ~= Y A^T,SVD normal-system solve,11.518482284656077,28.334844701361224,28.34484470136123,326.37440673111035,326.3844067311104,28.344844701361254,3.2638440673111045e-10,True,1.0,rms,10.0,1.0612553199443786,0.6849275409436739
r5_final_inverse_map_complete_2026-08-31,16,0.7,0.0,HuberRidgeAIME,0.01,1.0,11.514771386820692,4.840915934830525,0.0,2,0.9999999999999999,1.0,1.0,1.0,0.9996450244772456,0.5205930288720461,1.0,0.002496158876710326,0.049961574001529674,0.6705122876681618,0.9398229092384253,,,,X ~= Y A^T,SVD normal-system solve,11.518482284656077,28.334844701361224,28.34484470136123,326.37440673111035,326.3844067311104,28.344844701361254,3.2638440673111045e-10,True,1.0,rms,10.0,1.0612553199443786,0.6849275409436739
r5_final_inverse_map_complete_2026-08-31,16,0.7,0.05,ZeroOperator,0.01,1.0,,0.0,0.0,0,0.1,0.0,0.0,0.0,,,0.0,0.042958894251555704,0.20726527507413225,-5.948181958682542,,0.05107252298263534,1.0,1.0,,,,,,,,,,,,,,,-300.0
r5_final_inverse_map_complete_2026-08-31,16,0.7,0.05,AIME,0.0,1.0,12.462831027306105,5.573310890182561,0.0,1,0.9999999999999999,1.0,1.0,1.0,0.8710437974474712,0.520523870050542,0.9666666666666667,0.0062777213928984325,0.07923207300644375,-0.01536017822881286,0.9278129263996236,0.05107252298263534,1.0,1.0,X ~= Y A^T,SVD normal-system solve,12.462831027306105,26.201417077199224,26.201417077199224,326.54383370910654,326.54383370910654,26.20141707719924,3.2654383370910665e-10,True,1.0,rms,10.0,1.0956167068401232,0.7461132695275645
r5_final_inverse_map_complete_2026-08-31,16,0.7,0.05,HuberAIME,0.0,1.0,12.427848030887544,4.844434611768084,0.05107252298263534,5,0.9999999999999999,1.0,1.0,1.0,0.9944330847934975,0.5205930288720461,1.0,0.002635528965885186,0.05133740318603178,0.5737289068680915,0.9688438595785531,1.0,0.2163993984397014,1.0,X ~= Y A^T,SVD normal-system solve,12.427848030887544,25.22321347602879,25.22321347602879,313.47026393072053,313.47026393072053,25.223213476028793,3.134702639307205e-10,True,0.9599795402676049,rms,10.0,1.0943959340140215,0.6852430983491516
r5_final_inverse_map_complete_2026-08-31,16,0.7,0.05,RidgeAIME,0.01,1.0,12.458457806662011,5.571934697859715,0.0,1,0.9999999999999999,1.0,1.0,1.0,0.8710738210154361,0.520523870050542,0.9666666666666667,0.006275883945700443,0.0792204768080857,-0.015062989074074773,0.9278273388407727,0.05107252298263534,1.0,1.0,X ~= Y A^T,SVD normal-system solve,12.462831027306105,26.201417077199224,26.211417077199222,326.54383370910654,326.5538337091066,26.21141707719924,3.2655383370910664e-10,True,1.0,rms,10.0,1.0954642857012307,0.7460060179232519
r5_final_inverse_map_complete_2026-08-31,16,0.7,0.05,HuberRidgeAIME,0.01,1.0,12.42331914633841,4.843381552202317,0.05107252298263534,5,0.9999999999999999,1.0,1.0,1.0,0.9944344206551392,0.5205930288720461,1.0,0.0026354619328903435,0.05133675031486064,0.5737397488009093,0.9688444689424188,1.0,0.21639940609108788,1.0,X ~= Y A^T,SVD normal-system solve,12.42784803761503,25.22321347231851,25.23321347231849,313.4702640542986,313.4802640542986,25.233213472318493,3.134802640542987e-10,True,0.9599795406583804,rms,10.0,1.0942376420853877,0.6851486832709568
r5_final_inverse_map_complete_2026-08-31,16,0.7,0.1,ZeroOperator,0.01,1.0,,0.0,0.0,0,0.1,0.2,0.2,0.20000000000000004,,,0.0,0.04776500974028167,0.2185520755798985,-6.826896264690034,,0.1041879468845761,1.0,1.0,,,,,,,,,,,,,,,-300.0
r5_final_inverse_map_complete_2026-08-31,16,0.7,0.1,AIME,0.0,1.0,11.746117611759255,6.925803895188725,0.0,1,0.9540404040404039,0.8,0.8,0.8000000000000002,0.767429202324896,0.5147260555144489,0.9666666666666667,0.012176432551274385,0.11034687377209372,-0.9952612795648017,0.8883122868730277,0.1041879468845761,1.0,1.0,X ~= Y A^T,SVD normal-system solve,11.746117611759255,27.790298801925044,27.790298801925044,326.4281181933439,326.4281181933439,27.79029880192511,3.264281181933439e-10,True,1.0,rms,10.0,1.0698943450411058,0.8404701902970171
r5_final_inverse_map_complete_2026-08-31,16,0.7,0.1,HuberAIME,0.0,1.0,11.8525870477454,4.999644644153817,0.1041879468845761,5,0.9999999999999999,1.0,1.0,1.0,0.9803232083822288,0.5205699759315447,0.9666666666666667,0.002978109505897836,0.05457205792251045,0.5119993841874553,0.9684199322454645,0.9999999999999998,0.21603774497291325,1.0,X ~= Y A^T,SVD normal-system solve,11.8525870477454,25.29255609207025,25.29255609207025,299.78222274124585,299.78222274124585,25.292556092070235,2.9978222274124583e-10,True,0.9183205822137254,rms,10.0,1.0738131535473467,0.6989391374225101
r5_final_inverse_map_complete_2026-08-31,16,0.7,0.1,RidgeAIME,0.01,1.0,11.742252143374067,6.924015716926244,0.0,1,0.9540404040404039,0.8,0.8,0.8000000000000002,0.767476107215205,0.5147260555144489,0.9666666666666667,0.012171112900815394,0.11032276691968614,-0.9943895880790605,0.8883436560771772,0.1041879468845761,1.0,1.0,X ~= Y A^T,SVD normal-system solve,11.746117611759255,27.790298801925044,27.800298801925052,326.4281181933439,326.43811819334394,27.800298801925116,3.2643811819334393e-10,True,1.0,rms,10.0,1.0697514018209238,0.8403580450159781
r5_final_inverse_map_complete_2026-08-31,16,0.7,0.1,HuberRidgeAIME,0.01,1.0,11.848298099204209,4.998618863576895,0.1041879468845761,5,0.9999999999999999,1.0,1.0,1.0,0.9803300505366482,0.5205699759315447,0.9666666666666667,0.0029777735717710814,0.05456897994072348,0.5120544312098714,0.9684226560869467,0.9999999999999998,0.216037686591059,1.0,X ~= Y A^T,SVD normal-system solve,11.852587226129165,25.29255554570093,25.302555545700937,299.78222077713724,299.79222077713735,25.30255554570093,2.9979222077713724e-10,True,0.9183205761310398,rms,10.0,1.0736559723540378,0.698850023778842
r5_final_inverse_map_complete_2026-08-31,16,0.95,0.0,ZeroOperator,0.01,1.0,,0.0,0.0,0,0.1,0.2,0.2,0.20000000000000004,,,0.0,0.03523298101373852,0.18770450451104928,-9.681587561327907,,,,,,,,,,,,,,,,,,,-300.0
r5_final_inverse_map_complete_2026-08-31,16,0.95,0.0,AIME,0.0,1.0,67.85141834900664,4.843485820628612,0.0,1,0.9999999999999999,1.0,1.0,1.0,0.9982331308450632,0.5205930288720461,1.0,0.0025125205485931703,0.05012504911312477,0.23827880959125602,0.9636860944178468,,,,X ~= Y A^T,SVD normal-system solve,67.85141834900664,4.809557433818414,4.809557433818414,326.335293515588,326.335293515588,4.809557433818424,3.263352935155881e-10,True,1.0,rms,10.0,1.8315589304734095,0.6851580326716321
r5_final_inverse_map_complete_2026-08-31,16,0.95,0.0,HuberAIME,0.0,1.0,67.85141834900664,4.843485820628612,0.0,2,0.9999999999999999,1.0,1.0,1.0,0.9982331308450632,0.5205930288720461,1.0,0.0025125205485931703,0.05012504911312477,0.23827880959125602,0.9636860944178468,,,,X ~= Y A^T,SVD normal-system solve,67.85141834900664,4.809557433818414,4.809557433818414,326.335293515588,326.335293515588,4.809557433818424,3.263352935155881e-10,True,1.0,rms,10.0,1.8315589304734095,0.6851580326716321
r5_final_inverse_map_complete_2026-08-31,16,0.95,0.0,RidgeAIME,0.01,1.0,67.71270972426862,4.837810558507884,0.0,1,0.9999999999999999,1.0,1.0,1.0,0.9982360739177465,0.5205930288720461,1.0,0.002512549148656021,0.05012533439944337,0.2382701389063806,0.9636855589788933,,,,X ~= Y A^T,SVD normal-system solve,67.85141834900664,4.809557433818414,4.819557433818427,326.335293515588,326.34529351558814,4.819557433818409,3.2634529351558814e-10,True,1.0,rms,10.0,1.8306701937228431,0.6846488580305115
r5_final_inverse_map_complete_2026-08-31,16,0.95,0.0,HuberRidgeAIME,0.01,1.0,67.71270972426862,4.837810558507884,0.0,2,0.9999999999999999,1.0,1.0,1.0,0.9982360739177465,0.5205930288720461,1.0,0.002512549148656021,0.05012533439944337,0.2382701389063806,0.9636855589788933,,,,X ~= Y A^T,SVD normal-system solve,67.85141834900664,4.809557433818414,4.819557433818427,326.335293515588,326.34529351558814,4.819557433818409,3.2634529351558814e-10,True,1.0,rms,10.0,1.8306701937228431,0.6846488580305115
r5_final_inverse_map_complete_2026-08-31,16,0.95,0.05,ZeroOperator,0.01,1.0,,0.0,0.0,0,0.1,0.0,0.0,0.0,,,0.0,0.030992506749500347,0.17604688792904108,-8.245158192914436,,0.04698672114402452,1.0,1.0,,,,,,,,,,,,,,,-300.0
r5_final_inverse_map_complete_2026-08-31,16,0.95,0.05,AIME,0.0,1.0,64.49194232077741,8.745556769179496,0.0,1,0.8583573289455642,0.6,0.6,0.6,0.6462713124681501,0.4995572206645517,0.8666666666666667,0.006307317771078214,0.07941862357834095,-0.8814919050566525,0.8987440732523789,0.04698672114402452,1.0,1.0,X ~= Y A^T,SVD normal-system solve,64.49194232077741,5.060084160705958,5.060084160705958,326.334655830528,326.334655830528,5.060084160705973,3.263346558305281e-10,True,1.0,rms,10.0,1.809505456895367,0.941787463224102
r5_final_inverse_map_complete_2026-08-31,16,0.95,0.05,HuberAIME,0.0,1.0,64.42753732627897,5.110134023174071,0.04698672114402452,5,0.9999999999999999,1.0,1.0,1.0,0.9656890445232698,0.5205699759315447,0.9333333333333333,0.002666561321944294,0.05163875794347008,0.2045567190888976,0.9560214957126805,0.9999999999999999,0.2166294148663493,1.0,X ~= Y A^T,SVD normal-system solve,64.42753732627897,4.878717780222989,4.878717780222989,314.3237718896975,314.3237718896975,4.878717780222995,3.1432377188969757e-10,True,0.9631919847638938,rms,10.0,1.8090715312214316,0.7084322904990303
r5_final_inverse_map_complete_2026-08-31,16,0.95,0.05,RidgeAIME,0.01,1.0,64.36671374407474,8.730551669842548,0.0,1,0.8583573289455642,0.6,0.6,0.6,0.6464498923431323,0.4995572206645517,0.8666666666666667,0.0062965270369606365,0.07935065870527248,-0.8782729965397966,0.8988904445347883,0.04698672114402452,1.0,1.0,X ~= Y A^T,SVD normal-system solve,64.49194232077741,5.060084160705958,5.070084160705962,326.334655830528,326.3446558305281,5.070084160705979,3.26344655830528e-10,True,1.0,rms,10.0,1.8086613367000908,0.9410416869585735
r5_final_inverse_map_complete_2026-08-31,16,0.95,0.05,HuberRidgeAIME,0.01,1.0,64.29779444076739,5.1031648999038275,0.04698672114402452,5,0.9999999999999999,1.0,1.0,1.0,0.9657245926969942,0.5205699759315447,0.9333333333333333,0.002666052571040369,0.05163383165174137,0.20470848101721129,0.956029657269043,0.9999999999999999,0.21662917501963175,1.0,X ~= Y A^T,SVD normal-system solve,64.42753712693444,4.878717738225133,4.888717738225141,314.3237682113334,314.33376821133345,4.888717738225126,3.143337682113334e-10,True,0.9631919734942831,rms,10.0,1.808196075900389,0.7078396020302967
r5_final_inverse_map_complete_2026-08-31,16,0.95,0.1,ZeroOperator,0.01,1.0,,0.0,0.0,0,0.1,0.1,0.1,0.10000000000000002,,,0.0,0.03352981941211591,0.1831114944838688,-9.443657143191892,,0.1041879468845761,1.0,1.0,,,,,,,,,,,,,,,-300.0
r5_final_inverse_map_complete_2026-08-31,16,0.95,0.1,AIME,0.0,1.0,63.60792938434862,11.001930420675494,0.0,1,0.4107172684844018,0.4,0.4,0.4000000000000001,0.4646739481425461,0.354369801386963,0.8,0.010117339115136424,0.1005849845411154,-2.1512851179183077,0.862691352631945,0.1041879468845761,1.0,1.0,X ~= Y A^T,SVD normal-system solve,63.60792938434862,5.130426037428904,5.130426037428904,326.3357771004013,326.3357771004013,5.130426037428884,3.2633577710040124e-10,True,1.0,rms,10.0,1.8035112583089952,1.0414688940211059
r5_final_inverse_map_complete_2026-08-31,16,0.95,0.1,HuberAIME,0.0,1.0,63.28842263389888,5.23951055217026,0.1041879468845761,5,0.9999999999999999,1.0,1.0,1.0,0.916687452123927,0.5204086053480351,1.0,0.002822166765056935,0.05312406954532884,0.12096925626401211,0.9570915819608656,0.9999999999999998,0.21243870825310748,1.0,X ~= Y A^T,SVD normal-system solve,63.28842263389888,4.733280573759967,4.733280573759967,299.5618613969442,299.5618613969442,4.733280573759982,2.9956186139694413e-10,True,0.9179456059671266,rms,10.0,1.8013242716908149,0.7192907193463867
r5_final_inverse_map_complete_2026-08-31,16,0.95,0.1,RidgeAIME,0.01,1.0,63.48613416946117,10.983020267209394,0.0,1,0.4107172684844018,0.4,0.4,0.4000000000000001,0.4649003938424406,0.354369801386963,0.8,0.010098270372597017,0.10049015062481008,-2.1453457059940844,0.862891366806378,0.1041879468845761,1.0,1.0,X ~= Y A^T,SVD normal-system solve,63.60792938434862,5.130426037428904,5.140426037428877,326.3357771004013,326.3457771004013,5.140426037428892,3.263457771004012e-10,True,1.0,rms,10.0,1.80267888259512,1.0407217850151134
r5_final_inverse_map_complete_2026-08-31,16,0.95,0.1,HuberRidgeAIME,0.01,1.0,63.157104264389595,5.232347132711608,0.1041879468845761,5,0.9999999999999999,1.0,1.0,1.0,0.916789532223183,0.5204086053480351,1.0,0.002821227577189165,0.0531152292397309,0.12126178859064007,0.9571047029612373,0.9999999999999998,0.21243849379768776,1.0,X ~= Y A^T,SVD normal-system solve,63.2884235591511,4.733280389397334,4.743280389397338,299.5618541084021,299.57185410840214,4.743280389397346,2.99571854108402e-10,True,0.9179455836234567,rms,10.0,1.800422209511897,0.7186965489286193
r5_final_inverse_map_complete_2026-08-31,17,0.0,0.0,ZeroOperator,0.01,1.0,,0.0,0.0,0,0.1,0.0,0.0,0.0,,,0.0,0.03544429448361135,0.18826655168566547,-1.090749965662615,,,,,,,,,,,,,,,,,,,-300.0
r5_final_inverse_map_complete_2026-08-31,17,0.0,0.0,AIME,0.0,1.0,4.81235623730367,4.85312130376856,0.0,1,0.9999999999999999,1.0,1.0,1.0,0.9998414780970184,0.5205930288720461,1.0,0.002498748790901179,0.0499874863430957,0.85260649069509,0.9641071251263895,,,,X ~= Y A^T,SVD normal-system solve,4.81235623730367,67.82593873141299,67.82593873141299,326.4025793050919,326.4025793050919,67.825938731413,3.2640257930509187e-10,True,1.0,rms,10.0,0.6823577687444435,0.6860211466416665
r5_final_inverse_map_complete_2026-08-31,17,0.0,0.0,HuberAIME,0.0,1.0,4.81235623730367,4.85312130376856,0.0,2,0.9999999999999999,1.0,1.0,1.0,0.9998414780970184,0.5205930288720461,1.0,0.002498748790901179,0.0499874863430957,0.85260649069509,0.9641071251263895,,,,X ~= Y A^T,SVD normal-system solve,4.81235623730367,67.82593873141299,67.82593873141299,326.4025793050919,326.4025793050919,67.825938731413,3.2640257930509187e-10,True,1.0,rms,10.0,0.6823577687444435,0.6860211466416665
r5_final_inverse_map_complete_2026-08-31,17,0.0,0.0,RidgeAIME,0.01,1.0,4.811794240770772,4.852564068847474,0.0,1,0.9999999999999999,1.0,1.0,1.0,0.9998414751302354,0.5205930288720461,1.0,0.002498741137855866,0.04998740979342565,0.8526069421247053,0.9641071858317142,,,,X ~= Y A^T,SVD normal-system solve,4.81235623730367,67.82593873141299,67.83593873141297,326.4025793050919,326.41257930509187,67.83593873141298,3.26412579305092e-10,True,1.0,rms,10.0,0.6823070480093678,0.6859712781280424
r5_final_inverse_map_complete_2026-08-31,17,0.0,0.0,HuberRidgeAIME,0.01,1.0,4.811794240770772,4.852564068847474,0.0,2,0.9999999999999999,1.0,1.0,1.0,0.9998414751302354,0.5205930288720461,1.0,0.002498741137855866,0.04998740979342565,0.8526069421247053,0.9641071858317142,,,,X ~= Y A^T,SVD normal-system solve,4.81235623730367,67.82593873141299,67.83593873141297,326.4025793050919,326.41257930509187,67.83593873141298,3.26412579305092e-10,True,1.0,rms,10.0,0.6823070480093678,0.6859712781280424
r5_final_inverse_map_complete_2026-08-31,17,0.0,0.05,ZeroOperator,0.01,1.0,,0.0,0.0,0,0.1,0.0,0.0,0.0,,,0.0,0.04030277052565318,0.20075549936590326,-1.7593128728336205,,0.04800817160367722,1.0,1.0,,,,,,,,,,,,,,,-300.0
r5_final_inverse_map_complete_2026-08-31,17,0.0,0.05,AIME,0.0,1.0,4.510071743967472,5.43380056657114,0.0,1,0.9999999999999999,1.0,1.0,1.0,0.9121312664149369,0.5204316582885365,0.9,0.007832934819201857,0.08850386895046937,0.4637212877230582,0.9089871292615834,0.04800817160367722,1.0,1.0,X ~= Y A^T,SVD normal-system solve,4.510071743967472,72.4115969957514,72.4115969957514,326.5814975460982,326.5814975460982,72.41159699575141,3.2658149754609823e-10,True,1.0,rms,10.0,0.6541834504724968,0.735103694732021
r5_final_inverse_map_complete_2026-08-31,17,0.0,0.05,HuberAIME,0.0,1.0,4.549390890821214,4.892741024795883,0.04800817160367722,5,0.9999999999999999,1.0,1.0,1.0,0.9961802466885935,0.5205930288720461,0.9666666666666667,0.002664826901609392,0.051621961427375,0.8175537046813246,0.9664455917420282,1.0,0.20348727979776482,1.0,X ~= Y A^T,SVD normal-system solve,4.549390890821214,69.0401280720666,69.0401280720666,314.09052975218975,314.09052975218975,69.0401280720666,3.140905297521899e-10,True,0.9617608806440194,rms,10.0,0.6579532536981402,0.6895522289464022
r5_final_inverse_map_complete_2026-08-31,17,0.0,0.05,RidgeAIME,0.01,1.0,4.509587072006401,5.433234028046089,0.0,1,0.9999999999999999,1.0,1.0,1.0,0.9121349518497338,0.5204316582885365,0.9,0.0078317186317705,0.08849699786868762,0.4638045535033347,0.9089915944964335,0.04800817160367722,1.0,1.0,X ~= Y A^T,SVD normal-system solve,4.510071743967472,72.4115969957514,72.4215969957514,326.5814975460982,326.5914975460981,72.42159699575139,3.2659149754609806e-10,True,1.0,rms,10.0,0.6541367767872225,0.7350584119912151
r5_final_inverse_map_complete_2026-08-31,17,0.0,0.05,HuberRidgeAIME,0.01,1.0,4.548876861397419,4.892230218488325,0.04800817160367722,5,0.9999999999999999,1.0,1.0,1.0,0.9961802534696996,0.5205930288720461,0.9666666666666667,0.0026647482212616776,0.05162119933962865,0.8175590914994876,0.9664458070709113,1.0,0.20348724306991312,1.0,X ~= Y A^T,SVD normal-system solve,4.549390892435359,69.04012791948666,69.05012791948667,314.0905291694848,314.10052916948484,69.05012791948664,3.1410052916948483e-10,True,0.9617608788807824,rms,10.0,0.6579041805891469,0.689506885867638
r5_final_inverse_map_complete_2026-08-31,17,0.0,0.1,ZeroOperator,0.01,1.0,,0.0,0.0,0,0.1,0.1,0.1,0.10000000000000002,,,0.0,0.030873147582757807,0.1757075626794641,-0.7975382758978986,,0.09499489274770173,1.0,1.0,,,,,,,,,,,,,,,-300.0
r5_final_inverse_map_complete_2026-08-31,17,0.0,0.1,AIME,0.0,1.0,4.734248548025815,5.4067554224297725,0.0,1,0.9999999999999999,1.0,1.0,1.0,0.8630568970338968,0.5201089171215174,1.0,0.010542238950403217,0.10267540577179725,0.38619546399620075,0.8372313344784655,0.09499489274770173,1.0,1.0,X ~= Y A^T,SVD normal-system solve,4.734248548025815,68.94001729563793,68.94001729563793,326.37917678274846,326.37917678274846,68.94001729563793,3.2637917678274835e-10,True,1.0,rms,10.0,0.6752510546497908,0.7329367244689959
r5_final_inverse_map_complete_2026-08-31,17,0.0,0.1,HuberAIME,0.0,1.0,4.740063520629616,4.8439199477343555,0.09499489274770173,5,0.9999999999999999,1.0,1.0,1.0,0.9931467560618541,0.5205930288720461,1.0,0.0028142662769904095,0.05304965859447551,0.8361439714593865,0.9533411446294954,1.0,0.21232377056620363,1.0,X ~= Y A^T,SVD normal-system solve,4.740063520629616,63.70774099686215,63.70774099686215,301.9787390809461,301.9787390809461,63.70774099686215,3.019787390809461e-10,True,0.9251747810650225,rms,10.0,0.675784161605327,0.6851969572322634
r5_final_inverse_map_complete_2026-08-31,17,0.0,0.1,RidgeAIME,0.01,1.0,4.733706960264926,5.406083036700779,0.0,1,0.9999999999999999,1.0,1.0,1.0,0.8630583960745498,0.5201089171215174,1.0,0.010540765542015969,0.10266823044163159,0.3862812507779019,0.8372348190354914,0.09499489274770173,1.0,1.0,X ~= Y A^T,SVD normal-system solve,4.734248548025815,68.94001729563793,68.95001729563793,326.37917678274846,326.38917678274834,68.9500172956379,3.2638917678274833e-10,True,1.0,rms,10.0,0.6752013694614583,0.7328827121181609
r5_final_inverse_map_complete_2026-08-31,17,0.0,0.1,HuberRidgeAIME,0.01,1.0,4.739476547485756,4.843279805159837,0.09499489274770173,5,0.9999999999999999,1.0,1.0,1.0,0.9931469055043697,0.5205930288720461,1.0,0.002814228357307282,0.05304930119527761,0.836146179270613,0.9533414142713807,1.0,0.21232376186874868,1.0,X ~= Y A^T,SVD normal-system solve,4.740063521139606,63.707740934588294,63.71774093458829,301.97873881825444,301.9887388182544,63.71774093458829,3.0198873881825445e-10,True,0.9251747802388085,rms,10.0,0.6757303785745263,0.685139559760292
r5_final_inverse_map_complete_2026-08-31,17,0.7,0.0,ZeroOperator,0.01,1.0,,0.0,0.0,0,0.1,0.0,0.0,0.0,,,0.0,0.039735003408967136,0.1993364076353518,-5.34309091763583,,,,,,,,,,,,,,,,,,,-300.0
r5_final_inverse_map_complete_2026-08-31,17,0.7,0.0,AIME,0.0,1.0,11.94625023605853,4.855171377601017,0.0,1,0.9999999999999999,1.0,1.0,1.0,0.9996928232000458,0.5205930288720461,1.0,0.0024663335320446777,0.049662194192813085,0.6062872408501463,0.9684682753216124,,,,X ~= Y A^T,SVD normal-system solve,11.94625023605853,27.31842991837106,27.31842991837106,326.35279986108867,326.35279986108867,27.31842991837105,3.2635279986108864e-10,True,1.0,rms,10.0,1.0772316075984945,0.6862045642198926
r5_final_inverse_map_complete_2026-08-31,17,0.7,0.0,HuberAIME,0.0,1.0,11.94625023605853,4.855171377601017,0.0,2,0.9999999999999999,1.0,1.0,1.0,0.9996928232000458,0.5205930288720461,1.0,0.0024663335320446777,0.049662194192813085,0.6062872408501463,0.9684682753216124,,,,X ~= Y A^T,SVD normal-system solve,11.94625023605853,27.31842991837106,27.31842991837106,326.35279986108867,326.35279986108867,27.31842991837105,3.2635279986108864e-10,True,1.0,rms,10.0,1.0772316075984945,0.6862045642198926
r5_final_inverse_map_complete_2026-08-31,17,0.7,0.0,RidgeAIME,0.01,1.0,11.942244791812838,4.854108634143098,0.0,1,0.9999999999999999,1.0,1.0,1.0,0.9996930639006877,0.5205930288720461,1.0,0.002466336091716296,0.04966221996363328,0.6062868322373767,0.9684682066220739,,,,X ~= Y A^T,SVD normal-system solve,11.94625023605853,27.31842991837106,27.32842991837103,326.35279986108867,326.36279986108855,27.328429918371064,3.2636279986108873e-10,True,1.0,rms,10.0,1.0770859690936203,0.6861094915428789
r5_final_inverse_map_complete_2026-08-31,17,0.7,0.0,HuberRidgeAIME,0.01,1.0,11.942244791812838,4.854108634143098,0.0,2,0.9999999999999999,1.0,1.0,1.0,0.9996930639006877,0.5205930288720461,1.0,0.002466336091716296,0.04966221996363328,0.6062868322373767,0.9684682066220739,,,,X ~= Y A^T,SVD normal-system solve,11.94625023605853,27.31842991837106,27.32842991837103,326.35279986108867,326.36279986108855,27.328429918371064,3.2636279986108873e-10,True,1.0,rms,10.0,1.0770859690936203,0.6861094915428789
r5_final_inverse_map_complete_2026-08-31,17,0.7,0.05,ZeroOperator,0.01,1.0,,0.0,0.0,0,0.1,0.1,0.1,0.10000000000000002,,,0.0,0.029025514109669016,0.17036875919507372,-2.834485966374539,,0.04698672114402452,1.0,1.0,,,,,,,,,,,,,,,-300.0
r5_final_inverse_map_complete_2026-08-31,17,0.7,0.05,AIME,0.0,1.0,12.137652255090513,5.490864610707636,0.0,1,0.9999999999999999,1.0,1.0,1.0,0.8764574403609465,0.520523870050542,0.9,0.0060424545574898104,0.07773322685627948,0.20174687981039996,0.8970596954232367,0.04698672114402452,1.0,1.0,X ~= Y A^T,SVD normal-system solve,12.137652255090513,26.886620610710597,26.886620610710597,326.34045128735454,326.34045128735454,26.886620610710604,3.263404512873545e-10,True,1.0,rms,10.0,1.0841346907538303,0.7396407353598078
r5_final_inverse_map_complete_2026-08-31,17,0.7,0.05,HuberAIME,0.0,1.0,12.142639513393469,4.849025169242039,0.04698672114402452,5,0.9999999999999999,1.0,1.0,1.0,0.994207010770392,0.5205930288720461,0.9333333333333333,0.0026297326326055162,0.05128091879642482,0.6525927900211098,0.9536340105456387,0.9999999999999999,0.19681956875436682,1.0,X ~= Y A^T,SVD normal-system solve,12.142639513393469,25.860894444576477,25.860894444576477,314.019518734412,314.019518734412,25.860894444576413,3.1401951873441196e-10,True,0.9622611850487242,rms,10.0,1.084313102019388,0.6856544383606393
r5_final_inverse_map_complete_2026-08-31,17,0.7,0.05,RidgeAIME,0.01,1.0,12.133511343703832,5.489281236109992,0.0,1,0.9999999999999999,1.0,1.0,1.0,0.8764713013337179,0.520523870050542,0.9,0.006040898774588848,0.07772321901844292,0.20195241028534427,0.8970739134357071,0.04698672114402452,1.0,1.0,X ~= Y A^T,SVD normal-system solve,12.137652255090513,26.886620610710597,26.89662061071053,326.34045128735454,326.35045128735453,26.896620610710595,3.2635045128735453e-10,True,1.0,rms,10.0,1.0839865004970743,0.7395154818586427
r5_final_inverse_map_complete_2026-08-31,17,0.7,0.05,HuberRidgeAIME,0.01,1.0,12.13833248903272,4.847661317052266,0.04698672114402452,5,0.9999999999999999,1.0,1.0,1.0,0.994207419606589,0.5205930288720461,0.9333333333333333,0.002629695724226361,0.05128055893051831,0.6525976658920893,0.9536342590496883,0.9999999999999999,0.19681955009167515,1.0,X ~= Y A^T,SVD normal-system solve,12.142639506532351,25.860894435639352,25.87089443563936,314.01951844845706,314.02951844845705,25.870894435639322,3.1402951844845705e-10,True,0.9622611841718254,rms,10.0,1.0841590293625991,0.6855322701364953
r5_final_inverse_map_complete_2026-08-31,17,0.7,0.1,ZeroOperator,0.01,1.0,,0.0,0.0,0,0.1,0.1,0.1,0.10000000000000002,,,0.0,0.025508366440588754,0.1597133884199717,-2.4310707344330984,,0.10112359550561797,1.0,1.0,,,,,,,,,,,,,,,-300.0
r5_final_inverse_map_complete_2026-08-31,17,0.7,0.1,AIME,0.0,1.0,11.548956337370337,6.001216105618793,0.0,1,0.9909090909090909,0.9,0.9,0.9,0.7848338184458981,0.5188986377451958,0.9666666666666667,0.009174800440928613,0.09578517860780243,-0.2340809577301759,0.8361157073917455,0.10112359550561797,1.0,1.0,X ~= Y A^T,SVD normal-system solve,11.548956337370337,28.270849945771214,28.270849945771214,326.4988116440603,326.4988116440603,28.270849945771218,3.2649881164406033e-10,True,1.0,rms,10.0,1.0625427394315827,0.7782392661241841
r5_final_inverse_map_complete_2026-08-31,17,0.7,0.1,HuberAIME,0.0,1.0,11.250499222916169,4.835934250214839,0.10112359550561797,5,0.9999999999999999,1.0,1.0,1.0,0.9868477538890299,0.5205469229910433,0.9666666666666667,0.0027730839040193537,0.05266007884554821,0.6269989672067499,0.9441333046465434,0.9999999999999998,0.21373038571263528,1.0,X ~= Y A^T,SVD normal-system solve,11.250499222916169,26.715749393260328,26.715749393260328,300.5655177884984,300.5655177884984,26.71574939326032,3.0056551778849864e-10,True,0.9204895895664463,rms,10.0,1.0511717939982583,0.684480387523102
r5_final_inverse_map_complete_2026-08-31,17,0.7,0.1,RidgeAIME,0.01,1.0,11.54522626689594,5.999451644917475,0.0,1,0.9909090909090909,0.9,0.9,0.9,0.7848499054807656,0.5188986377451958,0.9666666666666667,0.00917202393801531,0.09577068412627796,-0.23370749681443703,0.8361363163490845,0.10112359550561797,1.0,1.0,X ~= Y A^T,SVD normal-system solve,11.548956337370337,28.270849945771214,28.2808499457712,326.4988116440603,326.5088116440603,28.280849945771212,3.2650881164406036e-10,True,1.0,rms,10.0,1.0624024487734558,0.7781115573053802
r5_final_inverse_map_complete_2026-08-31,17,0.7,0.1,HuberRidgeAIME,0.01,1.0,11.2466637652804,4.834514923247825,0.10112359550561797,5,0.9999999999999999,1.0,1.0,1.0,0.9868480040913454,0.5205469229910433,0.9666666666666667,0.002773028688243622,0.052659554576958034,0.6270063941516557,0.9441333610523241,0.9999999999999998,0.2137303792164285,1.0,X ~= Y A^T,SVD normal-system solve,11.250499204670577,26.715749417238694,26.725749417238703,300.56551757082235,300.5755175708223,26.7257494172387,3.0057551757082227e-10,True,0.9204895889095265,rms,10.0,1.0510237114952512,0.6843529051563247
r5_final_inverse_map_complete_2026-08-31,17,0.95,0.0,ZeroOperator,0.01,1.0,,0.0,0.0,0,0.1,0.2,0.2,0.20000000000000004,,,0.0,0.018537657174506485,0.13615306524095036,-4.232142686591261,,,,,,,,,,,,,,,,,,,-300.0
r5_final_inverse_map_complete_2026-08-31,17,0.95,0.0,AIME,0.0,1.0,64.27929930529437,4.828684638634765,0.0,1,0.9999999999999999,1.0,1.0,1.0,0.9982477483392258,0.5205930288720461,1.0,0.002525143181068155,0.0502508027902854,0.28729346416056634,0.9293996716540572,,,,X ~= Y A^T,SVD normal-system solve,64.27929930529437,5.0772072356171085,5.0772072356171085,326.35932353323835,326.35932353323835,5.077207235617055,3.2635932353323847e-10,True,1.0,rms,10.0,1.8080711339671198,0.6838288425564764
r5_final_inverse_map_complete_2026-08-31,17,0.95,0.0,HuberAIME,0.0,1.0,64.27929930529437,4.828684638634765,0.0,2,0.9999999999999999,1.0,1.0,1.0,0.9982477483392258,0.5205930288720461,1.0,0.002525143181068155,0.0502508027902854,0.28729346416056634,0.9293996716540572,,,,X ~= Y A^T,SVD normal-system solve,64.27929930529437,5.0772072356171085,5.0772072356171085,326.35932353323835,326.35932353323835,5.077207235617055,3.2635932353323847e-10,True,1.0,rms,10.0,1.8080711339671198,0.6838288425564764
r5_final_inverse_map_complete_2026-08-31,17,0.95,0.0,RidgeAIME,0.01,1.0,64.15491023212685,4.821376615375955,0.0,1,0.9999999999999999,1.0,1.0,1.0,0.9982475003891295,0.5205930288720461,1.0,0.002525121982963865,0.05025059186680158,0.28729944719851364,0.9294004092612115,,,,X ~= Y A^T,SVD normal-system solve,64.27929930529437,5.0772072356171085,5.087207235617055,326.35932353323835,326.36932353323834,5.087207235617106,3.2636932353323835e-10,True,1.0,rms,10.0,1.8072299016323545,0.6831710571397583
r5_final_inverse_map_complete_2026-08-31,17,0.95,0.0,HuberRidgeAIME,0.01,1.0,64.15491023212685,4.821376615375955,0.0,2,0.9999999999999999,1.0,1.0,1.0,0.9982475003891295,0.5205930288720461,1.0,0.002525121982963865,0.05025059186680158,0.28729944719851364,0.9294004092612115,,,,X ~= Y A^T,SVD normal-system solve,64.27929930529437,5.0772072356171085,5.087207235617055,326.35932353323835,326.36932353323834,5.087207235617106,3.2636932353323835e-10,True,1.0,rms,10.0,1.8072299016323545,0.6831710571397583
r5_final_inverse_map_complete_2026-08-31,17,0.95,0.05,ZeroOperator,0.01,1.0,,0.0,0.0,0,0.1,0.2,0.2,0.20000000000000004,,,0.0,0.018196907712261158,0.13489591436459875,-4.299780903913026,,0.05005107252298264,1.0,1.0,,,,,,,,,,,,,,,-300.0
r5_final_inverse_map_complete_2026-08-31,17,0.95,0.05,AIME,0.0,1.0,65.74686110643944,8.522451972927628,0.0,1,0.832037037037037,0.7,0.7,0.7,0.5946985699703173,0.4800659594706487,0.9333333333333333,0.006879668555313499,0.08294376742898468,-1.0036775814461043,0.8199981041818564,0.05005107252298264,1.0,1.0,X ~= Y A^T,SVD normal-system solve,65.74686110643944,4.964165851354049,4.964165851354049,326.37832273830435,326.37832273830435,4.964165851354015,3.263783227383043e-10,True,1.0,rms,10.0,1.8178750235238756,0.9305645625027142
r5_final_inverse_map_complete_2026-08-31,17,0.95,0.05,HuberAIME,0.0,1.0,65.17685608222898,5.050524614352538,0.05005107252298264,5,0.9999999999999999,1.0,1.0,1.0,0.9639692199990056,0.5205699759315447,0.9666666666666667,0.002653690678534171,0.05151398527132385,0.22712257459485674,0.92425580336316,1.0,0.19907589313683233,1.0,X ~= Y A^T,SVD normal-system solve,65.17685608222898,4.806840029494558,4.806840029494558,313.29472081266414,313.29472081266414,4.80684002949452,3.1329472081266405e-10,True,0.9599128894419865,rms,10.0,1.814093407692951,0.7033364920364703
r5_final_inverse_map_complete_2026-08-31,17,0.95,0.05,RidgeAIME,0.01,1.0,65.61669483727745,8.507055027727752,0.0,1,0.832037037037037,0.7,0.7,0.7,0.5947986003000758,0.4800659594706487,0.9333333333333333,0.006869467420617382,0.08288225033514342,-1.0007065393484242,0.8201832156475213,0.05005107252298264,1.0,1.0,X ~= Y A^T,SVD normal-system solve,65.74686110643944,4.964165851354049,4.974165851354039,326.37832273830435,326.38832273830434,4.974165851353991,3.2638832273830434e-10,True,1.0,rms,10.0,1.8170143508582728,0.9297792420397935
r5_final_inverse_map_complete_2026-08-31,17,0.95,0.05,HuberRidgeAIME,0.01,1.0,65.04362170552939,5.042144051326145,0.05005107252298264,5,0.9999999999999999,1.0,1.0,1.0,0.963984247004605,0.5205699759315447,0.9666666666666667,0.002653239175642715,0.05150960275174635,0.22725407311317836,0.9242676384838387,1.0,0.1990757388237707,1.0,X ~= Y A^T,SVD normal-system solve,65.17685605866669,4.806839992647057,4.8168399926470515,313.29471829779965,313.30471829779975,4.816839992647043,3.133047182977997e-10,True,0.9599128817184522,rms,10.0,1.8132047152879733,0.7026152490759258
r5_final_inverse_map_complete_2026-08-31,17,0.95,0.1,ZeroOperator,0.01,1.0,,0.0,0.0,0,0.1,0.0,0.0,0.0,,,0.0,0.04803625531650012,0.2191717484451409,-14.731804393099514,,0.10520939734422881,1.0,1.0,,,,,,,,,,,,,,,-300.0
r5_final_inverse_map_complete_2026-08-31,17,0.95,0.1,AIME,0.0,1.0,67.62104811979108,13.071598736447358,0.0,1,0.44584760729579664,0.5,0.5,0.5,0.463870111072516,0.3529405190758785,0.8,0.013055067089836147,0.11425877248525011,-3.275515658805875,0.8693839157780398,0.10520939734422881,1.0,1.0,X ~= Y A^T,SVD normal-system solve,67.62104811979108,4.826086323865686,4.826086323865686,326.3450155363872,326.3450155363872,4.826086323865702,3.263450155363874e-10,True,1.0,rms,10.0,1.8300818980049336,1.1163287076995523
r5_final_inverse_map_complete_2026-08-31,17,0.95,0.1,HuberAIME,0.0,1.0,68.23609648482928,5.464448507354332,0.10520939734422881,6,0.9999999999999999,1.0,1.0,1.0,0.9020360416004836,0.5204086053480351,0.9666666666666667,0.0029445226392491954,0.05426345583584956,0.03567307887528104,0.9688663951232928,1.0,0.20063077014720304,1.0,X ~= Y A^T,SVD normal-system solve,68.23609648482928,4.38034330013508,4.38034330013508,298.89752806469284,298.89752806469284,4.380343300135084,2.988975280646928e-10,True,0.9158988450716669,rms,10.0,1.8340141746133396,0.7375463378687862
r5_final_inverse_map_complete_2026-08-31,17,0.95,0.1,RidgeAIME,0.01,1.0,67.48328993340174,13.04776593439952,0.0,1,0.4463459461662285,0.5,0.5,0.5,0.4640992169823453,0.35410469257119737,0.8,0.013023697391297181,0.11412141513010247,-3.265242127739935,0.8696394287321333,0.10520939734422881,1.0,1.0,X ~= Y A^T,SVD normal-system solve,67.62104811979108,4.826086323865686,4.836086323865688,326.3450155363872,326.3550155363872,4.836086323865696,3.2635501553638725e-10,True,1.0,rms,10.0,1.8291962470808893,1.1155361572358924
r5_final_inverse_map_complete_2026-08-31,17,0.95,0.1,HuberRidgeAIME,0.01,1.0,68.0829539646005,5.457782129947225,0.10520939734422881,6,0.9999999999999999,1.0,1.0,1.0,0.9022269142025645,0.5204086053480351,0.9666666666666667,0.002943066894477572,0.05425004050208232,0.036149833190174285,0.9688820277179293,1.0,0.20063049614563508,1.0,X ~= Y A^T,SVD normal-system solve,68.2360994017226,4.380342974982735,4.3903429749827705,298.8975186545592,298.90751865455917,4.390342974982792,2.989075186545592e-10,True,0.9158988162441271,rms,10.0,1.833038390535616,0.7370161950110053
r5_final_inverse_map_complete_2026-08-31,18,0.0,0.0,ZeroOperator,0.01,1.0,,0.0,0.0,0,0.1,0.1,0.1,0.10000000000000002,,,0.0,0.05178248304832065,0.22755764774737994,-3.8188101700723287,,,,,,,,,,,,,,,,,,,-300.0
r5_final_inverse_map_complete_2026-08-31,18,0.0,0.0,AIME,0.0,1.0,4.570023515101219,4.844432057956918,0.0,1,0.9999999999999999,1.0,1.0,1.0,0.999859120280567,0.5205930288720461,1.0,0.002512019970936937,0.05012005557595619,0.7662347058158641,0.9754435162539027,,,,X ~= Y A^T,SVD normal-system solve,4.570023515101219,71.47661476254302,71.47661476254302,326.64981024465254,326.64981024465254,71.47661476254301,3.2664981024465256e-10,True,1.0,rms,10.0,0.6599184347421536,0.6852428694047075
r5_final_inverse_map_complete_2026-08-31,18,0.0,0.0,HuberAIME,0.0,1.0,4.570023515101219,4.844432057956918,0.0,2,0.9999999999999999,1.0,1.0,1.0,0.999859120280567,0.5205930288720461,1.0,0.002512019970936937,0.05012005557595619,0.7662347058158641,0.9754435162539027,,,,X ~= Y A^T,SVD normal-system solve,4.570023515101219,71.47661476254302,71.47661476254302,326.64981024465254,326.64981024465254,71.47661476254301,3.2664981024465256e-10,True,1.0,rms,10.0,0.6599184347421536,0.6852428694047075
r5_final_inverse_map_complete_2026-08-31,18,0.0,0.0,RidgeAIME,0.01,1.0,4.569524117622833,4.844044324390424,0.0,1,0.9999999999999999,1.0,1.0,1.0,0.9998591088876768,0.5205930288720461,1.0,0.0025120134486506835,0.05011999050928365,0.7662353127712953,0.975443532094715,,,,X ~= Y A^T,SVD normal-system solve,4.570023515101219,71.47661476254302,71.48661476254297,326.64981024465254,326.65981024465253,71.48661476254301,3.2665981024465254e-10,True,1.0,rms,10.0,0.6598709738440718,0.6852081084078652
r5_final_inverse_map_complete_2026-08-31,18,0.0,0.0,HuberRidgeAIME,0.01,1.0,4.569524117622833,4.844044324390424,0.0,2,0.9999999999999999,1.0,1.0,1.0,0.9998591088876768,0.5205930288720461,1.0,0.0025120134486506835,0.05011999050928365,0.7662353127712953,0.975443532094715,,,,X ~= Y A^T,SVD normal-system solve,4.570023515101219,71.47661476254302,71.48661476254297,326.64981024465254,326.65981024465253,71.48661476254301,3.2665981024465254e-10,True,1.0,rms,10.0,0.6598709738440718,0.6852081084078652
r5_final_inverse_map_complete_2026-08-31,18,0.0,0.05,ZeroOperator,0.01,1.0,,0.0,0.0,0,0.1,0.1,0.1,0.10000000000000002,,,0.0,0.03286070253151479,0.1812752121265199,-1.1845865773467166,,0.0449438202247191,1.0,1.0,,,,,,,,,,,,,,,-300.0
r5_final_inverse_map_complete_2026-08-31,18,0.0,0.05,AIME,0.0,1.0,4.554348597641368,5.259300800390619,0.0,1,0.9999999999999999,1.0,1.0,1.0,0.9357674558774502,0.5205930288720461,1.0,0.00594319014681569,0.07709208874337035,0.6048954398068276,0.9115493584520155,0.0449438202247191,1.0,1.0,X ~= Y A^T,SVD normal-system solve,4.554348597641368,71.65438004795212,71.65438004795212,326.3390252862523,326.3390252862523,71.65438004795213,3.2633902528625235e-10,True,1.0,rms,10.0,0.6584262691947856,0.7209280105575026
r5_final_inverse_map_complete_2026-08-31,18,0.0,0.05,HuberAIME,0.0,1.0,4.556972583245239,4.874996363154018,0.0449438202247191,5,0.9999999999999999,1.0,1.0,1.0,0.9965777340253519,0.5205930288720461,1.0,0.0026653039058906966,0.05162658138876423,0.8228100226471273,0.9586085835348728,1.0,0.21733825893371847,1.0,X ~= Y A^T,SVD normal-system solve,4.556972583245239,69.09535637717804,69.09535637717804,314.8656446403594,314.8656446403594,69.09535637717806,3.148656446403594e-10,True,0.9648241914127513,rms,10.0,0.6586764156833653,0.6879742960422006
r5_final_inverse_map_complete_2026-08-31,18,0.0,0.05,RidgeAIME,0.01,1.0,4.553852626198475,5.258692166264483,0.0,1,0.9999999999999999,1.0,1.0,1.0,0.9357695360241619,0.5205930288720461,1.0,0.005942421544185094,0.07708710361782374,0.6049465366751463,0.9115522818468323,0.0449438202247191,1.0,1.0,X ~= Y A^T,SVD normal-system solve,4.554348597641368,71.65438004795212,71.66438004795211,326.3390252862523,326.3490252862523,71.66438004795206,3.2634902528625243e-10,True,1.0,rms,10.0,0.6583789716756051,0.7208777487929983
r5_final_inverse_map_complete_2026-08-31,18,0.0,0.05,HuberRidgeAIME,0.01,1.0,4.556457863280595,4.874418574316473,0.0449438202247191,5,0.9999999999999999,1.0,1.0,1.0,0.9965779007013749,0.5205930288720461,1.0,0.0026652526410536827,0.05162608488984694,0.8228134307445264,0.9586088988946628,1.0,0.2173382352025768,1.0,X ~= Y A^T,SVD normal-system solve,4.556972580629447,69.09535633909374,69.10535633909373,314.8656442860712,314.8756442860712,69.10535633909373,3.148756442860712e-10,True,0.964824190346183,rms,10.0,0.6586273584064334,0.6879228200293825
r5_final_inverse_map_complete_2026-08-31,18,0.0,0.1,ZeroOperator,0.01,1.0,,0.0,0.0,0,0.1,0.4,0.4,0.4000000000000001,,,0.0,0.03846302246698526,0.19611991858805486,-1.5386769654354158,,0.09703779366700716,1.0,1.0,,,,,,,,,,,,,,,-300.0
r5_final_inverse_map_complete_2026-08-31,18,0.0,0.1,AIME,0.0,1.0,4.917577548933696,5.472878943215234,0.0,1,0.9999999999999999,1.0,1.0,1.0,0.8820320580202846,0.5203624994670324,0.9666666666666667,0.010176937957665094,0.10088081065130818,0.3282910100482609,0.8779720458655033,0.09703779366700716,1.0,1.0,X ~= Y A^T,SVD normal-system solve,4.917577548933696,66.36184849911739,66.36184849911739,326.339536284999,326.339536284999,66.36184849911736,3.26339536284999e-10,True,1.0,rms,10.0,0.6917512173577038,0.7382158419164732
r5_final_inverse_map_complete_2026-08-31,18,0.0,0.1,HuberAIME,0.0,1.0,4.9375616438941785,4.863366056617228,0.09703779366700716,5,0.9999999999999999,1.0,1.0,1.0,0.9935018595431067,0.5205930288720461,0.9666666666666667,0.002850559432410254,0.05339063056764037,0.8118543706263296,0.9622772170343233,1.0,0.20813555061442238,1.0,X ~= Y A^T,SVD normal-system solve,4.9375616438941785,61.01611185407623,61.01611185407623,301.2708135502437,301.2708135502437,61.01611185407622,3.012708135502438e-10,True,0.9231592209482841,rms,10.0,0.6935125306974972,0.6869369593452382
r5_final_inverse_map_complete_2026-08-31,18,0.0,0.1,RidgeAIME,0.01,1.0,4.916987302068872,5.472265477941234,0.0,1,0.9999999999999999,1.0,1.0,1.0,0.8820374301200773,0.5203624994670324,0.9666666666666667,0.010175413042780915,0.10087325236543589,0.32839165908836265,0.8779768195787138,0.09703779366700716,1.0,1.0,X ~= Y A^T,SVD normal-system solve,4.917577548933696,66.36184849911739,66.37184849911735,326.339536284999,326.3495362849989,66.37184849911736,3.26349536284999e-10,True,1.0,rms,10.0,0.6916990867427665,0.7381671583042038
r5_final_inverse_map_complete_2026-08-31,18,0.0,0.1,HuberRidgeAIME,0.01,1.0,4.936916425575765,4.862793403643462,0.09703779366700716,5,0.9999999999999999,1.0,1.0,1.0,0.9935020857643276,0.5205930288720461,0.9666666666666667,0.00285050279668669,0.0533901001749078,0.8118581087570746,0.9622772637037702,1.0,0.2081355403991062,1.0,X ~= Y A^T,SVD normal-system solve,4.937561651290102,61.01611169687223,61.02611169687222,301.2708132253098,301.28081322530977,61.026111696872235,3.012808132253098e-10,True,0.9231592199570123,rms,10.0,0.6934557753421787,0.6868858189073591
r5_final_inverse_map_complete_2026-08-31,18,0.7,0.0,ZeroOperator,0.01,1.0,,0.0,0.0,0,0.1,0.0,0.0,0.0,,,0.0,0.036071392799065176,0.1899247029721652,-4.377904863833681,,,,,,,,,,,,,,,,,,,-300.0
r5_final_inverse_map_complete_2026-08-31,18,0.7,0.0,AIME,0.0,1.0,12.31487521228667,4.856570300563044,0.0,1,0.9999999999999999,1.0,1.0,1.0,0.9996585411264383,0.5205930288720461,1.0,0.002507425801357687,0.050074202952794834,0.6261664336628265,0.9646208144171395,,,,X ~= Y A^T,SVD normal-system solve,12.31487521228667,26.4992483908359,26.4992483908359,326.33493715253246,326.33493715253246,26.499248390835984,3.2633493715253257e-10,True,1.0,rms,10.0,1.0904300154532474,0.6863296796826699
r5_final_inverse_map_complete_2026-08-31,18,0.7,0.0,HuberAIME,0.0,1.0,12.31487521228667,4.856570300563044,0.0,2,0.9999999999999999,1.0,1.0,1.0,0.9996585411264383,0.5205930288720461,1.0,0.002507425801357687,0.050074202952794834,0.6261664336628265,0.9646208144171395,,,,X ~= Y A^T,SVD normal-system solve,12.31487521228667,26.4992483908359,26.4992483908359,326.33493715253246,326.33493715253246,26.499248390835984,3.2633493715253257e-10,True,1.0,rms,10.0,1.0904300154532474,0.6863296796826699
r5_final_inverse_map_complete_2026-08-31,18,0.7,0.0,RidgeAIME,0.01,1.0,12.310606937665858,4.855405556529621,0.0,1,0.9999999999999999,1.0,1.0,1.0,0.9996585861647633,0.5205930288720461,1.0,0.0025074084671030646,0.05007402986681883,0.6261690180368974,0.9646208813614652,,,,X ~= Y A^T,SVD normal-system solve,12.31487521228667,26.4992483908359,26.509248390835943,326.33493715253246,326.34493715253245,26.509248390835936,3.2634493715253245e-10,True,1.0,rms,10.0,1.0902794650500234,0.686225510991064
r5_final_inverse_map_complete_2026-08-31,18,0.7,0.0,HuberRidgeAIME,0.01,1.0,12.310606937665858,4.855405556529621,0.0,2,0.9999999999999999,1.0,1.0,1.0,0.9996585861647633,0.5205930288720461,1.0,0.0025074084671030646,0.05007402986681883,0.6261690180368974,0.9646208813614652,,,,X ~= Y A^T,SVD normal-system solve,12.31487521228667,26.4992483908359,26.509248390835943,326.33493715253246,326.34493715253245,26.509248390835936,3.2634493715253245e-10,True,1.0,rms,10.0,1.0902794650500234,0.686225510991064
r5_final_inverse_map_complete_2026-08-31,18,0.7,0.05,ZeroOperator,0.01,1.0,,0.0,0.0,0,0.1,0.3,0.3,0.3,,,0.0,0.04369187903405511,0.20902602477695237,-6.2810121367125005,,0.049029622063329927,1.0,1.0,,,,,,,,,,,,,,,-300.0
r5_final_inverse_map_complete_2026-08-31,18,0.7,0.05,AIME,0.0,1.0,11.35021197948432,5.960482403255255,0.0,1,0.9999999999999999,1.0,1.0,1.0,0.8588015568313893,0.5202933406455283,0.9333333333333333,0.00697670781152194,0.08352668921681225,-0.16263011280413608,0.9256220187203613,0.049029622063329927,1.0,1.0,X ~= Y A^T,SVD normal-system solve,11.35021197948432,28.753620788140555,28.753620788140555,326.35969112310227,326.35969112310227,28.75362078814058,3.263596911231023e-10,True,1.0,rms,10.0,1.0550039726005627,0.7752814101754011
r5_final_inverse_map_complete_2026-08-31,18,0.7,0.05,HuberAIME,0.0,1.0,11.463823885024496,4.934322655638684,0.049029622063329927,5,0.9999999999999999,1.0,1.0,1.0,0.9926088625153064,0.5205930288720461,1.0,0.002686707256492527,0.05183345692207425,0.5522749633388779,0.9688330192680034,0.9999999999999999,0.22247782774495173,1.0,X ~= Y A^T,SVD normal-system solve,11.463823885024496,27.382127117353832,27.382127117353832,313.9038828706978,313.9038828706978,27.382127117353846,3.13903882870698e-10,True,0.9618783817484756,rms,10.0,1.059329505516508,0.693227544623085
r5_final_inverse_map_complete_2026-08-31,18,0.7,0.05,RidgeAIME,0.01,1.0,11.346613610539151,5.9591036157716095,0.0,1,0.9999999999999999,1.0,1.0,1.0,0.8588340255258919,0.5202933406455283,0.9333333333333333,0.0069746462670712455,0.08351434767194943,-0.16228656772212702,0.9256350571909583,0.049029622063329927,1.0,1.0,X ~= Y A^T,SVD normal-system solve,11.35021197948432,28.753620788140555,28.763620788140535,326.35969112310227,326.36969112310226,28.763620788140553,3.263696911231023e-10,True,1.0,rms,10.0,1.0548662659610475,0.7751809369211153
r5_final_inverse_map_complete_2026-08-31,18,0.7,0.05,HuberRidgeAIME,0.01,1.0,11.460003934285794,4.933319711595268,0.049029622063329927,5,0.9999999999999999,1.0,1.0,1.0,0.9926113996429337,0.5205930288720461,1.0,0.002686599831384597,0.05183242065912605,0.5522928651442458,0.9688335815226294,0.9999999999999999,0.2224777752511394,1.0,X ~= Y A^T,SVD normal-system solve,11.463823945774667,27.382126898723612,27.392126898723618,313.9038820278284,313.9138820278284,27.392126898723607,3.1391388202782833e-10,True,0.9618783791747239,rms,10.0,1.0591847667272103,0.6931392615157321
r5_final_inverse_map_complete_2026-08-31,18,0.7,0.1,ZeroOperator,0.01,1.0,,0.0,0.0,0,0.1,0.3,0.3,0.3,,,0.0,0.0309810795065049,0.17601442982467347,-3.1799984962791337,,0.10214504596527069,1.0,1.0,,,,,,,,,,,,,,,-300.0
r5_final_inverse_map_complete_2026-08-31,18,0.7,0.1,AIME,0.0,1.0,12.280254252146438,6.830090906092038,0.0,1,0.8725739957716702,0.8,0.8,0.8000000000000002,0.6920502668292836,0.4793052124341037,0.9666666666666667,0.013522031266121937,0.1162842692117981,-0.8244060975074012,0.8088503597553005,0.10214504596527069,1.0,1.0,X ~= Y A^T,SVD normal-system solve,12.280254252146438,26.585371523132558,26.585371523132558,326.4751216918414,326.4751216918414,26.58537152313256,3.2647512169184137e-10,True,1.0,rms,10.0,1.089207358593514,0.8344264840258092
r5_final_inverse_map_complete_2026-08-31,18,0.7,0.1,HuberAIME,0.0,1.0,12.365838141462254,4.919191501596416,0.10214504596527069,5,0.9999999999999999,1.0,1.0,1.0,0.9793735492432379,0.5205469229910433,1.0,0.002973144676032185,0.054526550193755935,0.5988603214285844,0.9508713856952598,1.0,0.2083122641688863,1.0,X ~= Y A^T,SVD normal-system solve,12.365838141462254,24.267698693244263,24.267698693244263,300.0904341064336,300.0904341064336,24.267698693244313,3.000904341064338e-10,True,0.9191330198333898,rms,10.0,1.0922235576464536,0.6918937297493563
r5_final_inverse_map_complete_2026-08-31,18,0.7,0.1,RidgeAIME,0.01,1.0,12.276012817037206,6.828052749767636,0.0,1,0.8725739957716702,0.8,0.8,0.8000000000000002,0.6920842766741516,0.4793052124341037,0.9666666666666667,0.01351700615900451,0.11626266020956388,-0.8237281049865119,0.8088855712867806,0.10214504596527069,1.0,1.0,X ~= Y A^T,SVD normal-system solve,12.280254252146438,26.585371523132558,26.595371523132545,326.4751216918414,326.4851216918414,26.595371523132588,3.2648512169184135e-10,True,1.0,rms,10.0,1.0890573331945868,0.8342968675751674
r5_final_inverse_map_complete_2026-08-31,18,0.7,0.1,HuberRidgeAIME,0.01,1.0,12.361156605516875,4.91785545501371,0.10214504596527069,5,0.9999999999999999,1.0,1.0,1.0,0.979378591699025,0.5205469229910433,1.0,0.0029729504519639396,0.054524769160116025,0.5988865263357774,0.9508736147203198,1.0,0.2083122264978804,1.0,X ~= Y A^T,SVD normal-system solve,12.365838201761814,24.267698475321325,24.27769847532134,300.09043287496536,300.10043287496535,24.27769847532132,3.0010043287496525e-10,True,0.9191330159854832,rms,10.0,1.0920591086082259,0.691775759861734
r5_final_inverse_map_complete_2026-08-31,18,0.95,0.0,ZeroOperator,0.01,1.0,,0.0,0.0,0,0.1,0.0,0.0,0.0,,,0.0,0.03271415910690206,0.18087055898321888,-8.96450844097855,,,,,,,,,,,,,,,,,,,-300.0
r5_final_inverse_map_complete_2026-08-31,18,0.95,0.0,AIME,0.0,1.0,66.23178012395017,4.864793290546636,0.0,1,0.9999999999999999,1.0,1.0,1.0,0.9982292574008332,0.5205930288720461,1.0,0.0025034461014659145,0.0500344491472217,0.2374674914285385,0.9609765113506435,,,,X ~= Y A^T,SVD normal-system solve,66.23178012395017,4.927212172586726,4.927212172586726,326.3380332388149,326.3380332388149,4.9272121725867395,3.263380332388149e-10,True,1.0,rms,10.0,1.8210664278178261,0.6870643914322866
r5_final_inverse_map_complete_2026-08-31,18,0.95,0.0,HuberAIME,0.0,1.0,66.23178012395017,4.864793290546636,0.0,2,0.9999999999999999,1.0,1.0,1.0,0.9982292574008332,0.5205930288720461,1.0,0.0025034461014659145,0.0500344491472217,0.2374674914285385,0.9609765113506435,,,,X ~= Y A^T,SVD normal-system solve,66.23178012395017,4.927212172586726,4.927212172586726,326.3380332388149,326.3380332388149,4.9272121725867395,3.263380332388149e-10,True,1.0,rms,10.0,1.8210664278178261,0.6870643914322866
r5_final_inverse_map_complete_2026-08-31,18,0.95,0.0,RidgeAIME,0.01,1.0,66.09965742424896,4.859051918367293,0.0,1,0.9999999999999999,1.0,1.0,1.0,0.9982339708938545,0.5205930288720461,1.0,0.0025034556883635835,0.05003454495010006,0.23746457132527587,0.9609764273817927,,,,X ~= Y A^T,SVD normal-system solve,66.23178012395017,4.927212172586726,4.937212172586731,326.3380332388149,326.3480332388149,4.937212172586742,3.263480332388149e-10,True,1.0,rms,10.0,1.82019920866652,0.6865515394704901
r5_final_inverse_map_complete_2026-08-31,18,0.95,0.0,HuberRidgeAIME,0.01,1.0,66.09965742424896,4.859051918367293,0.0,2,0.9999999999999999,1.0,1.0,1.0,0.9982339708938545,0.5205930288720461,1.0,0.0025034556883635835,0.05003454495010006,0.23746457132527587,0.9609764273817927,,,,X ~= Y A^T,SVD normal-system solve,66.23178012395017,4.927212172586726,4.937212172586731,326.3380332388149,326.3480332388149,4.937212172586742,3.263480332388149e-10,True,1.0,rms,10.0,1.82019920866652,0.6865515394704901
r5_final_inverse_map_complete_2026-08-31,18,0.95,0.05,ZeroOperator,0.01,1.0,,0.0,0.0,0,0.1,0.3,0.3,0.3,,,0.0,0.022686863311588795,0.15062158979239595,-5.627318620502361,,0.04698672114402452,1.0,1.0,,,,,,,,,,,,,,,-300.0
r5_final_inverse_map_complete_2026-08-31,18,0.95,0.05,AIME,0.0,1.0,61.40386429254655,8.97954604525846,0.0,1,0.5810174109516214,0.5,0.5,0.5,0.564827562382815,0.4533591278998188,0.9333333333333333,0.006722322142338683,0.08198976852228992,-0.9637342586790818,0.8547378555661674,0.04698672114402452,1.0,1.0,X ~= Y A^T,SVD normal-system solve,61.40386429254655,5.314584745474572,5.314584745474572,326.33604048235867,326.33604048235867,5.31458474547456,3.263360404823586e-10,True,1.0,rms,10.0,1.7881957031952467,0.9532543817650112
r5_final_inverse_map_complete_2026-08-31,18,0.95,0.05,HuberAIME,0.0,1.0,61.433012699600525,5.073468893823767,0.04698672114402452,6,0.9999999999999999,1.0,1.0,1.0,0.9575927676297457,0.5205699759315447,1.0,0.0026727073378256774,0.051698233411071964,0.21924494964989716,0.9392796137854793,0.9999999999999999,0.21903557994216086,1.0,X ~= Y A^T,SVD normal-system solve,61.433012699600525,5.117124061189177,5.117124061189177,314.3603474364661,314.3603474364661,5.117124061189193,3.143603474364662e-10,True,0.9633050425713374,rms,10.0,1.7884018138175188,0.7053050019960523
r5_final_inverse_map_complete_2026-08-31,18,0.95,0.05,RidgeAIME,0.01,1.0,61.29042095906636,8.964090188585471,0.0,1,0.5810174109516214,0.5,0.5,0.5,0.5649866930286986,0.4533591278998188,0.9333333333333333,0.0067113706576479035,0.08192295562080205,-0.9605350954709941,0.8549202608410648,0.04698672114402452,1.0,1.0,X ~= Y A^T,SVD normal-system solve,61.40386429254655,5.314584745474572,5.324584745474556,326.33604048235867,326.3460404823587,5.324584745474564,3.2634604048235854e-10,True,1.0,rms,10.0,1.7873926042134545,0.9525062173641349
r5_final_inverse_map_complete_2026-08-31,18,0.95,0.05,HuberRidgeAIME,0.01,1.0,61.31514381434236,5.065852907915778,0.04698672114402452,6,0.9999999999999999,1.0,1.0,1.0,0.9576357569317533,0.5205699759315447,1.0,0.0026722196832123916,0.05169351683927484,0.21938740400573375,0.9392899963433511,0.9999999999999999,0.21903532694729183,1.0,X ~= Y A^T,SVD normal-system solve,61.4330130396563,5.117123969696632,5.127123969696632,314.360343555911,314.37034355591095,5.127123969696646,3.1437034355591104e-10,True,0.9633050306839381,rms,10.0,1.7875677512353474,0.7046525754648078
r5_final_inverse_map_complete_2026-08-31,18,0.95,0.1,ZeroOperator,0.01,1.0,,0.0,0.0,0,0.1,0.1,0.1,0.10000000000000002,,,0.0,0.030489412486691028,0.17461217737228704,-8.146989585394923,,0.09908069458631256,1.0,1.0,,,,,,,,,,,,,,,-300.0
r5_final_inverse_map_complete_2026-08-31,18,0.95,0.1,AIME,0.0,1.0,65.25800985653629,11.834787834643393,0.0,1,0.3679444740878991,0.2,0.2,0.20000000000000004,0.45507560014011234,0.3456212104666955,0.9333333333333333,0.012452376716333594,0.11159021783442129,-2.7357807464291746,0.8236934477130747,0.09908069458631256,1.0,1.0,X ~= Y A^T,SVD normal-system solve,65.25800985653629,5.000712421124309,5.000712421124309,326.3365404674336,326.3365404674336,5.000712421124304,3.2633654046743343e-10,True,1.0,rms,10.0,1.8146338251750624,1.073160476623399
r5_final_inverse_map_complete_2026-08-31,18,0.95,0.1,HuberAIME,0.0,1.0,64.87272446212613,5.3400547375648015,0.09908069458631256,5,0.9999999999999999,1.0,1.0,1.0,0.9198475798834762,0.5204316582885365,0.9666666666666667,0.002881308372005154,0.05367782011226941,0.13559181625599626,0.9516693183016438,1.0,0.2129772932579033,1.0,X ~= Y A^T,SVD normal-system solve,64.87272446212613,4.638135499261803,4.638135499261803,300.8884862616167,300.8884862616167,4.638135499261759,3.008884862616167e-10,True,0.9220212435607933,rms,10.0,1.8120621373940982,0.7275457087327715
r5_final_inverse_map_complete_2026-08-31,18,0.95,0.1,RidgeAIME,0.01,1.0,65.12976859171,11.813418488515925,0.0,1,0.3679444740878991,0.2,0.2,0.20000000000000004,0.4552812569462946,0.3456212104666955,0.9333333333333333,0.01242726273428104,0.11147763333638296,-2.7282464152123045,0.8239443670878865,0.09908069458631256,1.0,1.0,X ~= Y A^T,SVD normal-system solve,65.25800985653629,5.000712421124309,5.010712421124314,326.3365404674336,326.34654046743356,5.0107124211243015,3.263465404674335e-10,True,1.0,rms,10.0,1.8137795351137116,1.0723755890505946
r5_final_inverse_map_complete_2026-08-31,18,0.95,0.1,HuberRidgeAIME,0.01,1.0,64.73530951784822,5.332018768891248,0.09908069458631256,5,0.9999999999999999,1.0,1.0,1.0,0.9199444758291451,0.5204316582885365,0.9666666666666667,0.0028801881925088393,0.05366738481152999,0.13592787619782143,0.9516867801589476,1.0,0.21297709327676914,1.0,X ~= Y A^T,SVD normal-system solve,64.87272532155258,4.638135338123512,4.648135338123502,300.888479794273,300.89847979427304,4.648135338123521,3.00898479794273e-10,True,0.9220212237465235,rms,10.0,1.8111412288275555,0.7268916694761716
r5_final_inverse_map_complete_2026-08-31,19,0.0,0.0,ZeroOperator,0.01,1.0,,0.0,0.0,0,0.1,0.0,0.0,0.0,,,0.0,0.03746737987233119,0.19356492417876536,-1.5565748382894982,,,,,,,,,,,,,,,,,,,-300.0
r5_final_inverse_map_complete_2026-08-31,19,0.0,0.0,AIME,0.0,1.0,4.365637193915147,4.8568109180151655,0.0,1,0.9999999999999999,1.0,1.0,1.0,0.9998665790694977,0.5205930288720461,1.0,0.0025140596618208715,0.050140399498018275,0.8284539325869349,0.9658697029284772,,,,X ~= Y A^T,SVD normal-system solve,4.365637193915147,74.79438403742577,74.79438403742577,326.5251448497593,326.5251448497593,74.79438403742579,3.2652514484975923e-10,True,1.0,rms,10.0,0.6400476408491456,0.6863511961514207
r5_final_inverse_map_complete_2026-08-31,19,0.0,0.0,HuberAIME,0.0,1.0,4.365637193915147,4.8568109180151655,0.0,2,0.9999999999999999,1.0,1.0,1.0,0.9998665790694977,0.5205930288720461,1.0,0.0025140596618208715,0.050140399498018275,0.8284539325869349,0.9658697029284772,,,,X ~= Y A^T,SVD normal-system solve,4.365637193915147,74.79438403742577,74.79438403742577,326.5251448497593,326.5251448497593,74.79438403742579,3.2652514484975923e-10,True,1.0,rms,10.0,0.6400476408491456,0.6863511961514207
r5_final_inverse_map_complete_2026-08-31,19,0.0,0.0,RidgeAIME,0.01,1.0,4.365187268788801,4.856318958661167,0.0,1,0.9999999999999999,1.0,1.0,1.0,0.9998666327613767,0.5205930288720461,1.0,0.0025140462606521273,0.05014026586140252,0.8284548470114539,0.9658697552467503,,,,X ~= Y A^T,SVD normal-system solve,4.365637193915147,74.79438403742577,74.80438403742576,326.5251448497593,326.53514484975915,74.80438403742575,3.265351448497593e-10,True,1.0,rms,10.0,0.6400028798988712,0.6863072030749031
r5_final_inverse_map_complete_2026-08-31,19,0.0,0.0,HuberRidgeAIME,0.01,1.0,4.365187268788801,4.856318958661167,0.0,2,0.9999999999999999,1.0,1.0,1.0,0.9998666327613767,0.5205930288720461,1.0,0.0025140462606521273,0.05014026586140252,0.8284548470114539,0.9658697552467503,,,,X ~= Y A^T,SVD normal-system solve,4.365637193915147,74.79438403742577,74.80438403742576,326.5251448497593,326.53514484975915,74.80438403742575,3.265351448497593e-10,True,1.0,rms,10.0,0.6400028798988712,0.6863072030749031
r5_final_inverse_map_complete_2026-08-31,19,0.0,0.05,ZeroOperator,0.01,1.0,,0.0,0.0,0,0.1,0.2,0.2,0.20000000000000004,,,0.0,0.04276108663995335,0.20678753985662035,-2.1144581874816204,,0.05005107252298264,1.0,1.0,,,,,,,,,,,,,,,-300.0
r5_final_inverse_map_complete_2026-08-31,19,0.0,0.05,AIME,0.0,1.0,4.757276531890794,5.249398660478483,0.0,1,0.9999999999999999,1.0,1.0,1.0,0.9380267139755357,0.5204777641695393,0.9666666666666667,0.006205200360277345,0.07877309413928937,0.5480508428199578,0.9276535813116673,0.05005107252298264,1.0,1.0,X ~= Y A^T,SVD normal-system solve,4.757276531890794,68.62678886192012,68.62678886192012,326.4766121118371,326.4766121118371,68.62678886192015,3.264766121118371e-10,True,1.0,rms,10.0,0.6773583969073276,0.7201095560928629
r5_final_inverse_map_complete_2026-08-31,19,0.0,0.05,HuberAIME,0.0,1.0,4.7203266320378,4.888078958906535,0.05005107252298264,5,0.9999999999999999,1.0,1.0,1.0,0.9969620871526551,0.5205930288720461,1.0,0.0026625699729952213,0.051600096637460104,0.8060745527362321,0.9683746212981377,1.0,0.21571716027546578,1.0,X ~= Y A^T,SVD normal-system solve,4.7203266320378,66.4492639155723,66.4492639155723,313.66223013998433,313.66223013998433,66.44926391557232,3.1366223013998443e-10,True,0.9607458027104165,rms,10.0,0.6739720515119627,0.6891382126069289
r5_final_inverse_map_complete_2026-08-31,19,0.0,0.05,RidgeAIME,0.01,1.0,4.756729117509353,5.2488354075923995,0.0,1,0.9999999999999999,1.0,1.0,1.0,0.9380299979298921,0.5204777641695393,0.9666666666666667,0.006204403234660162,0.07876803434553996,0.5481089006150226,0.9276577265753343,0.05005107252298264,1.0,1.0,X ~= Y A^T,SVD normal-system solve,4.757276531890794,68.62678886192012,68.63678886192012,326.4766121118371,326.48661211183713,68.63678886192015,3.2648661211183705e-10,True,1.0,rms,10.0,0.6773084202614862,0.7200629544227171
r5_final_inverse_map_complete_2026-08-31,19,0.0,0.05,HuberRidgeAIME,0.01,1.0,4.719766836648506,4.88756180941877,0.05005107252298264,5,0.9999999999999999,1.0,1.0,1.0,0.9969623189199646,0.5205930288720461,1.0,0.00266250614874079,0.05159947818283427,0.8060792013078049,0.9683751312309216,1.0,0.21571713028750303,1.0,X ~= Y A^T,SVD normal-system solve,4.720326627174322,66.44926387822463,66.45926387822462,313.66222964051656,313.67222964051655,66.45926387822466,3.136722296405166e-10,True,0.9607458012094868,rms,10.0,0.6739205443844842,0.6890922626432615
r5_final_inverse_map_complete_2026-08-31,19,0.0,0.1,ZeroOperator,0.01,1.0,,0.0,0.0,0,0.1,0.1,0.1,0.10000000000000002,,,0.0,0.033568613703571074,0.1832173946533764,-1.0443287763337468,,0.09499489274770173,1.0,1.0,,,,,,,,,,,,,,,-300.0
r5_final_inverse_map_complete_2026-08-31,19,0.0,0.1,AIME,0.0,1.0,4.695366922618535,5.822299512648927,0.0,1,0.9999999999999999,1.0,1.0,1.0,0.8617784843351166,0.5204777641695393,0.9666666666666667,0.011641933219417902,0.10789779061416366,0.2910061969559402,0.8464319160155318,0.09499489274770173,1.0,1.0,X ~= Y A^T,SVD normal-system solve,4.695366922618535,69.52815286569856,69.52815286569856,326.46018915636614,326.46018915636614,69.52815286569859,3.264601891563661e-10,True,1.0,rms,10.0,0.6716695361637911,0.765094542797211
r5_final_inverse_map_complete_2026-08-31,19,0.0,0.1,HuberAIME,0.0,1.0,4.744868485364436,4.925413222384839,0.09499489274770173,5,0.9999999999999999,1.0,1.0,1.0,0.9916049171596116,0.5205930288720461,0.9666666666666667,0.0029166888089881856,0.05400637748440628,0.8223736339999398,0.9557269181837333,1.0,0.20485849685144114,1.0,X ~= Y A^T,SVD normal-system solve,4.744868485364436,63.592396826240154,63.592396826240154,301.7375596096163,301.7375596096163,63.59239682624012,3.017375596096165e-10,True,0.9244656181891564,rms,10.0,0.6762241794878515,0.6924426719246618
r5_final_inverse_map_complete_2026-08-31,19,0.0,0.1,RidgeAIME,0.01,1.0,4.694835506874762,5.821600878296965,0.0,1,0.9999999999999999,1.0,1.0,1.0,0.8617806580338699,0.5204777641695393,0.9666666666666667,0.011639862370031357,0.10788819383987924,0.29113231169602893,0.8464378799534493,0.09499489274770173,1.0,1.0,X ~= Y A^T,SVD normal-system solve,4.695366922618535,69.52815286569856,69.53815286569848,326.46018915636614,326.4701891563662,69.53815286569856,3.264701891563661e-10,True,1.0,rms,10.0,0.6716203804768724,0.765042427434815
r5_final_inverse_map_complete_2026-08-31,19,0.0,0.1,HuberRidgeAIME,0.01,1.0,4.744279726333673,4.924788108919111,0.09499489274770173,5,0.9999999999999999,1.0,1.0,1.0,0.9916050136793976,0.5205930288720461,0.9666666666666667,0.0029165364538255223,0.05400496693662095,0.8223829124302618,0.9557277245246333,1.0,0.20485846059502227,1.0,X ~= Y A^T,SVD normal-system solve,4.744868519955925,63.592396126778816,63.60239612677877,301.73755849051986,301.74755849051985,63.602396126778785,3.017475584905197e-10,True,0.9244656147449817,rms,10.0,0.6761702874434119,0.6923875495327507
r5_final_inverse_map_complete_2026-08-31,19,0.7,0.0,ZeroOperator,0.01,1.0,,0.0,0.0,0,0.1,0.1,0.1,0.10000000000000002,,,0.0,0.03276595443224614,0.18101368575951968,-3.474597364803258,,,,,,,,,,,,,,,,,,,-300.0
r5_final_inverse_map_complete_2026-08-31,19,0.7,0.0,AIME,0.0,1.0,12.22775906743337,4.857821114259703,0.0,1,0.9999999999999999,1.0,1.0,1.0,0.9995696728080729,0.5205930288720461,1.0,0.002511556700091899,0.050115433751409345,0.6570157901237492,0.9609103081011658,,,,X ~= Y A^T,SVD normal-system solve,12.22775906743337,26.688124569191146,26.688124569191146,326.33595719371834,326.33595719371834,26.688124569191128,3.263359571937183e-10,True,1.0,rms,10.0,1.0873468729134683,0.6864415181841578
r5_final_inverse_map_complete_2026-08-31,19,0.7,0.0,HuberAIME,0.0,1.0,12.22775906743337,4.857821114259703,0.0,2,0.9999999999999999,1.0,1.0,1.0,0.9995696728080729,0.5205930288720461,1.0,0.002511556700091899,0.050115433751409345,0.6570157901237492,0.9609103081011658,,,,X ~= Y A^T,SVD normal-system solve,12.22775906743337,26.688124569191146,26.688124569191146,326.33595719371834,326.33595719371834,26.688124569191128,3.263359571937183e-10,True,1.0,rms,10.0,1.0873468729134683,0.6864415181841578
r5_final_inverse_map_complete_2026-08-31,19,0.7,0.0,RidgeAIME,0.01,1.0,12.223553618830294,4.856646182561295,0.0,1,0.9999999999999999,1.0,1.0,1.0,0.9995698491955703,0.5205930288720461,1.0,0.0025115495511848075,0.05011536242695255,0.6570167663956568,0.9609104393731682,,,,X ~= Y A^T,SVD normal-system solve,12.22775906743337,26.688124569191146,26.698124569191133,326.33595719371834,326.3459571937183,26.698124569191126,3.2634595719371833e-10,True,1.0,rms,10.0,1.0871974819041847,0.6863364653098973
r5_final_inverse_map_complete_2026-08-31,19,0.7,0.0,HuberRidgeAIME,0.01,1.0,12.223553618830294,4.856646182561295,0.0,2,0.9999999999999999,1.0,1.0,1.0,0.9995698491955703,0.5205930288720461,1.0,0.0025115495511848075,0.05011536242695255,0.6570167663956568,0.9609104393731682,,,,X ~= Y A^T,SVD normal-system solve,12.22775906743337,26.688124569191146,26.698124569191133,326.33595719371834,326.3459571937183,26.698124569191126,3.2634595719371833e-10,True,1.0,rms,10.0,1.0871974819041847,0.6863364653098973
r5_final_inverse_map_complete_2026-08-31,19,0.7,0.05,ZeroOperator,0.01,1.0,,0.0,0.0,0,0.1,0.3,0.3,0.3,,,0.0,0.03454340748483792,0.18585856849991586,-4.076084009413323,,0.05005107252298264,1.0,1.0,,,,,,,,,,,,,,,-300.0
r5_final_inverse_map_complete_2026-08-31,19,0.7,0.05,AIME,0.0,1.0,10.969021545412994,6.108553484246041,0.0,1,0.9999999999999999,1.0,1.0,1.0,0.8631250070084858,0.5202011288835229,0.9666666666666667,0.006692934832373339,0.0818103589551674,0.01648673502844633,0.912169232770478,0.05005107252298264,1.0,1.0,X ~= Y A^T,SVD normal-system solve,10.969021545412994,29.75393568549501,29.75393568549501,326.3715615950273,326.3715615950273,29.753935685495,3.2637156159502746e-10,True,1.0,rms,10.0,1.0401678895273163,0.7859383807523571
r5_final_inverse_map_complete_2026-08-31,19,0.7,0.05,HuberAIME,0.0,1.0,11.056998283452472,4.95891005442484,0.05005107252298264,5,0.9999999999999999,1.0,1.0,1.0,0.992480123879139,0.5205699759315447,1.0,0.00267761242032209,0.05174565122135472,0.6065302591769707,0.9605906490959784,1.0,0.20131686404625632,1.0,X ~= Y A^T,SVD normal-system solve,11.056998283452472,28.337815450900457,28.337815450900457,313.3311767973993,313.3311767973993,28.33781545090046,3.133311767973992e-10,True,0.9600250524394959,rms,10.0,1.0436372421703786,0.6953862310535165
r5_final_inverse_map_complete_2026-08-31,19,0.7,0.05,RidgeAIME,0.01,1.0,10.965672182731007,6.107014625014662,0.0,1,0.9999999999999999,1.0,1.0,1.0,0.8631480247028067,0.5202011288835229,0.9666666666666667,0.006690639063718607,0.08179632671287022,0.016824093598607925,0.9121857285265135,0.05005107252298264,1.0,1.0,X ~= Y A^T,SVD normal-system solve,10.969021545412994,29.75393568549501,29.763935685495,326.3715615950273,326.3815615950273,29.763935685494992,3.263815615950274e-10,True,1.0,rms,10.0,1.0400352585674302,0.7858289600409876
r5_final_inverse_map_complete_2026-08-31,19,0.7,0.05,HuberRidgeAIME,0.01,1.0,11.053450587369813,4.9577453748189,0.05005107252298264,5,0.9999999999999999,1.0,1.0,1.0,0.9924821692444551,0.5205699759315447,1.0,0.0026774473358437095,0.051744056043604755,0.6065545180078714,0.9605919100788157,1.0,0.2013168026935366,1.0,X ~= Y A^T,SVD normal-system solve,11.05699830284375,28.337815310377405,28.347815310377463,313.3311757931426,313.3411757931427,28.34781531037739,3.133411757931426e-10,True,0.9600250493687266,rms,10.0,1.0434978741408651,0.6952842180448
r5_final_inverse_map_complete_2026-08-31,19,0.7,0.1,ZeroOperator,0.01,1.0,,0.0,0.0,0,0.1,0.1,0.1,0.10000000000000002,,,0.0,0.04006071764548434,0.20015173655375648,-5.482964580518834,,0.09908069458631256,1.0,1.0,,,,,,,,,,,,,,,-300.0
r5_final_inverse_map_complete_2026-08-31,19,0.7,0.1,AIME,0.0,1.0,11.107388230469747,6.504346367736002,0.0,1,0.9999999999999999,1.0,1.0,1.0,0.806474066333061,0.5201780759430216,1.0,0.010199724195255017,0.10099368393743748,-0.6506057448612088,0.8876880796301595,0.09908069458631256,1.0,1.0,X ~= Y A^T,SVD normal-system solve,11.107388230469747,29.383457285138277,29.383457285138277,326.3734676194554,326.3734676194554,29.38345728513829,3.2637346761945555e-10,True,1.0,rms,10.0,1.0456119517905176,0.8132036601369299
r5_final_inverse_map_complete_2026-08-31,19,0.7,0.1,HuberAIME,0.0,1.0,10.863067394964157,4.991084719715722,0.09908069458631256,5,0.9999999999999999,1.0,1.0,1.0,0.9875792809418433,0.5205469229910433,1.0,0.002794187998779349,0.05286007944355881,0.5478208356699468,0.9646088456838617,1.0,0.20834021679565717,1.0,X ~= Y A^T,SVD normal-system solve,10.863067394964157,27.686462409724253,27.686462409724253,300.7599070849763,300.7599070849763,27.686462409724303,3.007599070849764e-10,True,0.9215617988040641,rms,10.0,1.035952473927749,0.6981949417340398
r5_final_inverse_map_complete_2026-08-31,19,0.7,0.1,RidgeAIME,0.01,1.0,11.103949578074282,6.502728811408424,0.0,1,0.9999999999999999,1.0,1.0,1.0,0.8065055733134338,0.5201780759430216,1.0,0.010196465919737226,0.1009775515633907,-0.6500784631244623,0.8877078911615996,0.09908069458631256,1.0,1.0,X ~= Y A^T,SVD normal-system solve,11.107388230469747,29.383457285138277,29.393457285138272,326.3734676194554,326.38346761945553,29.393457285138297,3.263834676194555e-10,True,1.0,rms,10.0,1.0454774810274021,0.8130956426493425
r5_final_inverse_map_complete_2026-08-31,19,0.7,0.1,HuberRidgeAIME,0.01,1.0,10.859506281283462,4.989965403351519,0.09908069458631256,5,0.9999999999999999,1.0,1.0,1.0,0.9875834954833116,0.5205469229910433,1.0,0.002793998388363863,0.052858285900735213,0.5478515200330821,0.964610273481818,1.0,0.20834016982124745,1.0,X ~= Y A^T,SVD normal-system solve,10.863067410256578,27.68646223083058,27.696462230830637,300.7599055650353,300.76990556503546,27.696462230830694,3.0076990556503527e-10,True,0.921561794149807,rms,10.0,1.0358100808524293,0.6980975345641487
r5_final_inverse_map_complete_2026-08-31,19,0.95,0.0,ZeroOperator,0.01,1.0,,0.0,0.0,0,0.1,0.0,0.0,0.0,,,0.0,0.027451976472409823,0.16568637986391585,-7.057730931452493,,,,,,,,,,,,,,,,,,,-300.0
r5_final_inverse_map_complete_2026-08-31,19,0.95,0.0,AIME,0.0,1.0,63.537736042828946,4.885480425697769,0.0,1,0.9999999999999999,1.0,1.0,1.0,0.9978904388091973,0.5205930288720461,1.0,0.0025203152411477875,0.05020274137084336,0.2602346102103821,0.9529910077064743,,,,X ~= Y A^T,SVD normal-system solve,63.537736042828946,5.136091922061925,5.136091922061925,326.33565283567657,326.33565283567657,5.136091922061919,3.263356528356767e-10,True,1.0,rms,10.0,1.803031736118711,0.6889072775676476
r5_final_inverse_map_complete_2026-08-31,19,0.95,0.0,HuberAIME,0.0,1.0,63.537736042828946,4.885480425697769,0.0,2,0.9999999999999999,1.0,1.0,1.0,0.9978904388091973,0.5205930288720461,1.0,0.0025203152411477875,0.05020274137084336,0.2602346102103821,0.9529910077064743,,,,X ~= Y A^T,SVD normal-system solve,63.537736042828946,5.136091922061925,5.136091922061925,326.33565283567657,326.33565283567657,5.136091922061919,3.263356528356767e-10,True,1.0,rms,10.0,1.803031736118711,0.6889072775676476
r5_final_inverse_map_complete_2026-08-31,19,0.95,0.0,RidgeAIME,0.01,1.0,63.41621132661734,4.87893926350402,0.0,1,0.9999999999999999,1.0,1.0,1.0,0.99789514117358,0.5205930288720461,1.0,0.0025203032485761603,0.05020262192929927,0.2602381302817125,0.9529912508398019,,,,X ~= Y A^T,SVD normal-system solve,63.537736042828946,5.136091922061925,5.146091922061912,326.33565283567657,326.3456528356767,5.146091922061919,3.263456528356768e-10,True,1.0,rms,10.0,1.8022002924199663,0.6883254117402153
r5_final_inverse_map_complete_2026-08-31,19,0.95,0.0,HuberRidgeAIME,0.01,1.0,63.41621132661734,4.87893926350402,0.0,2,0.9999999999999999,1.0,1.0,1.0,0.99789514117358,0.5205930288720461,1.0,0.0025203032485761603,0.05020262192929927,0.2602381302817125,0.9529912508398019,,,,X ~= Y A^T,SVD normal-system solve,63.537736042828946,5.136091922061925,5.146091922061912,326.33565283567657,326.3456528356767,5.146091922061919,3.263456528356768e-10,True,1.0,rms,10.0,1.8022002924199663,0.6883254117402153
r5_final_inverse_map_complete_2026-08-31,19,0.95,0.05,ZeroOperator,0.01,1.0,,0.0,0.0,0,0.1,0.1,0.1,0.10000000000000002,,,0.0,0.03942311160080357,0.1985525411592699,-11.335224739920575,,0.04698672114402452,1.0,1.0,,,,,,,,,,,,,,,-300.0
r5_final_inverse_map_complete_2026-08-31,19,0.95,0.05,AIME,0.0,1.0,64.67786007660447,8.509782209849378,0.0,1,0.9430122655122654,0.9,0.9,0.9,0.6391625512940187,0.5145185790499367,0.9,0.006275125924491076,0.07921569241312655,-0.9634444214779214,0.9230617096512199,0.04698672114402452,1.0,1.0,X ~= Y A^T,SVD normal-system solve,64.67786007660447,5.045689426006296,5.045689426006296,326.344394685238,326.344394685238,5.0456894260063105,3.2634439468523794e-10,True,1.0,rms,10.0,1.8107556424604536,0.9299184453641447
r5_final_inverse_map_complete_2026-08-31,19,0.95,0.05,HuberAIME,0.0,1.0,65.28571724116463,5.116567961336616,0.04698672114402452,5,0.9999999999999999,1.0,1.0,1.0,0.9638805254155363,0.5205930288720461,0.9666666666666667,0.0026677440741058613,0.05165020884861804,0.16528093885880957,0.9656227629801108,0.9999999999999999,0.2122353278552898,1.0,X ~= Y A^T,SVD normal-system solve,65.28571724116463,4.813636649059045,4.813636649059045,314.26172117217607,314.26172117217607,4.813636649059048,3.1426172117217606e-10,True,0.9629855210228226,rms,10.0,1.8148181797158784,0.7089787470622096
r5_final_inverse_map_complete_2026-08-31,19,0.95,0.05,RidgeAIME,0.01,1.0,64.55190720507503,8.49613422891448,0.0,1,0.9430122655122654,0.9,0.9,0.9,0.639437477029139,0.5145185790499367,0.9,0.006264979175389394,0.07915162143247222,-0.9602695723737658,0.923167522745674,0.04698672114402452,1.0,1.0,X ~= Y A^T,SVD normal-system solve,64.67786007660447,5.045689426006296,5.055689426006302,326.344394685238,326.3543946852379,5.055689426006312,3.263543946852378e-10,True,1.0,rms,10.0,1.8099090781501355,0.929221365132918
r5_final_inverse_map_complete_2026-08-31,19,0.95,0.05,HuberRidgeAIME,0.01,1.0,65.15244625672192,5.110694365820398,0.04698672114402452,5,0.9999999999999999,1.0,1.0,1.0,0.9639471191414523,0.5205930288720461,0.9666666666666667,0.002667227443249824,0.05164520735992667,0.16544258915626264,0.9656287425127579,0.9999999999999999,0.2122350383776541,1.0,X ~= Y A^T,SVD normal-system solve,65.28571856858315,4.813636483128034,4.823636483128015,314.2617167289612,314.2717167289611,4.823636483128036,3.142717167289611e-10,True,0.9629855074212177,rms,10.0,1.8139307266618143,0.7084799096763136
r5_final_inverse_map_complete_2026-08-31,19,0.95,0.1,ZeroOperator,0.01,1.0,,0.0,0.0,0,0.1,0.1,0.1,0.10000000000000002,,,0.0,0.03269134948995547,0.18080749290324077,-9.016320392046646,,0.10112359550561797,1.0,1.0,,,,,,,,,,,,,,,-300.0
r5_final_inverse_map_complete_2026-08-31,19,0.95,0.1,AIME,0.0,1.0,62.88446266506658,11.75900356102591,0.0,1,0.43369153069153066,0.4,0.4,0.4000000000000001,0.454829409713012,0.3758781948747354,0.9,0.011855682609830808,0.10888380324837486,-2.6324690579985868,0.8338308002715963,0.10112359550561797,1.0,1.0,X ~= Y A^T,SVD normal-system solve,62.88446266506658,5.189598682010997,5.189598682010997,326.3451245655993,326.3451245655993,5.189598682010992,3.2634512456559944e-10,True,1.0,rms,10.0,1.798543354310634,1.0703705218861517
r5_final_inverse_map_complete_2026-08-31,19,0.95,0.1,HuberAIME,0.0,1.0,63.63302954150022,5.2689313775280375,0.10112359550561797,6,0.9999999999999999,1.0,1.0,1.0,0.9238621151373378,0.5205008171100406,0.9666666666666667,0.0028542249238061794,0.05342494664298861,0.1254924696029559,0.95536409193755,0.9999999999999998,0.2027556582065594,1.0,X ~= Y A^T,SVD normal-system solve,63.63302954150022,4.715067773617809,4.715067773617809,300.03404692879775,300.03404692879775,4.715067773617804,3.0003404692879786e-10,True,0.9193797856613375,rms,10.0,1.8036826003042028,0.721722542365732
r5_final_inverse_map_complete_2026-08-31,19,0.95,0.1,RidgeAIME,0.01,1.0,62.76544489763937,11.738246928191666,0.0,1,0.43369153069153066,0.4,0.4,0.4000000000000001,0.4550298098337593,0.3758781948747354,0.9,0.011832633065750144,0.10877790706641742,-2.6254068956221617,0.834071649776249,0.10112359550561797,1.0,1.0,X ~= Y A^T,SVD normal-system solve,62.88446266506658,5.189598682010997,5.199598682010996,326.3451245655993,326.35512456559945,5.199598682011,3.2635512456559943e-10,True,1.0,rms,10.0,1.797720611562892,1.069603241182249
r5_final_inverse_map_complete_2026-08-31,19,0.95,0.1,HuberRidgeAIME,0.01,1.0,63.50047633927016,5.261453860144197,0.10112359550561797,6,0.9999999999999999,1.0,1.0,1.0,0.9239596720459151,0.5205008171100406,0.9666666666666667,0.002853279768914013,0.05341610027804363,0.12578205612562177,0.9553786171254606,0.9999999999999998,0.2027554905877158,1.0,X ~= Y A^T,SVD normal-system solve,63.63303112330957,4.715067569394834,4.72506756939483,300.03404139180907,300.0440413918092,4.725067569394832,3.000440413918091e-10,True,0.9193797687111174,rms,10.0,1.8027769830989149,0.721105766243936
