pipeline_version,dataset,learner,repeat,method,ridge_lambda,huber_delta,outlier_rate,clone_frac,n_outlier_rows,n_clones,d_original,d_total,model_fit_time_sec,model_test_accuracy,model_test_log_loss,orientation,solver,cond_raw,cond_reg,lambda_min_raw,lambda_min_reg,lambda_max_raw,lambda_max_reg,system_min_singular_value,solver_svd_tolerance,coef_fro_norm,mean_iter,converged,mean_huber_weight,frac_downweighted,residual_mode,effective_delta_on_l2_norm,clean_target_reconstruction_mse,clean_target_reconstruction_rmse,clean_target_reconstruction_r2,clean_target_reconstruction_cosine,operator_cosine_flat,operator_spearman_global,operator_topk_jaccard,clone_mass_ratio,clone_topk_infiltration,irrelevant_decoy_mass_ratio,irrelevant_decoy_topk_infiltration,outlier_weight_ap,mean_weight_outlier_rows,mean_weight_nonoutlier_rows,bootstrap_cosine_flat,bootstrap_spearman_global,bootstrap_topk_jaccard,log10_cond_reg,log10_coef_norm
r5_final_inverse_map_complete_2026-08-31,breast_cancer,lgbm,0,RidgeAIME,0.0,1.0,0.1,0.5,17,15,30,45,1.1054098330205306,0.935672514619883,0.3509590460274741,X ~= Y A^T,SVD normal-system solve,1.8780196432401657,1.8780196432401657,40.53334834378025,40.53334834378025,76.12242439591554,76.12242439591554,40.533348343780254,7.612242439591555e-11,5.80192722702535,1,True,1.0,0.0,rms,6.708203932499369,0.9006413187014187,0.9490212424921893,0.23490509323093967,0.4872712555635012,0.9578612022383387,0.9339920948616601,0.6666666666666666,0.3261354067665034,0.06666666666666667,0.02102941664543165,0.0,0.10084033613445378,1.0,1.0,0.9648748482574108,0.9038998682476942,0.793939393939394,0.27370013047865205,0.7635722771899253
r5_final_inverse_map_complete_2026-08-31,breast_cancer,lgbm,0,HuberRidgeAIME,0.0,0.5,0.1,0.5,17,15,30,45,1.1054098330205306,0.935672514619883,0.3509590460274741,X ~= Y A^T,SVD normal-system solve,2.2386090094033797,2.2386090094033797,26.455280700037665,26.455280700037665,59.22302972139967,59.22302972139967,26.45528070003766,5.922302972139967e-11,5.7152767799749,14,True,0.7347810070471068,0.6974789915966386,rms,3.3541019662496847,0.8710838877369799,0.9333187492689622,0.2600141343314263,0.5119719866492802,0.9947203135368241,0.981159420289855,1.0,0.34149665833307524,0.06666666666666667,0.017534354733400682,0.0,0.9811507936507938,0.15072924955506944,0.8002821387284567,0.9870077633141762,0.9274571805006586,0.8181818181818181,0.3499782472696883,0.7570372672956274
r5_final_inverse_map_complete_2026-08-31,breast_cancer,lgbm,0,HuberRidgeAIME,0.0,1.0,0.1,0.5,17,15,30,45,1.1054098330205306,0.935672514619883,0.3509590460274741,X ~= Y A^T,SVD normal-system solve,1.8554292152057539,1.8554292152057539,37.240853359703046,37.240853359703046,69.09776732278638,69.09776732278638,37.24085335970304,6.90977673227864e-11,5.724378103834101,9,True,0.9115107434305451,0.19327731092436976,rms,6.708203932499369,0.8707269316179768,0.933127500193825,0.2603173685967418,0.5123308272157967,0.9960980502430262,0.9814229249011857,0.8181818181818182,0.3414562792414242,0.13333333333333333,0.01867824469371682,0.0,0.9811507936507936,0.302353446814195,0.9798274495931264,0.9862774021378387,0.942292490118577,0.8303030303030303,0.2684443906266339,0.7577283118427196
r5_final_inverse_map_complete_2026-08-31,breast_cancer,lgbm,0,HuberRidgeAIME,0.0,2.0,0.1,0.5,17,15,30,45,1.1054098330205306,0.935672514619883,0.3509590460274741,X ~= Y A^T,SVD normal-system solve,1.82605770918217,1.82605770918217,39.52425685686785,39.52425685686785,72.17357393317978,72.17357393317978,39.524256856867844,7.217357393317978e-11,5.783837434351529,6,True,0.9583335623470561,0.09243697478991597,rms,13.416407864998739,0.8743595661534364,0.9350719577409197,0.2572314451291834,0.5092155054703706,0.9889810078109447,0.9581027667984189,0.8181818181818182,0.3364302928749931,0.06666666666666667,0.018877974883946255,0.0,0.8501400560224092,0.5947724321475071,0.999106773210557,0.9810476011693966,0.9373913043478259,0.7878787878787878,0.26151449849035896,0.762216077793345
r5_final_inverse_map_complete_2026-08-31,breast_cancer,lgbm,0,RidgeAIME,1e-06,1.0,0.1,0.5,17,15,30,45,1.1054098330205306,0.935672514619883,0.3509590460274741,X ~= Y A^T,SVD normal-system solve,1.8780196432401657,1.8780196215785057,40.53334834378025,40.533349343780245,76.12242439591554,76.12242539591554,40.533349343780245,7.612242539591554e-11,5.801927099835549,1,True,1.0,0.0,rms,6.708203932499369,0.9006413185443428,0.9490212424094325,0.2349050933643757,0.4872712552688056,0.9578612017588412,0.9339920948616601,0.6666666666666666,0.3261354065188534,0.06666666666666667,0.021029416702532267,0.0,0.10084033613445378,1.0,1.0,0.9648748479683114,0.9038998682476942,0.793939393939394,0.273700125469365,0.7635722676693251
r5_final_inverse_map_complete_2026-08-31,breast_cancer,lgbm,0,HuberRidgeAIME,1e-06,0.5,0.1,0.5,17,15,30,45,1.1054098330205306,0.935672514619883,0.3509590460274741,X ~= Y A^T,SVD normal-system solve,2.2386090014493862,2.238608954630417,26.455280795829236,26.45528179582924,59.223029725414406,59.2230307254144,26.45528179582924,5.92230307254144e-11,5.715276545201209,14,True,0.7347810079333721,0.6974789915966386,rms,3.3541019662496847,0.871083888713237,0.9333187497919653,0.26001413350209557,0.5119719861478403,0.9947203130131863,0.981159420289855,1.0,0.34149665772804716,0.06666666666666667,0.017534354875783108,0.0,0.9811507936507938,0.15072924968272441,0.8002821396998001,0.9870077632564425,0.9274571805006586,0.8181818181818181,0.34997823664362737,0.7570372494555603
r5_final_inverse_map_complete_2026-08-31,breast_cancer,lgbm,0,HuberRidgeAIME,1e-06,1.0,0.1,0.5,17,15,30,45,1.1054098330205306,0.935672514619883,0.3509590460274741,X ~= Y A^T,SVD normal-system solve,1.8554292164663488,1.8554291934961664,37.24085333683304,37.24085433683304,69.09776732729834,69.09776832729834,37.24085433683304,6.909776832729834e-11,5.724377957864311,9,True,0.9115107432797493,0.19327731092436976,rms,6.708203932499369,0.8707269320589475,0.9331275004301114,0.26031736822213714,0.5123308271232248,0.9960980501934296,0.9814229249011857,0.8181818181818182,0.3414562790107182,0.13333333333333333,0.018678244743481825,0.0,0.9811507936507936,0.30235344696008887,0.9798274494090571,0.9862774020561001,0.942292490118577,0.8303030303030303,0.268444385545139,0.7577283007683506
r5_final_inverse_map_complete_2026-08-31,breast_cancer,lgbm,0,HuberRidgeAIME,1e-06,2.0,0.1,0.5,17,15,30,45,1.1054098330205306,0.935672514619883,0.3509590460274741,X ~= Y A^T,SVD normal-system solve,1.8260577093553414,1.8260576884553232,39.524256852918946,39.52425785291894,72.17357393281333,72.17357493281332,39.524257852918936,7.217357493281334e-11,5.783837301414729,6,True,0.9583335623107925,0.09243697478991597,rms,13.416407864998739,0.8743595664308607,0.9350719578892636,0.25723144489351135,0.5092155053653116,0.9889810076987758,0.9581027667984189,0.8181818181818182,0.3364302926954253,0.06666666666666667,0.0188779749287999,0.0,0.8501400560224092,0.5947724321720873,0.9991067731674697,0.9810476010829303,0.9373913043478259,0.7878787878787878,0.26151449356085693,0.7622160678114394
r5_final_inverse_map_complete_2026-08-31,breast_cancer,lgbm,0,RidgeAIME,1e-05,1.0,0.1,0.5,17,15,30,45,1.1054098330205306,0.935672514619883,0.3509590460274741,X ~= Y A^T,SVD normal-system solve,1.8780196432401657,1.878019426623611,40.53334834378025,40.53335834378025,76.12242439591554,76.12243439591555,40.53335834378026,7.612243439591554e-11,5.801925955127616,1,True,1.0,0.0,rms,6.708203932499369,0.9006413171306727,0.9490212416646282,0.23490509456528852,0.4872712526165449,0.9578611974433643,0.9339920948616601,0.6666666666666666,0.32613540429000326,0.06666666666666667,0.02102941721643771,0.0,0.10084033613445378,1.0,1.0,0.9648748453664183,0.9038998682476942,0.793939393939394,0.2737000803857895,0.7635721819839348
r5_final_inverse_map_complete_2026-08-31,breast_cancer,lgbm,0,HuberRidgeAIME,1e-05,0.5,0.1,0.5,17,15,30,45,1.1054098330205306,0.935672514619883,0.3509590460274741,X ~= Y A^T,SVD normal-system solve,2.2386089298635006,2.2386084616740183,26.45528165795252,26.45529165795252,59.223029761546584,59.22303976154659,26.45529165795252,5.922303976154658e-11,5.715274432239066,14,True,0.7347810159097528,0.6974789915966386,rms,3.3541019662496847,0.8710838974995907,0.9333187544990139,0.26001412603808716,0.5119719816348776,0.9947203083004453,0.981159420289855,1.0,0.3414966522827986,0.06666666666666667,0.017534356157224318,0.0,0.9811507936507938,0.15072925083161817,0.8002821484418801,0.9870077627368394,0.9274571805006586,0.8181818181818181,0.3499781410091187,0.7570370888950062
r5_final_inverse_map_complete_2026-08-31,breast_cancer,lgbm,0,HuberRidgeAIME,1e-05,1.0,0.1,0.5,17,15,30,45,1.1054098330205306,0.935672514619883,0.3509590460274741,X ~= Y A^T,SVD normal-system solve,1.8554292278116857,1.855428998109913,37.24085313100323,37.24086313100323,69.09776736790572,69.09777736790572,37.24086313100324,6.90977773679057e-11,5.724376644136546,9,True,0.9115107419225897,0.19327731092436976,rms,6.708203932499369,0.8707269360277017,0.9331275025566986,0.26031736485068,0.5123308262900758,0.9960980497470592,0.9814229249011857,0.8181818181818182,0.3414562769343634,0.13333333333333333,0.018678245191366773,0.0,0.9811507936507936,0.3023534482731328,0.9798274477524354,0.9862774013204525,0.942292490118577,0.8303030303030303,0.2684443398116901,0.7577282010990436
r5_final_inverse_map_complete_2026-08-31,breast_cancer,lgbm,0,HuberRidgeAIME,1e-05,2.0,0.1,0.5,17,15,30,45,1.1054098330205306,0.935672514619883,0.3509590460274741,X ~= Y A^T,SVD normal-system solve,1.8260577109138831,1.8260575019137477,39.52425681737884,39.524266817378845,72.17357392951524,72.17358392951525,39.524266817378845,7.217358392951526e-11,5.783836104983829,6,True,0.9583335619844191,0.09243697478991597,rms,13.416407864998739,0.8743595689276914,0.9350719592243644,0.25723144277245336,0.5092155044197797,0.9889810066892544,0.9581027667984189,0.8181818181818182,0.33643029107931505,0.06666666666666667,0.01887797533248264,0.0,0.8501400560224092,0.5947724323933083,0.9991067727796838,0.981047600304735,0.9373913043478259,0.7878787878787878,0.2615144491953467,0.762215977974301
r5_final_inverse_map_complete_2026-08-31,breast_cancer,lgbm,0,RidgeAIME,0.0001,1.0,0.1,0.5,17,15,30,45,1.1054098330205306,0.935672514619883,0.3509590460274741,X ~= Y A^T,SVD normal-system solve,1.8780196432401657,1.8780174770794287,40.53334834378025,40.53344834378026,76.12242439591554,76.12252439591555,40.53344834378026,7.612252439591556e-11,5.801914508074988,1,True,1.0,0.0,rms,6.708203932499369,0.9006413029951744,0.9490212342172194,0.23490510657339614,0.48727122609391593,0.9578611542886498,0.9339920948616601,0.6666666666666666,0.32613538200153314,0.06666666666666667,0.02102942235548383,0.0,0.10084033613445378,1.0,1.0,0.9648748193475143,0.9038998682476942,0.793939393939394,0.27369962955087906,0.7635713251311013
r5_final_inverse_map_complete_2026-08-31,breast_cancer,lgbm,0,HuberRidgeAIME,0.0001,0.5,0.1,0.5,17,15,30,45,1.1054098330205306,0.935672514619883,0.3509590460274741,X ~= Y A^T,SVD normal-system solve,2.2386082140122245,2.238603532137564,26.45529027909287,26.455390279092867,59.22303012285506,59.22313012285507,26.45539027909287,5.922313012285506e-11,5.715253302725886,14,True,0.7347810956726544,0.6974789915966386,rms,3.3541019662496847,0.8710839853668902,0.9333188015715157,0.2600140513948058,0.5119719365048288,0.9947202611728034,0.981159420289855,1.0,0.34149659783068453,0.06666666666666667,0.017534368971571505,0.0,0.9811507936507938,0.15072926232048003,0.8002822358616829,0.9870077575408102,0.9274571805006586,0.8181818181818181,0.3499771846682158,0.7570354832944265
r5_final_inverse_map_complete_2026-08-31,breast_cancer,lgbm,0,HuberRidgeAIME,0.0001,1.0,0.1,0.5,17,15,30,45,1.1054098330205306,0.935672514619883,0.3509590460274741,X ~= Y A^T,SVD normal-system solve,1.8554293412646767,1.8554270442520688,37.2408510727125,37.24095107271251,69.09776777397889,69.09786777397889,37.240951072712505,6.90978677739789e-11,5.724363506894699,9,True,0.9115107283510478,0.19327731092436976,rms,6.708203932499369,0.8707269757167411,0.9331275238233738,0.26031733113483635,0.5123308179584811,0.9960980452833484,0.9814229249011857,0.8181818181818182,0.3414562561708707,0.13333333333333333,0.018678249670204688,0.0,0.9811507936507936,0.30235346140351943,0.9798274311862847,0.9862773939639929,0.942292490118577,0.8303030303030303,0.2684438824780342,0.7577272044074309
r5_final_inverse_map_complete_2026-08-31,breast_cancer,lgbm,0,HuberRidgeAIME,0.0001,2.0,0.1,0.5,17,15,30,45,1.1054098330205306,0.935672514619883,0.3509590460274741,X ~= Y A^T,SVD normal-system solve,1.8260577264992626,1.826055636502611,39.52425646197858,39.524356461978584,72.17357389653439,72.1736738965344,39.52435646197859,7.21736738965344e-11,5.783824140703765,6,True,0.9583335587206929,0.09243697478991597,rms,13.416407864998739,0.8743595938972442,0.9350719725760388,0.25723142156081535,0.5092154949644077,0.9889809965940557,0.9581027667984189,0.8181818181818182,0.33643027491823746,0.06666666666666667,0.018877979369302876,0.0,0.8501400560224092,0.5947724346054966,0.9991067689018365,0.9810475925227815,0.9373913043478259,0.7878787878787878,0.2615140055410937,0.7622150796040686
r5_final_inverse_map_complete_2026-08-31,breast_cancer,lgbm,0,RidgeAIME,0.001,1.0,0.1,0.5,17,15,30,45,1.1054098330205306,0.935672514619883,0.3509590460274741,X ~= Y A^T,SVD normal-system solve,1.8780196432401657,1.8779979821137598,40.53334834378025,40.53434834378025,76.12242439591554,76.12342439591554,40.53434834378026,7.612342439591555e-11,5.8018000402202805,1,True,1.0,0.0,rms,6.708203932499369,0.9006411617602198,0.9490211598063658,0.23490522655250679,0.4872709608653842,0.9578607227469529,0.9339920948616601,0.6666666666666666,0.32613515911992086,0.06666666666666667,0.021029473745119296,0.0,0.10084033613445378,1.0,1.0,0.964874559161436,0.9038998682476942,0.793939393939394,0.2736951212861464,0.7635627567097653
r5_final_inverse_map_complete_2026-08-31,breast_cancer,lgbm,0,HuberRidgeAIME,0.001,0.5,0.1,0.5,17,15,30,45,1.1054098330205306,0.935672514619883,0.3509590460274741,X ~= Y A^T,SVD normal-system solve,2.238601056256029,2.2385542395252056,26.4553764812534,26.456376481253404,59.22303373458476,59.22403373458475,26.456376481253404,5.922403373458475e-11,5.715042018419781,14,True,0.7347818932112772,0.6974789915966386,rms,3.3541019662496847,0.8710848644161662,0.9333192724979841,0.26001330464234185,0.5119714851620994,0.9947197898730561,0.981159420289855,1.0,0.34149605334667116,0.06666666666666667,0.017534497108553742,0.0,0.9811507936507938,0.15072937720148902,0.8002831099600385,0.9870077055805273,0.9274571805006586,0.8181818181818181,0.3499676216773012,0.7570194277848028
r5_final_inverse_map_complete_2026-08-31,breast_cancer,lgbm,0,HuberRidgeAIME,0.001,1.0,0.1,0.5,17,15,30,45,1.1054098330205306,0.935672514619883,0.3509590460274741,X ~= Y A^T,SVD normal-system solve,1.8554304757562636,1.855407506142137,37.24083049054965,37.241830490549646,69.0977718346389,69.09877183463891,37.24183049054964,6.909877183463891e-11,5.724232138055291,9,True,0.9115105926411626,0.19327731092436976,rms,6.708203932499369,0.8707273727570879,0.9331277365704482,0.26031699384901474,0.5123307346320233,0.9960980006454692,0.9814229249011857,0.8181818181818182,0.34145604854140266,0.13333333333333333,0.018678294457431875,0.0,0.9811507936507936,0.3023535927020568,0.9798272655315295,0.9862773204010649,0.942292490118577,0.8303030303030303,0.2684393092246514,0.7577172376370391
r5_final_inverse_map_complete_2026-08-31,breast_cancer,lgbm,0,HuberRidgeAIME,0.001,2.0,0.1,0.5,17,15,30,45,1.1054098330205306,0.935672514619883,0.3509590460274741,X ~= Y A^T,SVD normal-system solve,1.8260578823492715,1.8260369828528338,39.52425290805748,39.52525290805748,72.17357356672447,72.17457356672448,39.52525290805749,7.217457356672446e-11,5.783704500796227,6,True,0.958333526084103,0.09243697478991597,rms,13.416407864998739,0.8743598437171441,0.9350721061592759,0.25723120933878074,0.5092154004054287,0.9889808956434373,0.9581027667984189,0.8181818181818182,0.3364301133098728,0.06666666666666667,0.018878019736791776,0.0,0.8501400560224092,0.5947724567250817,0.9991067301243672,0.9810475147033084,0.9373913043478259,0.7878787878787878,0.2615095690834186,0.762206096016775
r5_final_inverse_map_complete_2026-08-31,breast_cancer,lgbm,0,RidgeAIME,0.01,1.0,0.1,0.5,17,15,30,45,1.1054098330205306,0.935672514619883,0.3509590460274741,X ~= Y A^T,SVD normal-system solve,1.8780196432401657,1.8778030800604804,40.53334834378025,40.54334834378025,76.12242439591554,76.13242439591554,40.543348343780245,7.613242439591555e-11,5.800655628761638,1,True,1.0,0.0,rms,6.708203932499369,0.9006397614083711,0.9490204220186049,0.23490641615156782,0.48726830835606805,0.9578564078747671,0.9339920948616601,0.6666666666666666,0.3261329306125688,0.06666666666666667,0.021029987558910918,0.0,0.10084033613445378,1.0,1.0,0.9648719575966153,0.9038998682476942,0.793939393939394,0.27365004707432017,0.7634770831942084
r5_final_inverse_map_complete_2026-08-31,breast_cancer,lgbm,0,HuberRidgeAIME,0.01,0.5,0.1,0.5,17,15,30,45,1.1054098330205306,0.935672514619883,0.3509590460274741,X ~= Y A^T,SVD normal-system solve,2.238529554288985,2.238061588432266,26.456237579250836,26.46623757925084,59.223069716443874,59.233069716443865,26.46623757925084,5.923306971644387e-11,5.712930257295001,14,True,0.7347898595648108,0.6974789915966386,rms,3.3541019662496847,0.8710936924964622,0.9333240018859807,0.26000580518708616,0.511966967514742,0.9947150745463399,0.981159420289855,1.0,0.34149061221724636,0.06666666666666667,0.017535777829544553,0.0,0.9811507936507938,0.15073052525111438,0.8002918409831693,0.9870071859788002,0.9277733860342554,0.8181818181818181,0.34987203355437374,0.7568589222827065
r5_final_inverse_map_complete_2026-08-31,breast_cancer,lgbm,0,HuberRidgeAIME,0.01,1.0,0.1,0.5,17,15,30,45,1.1054098330205306,0.935672514619883,0.3509590460274741,X ~= Y A^T,SVD normal-system solve,1.855441816840634,1.8552121718822643,37.240624743343666,37.25062474334367,69.09781243406984,69.10781243406983,37.25062474334367,6.910781243406984e-11,5.722918807461589,9,True,0.9115092360954321,0.19327731092436976,rms,6.708203932499369,0.8707313581473864,0.9331298720689347,0.2603136082594847,0.5123299003167705,0.9960975541897148,0.9814229249011857,0.8181818181818182,0.34145397279244666,0.13333333333333333,0.01867873797542608,0.0,0.9811507936507936,0.30235490515471436,0.9798256096588771,0.9862765849382663,0.942292490118577,0.8303030303030303,0.2683935850067963,0.7576175845032633
r5_final_inverse_map_complete_2026-08-31,breast_cancer,lgbm,0,HuberRidgeAIME,0.01,2.0,0.1,0.5,17,15,30,45,1.1054098330205306,0.935672514619883,0.3509590460274741,X ~= Y A^T,SVD normal-system solve,1.8260594404713684,1.8258504925029304,39.5242173769824,39.5342173769824,72.17357026848121,72.18357026848122,39.53421737698241,7.21835702684812e-11,5.782508390959967,6,True,0.9583331997853637,0.09243697478991597,rms,13.416407864998739,0.8743623543473484,0.9350734486377786,0.2572290765581252,0.5092144542900842,0.9889798862742716,0.9581027667984189,0.8181818181818182,0.33642849746742187,0.06666666666666667,0.018878423340348022,0.0,0.8501400560224092,0.5947726776913512,0.9991063424501125,0.9810467365148874,0.9373913043478259,0.7878787878787878,0.26146521299057174,0.762116271644986
r5_final_inverse_map_complete_2026-08-31,breast_cancer,lgbm,0,RidgeAIME,0.1,1.0,0.1,0.5,17,15,30,45,1.1054098330205306,0.935672514619883,0.3509590460274741,X ~= Y A^T,SVD normal-system solve,1.8780196432401657,1.8758588081649668,40.53334834378025,40.63334834378025,76.12242439591554,76.22242439591554,40.63334834378025,7.622242439591554e-11,5.789238157992722,1,True,1.0,0.0,rms,6.708203932499369,0.9006269521803025,0.9490136733368506,0.23491729759232727,0.48724176102345923,0.9578133135758227,0.9339920948616601,0.6666666666666666,0.32611067637807667,0.06666666666666667,0.02103511745283656,0.0,0.10084033613445378,1.0,1.0,0.9648459715312292,0.9038998682476942,0.793939393939394,0.273200146866897,0.7626214159642059
r5_final_inverse_map_complete_2026-08-31,breast_cancer,lgbm,0,HuberRidgeAIME,0.1,0.5,0.1,0.5,17,15,30,45,1.1054098330205306,0.935672514619883,0.3509590460274741,X ~= Y A^T,SVD normal-system solve,2.237822032805063,2.2331623928234055,26.464756884168906,26.564756884168904,59.22341604822265,59.32341604822266,26.564756884168904,5.932341604822265e-11,5.691920211161641,14,True,0.7348686261446434,0.6974789915966386,rms,3.3541019662496847,0.8711856918229226,0.9333732864309555,0.25992765174837595,0.511921372876687,0.99466769156215,0.9810276679841896,1.0,0.34143657001900285,0.06666666666666667,0.01754852029541078,0.0,0.9811507936507938,0.1507419301907407,0.8003781621394739,0.9870019901743579,0.92832674571805,0.8181818181818181,0.34892030558050663,0.7552588035529549
r5_final_inverse_map_complete_2026-08-31,breast_cancer,lgbm,0,HuberRidgeAIME,0.1,1.0,0.1,0.5,17,15,30,45,1.1054098330205306,0.935672514619883,0.3509590460274741,X ~= Y A^T,SVD normal-system solve,1.8555548460343367,1.8532635029573863,37.23857468315401,37.338574683154015,69.09821771273799,69.19821771273799,37.33857468315402,6.919821771273798e-11,5.7098211806463635,9,True,0.9114957257100035,0.19327731092436976,rms,6.708203932499369,0.8707727023853538,0.9331520253342184,0.26027848632444106,0.5123214525481833,0.9960930820156308,0.9814229249011857,0.8181818181818182,0.34143326972789423,0.13333333333333333,0.018682982399427315,0.0,0.9811507936507936,0.3023679765957369,0.9798091181340333,0.9862692468981885,0.9420553359683794,0.8303030303030303,0.26793717309353315,0.756622507287073
r5_final_inverse_map_complete_2026-08-31,breast_cancer,lgbm,0,HuberRidgeAIME,0.1,2.0,0.1,0.5,17,15,30,45,1.1054098330205306,0.935672514619883,0.3509590460274741,X ~= Y A^T,SVD normal-system solve,1.8260749839730888,1.8239901923249011,39.523862878153,39.62386287815299,72.17353727177779,72.27353727177778,39.623862878153005,7.227353727177777e-11,5.770576144111338,6,True,0.9583299435009015,0.09243697478991597,rms,13.416407864998739,0.8743886976991951,0.9350875347790683,0.2572066978776154,0.5092049407968892,0.9889698062675316,0.9581027667984189,0.8181818181818182,0.3364123631286881,0.06666666666666667,0.018882452254740827,0.0,0.8501400560224092,0.594774864483771,0.999102475727122,0.9810389552937033,0.9372332015810276,0.7878787878787878,0.2610224987782377,0.7612191760182815
r5_final_inverse_map_complete_2026-08-31,breast_cancer,lgbm,0,RidgeAIME,1.0,1.0,0.1,0.5,17,15,30,45,1.1054098330205306,0.935672514619883,0.3509590460274741,X ~= Y A^T,SVD normal-system solve,1.8780196432401657,1.856879531059163,40.53334834378025,41.533348343780254,76.12242439591554,77.12242439591554,41.53334834378026,7.712242439591553e-11,5.677664377690576,1,True,1.0,0.0,rms,6.708203932499369,0.9006129992653386,0.9490063220365492,0.23492915059523956,0.4869742195207219,0.9573877579473077,0.9328063241106718,0.6666666666666666,0.3258911801165309,0.06666666666666667,0.021085604147639027,0.0,0.10084033613445378,1.0,1.0,0.9645890553138192,0.9019762845849802,0.793939393939394,0.26878372889144353,0.7541697166109362
r5_final_inverse_map_complete_2026-08-31,breast_cancer,lgbm,0,HuberRidgeAIME,1.0,0.5,0.1,0.5,17,15,30,45,1.1054098330205306,0.935672514619883,0.3509590460274741,X ~= Y A^T,SVD normal-system solve,2.231434839218638,2.186722722806645,26.541412441132493,27.541412441132493,59.22543240321404,60.22543240321404,27.541412441132493,6.022543240321404e-11,5.491983217534491,14,True,0.7355711366990066,0.6974789915966386,rms,3.3541019662496847,0.8724403988385052,0.9340451802983115,0.2588617779902257,0.5114273027535323,0.9941739338687764,0.9765480895915678,1.0,0.3409311379911769,0.06666666666666667,0.017671139681491577,0.0,0.9811507936507938,0.1508488885369144,0.8011474635956899,0.9869415367519782,0.930171277997365,0.8181818181818181,0.3397937178390294,0.7397292014446702
r5_final_inverse_map_complete_2026-08-31,breast_cancer,lgbm,0,HuberRidgeAIME,1.0,1.0,0.1,0.5,17,15,30,45,1.1054098330205306,0.935672514619883,0.3509590460274741,X ~= Y A^T,SVD normal-system solve,1.8566484119791746,1.834234083883433,37.218786140724035,38.218786140724035,69.1022001839678,70.1022001839678,38.21878614072402,7.010220018396781e-11,5.582314681400255,9,True,0.9113658988776585,0.19327731092436976,rms,6.708203932499369,0.8713271682885346,0.933449071073797,0.259807467474104,0.5122269516925763,0.9960476748090836,0.9801054018445321,1.0,0.3412315380603577,0.06666666666666667,0.018722705342164376,0.0,0.9811507936507936,0.3024935626339349,0.9796506468676087,0.9861974666913543,0.9421607378129115,0.7878787878787878,0.26345475927927003,0.7468143145144275
r5_final_inverse_map_complete_2026-08-31,breast_cancer,lgbm,0,HuberRidgeAIME,1.0,2.0,0.1,0.5,17,15,30,45,1.1054098330205306,0.935672514619883,0.3509590460274741,X ~= Y A^T,SVD normal-system solve,1.8262267259366038,1.8058363354572546,39.52039742806194,40.52039742806194,72.17320600276294,73.17320600276294,40.52039742806195,7.317320600276293e-11,5.654068216723051,6,True,0.958298038102444,0.09243697478991597,rms,13.416407864998739,0.8747699836660938,0.9352913897102303,0.2568827954036347,0.5091047821413125,0.988870358141335,0.9598155467720683,1.0,0.3362533950013146,0.06666666666666667,0.018922041199252386,0.0,0.8501400560224092,0.5947945306715251,0.9990647865993693,0.9809612402339155,0.9376284584980237,0.7272727272727273,0.2566783872683736,0.752361043977992
r5_final_inverse_map_complete_2026-08-31,breast_cancer,svm,0,RidgeAIME,0.0,1.0,0.1,0.5,17,15,30,45,0.006126541993580759,0.9766081871345029,0.08237271585794079,X ~= Y A^T,SVD normal-system solve,1.8977039179657798,1.8977039179657798,38.451347378196076,38.451347378196076,72.96927257066591,72.96927257066591,38.45134737819608,7.296927257066591e-11,6.655423749355871,1,True,1.0,0.0,rms,6.708203932499369,0.795012703048118,0.8916348484935512,0.24274925678246362,0.5052896759528509,0.956166122115775,0.8320158102766797,0.6666666666666666,0.3030782038354228,0.13333333333333333,0.024279369555975004,0.0,0.08403361344537816,1.0,1.0,0.9334006978810425,0.8025032938076416,0.5076923076923077,0.2782284542323363,0.8231757121244734
r5_final_inverse_map_complete_2026-08-31,breast_cancer,svm,0,HuberRidgeAIME,0.0,0.5,0.1,0.5,17,15,30,45,0.006126541993580759,0.9766081871345029,0.08237271585794079,X ~= Y A^T,SVD normal-system solve,2.516812329017374,2.516812329017374,23.901938517693104,23.901938517693104,60.15669354874527,60.15669354874527,23.9019385176931,6.015669354874527e-11,6.0240461085812385,13,True,0.7401167305826325,0.680672268907563,rms,3.3541019662496847,0.7497516370208267,0.8658819994784663,0.28586048727799696,0.5403712596937101,0.9926277266822294,0.9799736495388669,0.8181818181818182,0.3027666491405591,0.13333333333333333,0.017206588221582726,0.0,0.9430122655122655,0.1268681268977076,0.7963780703702403,0.9889578452598353,0.9653491436100131,0.8969696969696969,0.40085083274706684,0.7798882873337073
r5_final_inverse_map_complete_2026-08-31,breast_cancer,svm,0,HuberRidgeAIME,0.0,1.0,0.1,0.5,17,15,30,45,0.006126541993580759,0.9766081871345029,0.08237271585794079,X ~= Y A^T,SVD normal-system solve,2.0016667717790653,2.0016667717790653,34.168233593408694,34.168233593408694,68.39341783431139,68.39341783431139,34.16823359340869,6.839341783431139e-11,6.237952541754302,9,True,0.9087245169344605,0.2184873949579832,rms,6.708203932499369,0.748150956055903,0.8649571989733961,0.28738513819954237,0.5417566914999674,0.9955374669996171,0.978919631093544,0.8181818181818182,0.30146466959714724,0.13333333333333333,0.018069755240637208,0.0,0.9430122655122654,0.25434660790553404,0.9687591874875732,0.9885171853390015,0.9568115942028985,0.8242424242424242,0.3013917798251243,0.7950420663280453
r5_final_inverse_map_complete_2026-08-31,breast_cancer,svm,0,HuberRidgeAIME,0.0,2.0,0.1,0.5,17,15,30,45,0.006126541993580759,0.9766081871345029,0.08237271585794079,X ~= Y A^T,SVD normal-system solve,1.9093846131900831,1.9093846131900831,36.75800728795084,36.75800728795084,70.18517352714227,70.18517352714227,36.75800728795084,7.018517352714228e-11,6.461007547576233,6,True,0.9547771687812977,0.09243697478991597,rms,13.416407864998739,0.7555129371235985,0.8692024718807456,0.2803728406429228,0.5360656717899527,0.99224821237588,0.9544137022397892,0.6666666666666666,0.3008962700244427,0.13333333333333333,0.021599080351440345,0.0,0.9430122655122654,0.5119754048174447,0.995401183823853,0.9822506730171693,0.9413965744400526,0.7575757575757576,0.280893418473167,0.8103002483716648
r5_final_inverse_map_complete_2026-08-31,breast_cancer,svm,0,RidgeAIME,1e-06,1.0,0.1,0.5,17,15,30,45,0.006126541993580759,0.9766081871345029,0.08237271585794079,X ~= Y A^T,SVD normal-system solve,1.8977039179657798,1.8977038946192926,38.451347378196076,38.45134837819607,72.96927257066591,72.9692735706659,38.45134837819607,7.296927357066589e-11,6.655423587623531,1,True,1.0,0.0,rms,6.708203932499369,0.79501270119866,0.891634847456435,0.24274925854407514,0.5052896756161166,0.9561661217579094,0.8320158102766797,0.6666666666666666,0.30307820395581037,0.13333333333333333,0.02427936959656591,0.0,0.08403361344537816,1.0,1.0,0.9334006972328636,0.8025032938076416,0.5076923076923077,0.2782284488894319,0.8231757015707556
r5_final_inverse_map_complete_2026-08-31,breast_cancer,svm,0,HuberRidgeAIME,1e-06,0.5,0.1,0.5,17,15,30,45,0.006126541993580759,0.9766081871345029,0.08237271585794079,X ~= Y A^T,SVD normal-system solve,2.516812307604236,2.516812244144436,23.901938718533405,23.901939718533406,60.1566935424071,60.156694542407095,23.90193971853341,6.01566945424071e-11,6.024045842595352,13,True,0.7401167323678254,0.680672268907563,rms,3.3541019662496847,0.7497516385960994,0.865882000388101,0.2858604857775474,0.5403712586062313,0.9926277259924868,0.9799736495388669,0.8181818181818182,0.3027666491080063,0.13333333333333333,0.0172065882917845,0.0,0.9430122655122655,0.12686812676468642,0.7963780723314161,0.988957845128583,0.9653491436100131,0.8969696969696969,0.4008508181016168,0.7798882681578572
r5_final_inverse_map_complete_2026-08-31,breast_cancer,svm,0,HuberRidgeAIME,1e-06,1.0,0.1,0.5,17,15,30,45,0.006126541993580759,0.9766081871345029,0.08237271585794079,X ~= Y A^T,SVD normal-system solve,2.001666774182551,2.0016667448668204,34.16823355181754,34.16823455181754,68.39341783318264,68.39341883318264,34.168234551817534,6.839341883318265e-11,6.237952366948612,9,True,0.908724516525729,0.2184873949579832,rms,6.708203932499369,0.7481509562946419,0.8649571991114022,0.28738513797214327,0.5417566911174302,0.9955374669318379,0.978919631093544,0.8181818181818182,0.3014646696490982,0.13333333333333333,0.01806975527177824,0.0,0.9430122655122654,0.25434660774766815,0.9687591870558262,0.9885171852603671,0.9568115942028985,0.8242424242424242,0.3013917739860707,0.7950420541578425
r5_final_inverse_map_complete_2026-08-31,breast_cancer,svm,0,HuberRidgeAIME,1e-06,2.0,0.1,0.5,17,15,30,45,0.006126541993580759,0.9766081871345029,0.08237271585794079,X ~= Y A^T,SVD normal-system solve,1.909384613365728,1.909384588625959,36.75800728426799,36.758008284267994,70.18517352656664,70.18517452656664,36.75800828426799,7.018517452656666e-11,6.461007383261372,6,True,0.9547771687415338,0.09243697478991597,rms,13.416407864998739,0.7555129364805024,0.8692024715108111,0.2803728412554727,0.5360656716074778,0.9922482123853046,0.9544137022397892,0.6666666666666666,0.30089627008641595,0.13333333333333333,0.021599080382102755,0.0,0.9430122655122654,0.511975404452672,0.9954011838139064,0.9822506729443281,0.9413965744400526,0.7575757575757576,0.28089341288599323,0.8103002373267871
r5_final_inverse_map_complete_2026-08-31,breast_cancer,svm,0,RidgeAIME,1e-05,1.0,0.1,0.5,17,15,30,45,0.006126541993580759,0.9766081871345029,0.08237271585794079,X ~= Y A^T,SVD normal-system solve,1.8977039179657798,1.897703684500961,38.451347378196076,38.45135737819608,72.96927257066591,72.96928257066591,38.451357378196086,7.29692825706659e-11,6.655422132032823,1,True,1.0,0.0,rms,6.708203932499369,0.7950126845535598,0.8916348381224007,0.24274927439855698,0.5052896725855078,0.9561661185371201,0.8320158102766797,0.6666666666666666,0.30307820503929883,0.13333333333333333,0.024279369961883963,0.0,0.08403361344537816,1.0,1.0,0.933400691399253,0.8025032938076416,0.5076923076923077,0.2782284008033014,0.8231756065873074
r5_final_inverse_map_complete_2026-08-31,breast_cancer,svm,0,HuberRidgeAIME,1e-05,0.5,0.1,0.5,17,15,30,45,0.006126541993580759,0.9766081871345029,0.08237271585794079,X ~= Y A^T,SVD normal-system solve,2.5168121148861604,2.516811480288531,23.901940526094645,23.901950526094645,60.15669348536349,60.156703485363494,23.901950526094648,6.015670348536348e-11,6.024043448723777,13,True,0.7401167484345471,0.680672268907563,rms,3.3541019662496847,0.7497516527735961,0.8658820085748382,0.28586047227346134,0.5403712488189196,0.9926277197848019,0.9799736495388669,0.8181818181818182,0.30276664881503196,0.13333333333333333,0.01720658892360003,0.0,0.9430122655122655,0.12686812556749608,0.796378089981983,0.9889578439473128,0.9653491436100131,0.8969696969696969,0.40085068629263676,0.7798880955752692
r5_final_inverse_map_complete_2026-08-31,breast_cancer,svm,0,HuberRidgeAIME,1e-05,1.0,0.1,0.5,17,15,30,45,0.006126541993580759,0.9766081871345029,0.08237271585794079,X ~= Y A^T,SVD normal-system solve,2.0016667958139167,2.001666502656674,34.168233177497285,34.16824317749729,68.39341782302375,68.39342782302376,34.168243177497295,6.839342782302375e-11,6.237950793697852,9,True,0.9087245128471433,0.2184873949579832,rms,6.708203932499369,0.7481509584433126,0.8649572003534699,0.2873851359255313,0.541756687674594,0.995537466321824,0.978919631093544,0.8181818181818182,0.30146467011665545,0.13333333333333333,0.018069755552047467,0.0,0.9430122655122654,0.25434660632687495,0.9687591831701036,0.9885171845526595,0.9568115942028985,0.8242424242424242,0.3013917214345974,0.7950419446260331
r5_final_inverse_map_complete_2026-08-31,breast_cancer,svm,0,HuberRidgeAIME,1e-05,2.0,0.1,0.5,17,15,30,45,0.006126541993580759,0.9766081871345029,0.08237271585794079,X ~= Y A^T,SVD normal-system solve,1.9093846149465297,1.9093843675489048,36.75800725112241,36.75801725112242,70.1851735213861,70.18518352138611,36.758017251122425,7.018518352138609e-11,6.461005904427998,6,True,0.9547771683836589,0.09243697478991597,rms,13.416407864998739,0.7555129306926572,0.8692024681814112,0.28037284676840357,0.5360656699652024,0.9922482124701205,0.9544137022397892,0.6666666666666666,0.3008962706441748,0.13333333333333333,0.02159908065806439,0.0,0.9430122655122654,0.511975401169716,0.9954011837243876,0.9822506722887585,0.9413965744400526,0.7575757575757576,0.2808933626014404,0.8103001379229001
r5_final_inverse_map_complete_2026-08-31,breast_cancer,svm,0,RidgeAIME,0.0001,1.0,0.1,0.5,17,15,30,45,0.006126541993580759,0.9766081871345029,0.08237271585794079,X ~= Y A^T,SVD normal-system solve,1.8977039179657798,1.897701583323057,38.451347378196076,38.45144737819608,72.96927257066591,72.96937257066591,38.45144737819608,7.296937257066591e-11,6.65540757616238,1,True,1.0,0.0,rms,6.708203932499369,0.7950125181047544,0.8916347447832853,0.2427494329412836,0.5052896422794095,0.9561660863292613,0.8320158102766797,0.6666666666666666,0.30307821587416384,0.13333333333333333,0.024279373615058452,0.0,0.08403361344537816,1.0,1.0,0.9334006330632277,0.8025032938076416,0.5076923076923077,0.27822791994294277,0.8231746567540736
r5_final_inverse_map_complete_2026-08-31,breast_cancer,svm,0,HuberRidgeAIME,0.0001,0.5,0.1,0.5,17,15,30,45,0.006126541993580759,0.9766081871345029,0.08237271585794079,X ~= Y A^T,SVD normal-system solve,2.5168101877222435,2.516803841782703,23.901958601557812,23.902058601557815,60.156692914916015,60.15679291491601,23.90205860155781,6.015679291491603e-11,6.02401951014656,13,True,0.7401169091002991,0.680672268907563,rms,3.3541019662496847,0.7497517945527651,0.8658820904446315,0.28586033722859905,0.5403711509455288,0.9926276577077862,0.9799736495388669,0.8181818181818182,0.3027666458853912,0.13333333333333333,0.01720659524171268,0.0,0.9430122655122655,0.12686811359561928,0.7963782664860497,0.9889578321346221,0.9653491436100131,0.8969696969696969,0.40084936820982003,0.7798863697556041
r5_final_inverse_map_complete_2026-08-31,breast_cancer,svm,0,HuberRidgeAIME,0.0001,1.0,0.1,0.5,17,15,30,45,0.006126541993580759,0.9766081871345029,0.08237271585794079,X ~= Y A^T,SVD normal-system solve,2.0016670121272946,2.001664080561635,34.168229434299846,34.16832943429985,68.39341772143486,68.39351772143486,34.16832943429985,6.839351772143485e-11,6.237935061236331,9,True,0.9087244760613411,0.2184873949579832,rms,6.708203932499369,0.7481509799320832,0.8649572127753391,0.28738511545744627,0.541756653246152,0.9955374602216821,0.978919631093544,0.8181818181818182,0.3014646747922334,0.13333333333333333,0.018069758354736145,0.0,0.9430122655122654,0.25434659211894495,0.9687591443129372,0.9885171774755899,0.9568115942028985,0.8242424242424242,0.3013911959209092,0.7950408493096275
r5_final_inverse_map_complete_2026-08-31,breast_cancer,svm,0,HuberRidgeAIME,0.0001,2.0,0.1,0.5,17,15,30,45,0.006126541993580759,0.9766081871345029,0.08237271585794079,X ~= Y A^T,SVD normal-system solve,1.9093846307545295,1.9093821567842764,36.758006919666876,36.75810691966688,70.18517346958058,70.18527346958058,36.75810691966688,7.018527346958058e-11,6.460991116133288,6,True,0.9547771648049134,0.09243697478991597,rms,13.416407864998739,0.7555128728162281,0.8692024348885754,0.28037290189578556,0.5360656535424008,0.992248213318282,0.9544137022397892,0.6666666666666666,0.3008962762217575,0.13333333333333333,0.02159908341767407,0.0,0.9430122655122654,0.5119753683401729,0.9954011828292014,0.9822506657330632,0.9413965744400526,0.7575757575757576,0.2808928597569366,0.8102991438854028
r5_final_inverse_map_complete_2026-08-31,breast_cancer,svm,0,RidgeAIME,0.001,1.0,0.1,0.5,17,15,30,45,0.006126541993580759,0.9766081871345029,0.08237271585794079,X ~= Y A^T,SVD normal-system solve,1.8977039179657798,1.8976805720849905,38.451347378196076,38.45234737819607,72.96927257066591,72.97027257066591,38.45234737819607,7.297027257066592e-11,6.655262021120489,1,True,1.0,0.0,rms,6.708203932499369,0.7950108538364895,0.8916338115148447,0.24275101815919986,0.5052893392173294,0.9561657642541899,0.8320158102766797,0.6666666666666666,0.30307832422089337,0.13333333333333333,0.024279410146196376,0.0,0.08403361344537816,1.0,1.0,0.933400049710797,0.8025032938076416,0.5076923076923077,0.27822311143387746,0.8231651585464821
r5_final_inverse_map_complete_2026-08-31,breast_cancer,svm,0,HuberRidgeAIME,0.001,0.5,0.1,0.5,17,15,30,45,0.006126541993580759,0.9766081871345029,0.08237271585794079,X ~= Y A^T,SVD normal-system solve,2.5167909177670618,2.516727462047037,23.902139341270896,23.903139341270894,60.156687209313375,60.15768720931338,23.903139341270894,6.015768720931338e-11,6.02378013823097,13,True,0.74011851561128,0.680672268907563,rms,3.3541019662496847,0.7497532127645864,0.8658829093847427,0.28585898637979923,0.5403701721842337,0.9926270369210182,0.9799736495388669,0.8181818181818182,0.30276661659933535,0.13333333333333333,0.01720665841857694,0.0,0.9430122655122655,0.1268679938795098,0.7963800313664882,0.9889577140088497,0.9653491436100131,0.8969696969696969,0.4008361880801141,0.7798691121807588
r5_final_inverse_map_complete_2026-08-31,breast_cancer,svm,0,HuberRidgeAIME,0.001,1.0,0.1,0.5,17,15,30,45,0.006126541993580759,0.9766081871345029,0.08237271585794079,X ~= Y A^T,SVD normal-system solve,2.0016691752332676,2.0016398602534133,34.16819200284536,34.16919200284535,68.3934167055474,68.39441670554741,34.16919200284535,6.839441670554741e-11,6.237777741226318,9,True,0.9087241082087015,0.2184873949579832,rms,6.708203932499369,0.7481511950260404,0.8649573371132477,0.2873849105801427,0.5417563089537897,0.9955373992198691,0.978919631093544,0.8181818181818182,0.3014647215485087,0.13333333333333333,0.01806978638126286,0.0,0.9430122655122654,0.25434645003985373,0.9687587557471279,0.9885171067056084,0.9568115942028985,0.8242424242424242,0.3013859408883829,0.7950298963142634
r5_final_inverse_map_complete_2026-08-31,breast_cancer,svm,0,HuberRidgeAIME,0.001,2.0,0.1,0.5,17,15,30,45,0.006126541993580759,0.9766081871345029,0.08237271585794079,X ~= Y A^T,SVD normal-system solve,1.909384788833351,1.9093600497300123,36.75800360513878,36.75900360513878,70.18517295153347,70.18617295153348,36.75900360513877,7.018617295153347e-11,6.460843237082775,6,True,0.9547771290178493,0.09243697478991597,rms,13.416407864998739,0.7555122942541829,0.8692021020764865,0.2803734529769659,0.5360654893095279,0.9922482217998503,0.9544137022397892,0.6666666666666666,0.30089633199691096,0.13333333333333333,0.02159911101310243,0.0,0.9430122655122654,0.5119750400463922,0.9954011738776161,0.9822506001763782,0.9413965744400526,0.7575757575757576,0.28088783141453544,0.8102892036472178
r5_final_inverse_map_complete_2026-08-31,breast_cancer,svm,0,RidgeAIME,0.01,1.0,0.1,0.5,17,15,30,45,0.006126541993580759,0.9766081871345029,0.08237271585794079,X ~= Y A^T,SVD normal-system solve,1.8977039179657798,1.8974705137875172,38.451347378196076,38.46134737819608,72.96927257066591,72.9792725706659,38.46134737819608,7.297927257066589e-11,6.653806836860227,1,True,1.0,0.0,rms,6.708203932499369,0.7949942331225155,0.8916244910961764,0.24276684941316762,0.5052863084869059,0.9561625438552314,0.8320158102766797,0.6666666666666666,0.303079407496107,0.13333333333333333,0.02427977539688734,0.0,0.08403361344537816,1.0,1.0,0.9333942169686207,0.8025032938076416,0.5076923076923077,0.2781750357934091,0.8230701889428762
r5_final_inverse_map_complete_2026-08-31,breast_cancer,svm,0,HuberRidgeAIME,0.01,0.5,0.1,0.5,17,15,30,45,0.006126541993580759,0.9766081871345029,0.08237271585794079,X ~= Y A^T,SVD normal-system solve,2.516598386490473,2.5159641965352835,23.90394524747665,23.91394524747665,60.15663004055635,60.16663004055635,23.913945247476654,6.016663004055635e-11,6.0213878037847195,13,True,0.7401345660761698,0.680672268907563,rms,3.3541019662496847,0.7497674368420872,0.8658911229722172,0.2858454379255194,0.5403603818365451,0.9926208273955122,0.9799736495388669,0.8181818181818182,0.30276632477311927,0.13333333333333333,0.017207289761253578,0.0,0.9430122655122655,0.12686679698438433,0.796397664157985,0.9889565328649148,0.9653491436100131,0.8969696969696969,0.40070445658332837,0.7796965985773724
r5_final_inverse_map_complete_2026-08-31,breast_cancer,svm,0,HuberRidgeAIME,0.01,1.0,0.1,0.5,17,15,30,45,0.006126541993580759,0.9766081871345029,0.08237271585794079,X ~= Y A^T,SVD normal-system solve,2.0016908035122443,2.0013977213701595,34.16781774028579,34.17781774028579,68.39340654681259,68.40340654681259,34.177817740285796,6.840340654681257e-11,6.2362050015088135,9,True,0.908720430220528,0.2184873949579832,rms,6.708203932499369,0.7481533665784168,0.864958592406837,0.2873828421733806,0.5417528652364935,0.9955367891623755,0.978919631093544,0.8181818181818182,0.30146518916084086,0.13333333333333333,0.01807006661050953,0.0,0.9430122655122654,0.2543450292699156,0.9687548706747127,0.9885163990774057,0.9568115942028985,0.8242424242424242,0.3013334009964456,0.7949203832263445
r5_final_inverse_map_complete_2026-08-31,breast_cancer,svm,0,HuberRidgeAIME,0.01,2.0,0.1,0.5,17,15,30,45,0.006126541993580759,0.9766081871345029,0.08237271585794079,X ~= Y A^T,SVD normal-system solve,1.9093863695035225,1.909139038373177,36.75797046258241,36.76797046258241,70.18516777186795,70.19516777186796,36.76797046258241,7.019516777186796e-11,6.459364836136113,6,True,0.9547767711863082,0.09243697478991597,rms,13.416407864998739,0.7555065288479023,0.869198785576638,0.2803789445347412,0.5360638464953296,0.992248306610873,0.9544137022397892,0.6666666666666666,0.30089688968107453,0.13333333333333333,0.02159938690056086,0.0,0.9430122655122654,0.5119717572737854,0.9954010843892921,0.9822499446363032,0.9413965744400526,0.7575757575757576,0.28083755825191103,0.8101898149419678
r5_final_inverse_map_complete_2026-08-31,breast_cancer,svm,0,RidgeAIME,0.1,1.0,0.1,0.5,17,15,30,45,0.006126541993580759,0.9766081871345029,0.08237271585794079,X ~= Y A^T,SVD normal-system solve,1.8977039179657798,1.8953753251174956,38.451347378196076,38.55134737819608,72.96927257066591,73.0692725706659,38.55134737819608,7.30692725706659e-11,6.639291515580874,1,True,1.0,0.0,rms,6.708203932499369,0.7948302127800732,0.8915325079771759,0.24292307902527455,0.5052559903390914,0.9561303750142371,0.8320158102766797,0.6666666666666666,0.3030902210722805,0.13333333333333333,0.0242834218444527,0.0,0.08403361344537816,1.0,1.0,0.9333359676723448,0.8023715415019762,0.5076923076923077,0.27769522247689693,0.8221217379086599
r5_final_inverse_map_complete_2026-08-31,breast_cancer,svm,0,HuberRidgeAIME,0.1,0.5,0.1,0.5,17,15,30,45,0.006126541993580759,0.9766081871345029,0.08237271585794079,X ~= Y A^T,SVD normal-system solve,2.514689780298386,2.5083843150925262,23.92185613348254,24.02185613348254,60.15604714463681,60.2560471446368,24.02185613348254,6.02560471446368e-11,5.997601994903065,13,True,0.7402936152187085,0.680672268907563,rms,3.3541019662496847,0.7499138201914874,0.8659756464193941,0.2857060075746547,0.5402622088215199,0.9925585696215024,0.9799736495388669,0.8181818181818182,0.30276350920314754,0.13333333333333333,0.017213803043000013,0.0,0.9430122655122655,0.1268548547251653,0.7965724005850885,0.9889447331339584,0.9653491436100131,0.8969696969696969,0.3993940764718092,0.7779776422917124
r5_final_inverse_map_complete_2026-08-31,breast_cancer,svm,0,HuberRidgeAIME,0.1,1.0,0.1,0.5,17,15,30,45,0.006126541993580759,0.9766081871345029,0.08237271585794079,X ~= Y A^T,SVD normal-system solve,2.001906808043953,1.9989827347904923,34.16408031529882,34.26408031529882,68.39330497375711,68.4933049737571,34.26408031529881,6.84933049737571e-11,6.220523504485111,9,True,0.9086837041648053,0.2184873949579832,rms,6.708203932499369,0.7481771310938224,0.8649723296694655,0.2873602064382733,0.5417183490856985,0.9955306846835584,0.978919631093544,0.8181818181818182,0.3014698702044996,0.13333333333333333,0.018072907770614877,0.0,0.9430122655122654,0.25433082379948324,0.9687160785102477,0.9885093299516174,0.9567588932806323,0.8242424242424242,0.30080904313382534,0.7938269354210492
r5_final_inverse_map_complete_2026-08-31,breast_cancer,svm,0,HuberRidgeAIME,0.1,2.0,0.1,0.5,17,15,30,45,0.006126541993580759,0.9766081871345029,0.08237271585794079,X ~= Y A^T,SVD normal-system solve,1.9094021643210493,1.9069348273420057,36.757639310933875,36.85763931093388,70.18511605562962,70.28511605562962,36.85763931093387,7.028511605562961e-11,6.444619677284386,6,True,0.95477319678942,0.09243697478991597,rms,13.416407864998739,0.7554508859346857,0.8691667768240372,0.28043194448961806,0.5360473700131696,0.9922491542500486,0.9544137022397892,0.6666666666666666,0.3009024597881687,0.13333333333333333,0.02160213911196138,0.0,0.9430122655122654,0.5119389462591541,0.9954001922509124,0.9822433919228046,0.9413965744400526,0.7575757575757576,0.2803358505659833,0.8091972929958038
r5_final_inverse_map_complete_2026-08-31,breast_cancer,svm,0,RidgeAIME,1.0,1.0,0.1,0.5,17,15,30,45,0.006126541993580759,0.9766081871345029,0.08237271585794079,X ~= Y A^T,SVD normal-system solve,1.8977039179657798,1.8749492092517772,38.451347378196076,39.451347378196076,72.96927257066591,73.96927257066591,39.451347378196076,7.39692725706659e-11,6.497698293302448,1,True,1.0,0.0,rms,6.708203932499369,0.7933989816893542,0.8907294660497957,0.24428632869789946,0.5049518396672925,0.9558121746678947,0.8320158102766797,0.6666666666666666,0.3031964708380846,0.13333333333333333,0.024319289738767114,0.0,0.08403361344537816,1.0,1.0,0.9327612002608993,0.7994466403162055,0.482051282051282,0.2729895075621642,0.812759541943422
r5_final_inverse_map_complete_2026-08-31,breast_cancer,svm,0,HuberRidgeAIME,1.0,0.5,0.1,0.5,17,15,30,45,0.006126541993580759,0.9766081871345029,0.08237271585794079,X ~= Y A^T,SVD normal-system solve,2.501551256742984,2.4415964660252323,24.044725179874685,25.04472517987469,60.14911249175519,61.14911249175519,25.044725179874685,6.114911249175519e-11,5.7675159161446015,13,True,0.7413958062690273,0.6890756302521008,rms,3.3541019662496847,0.7518459476869285,0.8670905072060981,0.2838656533560313,0.5391834841060388,0.991849095881392,0.9803689064558629,0.8181818181818182,0.30268079517564406,0.13333333333333333,0.017289023094570522,0.0,0.9430122655122654,0.12673862393549934,0.7977863734555893,0.9888263487893069,0.965296442687747,0.8606060606060606,0.38767388767597766,0.7609888016819453
r5_final_inverse_map_complete_2026-08-31,breast_cancer,svm,0,HuberRidgeAIME,1.0,1.0,0.1,0.5,17,15,30,45,0.006126541993580759,0.9766081871345029,0.08237271585794079,X ~= Y A^T,SVD normal-system solve,2.0040388725150273,1.9754559487465384,34.12722773385153,35.12722773385153,68.39229098981139,69.39229098981139,35.12722773385153,6.939229098981139e-11,6.068164495717366,9,True,0.9083218260050977,0.2184873949579832,rms,6.708203932499369,0.7486079189805035,0.8652213121395609,0.28694988035655467,0.5413656686050743,0.995469280672681,0.9798418972332015,0.8181818181818182,0.3015171360181877,0.13333333333333333,0.01810493249339922,0.0,0.9430122655122654,0.25418911540020955,0.96833400128995,0.988438522019724,0.9568115942028985,0.8242424242424242,0.2956673496693993,0.7830573451229408
r5_final_inverse_map_complete_2026-08-31,breast_cancer,svm,0,HuberRidgeAIME,1.0,2.0,0.1,0.5,17,15,30,45,0.006126541993580759,0.9766081871345029,0.08237271585794079,X ~= Y A^T,SVD normal-system solve,1.909558850804345,1.8854673568820943,36.75435652681888,37.75435652681888,70.18460681140544,71.18460681140544,37.754356526818874,7.118460681140544e-11,6.300950714476061,6,True,0.9547378524617531,0.09243697478991597,rms,13.416407864998739,0.7550856981462247,0.8689566721915568,0.2807797863834215,0.53587797284823,0.9922575785468165,0.9549407114624504,0.6666666666666666,0.3009574901025734,0.13333333333333333,0.0216290136213871,0.0,0.9430122655122654,0.511612686409705,0.9953915374206566,0.9821781428998779,0.9430039525691699,0.793939393939394,0.27541901786139567,0.7994060826123025
r5_final_inverse_map_complete_2026-08-31,breast_cancer,mlp,0,RidgeAIME,0.0,1.0,0.1,0.5,17,15,30,45,0.03124312497675419,0.9649122807017544,0.10093164046099767,X ~= Y A^T,SVD normal-system solve,1.9173348517482802,1.9173348517482802,36.74216378023387,36.74216378023387,70.44703114448573,70.44703114448573,36.742163780233874,7.044703114448573e-11,7.405165456959318,1,True,1.0,0.0,rms,6.708203932499369,0.671593978145366,0.8195083758848143,0.37948344639016274,0.6195381376670149,0.9686146904716717,0.9218708827404478,0.3333333333333333,0.35196233163254315,0.26666666666666666,0.021313966383314245,0.0,0.09243697478991597,1.0,1.0,0.9599786894141495,0.8994202898550723,0.5767399267399267,0.2826979665906496,0.8695347666035678
r5_final_inverse_map_complete_2026-08-31,breast_cancer,mlp,0,HuberRidgeAIME,0.0,0.5,0.1,0.5,17,15,30,45,0.03124312497675419,0.9649122807017544,0.10093164046099767,X ~= Y A^T,SVD normal-system solve,2.2124360839194375,2.2124360839194375,24.032396766443014,24.032396766443014,53.17014178914734,53.17014178914734,24.03239676644301,5.3170141789147345e-11,6.805430198646635,14,True,0.7192611719208709,0.6890756302521008,rms,3.3541019662496847,0.6469591527999566,0.8043377106663324,0.4022446941373916,0.6394061644056103,0.9815767824457409,0.9881422924901184,1.0,0.34755674950156956,0.13333333333333333,0.011308530129735548,0.0,0.9153485403485404,0.1251961004648772,0.7797677995691664,0.9823599135452128,0.9228194993412384,0.488095238095238,0.3448707330186531,0.8328555839101105
r5_final_inverse_map_complete_2026-08-31,breast_cancer,mlp,0,HuberRidgeAIME,0.0,1.0,0.1,0.5,17,15,30,45,0.03124312497675419,0.9649122807017544,0.10093164046099767,X ~= Y A^T,SVD normal-system solve,1.8929727910741483,1.8929727910741483,33.05015884340496,33.05015884340496,62.563051431244226,62.563051431244226,33.05015884340496,6.256305143124421e-11,6.968594161187119,7,True,0.8920609815486081,0.20168067226890757,rms,6.708203932499369,0.6402699409042591,0.8001686952788513,0.40842516455099875,0.6439767314337707,0.989979856693392,0.9712779973649539,0.6666666666666666,0.3433092431690488,0.13333333333333333,0.012603656717711681,0.0,0.9153485403485403,0.25062774600856624,0.9573921444276865,0.9850749358667447,0.9340184453227931,0.5201465201465201,0.2771443716123546,0.8431451727005225
r5_final_inverse_map_complete_2026-08-31,breast_cancer,mlp,0,HuberRidgeAIME,0.0,2.0,0.1,0.5,17,15,30,45,0.03124312497675419,0.9649122807017544,0.10093164046099767,X ~= Y A^T,SVD normal-system solve,1.882545931209081,1.882545931209081,35.210202240430114,35.210202240430114,66.28482296477058,66.28482296477058,35.21020224043013,6.628482296477057e-11,7.207593943685021,6,True,0.9449994192081533,0.12605042016806722,rms,13.416407864998739,0.6382036996612469,0.798876523413504,0.4103342598329147,0.6446932263427413,0.9925614711321712,0.9561264822134385,0.5384615384615384,0.3456619681815094,0.13333333333333333,0.014985718725342045,0.0,0.9153485403485403,0.502249656255455,0.9900943024718539,0.983237315573161,0.9339657444005269,0.5743589743589743,0.2747455811156614,0.8577903116857223
r5_final_inverse_map_complete_2026-08-31,breast_cancer,mlp,0,RidgeAIME,1e-06,1.0,0.1,0.5,17,15,30,45,0.03124312497675419,0.9649122807017544,0.10093164046099767,X ~= Y A^T,SVD normal-system solve,1.9173348517482802,1.9173348267814645,36.74216378023387,36.74216478023387,70.44703114448573,70.44703214448573,36.74216478023387,7.044703214448574e-11,7.4051652654837765,1,True,1.0,0.0,rms,6.708203932499369,0.6715939782931425,0.8195083759749759,0.3794834462536253,0.6195381373834444,0.9686146899928576,0.9218708827404478,0.3333333333333333,0.35196233157707263,0.26666666666666666,0.021313966468738572,0.0,0.09243697478991597,1.0,1.0,0.9599786890225879,0.8994202898550723,0.5767399267399267,0.28269796093542965,0.8695347553740047
r5_final_inverse_map_complete_2026-08-31,breast_cancer,mlp,0,HuberRidgeAIME,1e-06,0.5,0.1,0.5,17,15,30,45,0.03124312497675419,0.9649122807017544,0.10093164046099767,X ~= Y A^T,SVD normal-system solve,2.21243607522799,2.2124360247779227,24.032396851751063,24.032397851751064,53.17014176900962,53.170142769009615,24.032397851751064,5.317014276900961e-11,6.8054299140560985,14,True,0.719261172768699,0.6890756302521008,rms,3.3541019662496847,0.6469591561547835,0.8043377127517916,0.4022446910377129,0.6394061636950407,0.9815767816237179,0.9881422924901184,1.0,0.34755674939507014,0.13333333333333333,0.01130853014414911,0.0,0.9153485403485404,0.12519610048608404,0.7797678005011875,0.9823599136878858,0.9228194993412384,0.488095238095238,0.3448707214093533,0.8328555657487161
r5_final_inverse_map_complete_2026-08-31,breast_cancer,mlp,0,HuberRidgeAIME,1e-06,1.0,0.1,0.5,17,15,30,45,0.03124312497675419,0.9649122807017544,0.10093164046099767,X ~= Y A^T,SVD normal-system solve,1.8929727922028452,1.8929727651841322,33.050158824562736,33.05015982456273,62.56305143288003,62.56305243288003,33.05015982456273,6.256305243288003e-11,6.96859395693844,7,True,0.8920609814156335,0.20168067226890757,rms,6.708203932499369,0.64026994286499,0.8001686965040496,0.40842516273938945,0.6439767312187668,0.9899798564686376,0.9712779973649539,0.6666666666666666,0.3433092431256033,0.13333333333333333,0.012603656745866323,0.0,0.9153485403485403,0.25062774604080645,0.9573921442778845,0.9850749358231639,0.9340184453227931,0.5201465201465201,0.2771443656725486,0.8431451599714018
r5_final_inverse_map_complete_2026-08-31,breast_cancer,mlp,0,HuberRidgeAIME,1e-06,2.0,0.1,0.5,17,15,30,45,0.03124312497675419,0.9649122807017544,0.10093164046099767,X ~= Y A^T,SVD normal-system solve,1.882545931877097,1.882545906812035,35.210202228341025,35.21020322834102,66.2848229655333,66.28482396553329,35.21020322834102,6.628482396553329e-11,7.207593744886461,6,True,0.9449994191144886,0.12605042016806722,rms,13.416407864998739,0.638203700939499,0.7988765242135352,0.4103342586518789,0.6446932262953778,0.9925614710120068,0.9561264822134385,0.5384615384615384,0.3456619681838818,0.13333333333333333,0.014985718766097753,0.0,0.9153485403485403,0.5022496563029241,0.9900943023638147,0.9832373154423781,0.9339657444005269,0.5743589743589743,0.27474557548737766,0.8577902997070899
r5_final_inverse_map_complete_2026-08-31,breast_cancer,mlp,0,RidgeAIME,1e-05,1.0,0.1,0.5,17,15,30,45,0.03124312497675419,0.9649122807017544,0.10093164046099767,X ~= Y A^T,SVD normal-system solve,1.9173348517482802,1.9173346020801856,36.74216378023387,36.74217378023387,70.44703114448573,70.44704114448574,36.74217378023388,7.044704114448574e-11,7.405163542204341,1,True,1.0,0.0,rms,6.708203932499369,0.6715939796231541,0.8195083767864452,0.3794834450247664,0.6195381348313087,0.9686146856835313,0.9218708827404478,0.3333333333333333,0.35196233107783903,0.26666666666666666,0.021313967237557435,0.0,0.09243697478991597,1.0,1.0,0.959978685498536,0.8994202898550723,0.5767399267399267,0.2826979100384606,0.8695346543079502
r5_final_inverse_map_complete_2026-08-31,breast_cancer,mlp,0,HuberRidgeAIME,1e-05,0.5,0.1,0.5,17,15,30,45,0.03124312497675419,0.9649122807017544,0.10093164046099767,X ~= Y A^T,SVD normal-system solve,2.212435997005091,2.212435492504661,24.03239761952191,24.03240761952191,53.17014158776973,53.17015158776973,24.03240761952191,5.317015158776973e-11,6.805427352742538,14,True,0.7192611803991343,0.6890756302521008,rms,3.3541019662496847,0.6469591863482618,0.8043377315209462,0.40224466314057017,0.6394061572999133,0.9815767742255112,0.9881422924901184,1.0,0.3475567484365771,0.13333333333333333,0.011308530273871244,0.0,0.9153485403485404,0.12519610067694528,0.7797678088893575,0.9823599149719442,0.9228194993412384,0.488095238095238,0.34487061692571375,0.8328554022962128
r5_final_inverse_map_complete_2026-08-31,breast_cancer,mlp,0,HuberRidgeAIME,1e-05,1.0,0.1,0.5,17,15,30,45,0.03124312497675419,0.9649122807017544,0.10093164046099767,X ~= Y A^T,SVD normal-system solve,1.8929728023611216,1.8929725321740578,33.05015865498265,33.050168654982656,62.56305144760219,62.563061447602195,33.050168654982656,6.256306144760218e-11,6.968592118700905,7,True,0.8920609802188624,0.20168067226890757,rms,6.708203932499369,0.6402699605115904,0.8001687075308496,0.40842514643488403,0.6439767292837308,0.9899798544458508,0.9712779973649539,0.6666666666666666,0.34330924273459434,0.13333333333333333,0.012603656999257983,0.0,0.9153485403485403,0.25062774633096807,0.9573921429296662,0.9850749354309396,0.9340184453227931,0.5201465201465201,0.2771443122143068,0.8431450454093355
r5_final_inverse_map_complete_2026-08-31,breast_cancer,mlp,0,HuberRidgeAIME,1e-05,2.0,0.1,0.5,17,15,30,45,0.03124312497675419,0.9649122807017544,0.10093164046099767,X ~= Y A^T,SVD normal-system solve,1.882545937889239,1.8825456872386792,35.21020211953919,35.21021211953919,66.28482297239758,66.28483297239758,35.210212119539186,6.628483297239758e-11,7.20759195569991,6,True,0.9449994182715059,0.12605042016806722,rms,13.416407864998739,0.6382037124437906,0.7988765314138291,0.4103342480225348,0.6446932258691055,0.9925614699305302,0.9561264822134385,0.5384615384615384,0.3456619682052336,0.13333333333333333,0.014985719132899072,0.0,0.9153485403485403,0.5022496567301449,0.9900943013914594,0.9832373142653331,0.9339657444005269,0.5743589743589743,0.2747455248328348,0.8577901918994123
r5_final_inverse_map_complete_2026-08-31,breast_cancer,mlp,0,RidgeAIME,0.0001,1.0,0.1,0.5,17,15,30,45,0.03124312497675419,0.9649122807017544,0.10093164046099767,X ~= Y A^T,SVD normal-system solve,1.9173348517482802,1.9173323550734502,36.74216378023387,36.74226378023387,70.44703114448573,70.44713114448574,36.74226378023386,7.044713114448575e-11,7.405146309455709,1,True,1.0,0.0,rms,6.708203932499369,0.6715939929255764,0.8195083849025442,0.37948343273404683,0.6195381093099269,0.9686146425903116,0.9218708827404478,0.3333333333333333,0.3519623260855086,0.26666666666666666,0.021313974925734357,0.0,0.09243697478991597,1.0,1.0,0.9599786502580525,0.8994202898550723,0.5767399267399267,0.2826974010698139,0.8695336436487926
r5_final_inverse_map_complete_2026-08-31,breast_cancer,mlp,0,HuberRidgeAIME,0.0001,0.5,0.1,0.5,17,15,30,45,0.03124312497675419,0.9649122807017544,0.10093164046099767,X ~= Y A^T,SVD normal-system solve,2.2124352147892874,2.212430169808751,24.032405297079393,24.03250529707939,53.17013977534705,53.17023977534706,24.03250529707939,5.317023977534706e-11,6.805401739730889,14,True,0.7192612567018208,0.6890756302521008,rms,3.3541019662496847,0.6469594882868439,0.804337919214831,0.40224438416563213,0.639406093348501,0.9815767002435511,0.9881422924901184,1.0,0.3475567388517369,0.13333333333333333,0.011308531571097461,0.0,0.9153485403485404,0.12519610258553582,0.7797678927692202,0.9823599278125181,0.9228194993412384,0.488095238095238,0.34486957209514074,0.8328537677757073
r5_final_inverse_map_complete_2026-08-31,breast_cancer,mlp,0,HuberRidgeAIME,0.0001,1.0,0.1,0.5,17,15,30,45,0.03124312497675419,0.9649122807017544,0.10093164046099767,X ~= Y A^T,SVD normal-system solve,1.8929729039439211,1.8929702020801955,33.050156959180526,33.05025695918053,62.563051594822355,62.56315159482236,33.05025695918053,6.256315159482235e-11,6.968573736380492,7,True,0.8920609682511169,0.20168067226890757,rms,6.708203932499369,0.6402701369798102,0.8001688178002253,0.40842498338778244,0.6439767099333065,0.9899798342180091,0.9712779973649539,0.6666666666666666,0.34330923882451997,0.13333333333333333,0.012603659533161704,0.0,0.9153485403485403,0.25062774923255615,0.9573921294474518,0.9850749315086709,0.9340184453227931,0.5201465201465201,0.2771437776331059,0.8431438997904338
r5_final_inverse_map_complete_2026-08-31,breast_cancer,mlp,0,HuberRidgeAIME,0.0001,2.0,0.1,0.5,17,15,30,45,0.03124312497675419,0.9649122807017544,0.10093164046099767,X ~= Y A^T,SVD normal-system solve,1.8825459980104955,1.8825434915110562,35.21020103152389,35.21030103152388,66.28482304104031,66.28492304104032,35.21030103152389,6.628492304104032e-11,7.207574063884455,6,True,0.9449994098417029,0.12605042016806722,rms,13.416407864998739,0.6382038274889655,0.7988766034181785,0.41033414172700844,0.6446932216063168,0.9925614591157764,0.9561264822134385,0.5384615384615384,0.34566196841874575,0.13333333333333333,0.014985722800905057,0.0,0.9153485403485403,0.502249661002305,0.9900942916679379,0.9832373024948978,0.9339657444005269,0.5743589743589743,0.27474501828845027,0.8577891138241805
r5_final_inverse_map_complete_2026-08-31,breast_cancer,mlp,0,RidgeAIME,0.001,1.0,0.1,0.5,17,15,30,45,0.03124312497675419,0.9649122807017544,0.10093164046099767,X ~= Y A^T,SVD normal-system solve,1.9173348517482802,1.9173098856115252,36.74216378023387,36.74316378023387,70.44703114448573,70.44803114448574,36.74316378023387,7.044803114448575e-11,7.404973986537479,1,True,1.0,0.0,rms,6.708203932499369,0.67159412618025,0.8195084662041326,0.3794833096139273,0.619537854093595,0.9686142116625123,0.9218708827404478,0.3333333333333333,0.3519622761627556,0.26666666666666666,0.02131405180634251,0.0,0.09243697478991597,1.0,1.0,0.9599782978568839,0.8994202898550723,0.5767399267399267,0.2826923114876766,0.8695235371957726
r5_final_inverse_map_complete_2026-08-31,breast_cancer,mlp,0,HuberRidgeAIME,0.001,0.5,0.1,0.5,17,15,30,45,0.03124312497675419,0.9649122807017544,0.10093164046099767,X ~= Y A^T,SVD normal-system solve,2.212427393949852,2.2123769465202594,24.03248205755442,24.033482057554426,53.17012164874171,53.1711216487417,24.033482057554423,5.3171121648741705e-11,6.805145622004522,14,True,0.7192620195617665,0.6890756302521008,rms,3.3541019662496847,0.6469625080525631,0.8043397963874243,0.4022415940652475,0.6394054538204667,0.9815759604345364,0.9881422924901184,1.0,0.3475566430124062,0.13333333333333333,0.011308544543848718,0.0,0.9153485403485404,0.1251961216692616,0.7797687313841513,0.9823600562175205,0.9228194993412384,0.488095238095238,0.344859124371706,0.8328374230230188
r5_final_inverse_map_complete_2026-08-31,breast_cancer,mlp,0,HuberRidgeAIME,0.001,1.0,0.1,0.5,17,15,30,45,0.03124312497675419,0.9649122807017544,0.10093164046099767,X ~= Y A^T,SVD normal-system solve,1.892973919775752,1.8929469018296312,33.05014000102844,33.051140001028436,62.56305306688418,62.56405306688417,33.051140001028436,6.256405306688417e-11,6.968389918673523,7,True,0.8920608485705409,0.20168067226890757,rms,6.708203932499369,0.6402719018836069,0.8001699206316162,0.40842335271202135,0.6439765164224034,0.9899796319422952,0.9712779973649539,0.6666666666666666,0.34330919972543916,0.13333333333333333,0.012603684870912384,0.0,0.9153485403485403,0.25062777824566135,0.9573919946221492,0.9850748922835681,0.9340184453227931,0.5201465201465201,0.2771384319427649,0.8431324437778054
r5_final_inverse_map_complete_2026-08-31,breast_cancer,mlp,0,HuberRidgeAIME,0.001,2.0,0.1,0.5,17,15,30,45,0.03124312497675419,0.9649122807017544,0.10093164046099767,X ~= Y A^T,SVD normal-system solve,1.8825465992062205,1.8825215348276694,35.21019015167479,35.211190151674785,66.28482372743973,66.28582372743973,35.21119015167478,6.628582372743975e-11,7.207395150732856,6,True,0.9449993255459576,0.12605042016806722,rms,13.416407864998739,0.6382049781664378,0.7988773236025903,0.41033307856318824,0.6446931789718111,0.9925613509697444,0.9561264822134385,0.5384615384615384,0.3456619705532784,0.13333333333333333,0.014985759480240302,0.0,0.9153485403485403,0.5022497037190949,0.9900941944357305,0.9832371847918451,0.9339657444005269,0.5743589743589743,0.27473995294887754,0.8577783332261333
r5_final_inverse_map_complete_2026-08-31,breast_cancer,mlp,0,RidgeAIME,0.01,1.0,0.1,0.5,17,15,30,45,0.03124312497675419,0.9649122807017544,0.10093164046099767,X ~= Y A^T,SVD normal-system solve,1.9173348517482802,1.91708525151869,36.74216378023387,36.75216378023387,70.44703114448573,70.45703114448574,36.752163780233865,7.045703114448575e-11,7.4032512140435545,1,True,1.0,0.0,rms,6.708203932499369,0.6715954817598392,0.8195092932724065,0.37948205713162075,0.6195353016789662,0.9686099028241444,0.9218708827404478,0.3333333333333333,0.35196177699042597,0.26666666666666666,0.02131482049632166,0.0,0.09243697478991597,1.0,1.0,0.9599747742118785,0.8994202898550723,0.5767399267399267,0.28264142609710613,0.8694224865187431
r5_final_inverse_map_complete_2026-08-31,breast_cancer,mlp,0,HuberRidgeAIME,0.01,0.5,0.1,0.5,17,15,30,45,0.03124312497675419,0.9649122807017544,0.10093164046099767,X ~= Y A^T,SVD normal-system solve,2.212349317303097,2.2118450803923584,24.03324815350651,24.04324815350651,53.169940144986036,53.179940144986034,24.043248153506518,5.317994014498603e-11,6.802585682991586,14,True,0.7192696314817371,0.6890756302521008,rms,3.3541019662496847,0.6469927436584494,0.804358591461824,0.4022136579988571,0.6393990571504053,0.981568563402566,0.9881422924901184,1.0,0.34755568552559213,0.13333333333333333,0.011308674320326235,0.0,0.9153485403485404,0.12519631228872694,0.7797770991773214,0.9823613401932001,0.9228194993412384,0.488095238095238,0.3447547053239429,0.8326740207077431
r5_final_inverse_map_complete_2026-08-31,breast_cancer,mlp,0,HuberRidgeAIME,0.01,1.0,0.1,0.5,17,15,30,45,0.03124312497675419,0.9649122807017544,0.10093164046099767,X ~= Y A^T,SVD normal-system solve,1.8929840784761631,1.8927139681077938,33.04997040644755,33.05997040644755,62.56306777351357,62.57306777351357,33.05997040644755,6.257306777351356e-11,6.966552291148146,7,True,0.8920596514528149,0.20168067226890757,rms,6.708203932499369,0.6402895730668509,0.8001809626995952,0.40840702549337204,0.6439745806478062,0.9899776094554005,0.9712779973649539,0.6666666666666666,0.3433088089006733,0.13333333333333333,0.01260393811981481,0.0,0.9153485403485403,0.2506280680992558,0.9573906460536402,0.9850744997909917,0.9340184453227931,0.5201465201465201,0.27708498720291813,0.843017901286466
r5_final_inverse_map_complete_2026-08-31,breast_cancer,mlp,0,HuberRidgeAIME,0.01,2.0,0.1,0.5,17,15,30,45,0.03124312497675419,0.9649122807017544,0.10093164046099767,X ~= Y A^T,SVD normal-system solve,1.8825526094803304,1.8823020272627973,35.210081383570625,35.22008138357062,66.28483058865568,66.29483058865569,35.22008138357062,6.629483058865568e-11,7.205606519369352,6,True,0.9449984828168673,0.12605042016806722,rms,13.416407864998739,0.6382165075001517,0.7988845395300573,0.41032242608169744,0.6446927519651542,0.9925602696595978,0.9561264822134385,0.5384615384615384,0.34566199183981844,0.13333333333333333,0.014986126201152203,0.0,0.9153485403485403,0.5022501304060991,0.9900932224142603,0.9832360078915169,0.9339657444005269,0.5743589743589743,0.2746893099783926,0.8576705426696487
r5_final_inverse_map_complete_2026-08-31,breast_cancer,mlp,0,RidgeAIME,0.1,1.0,0.1,0.5,17,15,30,45,0.03124312497675419,0.9649122807017544,0.10093164046099767,X ~= Y A^T,SVD normal-system solve,1.9173348517482802,1.9148449468197315,36.74216378023387,36.84216378023386,70.44703114448573,70.54703114448574,36.84216378023387,7.054703114448575e-11,7.386069034358242,1,True,1.0,0.0,rms,6.708203932499369,0.6716113286396037,0.8195189617327983,0.3794674154708303,0.6195097525608505,0.9685668583760201,0.9218708827404478,0.3333333333333333,0.3519567907826575,0.26666666666666666,0.021322495802346603,0.0,0.09243697478991597,1.0,1.0,0.9599395744114249,0.8994202898550723,0.5767399267399267,0.2821336130477896,0.8684133624945882
r5_final_inverse_map_complete_2026-08-31,breast_cancer,mlp,0,HuberRidgeAIME,0.1,0.5,0.1,0.5,17,15,30,45,0.03124312497675419,0.9649122807017544,0.10093164046099767,X ~= Y A^T,SVD normal-system solve,2.2115816138925184,2.2065627924318636,24.040759407177298,24.1407594071773,53.168101488926915,53.268101488926916,24.1407594071773,5.3268101488926914e-11,6.777109359249885,14,True,0.7193440949034807,0.6890756302521008,rms,3.3541019662496847,0.6472988539513972,0.8045488511901544,0.40193082862547735,0.6393349527225619,0.981494698411851,0.9881422924901184,1.0,0.34754620063541203,0.13333333333333333,0.011309982148840238,0.0,0.9153485403485404,0.1251981968546052,0.7798589548899403,0.9823741718079975,0.9228194993412384,0.488095238095238,0.34371629073115667,0.8310444937166924
r5_final_inverse_map_complete_2026-08-31,breast_cancer,mlp,0,HuberRidgeAIME,0.1,1.0,0.1,0.5,17,15,30,45,0.03124312497675419,0.9649122807017544,0.10093164046099767,X ~= Y A^T,SVD normal-system solve,1.893085702378381,1.8903914875168635,33.04827318097519,33.14827318097518,62.56321344719902,62.66321344719903,33.14827318097519,6.266321344719902e-11,6.948230801456782,7,True,0.8920476493916234,0.20168067226890757,rms,6.708203932499369,0.6404684848929564,0.8002927494941813,0.40824172063158404,0.6439551566524879,0.9899574115684584,0.9712779973649539,0.6666666666666666,0.343304917196464,0.13333333333333333,0.012606457796720916,0.0,0.9153485403485403,0.25063093902366185,0.9573771291513232,0.9850705508571199,0.9340184453227931,0.5201465201465201,0.2765517529891152,0.8418742361041192
r5_final_inverse_map_complete_2026-08-31,breast_cancer,mlp,0,HuberRidgeAIME,0.1,2.0,0.1,0.5,17,15,30,45,0.03124312497675419,0.9649122807017544,0.10093164046099767,X ~= Y A^T,SVD normal-system solve,1.8826125443231374,1.8801128625820236,35.208996733717264,35.308996733717265,66.2848989239285,66.38489892392849,35.308996733717265,6.638489892392849e-11,7.187770079990743,6,True,0.9449900783085206,0.12605042016806722,rms,13.416407864998739,0.6383340434195237,0.7989580986632051,0.4102138292419588,0.6446884159746584,0.9925494715542913,0.9561264822134385,0.5384615384615384,0.34566219885067956,0.13333333333333333,0.01498978618171253,0.0,0.9153485403485403,0.5022543494078121,0.9900835321780371,0.9832242519000012,0.9339657444005269,0.5743589743589743,0.2741839206069572,0.8565941765910382
r5_final_inverse_map_complete_2026-08-31,breast_cancer,mlp,0,RidgeAIME,1.0,1.0,0.1,0.5,17,15,30,45,0.03124312497675419,0.9649122807017544,0.10093164046099767,X ~= Y A^T,SVD normal-system solve,1.9173348517482802,1.893029545431192,36.74216378023387,37.742163780233874,70.44703114448573,71.44703114448573,37.74216378023387,7.144703114448574e-11,7.218681462649732,1,True,1.0,0.0,rms,6.708203932499369,0.6719871789552212,0.8197482412028837,0.37912015008413913,0.6192519187498862,0.9681407799568634,0.921212121212121,0.3333333333333333,0.35190747577327763,0.26666666666666666,0.02139810574494452,0.0,0.09243697478991597,1.0,1.0,0.9595912226011907,0.898945981554677,0.5767399267399267,0.27715739226152447,0.8584578782081755
r5_final_inverse_map_complete_2026-08-31,breast_cancer,mlp,0,HuberRidgeAIME,1.0,0.5,0.1,0.5,17,15,30,45,0.03124312497675419,0.9649122807017544,0.10093164046099767,X ~= Y A^T,SVD normal-system solve,2.2061619726176307,2.1580889333470874,24.09019589607482,25.09019589607482,53.14687409882958,54.14687409882958,25.090195896074825,5.414687409882956e-11,6.533801628235667,13,True,0.7198148763611539,0.6890756302521008,rms,3.3541019662496847,0.6506958756622906,0.8066572231513771,0.39879216408533,0.638684334869068,0.9807726754471613,0.9882740447957837,1.0,0.34744258638792785,0.13333333333333333,0.011337843949326784,0.0,0.9153485403485404,0.1252147998599601,0.7803759952640533,0.9825070017125617,0.9239525691699605,0.488095238095238,0.3340693376898332,0.8151659447904099
r5_final_inverse_map_complete_2026-08-31,breast_cancer,mlp,0,HuberRidgeAIME,1.0,1.0,0.1,0.5,17,15,30,45,0.03124312497675419,0.9649122807017544,0.10093164046099767,X ~= Y A^T,SVD normal-system solve,1.894104380674809,1.8678313009380332,33.03119807927513,34.03119807927513,62.564536980892356,63.564536980892356,34.03119807927513,6.356453698089235e-11,6.77033078184133,7,True,0.8919248398613026,0.20168067226890757,rms,6.708203932499369,0.6424637223228241,0.801538347381349,0.4063982290371032,0.6437545900549689,0.9897580888267432,0.9698287220026349,0.5384615384615384,0.3432675954861503,0.13333333333333333,0.01263042032989671,0.0,0.9153485403485403,0.25065701605909313,0.9572391552485647,0.9850271777339922,0.9348089591567852,0.598068598068598,0.2713376489924698,0.830609887772144
r5_final_inverse_map_complete_2026-08-31,breast_cancer,mlp,0,HuberRidgeAIME,1.0,2.0,0.1,0.5,17,15,30,45,0.03124312497675419,0.9649122807017544,0.10093164046099767,X ~= Y A^T,SVD normal-system solve,1.883195510963098,1.858796797520599,35.19844599775908,36.19844599775908,66.28555549585693,67.28555549585693,36.19844599775908,6.728555549585691e-11,7.014255963115716,6,True,0.9449082583872019,0.12605042016806722,rms,13.416407864998739,0.6397208937305255,0.7998255395588,0.40893245447780135,0.6446386941450895,0.9924429690837675,0.9571805006587615,0.5384615384615384,0.34566370688810744,0.13333333333333333,0.015025689317690502,0.0,0.9153485403485403,0.5022919657158561,0.9899895474555798,0.9831079849434442,0.9344664031620553,0.5743589743589743,0.2692319155712324,0.8459816100399838
r5_final_inverse_map_complete_2026-08-31,breast_cancer,lgbm,1,RidgeAIME,0.0,1.0,0.1,0.5,17,15,30,45,1.2175564580829814,0.9824561403508771,0.09182513619984772,X ~= Y A^T,SVD normal-system solve,1.6186375098291643,1.6186375098291643,44.98095139632049,44.98095139632049,72.80785515788688,72.80785515788688,44.98095139632049,7.280785515788687e-11,7.071143045425605,1,True,1.0,0.0,rms,6.708203932499369,0.8576173078549695,0.926076296994459,0.23624407316136153,0.503651839688109,0.9348504767960611,0.8096179183135704,0.42857142857142855,0.37129044786087506,0.26666666666666666,0.018638265871789357,0.0,0.1092436974789916,1.0,1.0,0.9451846151093084,0.857022397891963,0.5743589743589743,0.20914960038562536,0.8494896228769422
r5_final_inverse_map_complete_2026-08-31,breast_cancer,lgbm,1,HuberRidgeAIME,0.0,0.5,0.1,0.5,17,15,30,45,1.2175564580829814,0.9824561403508771,0.09182513619984772,X ~= Y A^T,SVD normal-system solve,2.0014146466164644,2.0014146466164644,26.839304229249386,26.839304229249386,53.71657658941494,53.71657658941494,26.83930422924938,5.3716576589414955e-11,5.610642634898237,16,True,0.6816421344979936,0.7647058823529411,rms,3.3541019662496847,0.8062248502353384,0.8979002451471647,0.2820119159302652,0.5346885513174822,0.9856385755766601,0.9638998682476942,0.6666666666666666,0.3469782938301943,0.26666666666666666,0.016191827079332723,0.0,0.9429886352963275,0.13787296091032197,0.748330806730444,0.9787242247819459,0.9463504611330696,0.7272727272727273,0.30133707368474544,0.7490126075674145
r5_final_inverse_map_complete_2026-08-31,breast_cancer,lgbm,1,HuberRidgeAIME,0.0,1.0,0.1,0.5,17,15,30,45,1.2175564580829814,0.9824561403508771,0.09182513619984772,X ~= Y A^T,SVD normal-system solve,1.6765277854740772,1.6765277854740772,38.71597662894202,38.71597662894202,64.9084105601863,64.9084105601863,38.715976628942016,6.490841056018632e-11,5.731403436738507,9,True,0.8788525664978725,0.23529411764705882,rms,6.708203932499369,0.8004754813359808,0.8946929536639823,0.2871320488056721,0.5394419234642123,0.9919164159228838,0.9650856389986824,0.6666666666666666,0.35032411932211227,0.26666666666666666,0.017560805014379583,0.0,0.9429886352963273,0.2759146404839762,0.9527977838391993,0.979301624844433,0.9515151515151514,0.7016317016317016,0.22441075548513295,0.7582609797686216
r5_final_inverse_map_complete_2026-08-31,breast_cancer,lgbm,1,HuberRidgeAIME,0.0,2.0,0.1,0.5,17,15,30,45,1.2175564580829814,0.9824561403508771,0.09182513619984772,X ~= Y A^T,SVD normal-system solve,1.5952453143506782,1.5952453143506782,42.862622468915134,42.862622468915134,68.37639765431896,68.37639765431896,42.862622468915134,6.837639765431895e-11,6.109643403870444,7,True,0.9445698609077736,0.1092436974789916,rms,13.416407864998739,0.8017434896528604,0.8954013008996917,0.28600281685287987,0.5377239382061663,0.9897334820462415,0.965349143610013,0.6666666666666666,0.3575365425524873,0.26666666666666666,0.01996045109976249,0.0,0.8383057364957816,0.5384756321705059,0.994373870092533,0.9740414787976676,0.9493280632411066,0.7016317016317016,0.2028274776607458,0.7860158629020043
r5_final_inverse_map_complete_2026-08-31,breast_cancer,lgbm,1,RidgeAIME,1e-06,1.0,0.1,0.5,17,15,30,45,1.2175564580829814,0.9824561403508771,0.09182513619984772,X ~= Y A^T,SVD normal-system solve,1.6186375098291643,1.6186374960758427,44.98095139632049,44.98095239632049,72.80785515788688,72.80785615788687,44.98095239632049,7.280785615788687e-11,7.071142900827133,1,True,1.0,0.0,rms,6.708203932499369,0.8576173047357648,0.926076295310362,0.23624407593918673,0.5036518396140051,0.9348504766639945,0.8096179183135704,0.42857142857142855,0.3712904477331582,0.26666666666666666,0.01863826590074903,0.0,0.1092436974789916,1.0,1.0,0.9451846151249926,0.857022397891963,0.5743589743589743,0.20914959669548988,0.8494896139960132
r5_final_inverse_map_complete_2026-08-31,breast_cancer,lgbm,1,HuberRidgeAIME,1e-06,0.5,0.1,0.5,17,15,30,45,1.2175564580829814,0.9824561403508771,0.09182513619984772,X ~= Y A^T,SVD normal-system solve,2.001414638420163,2.001414601108667,26.83930433204096,26.83930533204096,53.716576575160474,53.71657757516047,26.839305332040965,5.371657757516047e-11,5.610642417300693,16,True,0.6816421352838616,0.7647058823529411,rms,3.3541019662496847,0.8062248524112321,0.8979002463588214,0.2820119139925109,0.5346885503579053,0.9856385743505857,0.9638998682476942,0.6666666666666666,0.34697829383158285,0.26666666666666666,0.016191827178538096,0.0,0.9429886352963275,0.13787296091785473,0.7483308076117683,0.97872422485459,0.9463504611330696,0.7272727272727273,0.30133706380983744,0.749012590724172
r5_final_inverse_map_complete_2026-08-31,breast_cancer,lgbm,1,HuberRidgeAIME,1e-06,1.0,0.1,0.5,17,15,30,45,1.2175564580829814,0.9824561403508771,0.09182513619984772,X ~= Y A^T,SVD normal-system solve,1.6765277866308306,1.6765277691567066,38.715976603404265,38.71597760340427,64.90841056215638,64.90841156215637,38.71597760340427,6.490841156215637e-11,5.731403297471868,9,True,0.8788525663001809,0.23529411764705882,rms,6.708203932499369,0.8004754823088666,0.8946929542076805,0.28713204793926317,0.5394419232344044,0.991916415777175,0.9650856389986824,0.6666666666666666,0.3503241192848623,0.26666666666666666,0.017560805075650297,0.0,0.9429886352963273,0.2759146404846371,0.9527977836171814,0.979301624818843,0.9515151515151514,0.7016317016317016,0.2244107512582158,0.7582609692157554
r5_final_inverse_map_complete_2026-08-31,breast_cancer,lgbm,1,HuberRidgeAIME,1e-06,2.0,0.1,0.5,17,15,30,45,1.2175564580829814,0.9824561403508771,0.09182513619984772,X ~= Y A^T,SVD normal-system solve,1.5952453145138608,1.5952453006265792,42.86262246420604,42.86262346420604,68.37639765380123,68.37639865380123,42.86262346420603,6.837639865380122e-11,6.109643272259356,7,True,0.9445698608638313,0.1092436974789916,rms,13.416407864998739,0.8017434897309562,0.8954013009433012,0.28600281678333106,0.5377239380898196,0.9897334819934901,0.965349143610013,0.6666666666666666,0.3575365424763302,0.26666666666666666,0.019960451142934328,0.0,0.8383057364957816,0.5384756321029361,0.9943738700514881,0.9740414787949339,0.9493280632411066,0.7016317016317016,0.20282747392445494,0.7860158535466351
r5_final_inverse_map_complete_2026-08-31,breast_cancer,lgbm,1,RidgeAIME,1e-05,1.0,0.1,0.5,17,15,30,45,1.2175564580829814,0.9824561403508771,0.09182513619984772,X ~= Y A^T,SVD normal-system solve,1.6186375098291643,1.6186373722959746,44.98095139632049,44.980961396320495,72.80785515788688,72.80786515788688,44.98096139632048,7.280786515788688e-11,7.071141599441177,1,True,1.0,0.0,rms,6.708203932499369,0.8576172766629443,0.9260762801535003,0.23624410093959525,0.5036518389470678,0.9348504754753943,0.8096179183135704,0.42857142857142855,0.3712904465837076,0.26666666666666666,0.018638266161386016,0.0,0.1092436974789916,1.0,1.0,0.9451846152661492,0.857022397891963,0.5743589743589743,0.20914956348427619,0.8494895340676621
r5_final_inverse_map_complete_2026-08-31,breast_cancer,lgbm,1,HuberRidgeAIME,1e-05,0.5,0.1,0.5,17,15,30,45,1.2175564580829814,0.9824561403508771,0.09182513619984772,X ~= Y A^T,SVD normal-system solve,2.001414564653537,2.001414191538741,26.839305257163954,26.839315257163953,53.71657644687018,53.71658644687018,26.839315257163953,5.371658644687019e-11,5.610640458923737,16,True,0.6816421423566618,0.7647058823529411,rms,3.3541019662496847,0.8062248719942995,0.897900257263745,0.28201189655269976,0.5346885417217132,0.9856385633159177,0.9638998682476942,0.6666666666666666,0.3469782938440794,0.26666666666666666,0.016191828071386104,0.0,0.9429886352963275,0.13787296098564925,0.7483308155436726,0.9787242255083843,0.9463504611330696,0.7272727272727273,0.30133697493570966,0.7490124391350329
r5_final_inverse_map_complete_2026-08-31,breast_cancer,lgbm,1,HuberRidgeAIME,1e-05,1.0,0.1,0.5,17,15,30,45,1.2175564580829814,0.9824561403508771,0.09182513619984772,X ~= Y A^T,SVD normal-system solve,1.6765277970416026,1.6765276223004013,38.71597637356458,38.71598637356458,64.90841057988696,64.90842057988696,38.71598637356458,6.490842057988696e-11,5.731402044072464,9,True,0.8788525645209576,0.23529411764705882,rms,6.708203932499369,0.8004754910648505,0.8946929591009702,0.28713204014157223,0.539441921166133,0.9919164144657976,0.9650856389986824,0.6666666666666666,0.35032411894961296,0.26666666666666666,0.017560805627086597,0.0,0.9429886352963273,0.2759146404905849,0.9527977816190221,0.9793016245885326,0.9515151515151514,0.7016317016317016,0.22441071321596742,0.7582608742399745
r5_final_inverse_map_complete_2026-08-31,breast_cancer,lgbm,1,HuberRidgeAIME,1e-05,2.0,0.1,0.5,17,15,30,45,1.2175564580829814,0.9824561403508771,0.09182513619984772,X ~= Y A^T,SVD normal-system solve,1.595245315982506,1.5952451771097205,42.86262242182416,42.862632421824166,68.37639764914174,68.37640764914174,42.86263242182417,6.837640764914172e-11,6.109642087759805,7,True,0.9445698604683503,0.1092436974789916,rms,13.416407864998739,0.8017434904338312,0.8954013013357928,0.28600281615738177,0.5377239370426997,0.9897334815187291,0.965349143610013,0.6666666666666666,0.35753654179091804,0.26666666666666666,0.019960451531480718,0.0,0.8383057364957816,0.5384756314948104,0.9943738696820863,0.974041478770331,0.9493280632411066,0.7016317016317016,0.20282744029784452,0.7860157693483201
r5_final_inverse_map_complete_2026-08-31,breast_cancer,lgbm,1,RidgeAIME,0.0001,1.0,0.1,0.5,17,15,30,45,1.2175564580829814,0.9824561403508771,0.09182513619984772,X ~= Y A^T,SVD normal-system solve,1.6186375098291643,1.6186361345000189,44.98095139632049,44.981051396320495,72.80785515788688,72.80795515788688,44.98105139632049,7.280795515788688e-11,7.0711285856090536,1,True,1.0,0.0,rms,6.708203932499369,0.8576169959368068,0.9260761285859855,0.23624435094183904,0.5036518322776685,0.9348504635894116,0.8096179183135704,0.42857142857142855,0.3712904350892185,0.26666666666666666,0.01863826876775159,0.0,0.1092436974789916,1.0,1.0,0.9451846166777053,0.857022397891963,0.5743589743589743,0.209149231372731,0.8494887347850286
r5_final_inverse_map_complete_2026-08-31,breast_cancer,lgbm,1,HuberRidgeAIME,0.0001,0.5,0.1,0.5,17,15,30,45,1.2175564580829814,0.9824561403508771,0.09182513619984772,X ~= Y A^T,SVD normal-system solve,2.0014138269957833,2.001410095864366,26.83931450827944,26.83941450827944,53.71657516395901,53.71667516395902,26.83941450827944,5.3716675163959026e-11,5.61062087524705,16,True,0.6816422130836112,0.7647058823529411,rms,3.3541019662496847,0.8062250678274147,0.8979003663143337,0.28201172215241543,0.5346884553597412,0.985638452969408,0.9638998682476942,0.6666666666666666,0.34697829396904656,0.26666666666666666,0.01619183699983506,0.0,0.9429886352963275,0.13787296166355725,0.7483308948615423,0.9787242320462195,0.9463504611330696,0.7272727272727273,0.3013360861988314,0.7490109232479205
r5_final_inverse_map_complete_2026-08-31,breast_cancer,lgbm,1,HuberRidgeAIME,0.0001,1.0,0.1,0.5,17,15,30,45,1.2175564580829814,0.9824561403508771,0.09182513619984772,X ~= Y A^T,SVD normal-system solve,1.6765279011490999,1.6765261537407758,38.71597407517279,38.71607407517279,64.9084107571924,64.9085107571924,38.7160740751728,6.49085107571924e-11,5.731389510110369,9,True,0.8788525467287605,0.23529411764705882,rms,6.708203932499369,0.8004755786258939,0.8946930080345402,0.2871319621635916,0.5394419004833625,0.9919164013520374,0.9650856389986824,0.6666666666666666,0.3503241155971235,0.26666666666666666,0.017560811141436428,0.0,0.9429886352963273,0.2759146405500373,0.9527977616374717,0.9793016222854034,0.9515151515151514,0.7016317016317016,0.22441033279418818,0.7582599244834429
r5_final_inverse_map_complete_2026-08-31,breast_cancer,lgbm,1,HuberRidgeAIME,0.0001,2.0,0.1,0.5,17,15,30,45,1.2175564580829814,0.9824561403508771,0.09182513619984772,X ~= Y A^T,SVD normal-system solve,1.5952453306689254,1.595243941943938,42.86262199800628,42.862721998006286,68.37639760254669,68.37649760254669,42.86272199800629,6.837649760254669e-11,6.109630242790581,7,True,0.9445698565135472,0.1092436974789916,rms,13.416407864998739,0.8017434974638165,0.8954013052613987,0.28600280989678895,0.5377239265714739,0.989733476771125,0.965349143610013,0.6666666666666666,0.3575365349368069,0.26666666666666666,0.019960455416937313,0.0,0.8383057364957816,0.5384756254135555,0.9943738659880745,0.9740414785242801,0.9493280632411066,0.7016317016317016,0.2028271040323607,0.786014927366141
r5_final_inverse_map_complete_2026-08-31,breast_cancer,lgbm,1,RidgeAIME,0.001,1.0,0.1,0.5,17,15,30,45,1.2175564580829814,0.9824561403508771,0.09182513619984772,X ~= Y A^T,SVD normal-system solve,1.6186375098291643,1.6186237568128852,44.98095139632049,44.98195139632049,72.80785515788688,72.80885515788688,44.98195139632049,7.28088551578869e-11,7.0709984500354555,1,True,1.0,0.0,rms,6.708203932499369,0.8576141888824114,0.9260746130212248,0.2362468507799509,0.5036517655810645,0.9348503447311114,0.8096179183135704,0.42857142857142855,0.37129032014622226,0.26666666666666666,0.018638294830977967,0.0,0.1092436974789916,1.0,1.0,0.9451846307919581,0.857022397891963,0.5743589743589743,0.20914591031640473,0.8494807420465428
r5_final_inverse_map_complete_2026-08-31,breast_cancer,lgbm,1,HuberRidgeAIME,0.001,0.5,0.1,0.5,17,15,30,45,1.2175564580829814,0.9824561403508771,0.09182513619984772,X ~= Y A^T,SVD normal-system solve,2.0014064512682213,2.0013691416085364,26.83940700799381,26.84040700799381,53.71656233401232,53.71756233401232,26.840407007993814,5.371756233401231e-11,5.610425047762881,16,True,0.6816429202480246,0.7647058823529411,rms,3.3541019662496847,0.80622702640273,0.8979014569554556,0.28200997793213023,0.534687591734973,0.985637349521219,0.9638998682476942,0.6666666666666666,0.3469782952188883,0.26666666666666666,0.016191926281206158,0.0,0.9429886352963275,0.13787296843892222,0.7483316879227259,0.9787242974138058,0.9463504611330696,0.7272727272727273,0.30132719926989393,0.7489957648043366
r5_final_inverse_map_complete_2026-08-31,breast_cancer,lgbm,1,HuberRidgeAIME,0.001,1.0,0.1,0.5,17,15,30,45,1.2175564580829814,0.9824561403508771,0.09182513619984772,X ~= Y A^T,SVD normal-system solve,1.6765289422008554,1.6765114684865496,38.715951091768176,38.716951091768166,64.90841253018215,64.90941253018217,38.71695109176817,6.490941253018215e-11,5.731264173686216,9,True,0.8788523688105044,0.23529411764705882,rms,6.708203932499369,0.8004764543566487,0.894693497437334,0.2871311822766325,0.5394416936500863,0.9919162702159904,0.9650856389986824,0.6666666666666666,0.3503240820726038,0.26666666666666666,0.017560866283617704,0.0,0.9429886352963273,0.27591464114197667,0.9527975618264559,0.9793015992515297,0.9515151515151514,0.7016317016317016,0.22440652864666918,0.7582504270461312
r5_final_inverse_map_complete_2026-08-31,breast_cancer,lgbm,1,HuberRidgeAIME,0.001,2.0,0.1,0.5,17,15,30,45,1.2175564580829814,0.9824561403508771,0.09182513619984772,X ~= Y A^T,SVD normal-system solve,1.5952454775298246,1.5952315905667405,42.86261775991574,42.863617759915726,68.37639713659513,68.37739713659515,42.86361775991573,6.837739713659513e-11,6.109511795722823,7,True,0.9445698169662496,0.1092436974789916,rms,13.416407864998739,0.8017435678871957,0.8954013445864349,0.2860027471808516,0.5377238218566016,0.9897334292957554,0.965349143610013,0.6666666666666666,0.3575364663969629,0.26666666666666666,0.01996049427077194,0.0,0.8383057364957816,0.5384755646014432,0.9943738290487261,0.9740414760614062,0.9493280632411066,0.7016317016317016,0.20282374143960227,0.7860065076411284
r5_final_inverse_map_complete_2026-08-31,breast_cancer,lgbm,1,RidgeAIME,0.01,1.0,0.1,0.5,17,15,30,45,1.2175564580829814,0.9824561403508771,0.09182513619984772,X ~= Y A^T,SVD normal-system solve,1.6186375098291643,1.618500007177936,44.98095139632049,44.99095139632049,72.80785515788688,72.81785515788688,44.99095139632049,7.281785515788688e-11,7.069697369004283,1,True,1.0,0.0,rms,6.708203932499369,0.8575861390288438,0.9260594684083976,0.2362718307351278,0.5036510983539076,0.9348491563010051,0.8096179183135704,0.42857142857142855,0.3712891709056768,0.26666666666666666,0.018638555420309823,0.0,0.1092436974789916,1.0,1.0,0.9451847718038945,0.857022397891963,0.5743589743589743,0.20911270566465803,0.849400823445482
r5_final_inverse_map_complete_2026-08-31,breast_cancer,lgbm,1,HuberRidgeAIME,0.01,0.5,0.1,0.5,17,15,30,45,1.2175564580829814,0.9824561403508771,0.09182513619984772,X ~= Y A^T,SVD normal-system solve,2.001332778924614,2.000959847662025,26.84033086189489,26.850330861894893,53.71643395109218,53.726433951092176,26.85033086189489,5.3726433951092185e-11,5.608467700654101,16,True,0.6816499813912812,0.7647058823529411,rms,3.3541019662496847,0.8062466365456283,0.8979123768751761,0.28199251400885406,0.5346789549839461,0.9856263167312478,0.9638998682476942,0.6666666666666666,0.3469783077339655,0.26666666666666666,0.01619281878325075,0.0,0.9429886352963275,0.13787303582136914,0.7483396067913648,0.9787249500146885,0.9463504611330696,0.7272727272727273,0.30123837393667297,0.7488442231012113
r5_final_inverse_map_complete_2026-08-31,breast_cancer,lgbm,1,HuberRidgeAIME,0.01,1.0,0.1,0.5,17,15,30,45,1.2175564580829814,0.9824561403508771,0.09182513619984772,X ~= Y A^T,SVD normal-system solve,1.6765393503977433,1.676364650139742,38.715721309031906,38.725721309031904,64.90843025362442,64.91843025362442,38.7257213090319,6.491843025362444e-11,5.730011129036877,9,True,0.8788505899992851,0.23529411764705882,rms,6.708203932499369,0.8004852236895963,0.8946983981709122,0.2871233726977541,0.5394396247603582,0.9919149590111215,0.9650856389986824,0.6666666666666666,0.3503237468650181,0.26666666666666666,0.01756141757374766,0.0,0.9429886352963273,0.27591464680299593,0.9527955641648675,0.9793013686547273,0.9515151515151514,0.7016317016317016,0.2243684941976496,0.7581554654708125
r5_final_inverse_map_complete_2026-08-31,breast_cancer,lgbm,1,HuberRidgeAIME,0.01,2.0,0.1,0.5,17,15,30,45,1.2175564580829814,0.9824561403508771,0.09182513619984772,X ~= Y A^T,SVD normal-system solve,1.5952469458094756,1.5951081048510252,42.862575387833104,42.8725753878331,68.37639247696916,68.38639247696916,42.872575387833095,6.838639247696916e-11,6.108327587430991,7,True,0.9445694215665154,0.1092436974789916,rms,13.416407864998739,0.8017442844683389,0.8954017447315696,0.28600210902547607,0.5377227744465288,0.9897329546090946,0.965349143610013,0.6666666666666666,0.3575357811251042,0.26666666666666666,0.019960882735999507,0.0,0.8383057364957816,0.5384749565238127,0.9943734597321299,0.9740414511963525,0.9493280632411066,0.7016317016317016,0.20279012171877264,0.7859223200671968
r5_final_inverse_map_complete_2026-08-31,breast_cancer,lgbm,1,RidgeAIME,0.1,1.0,0.1,0.5,17,15,30,45,1.2175564580829814,0.9824561403508771,0.09182513619984772,X ~= Y A^T,SVD normal-system solve,1.6186375098291643,1.617265228431661,44.98095139632049,45.08095139632049,72.80785515788688,72.90785515788687,45.08095139632049,7.290785515788686e-11,7.056713969307297,1,True,1.0,0.0,rms,6.708203932499369,0.8573077020911662,0.9259091219397108,0.23651979431918135,0.5036444000757215,0.9348372872719255,0.8096179183135704,0.42857142857142855,0.3712776974115114,0.26666666666666666,0.018641157027334165,0.0,0.1092436974789916,1.0,1.0,0.9451861689001305,0.8571805006587615,0.5743589743589743,0.2087812492190499,0.8486025144769275
r5_final_inverse_map_complete_2026-08-31,breast_cancer,lgbm,1,HuberRidgeAIME,0.1,0.5,0.1,0.5,17,15,30,45,1.2175564580829814,0.9824561403508771,0.09182513619984772,X ~= Y A^T,SVD normal-system solve,2.000604483940067,1.9968915908544296,26.84945587877505,26.94945587877505,53.715141822428365,53.81514182242837,26.94945587877505,5.381514182242838e-11,5.588986469200672,15,True,0.6817195499451458,0.7647058823529411,rms,3.3541019662496847,0.8064451507618465,0.8980229121586188,0.28181572605482164,0.5345925386146685,0.9855161591687018,0.9638998682476942,0.6666666666666666,0.34697843418232827,0.26666666666666666,0.01620171281672202,0.0,0.9429886352963275,0.13787367283032978,0.7484176292139441,0.9787312681372127,0.9463504611330696,0.7272727272727273,0.3003544881197319,0.747333058200876
r5_final_inverse_map_complete_2026-08-31,breast_cancer,lgbm,1,HuberRidgeAIME,0.1,1.0,0.1,0.5,17,15,30,45,1.2175564580829814,0.9824561403508771,0.09182513619984772,X ~= Y A^T,SVD normal-system solve,1.6766432009075127,1.6748998784922196,38.713428598867836,38.813428598867844,64.90860684411021,65.00860684411019,38.813428598867844,6.500860684411021e-11,5.7175125573575984,9,True,0.8788328389215542,0.23529411764705882,rms,6.708203932499369,0.8005741129640591,0.894748072344422,0.2870442118534223,0.5394188804763783,0.9919018625294137,0.9650856389986824,0.6666666666666666,0.3503203985615855,0.26666666666666666,0.017566917324884156,0.0,0.9429886352963273,0.2759146776952829,0.9527756322794931,0.9792990369999822,0.9515151515151514,0.7016317016317016,0.2239888510636375,0.7572071271196472
r5_final_inverse_map_complete_2026-08-31,breast_cancer,lgbm,1,HuberRidgeAIME,0.1,2.0,0.1,0.5,17,15,30,45,1.2175564580829814,0.9824561403508771,0.09182513619984772,X ~= Y A^T,SVD normal-system solve,1.5952615957347607,1.5938760469192674,42.86215254765866,42.96215254765865,68.3763458698047,68.4763458698047,42.962152547658654,6.847634586980468e-11,6.096511683349854,7,True,0.9445654748807019,0.1092436974789916,rms,13.416407864998739,0.8017526795921504,0.8954064326283067,0.28599463270065284,0.5377122743352872,0.9897282144389132,0.965349143610013,0.6666666666666666,0.3575289410432482,0.26666666666666666,0.019964760090824506,0.0,0.8383057364957816,0.5384688800974042,0.9943697742409177,0.9740411789987327,0.9494071146245059,0.7016317016317016,0.20245454401609064,0.785081410419715
r5_final_inverse_map_complete_2026-08-31,breast_cancer,lgbm,1,RidgeAIME,1.0,1.0,0.1,0.5,17,15,30,45,1.2175564580829814,0.9824561403508771,0.09182513619984772,X ~= Y A^T,SVD normal-system solve,1.6186375098291643,1.6051832969204973,44.98095139632049,45.98095139632049,72.80785515788688,73.80785515788688,45.980951396320485,7.380785515788687e-11,6.929562467585162,1,True,1.0,0.0,rms,6.708203932499369,0.854722271677576,0.9245119099706482,0.2388222639448787,0.5035749190388922,0.9347201066312737,0.8088274044795783,0.42857142857142855,0.371164823659769,0.26666666666666666,0.018666751261791487,0.0,0.1092436974789916,1.0,1.0,0.9451988729137192,0.8568906455862978,0.5743589743589743,0.20552463194081902,0.8407058141338624
r5_final_inverse_map_complete_2026-08-31,breast_cancer,lgbm,1,HuberRidgeAIME,1.0,0.5,0.1,0.5,17,15,30,45,1.2175564580829814,0.9824561403508771,0.09182513619984772,X ~= Y A^T,SVD normal-system solve,1.9941036043806946,1.9585110660072973,26.930112596962356,27.930112596962353,53.70143459598058,54.70143459598058,27.930112596962353,5.4701434595980584e-11,5.402895109214116,15,True,0.6823177774765323,0.7647058823529411,rms,3.3541019662496847,0.8086474731619587,0.8992482822680057,0.2798544354296334,0.5337248238091665,0.9844325253015188,0.9611330698287219,0.5384615384615384,0.34697953064346415,0.26666666666666666,0.016292504873627867,0.0,0.9429886352963275,0.13787664911077013,0.749088859257239,0.9787847482020433,0.9475362318840578,0.7016317016317016,0.2919260297477237,0.7326265363099357
r5_final_inverse_map_complete_2026-08-31,breast_cancer,lgbm,1,HuberRidgeAIME,1.0,1.0,0.1,0.5,17,15,30,45,1.2175564580829814,0.9824561403508771,0.09182513619984772,X ~= Y A^T,SVD normal-system solve,1.6776591494976747,1.66058577891302,38.6909998607278,39.6909998607278,64.91030991956325,65.91030991956325,39.69099986072781,6.591030991956323e-11,5.595632106962886,9,True,0.8786589353907055,0.23529411764705882,rms,6.708203932499369,0.8015762599058162,0.8953079134609591,0.2861517442465774,0.5392061990947736,0.9917724600799063,0.9650856389986824,0.6666666666666666,0.3502873031054452,0.26666666666666666,0.0176176156079781,0.0,0.9429886352963273,0.27591253026160534,0.9525806643216329,0.9792732668096576,0.951357048748353,0.7016317016317016,0.2202613143495782,0.7478491534309195
r5_final_inverse_map_complete_2026-08-31,breast_cancer,lgbm,1,HuberRidgeAIME,1.0,2.0,0.1,0.5,17,15,30,45,1.2175564580829814,0.9824561403508771,0.09182513619984772,X ~= Y A^T,SVD normal-system solve,1.595404870457496,1.5818291322438742,42.85801059864814,43.85801059864814,68.37587884720223,69.37587884720223,43.85801059864814,6.937587884720224e-11,5.980912128655183,7,True,0.9445267267933686,0.1092436974789916,rms,13.416407864998739,0.8019543164360077,0.8955190207002907,0.28581506387297806,0.537604793259573,0.9896814750139306,0.965349143610013,0.6666666666666666,0.3574617826916888,0.26666666666666666,0.020002818014675777,0.0,0.8383057364957816,0.5384085512515656,0.9943336728503821,0.974036184452558,0.9502766798418971,0.7016317016317016,0.1991595695969556,0.7767674218201479
r5_final_inverse_map_complete_2026-08-31,breast_cancer,svm,1,RidgeAIME,0.0,1.0,0.1,0.5,17,15,30,45,0.0059452500427141786,0.9766081871345029,0.10662104861229722,X ~= Y A^T,SVD normal-system solve,1.783008829233229,1.783008829233229,40.159421373689064,40.159421373689064,71.60460288618525,71.60460288618525,40.15942137368906,7.160460288618526e-11,6.036086660943853,1,True,1.0,0.0,rms,6.708203932499369,0.7638529521447877,0.8739868146286806,0.18256996373596346,0.4552330001733202,0.8605942543206072,0.6578392621870882,0.3333333333333333,0.3606089326608823,0.26666666666666666,0.03296132023947914,0.0,0.12605042016806722,1.0,1.0,0.922888453494051,0.8486429512516468,0.4397435897435897,0.25115349375178575,0.7807554663751783
r5_final_inverse_map_complete_2026-08-31,breast_cancer,svm,1,HuberRidgeAIME,0.0,0.5,0.1,0.5,17,15,30,45,0.0059452500427141786,0.9766081871345029,0.10662104861229722,X ~= Y A^T,SVD normal-system solve,2.2088136649346057,2.2088136649346057,24.531759204820936,24.531759204820936,54.18608495649379,54.18608495649379,24.531759204820933,5.418608495649379e-11,6.387509991788027,17,True,0.6983181152537876,0.7058823529411765,rms,3.3541019662496847,0.6483594811269521,0.805207725451608,0.3061642130444008,0.5645686057832159,0.9931199930647747,0.9665349143610011,0.6666666666666666,0.38625864128722526,0.3333333333333333,0.01069469436281208,0.0,0.9211884411884411,0.16572831559613677,0.7751339517428719,0.9938367425997552,0.969064558629776,0.641025641025641,0.3441590804237355,0.8053315924969783
r5_final_inverse_map_complete_2026-08-31,breast_cancer,svm,1,HuberRidgeAIME,0.0,1.0,0.1,0.5,17,15,30,45,0.0059452500427141786,0.9766081871345029,0.10662104861229722,X ~= Y A^T,SVD normal-system solve,1.7821146941610317,1.7821146941610317,35.450042161736434,35.450042161736434,63.176041045058604,63.176041045058604,35.45004216173644,6.31760410450586e-11,6.47404671269902,10,True,0.8786081704586526,0.2689075630252101,rms,6.708203932499369,0.6548029022883414,0.8091989262773038,0.2992688466275665,0.558852916695276,0.9967051456404681,0.9607378129117258,0.6666666666666666,0.3870145509437154,0.3333333333333333,0.012092580208540517,0.0,0.92404884004884,0.3317187999069842,0.9574864450574508,0.9915105850859719,0.9564690382081686,0.576090576090576,0.25093565112528204,0.8111758286770315
r5_final_inverse_map_complete_2026-08-31,breast_cancer,svm,1,HuberRidgeAIME,0.0,2.0,0.1,0.5,17,15,30,45,0.0059452500427141786,0.9766081871345029,0.10662104861229722,X ~= Y A^T,SVD normal-system solve,1.767134626129353,1.767134626129353,38.14224455389339,38.14224455389339,67.40248106947875,67.40248106947875,38.1422445538934,6.740248106947874e-11,6.5151805054078205,6,True,0.9462489734761765,0.09243697478991597,rms,13.416407864998739,0.6676982738336646,0.8171280645245669,0.2854689863267925,0.5472110984662784,0.9922067509261735,0.9318840579710144,0.6666666666666666,0.3840058694501346,0.3333333333333333,0.017684644708714628,0.0,0.7669467787114845,0.5735751895776668,1.0,0.9838543152227379,0.9318577075098814,0.5944055944055944,0.24726963674950464,0.81392645249935
r5_final_inverse_map_complete_2026-08-31,breast_cancer,svm,1,RidgeAIME,1e-06,1.0,0.1,0.5,17,15,30,45,0.0059452500427141786,0.9766081871345029,0.10662104861229722,X ~= Y A^T,SVD normal-system solve,1.783008829233229,1.7830088097357168,40.159421373689064,40.15942237368906,71.60460288618525,71.60460388618525,40.159422373689054,7.160460388618526e-11,6.036086524532227,1,True,1.0,0.0,rms,6.708203932499369,0.7638529503119198,0.8739868135801133,0.1825699656973897,0.45523299981756693,0.8605942537287563,0.6578392621870882,0.3333333333333333,0.3606089328433028,0.26666666666666666,0.03296132034064755,0.0,0.12605042016806722,1.0,1.0,0.9228884527852224,0.8486429512516468,0.4397435897435897,0.25115348900269996,0.7807554565604059
r5_final_inverse_map_complete_2026-08-31,breast_cancer,svm,1,HuberRidgeAIME,1e-06,0.5,0.1,0.5,17,15,30,45,0.0059452500427141786,0.9766081871345029,0.10662104861229722,X ~= Y A^T,SVD normal-system solve,2.208813665758334,2.208813616482878,24.53175919948507,24.53176019948507,54.18608496491535,54.18608596491535,24.531760199485078,5.418608596491534e-11,6.387509695998581,17,True,0.6983181153926803,0.7058823529411765,rms,3.3541019662496847,0.6483594809058246,0.8052077253142972,0.30616421328103827,0.5645686052797627,0.9931199924743526,0.9665349143610011,0.6666666666666666,0.3862586407782376,0.3333333333333333,0.01069469448078833,0.0,0.9211884411884411,0.16572831561682294,0.7751339518988135,0.9938367423898361,0.969064558629776,0.641025641025641,0.3441590708972107,0.8053315723858978
r5_final_inverse_map_complete_2026-08-31,breast_cancer,svm,1,HuberRidgeAIME,1e-06,1.0,0.1,0.5,17,15,30,45,0.0059452500427141786,0.9766081871345029,0.10662104861229722,X ~= Y A^T,SVD normal-system solve,1.78211469775573,1.782114675693283,35.45004209270754,35.45004309270754,63.176041049473405,63.1760420494734,35.45004309270754,6.31760420494734e-11,6.474046532221126,10,True,0.8786081698854705,0.2689075630252101,rms,6.708203932499369,0.6548029015962372,0.8091989258496561,0.29926884736821524,0.5588529166636481,0.9967051455506234,0.9607378129117258,0.6666666666666666,0.3870145508461381,0.3333333333333333,0.012092580269560647,0.0,0.92404884004884,0.3317187999152164,0.9574864444004111,0.9915105850140934,0.9564690382081686,0.576090576090576,0.25093564662476286,0.8111758165701441
r5_final_inverse_map_complete_2026-08-31,breast_cancer,svm,1,HuberRidgeAIME,1e-06,2.0,0.1,0.5,17,15,30,45,0.0059452500427141786,0.9766081871345029,0.10662104861229722,X ~= Y A^T,SVD normal-system solve,1.7671346260787157,1.7671346059662496,38.14224455506064,38.14224555506064,67.40248106961002,67.40248206961002,38.14224555506064,6.740248206961002e-11,6.51518034525715,6,True,0.9462489734875806,0.09243697478991597,rms,13.416407864998739,0.6676982728356347,0.817128063913873,0.28546898739482496,0.5472110985286383,0.9922067508421255,0.9318840579710144,0.6666666666666666,0.3840058694420963,0.3333333333333333,0.0176846447752139,0.0,0.7669467787114845,0.5735751896681388,1.0,0.9838543150956782,0.9318577075098814,0.5944055944055944,0.24726963179418066,0.8139264418238894
r5_final_inverse_map_complete_2026-08-31,breast_cancer,svm,1,RidgeAIME,1e-05,1.0,0.1,0.5,17,15,30,45,0.0059452500427141786,0.9766081871345029,0.10662104861229722,X ~= Y A^T,SVD normal-system solve,1.783008829233229,1.7830086342581501,40.159421373689064,40.15943137368907,71.60460288618525,71.60461288618525,40.15943137368906,7.160461288618524e-11,6.036085296827869,1,True,1.0,0.0,rms,6.708203932499369,0.7638529338161235,0.8739868041430165,0.18256998335021046,0.455232996615788,0.8605942484020974,0.6578392621870882,0.3333333333333333,0.36060893448508724,0.26666666666666666,0.032961321251163085,0.0,0.12605042016806722,1.0,1.0,0.9228884464057634,0.8486429512516468,0.4397435897435897,0.25115344626093544,0.7807553682274636
r5_final_inverse_map_complete_2026-08-31,breast_cancer,svm,1,HuberRidgeAIME,1e-05,0.5,0.1,0.5,17,15,30,45,0.0059452500427141786,0.9766081871345029,0.10662104861229722,X ~= Y A^T,SVD normal-system solve,2.20881367317197,2.2088131804175886,24.53175915146144,24.53176915146144,54.18608504070963,54.18609504070963,24.531769151461447,5.418609504070963e-11,6.387507033895038,17,True,0.6983181166427042,0.7058823529411765,rms,3.3541019662496847,0.6483594789157314,0.8052077240785334,0.3061642154107177,0.5645686007486793,0.993119987160549,0.9665349143610011,0.6666666666666666,0.3862586361973519,0.3333333333333333,0.010694695542574762,0.0,0.9211884411884411,0.1657283158029985,0.7751339533022771,0.9938367405005654,0.969064558629776,0.641025641025641,0.34415898515852894,0.8053313913862321
r5_final_inverse_map_complete_2026-08-31,breast_cancer,svm,1,HuberRidgeAIME,1e-05,1.0,0.1,0.5,17,15,30,45,0.0059452500427141786,0.9766081871345029,0.10662104861229722,X ~= Y A^T,SVD normal-system solve,1.7821147301080067,1.7821145094835795,35.45004147144769,35.45005147144769,63.17604108920665,63.17605108920665,35.450051471447686,6.317605108920666e-11,6.474044907920497,10,True,0.8786081647268351,0.2689075630252101,rms,6.708203932499369,0.6548028953673215,0.80919892200084,0.2992688540340307,0.5588529163789948,0.9967051447420203,0.9607378129117258,0.6666666666666666,0.3870145499679441,0.3333333333333333,0.012092580818741743,0.0,0.92404884004884,0.3317187999893061,0.9574864384870557,0.9915105843671856,0.9564690382081686,0.576090576090576,0.2509356061200964,0.8111757076081704
r5_final_inverse_map_complete_2026-08-31,breast_cancer,svm,1,HuberRidgeAIME,1e-05,2.0,0.1,0.5,17,15,30,45,0.0059452500427141786,0.9766081871345029,0.10662104861229722,X ~= Y A^T,SVD normal-system solve,1.767134625622973,1.7671344244983582,38.14224456556596,38.14225456556596,67.40248107079128,67.40249107079129,38.14225456556596,6.740249107079128e-11,6.515178903901494,6,True,0.9462489735902168,0.09243697478991597,rms,13.416407864998739,0.6676982638533826,0.8171280584176404,0.28546899700709727,0.5472110990898779,0.9922067500856961,0.9318840579710144,0.6666666666666666,0.38400586936975317,0.3333333333333333,0.017684645373707238,0.0,0.7669467787114845,0.5735751904823861,1.0,0.9838543139521428,0.9318577075098814,0.5944055944055944,0.2472695871962719,0.8139263457447566
r5_final_inverse_map_complete_2026-08-31,breast_cancer,svm,1,RidgeAIME,0.0001,1.0,0.1,0.5,17,15,30,45,0.0059452500427141786,0.9766081871345029,0.10662104861229722,X ~= Y A^T,SVD normal-system solve,1.783008829233229,1.7830068794868115,40.159421373689064,40.15952137368907,71.60460288618525,71.60470288618525,40.15952137368905,7.160470288618524e-11,6.036073019813363,1,True,1.0,0.0,rms,6.708203932499369,0.763852768859656,0.8739867097728982,0.18257015987681935,0.4552329645980011,0.8605941951355781,0.6578392621870882,0.3333333333333333,0.3606089509029083,0.26666666666666666,0.03296133035630229,0.0,0.12605042016806722,1.0,1.0,0.9228883826112572,0.8486429512516468,0.4397435897435897,0.25115301884411323,0.780754484899145
r5_final_inverse_map_complete_2026-08-31,breast_cancer,svm,1,HuberRidgeAIME,0.0001,0.5,0.1,0.5,17,15,30,45,0.0059452500427141786,0.9766081871345029,0.10662104861229722,X ~= Y A^T,SVD normal-system solve,2.2088137473145144,2.2088088197883793,24.53175867114847,24.531858671148477,54.186085798634785,54.18618579863478,24.531858671148473,5.4186185798634775e-11,6.387480413003194,17,True,0.6983181291420795,0.7058823529411765,rms,3.3541019662496847,0.6483594590201437,0.8052077117242132,0.3061642367017935,0.5645685554373658,0.9931199340220283,0.9665349143610011,0.6666666666666666,0.38625859038874544,0.3333333333333333,0.010694706160453005,0.0,0.9211884411884411,0.16572831766469678,0.7751339673359326,0.9938367216078573,0.969064558629776,0.641025641025641,0.3441581277754377,0.8053295813951884
r5_final_inverse_map_complete_2026-08-31,breast_cancer,svm,1,HuberRidgeAIME,0.0001,1.0,0.1,0.5,17,15,30,45,0.0059452500427141786,0.9766081871345029,0.10662104861229722,X ~= Y A^T,SVD normal-system solve,1.7821150536296626,1.7821128473896921,35.45003525887176,35.45013525887176,63.17604148653767,63.176141486537674,35.450135258871754,6.317614148653768e-11,6.4740286649600405,10,True,0.8786081131406654,0.2689075630252101,rms,6.708203932499369,0.6548028330803095,0.8091988835140033,0.2992689206898894,0.5588529135323779,0.9967051366559869,0.9607378129117258,0.6666666666666666,0.38701454118602646,0.3333333333333333,0.01209258631054348,0.0,0.92404884004884,0.33171880073015686,0.9574863793537196,0.9915105778981002,0.9564690382081686,0.576090576090576,0.25093520107399164,0.8111746179900033
r5_final_inverse_map_complete_2026-08-31,breast_cancer,svm,1,HuberRidgeAIME,0.0001,2.0,0.1,0.5,17,15,30,45,0.0059452500427141786,0.9766081871345029,0.10662104861229722,X ~= Y A^T,SVD normal-system solve,1.767134621065555,1.7671326098241704,38.14224467061886,38.14234467061886,67.40248108260374,67.40258108260375,38.14234467061886,6.740258108260375e-11,6.5151644903815304,6,True,0.9462489746165752,0.09243697478991597,rms,13.416407864998739,0.6676981740326733,0.8171280034564189,0.2854690931278827,0.5472111047021999,0.9922067425214111,0.9318840579710144,0.6666666666666666,0.3840058686463251,0.3333333333333333,0.017684651358629278,0.0,0.7669467787114845,0.5735751986248306,1.0,0.9838543025167894,0.9318577075098814,0.5944055944055944,0.24726914121809393,0.8139253849546999
r5_final_inverse_map_complete_2026-08-31,breast_cancer,svm,1,RidgeAIME,0.001,1.0,0.1,0.5,17,15,30,45,0.0059452500427141786,0.9766081871345029,0.10662104861229722,X ~= Y A^T,SVD normal-system solve,1.783008829233229,1.7829893322059955,40.159421373689064,40.16042137368906,71.60460288618525,71.60560288618525,40.16042137368905,7.160560288618526e-11,6.035950252575328,1,True,1.0,0.0,rms,6.708203932499369,0.7638511194444051,0.8739857661566377,0.1825719249830019,0.45523264442034633,0.8605936624771139,0.6578392621870882,0.3333333333333333,0.3606091150787186,0.26666666666666666,0.03296142140607829,0.0,0.12605042016806722,1.0,1.0,0.9228877446743617,0.8486429512516468,0.4397435897435897,0.25114874475811966,0.7807456517263063
r5_final_inverse_map_complete_2026-08-31,breast_cancer,svm,1,HuberRidgeAIME,0.001,0.5,0.1,0.5,17,15,30,45,0.0059452500427141786,0.9766081871345029,0.10662104861229722,X ~= Y A^T,SVD normal-system solve,2.2088144893593316,2.2087652158657707,24.53175386034354,24.53275386034354,54.18609337612352,54.18709337612352,24.532753860343536,5.4187093376123527e-11,6.387214218442939,17,True,0.6983182540493129,0.7058823529411765,rms,3.3541019662496847,0.6483592605985682,0.8052075885127811,0.3061644490407721,0.5645681022761144,0.9931194025882814,0.9665349143610011,0.6666666666666666,0.386258132327677,0.3333333333333333,0.010694812340627576,0.0,0.9211884411884411,0.1657283362759768,0.7751341075743132,0.993836532680817,0.969064558629776,0.641025641025641,0.34414955431732425,0.8053114820461262
r5_final_inverse_map_complete_2026-08-31,breast_cancer,svm,1,HuberRidgeAIME,0.001,1.0,0.1,0.5,17,15,30,45,0.0059452500427141786,0.9766081871345029,0.10662104861229722,X ~= Y A^T,SVD normal-system solve,1.7821182887357547,1.7820962267662357,35.44997313536014,35.45097313536014,63.17604545971649,63.17704545971649,35.45097313536013,6.31770454597165e-11,6.473866239938388,10,True,0.878607597297352,0.2689075630252101,rms,6.708203932499369,0.6548022104248343,0.8091984987781641,0.2992695870187767,0.5588528850577796,0.9967050557952462,0.9607378129117258,0.6666666666666666,0.3870144533691442,0.3333333333333333,0.012092641227641957,0.0,0.92404884004884,0.3317188081340369,0.9574857880420609,0.9915105132062715,0.9564690382081686,0.576090576090576,0.2509311506690335,0.8111637219654143
r5_final_inverse_map_complete_2026-08-31,breast_cancer,svm,1,HuberRidgeAIME,0.001,2.0,0.1,0.5,17,15,30,45,0.0059452500427141786,0.9766081871345029,0.10662104861229722,X ~= Y A^T,SVD normal-system solve,1.7671345754924979,1.7671144635549587,38.1422457211165,38.1432457211165,67.40248120071575,67.40348120071576,38.14324572111649,6.740348120071577e-11,6.515020358839975,6,True,0.9462489848797775,0.09243697478991597,rms,13.416407864998739,0.6676972760065398,0.8171274539547303,0.28547005414208415,0.5472111608181631,0.9922066668796622,0.9318840579710144,0.6666666666666666,0.38400586141245063,0.3333333333333333,0.017684711206717524,0.0,0.7669467787114845,0.5735752800462349,1.0,0.9838541881633832,0.9318577075098814,0.5944055944055944,0.2472646815272901,0.8139157771810739
r5_final_inverse_map_complete_2026-08-31,breast_cancer,svm,1,RidgeAIME,0.01,1.0,0.1,0.5,17,15,30,45,0.0059452500427141786,0.9766081871345029,0.10662104861229722,X ~= Y A^T,SVD normal-system solve,1.783008829233229,1.782813902644183,40.159421373689064,40.16942137368906,71.60460288618525,71.61460288618525,40.169421373689055,7.161460288618529e-11,6.03472287082368,1,True,1.0,0.0,rms,6.708203932499369,0.7638346402282588,0.8739763384830614,0.18258956006081917,0.4552294426652415,0.8605883365651394,0.6578392621870882,0.3333333333333333,0.3606107565969025,0.26666666666666666,0.03296233174226586,0.0,0.12605042016806722,1.0,1.0,0.9228813661219256,0.8486429512516468,0.4397435897435897,0.25110601211938355,0.7806573310306305
r5_final_inverse_map_complete_2026-08-31,breast_cancer,svm,1,HuberRidgeAIME,0.01,0.5,0.1,0.5,17,15,30,45,0.0059452500427141786,0.9766081871345029,0.10662104861229722,X ~= Y A^T,SVD normal-system solve,2.2088219716941304,2.2083294134254965,24.531704985394054,24.541704985394052,54.18616897485682,54.196168974856825,24.541704985394052,5.419616897485682e-11,6.3845537077678225,17,True,0.6983194944763199,0.7058823529411765,rms,3.3541019662496847,0.6483573297566754,0.8052063895403931,0.3061665153130225,0.5645635658564683,0.9931140834014965,0.9665349143610011,0.6666666666666666,0.38625355421494334,0.3333333333333333,0.010695874281101234,0.0,0.9211884411884411,0.16572852181898884,0.7751355001480503,0.9938346434147485,0.9689591567852437,0.641025641025641,0.3440638569929472,0.8051305446647651
r5_final_inverse_map_complete_2026-08-31,breast_cancer,svm,1,HuberRidgeAIME,0.01,1.0,0.1,0.5,17,15,30,45,0.0059452500427141786,0.9766081871345029,0.10662104861229722,X ~= Y A^T,SVD normal-system solve,1.7821506287524393,1.7819300520690313,35.44935212495806,35.45935212495806,63.17608517836063,63.18608517836063,35.45935212495806,6.318608517836061e-11,6.472242447884859,10,True,0.8786024407020053,0.2689075630252101,rms,6.708203932499369,0.6547960053232126,0.8091946646655628,0.29927622734978465,0.5588525994693112,0.9967042471472053,0.9607378129117258,0.6666666666666666,0.3870135754298257,0.3333333333333333,0.012093212237566035,0.0,0.92404884004884,0.33171888171035907,0.9574798770950312,0.9915098661907289,0.9564690382081686,0.576090576090576,0.25089065222798174,0.8110547774247328
r5_final_inverse_map_complete_2026-08-31,breast_cancer,svm,1,HuberRidgeAIME,0.01,2.0,0.1,0.5,17,15,30,45,0.0059452500427141786,0.9766081871345029,0.10662104861229722,X ~= Y A^T,SVD normal-system solve,1.7671341198733084,1.766933048116139,38.14225622296927,38.15225622296927,67.40248238055902,67.41248238055903,38.15225622296927,6.741248238055902e-11,6.513579409138157,6,True,0.9462490874735001,0.09243697478991597,rms,13.416407864998739,0.6676883138327374,0.8171219699853489,0.2854796449278967,0.5472117212522611,0.992205910572282,0.9318840579710144,0.6666666666666666,0.3840057891143201,0.3333333333333333,0.017685309574406602,0.0,0.7669467787114845,0.5735760939564335,1.0,0.9838530446423228,0.9318577075098814,0.5944055944055944,0.24722009371469247,0.8138197121368026
r5_final_inverse_map_complete_2026-08-31,breast_cancer,svm,1,RidgeAIME,0.1,1.0,0.1,0.5,17,15,30,45,0.0059452500427141786,0.9766081871345029,0.10662104861229722,X ~= Y A^T,SVD normal-system solve,1.783008829233229,1.7810639209297403,40.159421373689064,40.259421373689065,71.60460288618525,71.70460288618524,40.25942137368905,7.170460288618524e-11,6.02247804485977,1,True,1.0,0.0,rms,6.708203932499369,0.7636713356316973,0.8738829072774552,0.18276431893543577,0.45519742735977375,0.8605351446426109,0.6578392621870882,0.3333333333333333,0.3606271478200321,0.26666666666666666,0.03297141897459079,0.0,0.12605042016806722,1.0,1.0,0.9228176621787506,0.8486429512516468,0.4397435897435897,0.2506795062172623,0.7797752254385617
r5_final_inverse_map_complete_2026-08-31,breast_cancer,svm,1,HuberRidgeAIME,0.1,0.5,0.1,0.5,17,15,30,45,0.0059452500427141786,0.9766081871345029,0.10662104861229722,X ~= Y A^T,SVD normal-system solve,2.2088722407990424,2.2039643377625397,24.53113537100954,24.631135371009538,54.186143956306495,54.2861439563065,24.631135371009538,5.4286143956306495e-11,6.358073069389426,17,True,0.6983245303343056,0.7058823529411765,rms,3.3541019662496847,0.6483429734099232,0.8051974747910746,0.30618187862216906,0.5645179571080893,0.9930604520598177,0.9665349143610011,0.6666666666666666,0.3862078260256459,0.3333333333333333,0.01070650707967187,0.0,0.921188441188441,0.1657303243000164,0.7751410023584818,0.9938157676343533,0.9689591567852437,0.641025641025641,0.3432045629391643,0.8033255146844911
r5_final_inverse_map_complete_2026-08-31,breast_cancer,svm,1,HuberRidgeAIME,0.1,1.0,0.1,0.5,17,15,30,45,0.0059452500427141786,0.9766081871345029,0.10662104861229722,X ~= Y A^T,SVD normal-system solve,1.7824729279195641,1.7802714555950132,35.44316441744306,35.54316441744306,63.176481053894236,63.27648105389424,35.543164417443066,6.327648105389422e-11,6.456050217587095,10,True,0.8785510579181831,0.2689075630252101,rms,6.708203932499369,0.6547360883647668,0.809157641232391,0.2993403469180572,0.5588496595947119,0.9966961566715824,0.9607378129117258,0.6666666666666666,0.3870048189312944,0.3333333333333333,0.012098936523766354,0.0,0.92404884004884,0.33171957143724917,0.9574209838529331,0.9915028384118006,0.9564690382081686,0.576090576090576,0.2504862285327619,0.8099668998329963
r5_final_inverse_map_complete_2026-08-31,breast_cancer,svm,1,HuberRidgeAIME,0.1,2.0,0.1,0.5,17,15,30,45,0.0059452500427141786,0.9766081871345029,0.10662104861229722,X ~= Y A^T,SVD normal-system solve,1.7671295747895455,1.7651236066533382,38.142360930030144,38.24236093003015,67.40249405175354,67.50249405175353,38.24236093003015,6.750249405175353e-11,6.499206388049728,6,True,0.9462501095923934,0.09243697478991597,rms,13.416407864998739,0.6676004924178697,0.8170682299648357,0.2855736261871673,0.5472172532860627,0.9921983584943728,0.9318840579710144,0.6666666666666666,0.38400507018099167,0.3333333333333333,0.017691281953952368,0.0,0.7669467787114845,0.5735842027663213,1.0,0.9838416107585193,0.9318313570487483,0.5944055944055944,0.2467751232127017,0.8128603285916169
r5_final_inverse_map_complete_2026-08-31,breast_cancer,svm,1,RidgeAIME,1.0,1.0,0.1,0.5,17,15,30,45,0.0059452500427141786,0.9766081871345029,0.10662104861229722,X ~= Y A^T,SVD normal-system solve,1.783008829233229,1.7639850236718184,40.159421373689064,41.159421373689064,71.60460288618525,72.60460288618525,41.15942137368906,7.260460288618525e-11,5.902859354849795,1,True,1.0,0.0,rms,6.708203932499369,0.7621811761676793,0.8730298827461058,0.18435899903883934,0.45487759641328734,0.8600098755246302,0.6578392621870882,0.3333333333333333,0.3607886970326178,0.26666666666666666,0.03306070559048801,0.0,0.12605042016806722,1.0,1.0,0.9221887097594019,0.8471146245059288,0.4397435897435897,0.2464948936278312,0.7710624355775701
r5_final_inverse_map_complete_2026-08-31,breast_cancer,svm,1,HuberRidgeAIME,1.0,0.5,0.1,0.5,17,15,30,45,0.0059452500427141786,0.9766081871345029,0.10662104861229722,X ~= Y A^T,SVD normal-system solve,2.209815155513589,2.1624056341145494,24.518400519818424,25.518400519818424,54.18113305764701,55.18113305764701,25.518400519818424,5.518113305764701e-11,6.106613427243464,16,True,0.6982688036509896,0.7142857142857143,rms,3.3541019662496847,0.6486758057449346,0.8054041257312595,0.3058257012363066,0.5640196919497876,0.9924810802235519,0.9670619235836626,0.6666666666666666,0.3857729008208807,0.3333333333333333,0.010813261855635567,0.0,0.921188441188441,0.1657431118404015,0.7750753938159782,0.9936280035873061,0.9698287220026348,0.641025641025641,0.3349371642397217,0.7858004283094661
r5_final_inverse_map_complete_2026-08-31,breast_cancer,svm,1,HuberRidgeAIME,1.0,1.0,0.1,0.5,17,15,30,45,0.0059452500427141786,0.9766081871345029,0.10662104861229722,X ~= Y A^T,SVD normal-system solve,1.7855891553065526,1.7639972209449588,35.383454217233066,36.383454217233066,63.18031212757727,64.18031212757727,36.38345421723307,6.418031212757727e-11,6.298574013858546,9,True,0.8780549548091843,0.2689075630252101,rms,6.708203932499369,0.6543395065561015,0.8089125456785187,0.29976474520221474,0.5588121168850123,0.9966149175839969,0.9604743083003952,0.6666666666666666,0.386919488794233,0.3333333333333333,0.012155825107665844,0.0,0.92404884004884,0.33172206941839744,0.9568529671251631,0.9914334184821415,0.9563636363636363,0.6063936063936064,0.24649789659556282,0.7992422370708521
r5_final_inverse_map_complete_2026-08-31,breast_cancer,svm,1,HuberRidgeAIME,1.0,2.0,0.1,0.5,17,15,30,45,0.0059452500427141786,0.9766081871345029,0.10662104861229722,X ~= Y A^T,SVD normal-system solve,1.7670852056719455,1.7474883990024912,38.14337772529126,39.143377725291266,67.402598472719,68.402598472719,39.14337772529125,6.840259847271902e-11,6.359030785342337,6,True,0.9462599602680497,0.09243697478991597,rms,13.416407864998739,0.6668941853635688,0.8166358952211008,0.2863294740233111,0.5472655827413364,0.9921239222781564,0.931752305665349,0.6666666666666666,0.3839982726103157,0.3333333333333333,0.01774989756768531,0.0,0.7669467787114845,0.5736623514598607,1.0,0.9837274307231813,0.931304347826087,0.5944055944055944,0.24241430128986424,0.8033909274953193
r5_final_inverse_map_complete_2026-08-31,breast_cancer,mlp,1,RidgeAIME,0.0,1.0,0.1,0.5,17,15,30,45,0.023899625055491924,0.9122807017543859,0.26176325396158656,X ~= Y A^T,SVD normal-system solve,3.134834005782425,3.134834005782425,21.00758936181706,21.00758936181706,65.85530551093723,65.85530551093723,21.007589361817065,6.585530551093721e-11,9.700805316501322,1,True,1.0,0.0,rms,6.708203932499369,0.47514127962835406,0.689304924999346,0.450120253419092,0.6729614657649957,0.9869808639153985,0.9488801054018444,0.6666666666666666,0.37803279680664237,0.26666666666666666,0.010434615805903585,0.0,0.09243697478991597,1.0,1.0,0.9708943395416746,0.8798945981554676,0.5267399267399268,0.4962145492237259,0.9868077889049266
r5_final_inverse_map_complete_2026-08-31,breast_cancer,mlp,1,HuberRidgeAIME,0.0,0.5,0.1,0.5,17,15,30,45,0.023899625055491924,0.9122807017543859,0.26176325396158656,X ~= Y A^T,SVD normal-system solve,3.6112051554664335,3.6112051554664335,14.391191568766757,14.391191568766757,51.96954518643558,51.96954518643558,14.391191568766756,5.196954518643559e-11,9.395002776734154,15,True,0.7601779995635678,0.680672268907563,rms,3.3541019662496847,0.4573741774594405,0.6762944458292116,0.4706820737807349,0.6875899698363919,0.9981269480671875,0.9907773386034254,0.6666666666666666,0.382811411622256,0.2,0.009889523520823182,0.0,0.9543335452426362,0.18361988924232023,0.8189015107999912,0.984640713259316,0.911699604743083,0.4791208791208791,0.5576521617461551,0.9728969127941967
r5_final_inverse_map_complete_2026-08-31,breast_cancer,mlp,1,HuberRidgeAIME,0.0,1.0,0.1,0.5,17,15,30,45,0.023899625055491924,0.9122807017543859,0.26176325396158656,X ~= Y A^T,SVD normal-system solve,3.231332722781569,3.231332722781569,18.962029158189853,18.962029158189853,61.272625309197124,61.272625309197124,18.962029158189857,6.127262530919711e-11,9.632726725750407,9,True,0.9202388235543983,0.18487394957983194,rms,6.708203932499369,0.4587669009783729,0.6773233356221923,0.46907027853480954,0.6864177938337735,0.9985230941789184,0.9895915678524374,0.6666666666666666,0.3841644055453358,0.2,0.008917354046213837,0.0,0.9617715617715619,0.3689032350188167,0.9763933742385781,0.9850792514463926,0.9216073781291172,0.501098901098901,0.509381678608293,0.9837492398063469
r5_final_inverse_map_complete_2026-08-31,breast_cancer,mlp,1,HuberRidgeAIME,0.0,2.0,0.1,0.5,17,15,30,45,0.023899625055491924,0.9122807017543859,0.26176325396158656,X ~= Y A^T,SVD normal-system solve,3.1124501333031636,3.1124501333031636,20.622211657742547,20.622211657742547,64.18560542314684,64.18560542314684,20.622211657742543,6.418560542314686e-11,9.867896036549638,6,True,0.9731647129345771,0.06722689075630252,rms,13.416407864998739,0.4647295141725068,0.6817107261680037,0.4621697620511337,0.6818962223160205,0.9959430459120208,0.9822134387351777,0.6666666666666666,0.38125220422872574,0.26666666666666666,0.008946309946589123,0.0,0.7524828113063408,0.7096909853831526,1.0,0.9804820982446509,0.8934650856389986,0.551098901098901,0.4931024020299758,0.9942245653220909
r5_final_inverse_map_complete_2026-08-31,breast_cancer,mlp,1,RidgeAIME,1e-06,1.0,0.1,0.5,17,15,30,45,0.023899625055491924,0.9122807017543859,0.26176325396158656,X ~= Y A^T,SVD normal-system solve,3.134834005782425,3.1348339041603936,21.00758936181706,21.00759036181706,65.85530551093723,65.85530651093723,21.007590361817055,6.585530651093722e-11,9.700804861767239,1,True,1.0,0.0,rms,6.708203932499369,0.4751412784223426,0.6893049241245435,0.4501202548148059,0.6729614656089232,0.9869808635864937,0.9488801054018444,0.6666666666666666,0.3780327967989012,0.26666666666666666,0.010434615860720205,0.0,0.09243697478991597,1.0,1.0,0.9708943390207153,0.8798945981554676,0.5267399267399268,0.4962145351451852,0.9868077685469768
r5_final_inverse_map_complete_2026-08-31,breast_cancer,mlp,1,HuberRidgeAIME,1e-06,0.5,0.1,0.5,17,15,30,45,0.023899625055491924,0.9122807017543859,0.26176325396158656,X ~= Y A^T,SVD normal-system solve,3.6112051449586535,3.611204963513988,14.39119159846251,14.391192598462508,51.96954514245357,51.969546142453574,14.391192598462508,5.1969546142453574e-11,9.395002081648919,15,True,0.7601780002177059,0.680672268907563,rms,3.3541019662496847,0.4573741781376633,0.6762944463306373,0.4706820729958294,0.6875899697858506,0.9981269476959006,0.9907773386034254,0.6666666666666666,0.38281141116792905,0.2,0.009889523612135112,0.0,0.9543335452426362,0.18361988921681094,0.8189015115233524,0.9846407133674566,0.911699604743083,0.4791208791208791,0.5576521386613713,0.9728968806631052
r5_final_inverse_map_complete_2026-08-31,breast_cancer,mlp,1,HuberRidgeAIME,1e-06,1.0,0.1,0.5,17,15,30,45,0.023899625055491924,0.9122807017543859,0.26176325396158656,X ~= Y A^T,SVD normal-system solve,3.2313327328395802,3.231332615165854,18.962029094713966,18.962030094713967,61.27262529480571,61.272626294805704,18.96203009471396,6.127262629480571e-11,9.632726207463481,9,True,0.9202388228370674,0.18487394957983194,rms,6.708203932499369,0.45876690034942375,0.6773233351579021,0.46907027926269074,0.6864177939859185,0.9985230941139046,0.9895915678524374,0.6666666666666666,0.3841644054183462,0.2,0.008917354142247058,0.0,0.9617715617715619,0.3689032350003219,0.9763933734500692,0.9850792513828134,0.9216073781291172,0.501098901098901,0.5093816641446286,0.9837492164392189
r5_final_inverse_map_complete_2026-08-31,breast_cancer,mlp,1,HuberRidgeAIME,1e-06,2.0,0.1,0.5,17,15,30,45,0.023899625055491924,0.9122807017543859,0.26176325396158656,X ~= Y A^T,SVD normal-system solve,3.112450133291878,3.112450030856209,20.622211657716637,20.622212657716638,64.18560542283346,64.18560642283346,20.622212657716638,6.418560642283345e-11,9.867895564901124,6,True,0.9731647129293838,0.06722689075630252,rms,13.416407864998739,0.46472951254072403,0.6817107249711742,0.4621697639395915,0.6818962223752774,0.9959430458045727,0.9822134387351777,0.6666666666666666,0.38125220420347217,0.26666666666666666,0.008946309992332856,0.0,0.7524828113063408,0.709690985326969,1.0,0.9804820980108715,0.8934650856389986,0.551098901098901,0.4931023877350808,0.994224544564439
r5_final_inverse_map_complete_2026-08-31,breast_cancer,mlp,1,RidgeAIME,1e-05,1.0,0.1,0.5,17,15,30,45,0.023899625055491924,0.9122807017543859,0.26176325396158656,X ~= Y A^T,SVD normal-system solve,3.134834005782425,3.134832989562547,21.00758936181706,21.00759936181706,65.85530551093723,65.85531551093723,21.00759936181706,6.585531551093723e-11,9.700800769162381,1,True,1.0,0.0,rms,6.708203932499369,0.4751412675683264,0.6893049162513832,0.4501202673761301,0.6729614642042689,0.986980860626353,0.9488801054018444,0.6666666666666666,0.3780327967292298,0.26666666666666666,0.01043461635406972,0.0,0.09243697478991597,1.0,1.0,0.9708943343320818,0.8798945981554676,0.5267399267399268,0.49621440843835857,0.9868075853254703
r5_final_inverse_map_complete_2026-08-31,breast_cancer,mlp,1,HuberRidgeAIME,1e-05,0.5,0.1,0.5,17,15,30,45,0.023899625055491924,0.9122807017543859,0.26176325396158656,X ~= Y A^T,SVD normal-system solve,3.61120505038934,3.6112032359439064,14.39119186572094,14.391201865720939,51.969544746613444,51.96955474661344,14.391201865720943,5.196955474661343e-11,9.394995825886928,15,True,0.7601780061048814,0.680672268907563,rms,3.3541019662496847,0.45737418424185977,0.6762944508436098,0.4706820659314589,0.687589969330966,0.9981269443543198,0.9907773386034254,0.6666666666666666,0.3828114070789871,0.2,0.009889524433942068,0.0,0.9543335452426362,0.18361988898722642,0.8189015180335313,0.9846407143407158,0.911699604743083,0.4791208791208791,0.5576519308984943,0.9728965914834122
r5_final_inverse_map_complete_2026-08-31,breast_cancer,mlp,1,HuberRidgeAIME,1e-05,1.0,0.1,0.5,17,15,30,45,0.023899625055491924,0.9122807017543859,0.26176325396158656,X ~= Y A^T,SVD normal-system solve,3.2313328233616305,3.2313316466248465,18.96202852343126,18.96203852343126,61.2726251652829,61.27263516528291,18.962038523431257,6.12726351652829e-11,9.632721542883504,9,True,0.9202388163810905,0.18487394957983194,rms,6.708203932499369,0.45876689468899184,0.6773233309793719,0.46907028581349364,0.6864177953552183,0.9985230935287841,0.9895915678524374,0.6666666666666666,0.38416440427543996,0.2,0.008917355006545797,0.0,0.9617715617715619,0.36890323483386783,0.9763933663534928,0.9850792508106011,0.9216073781291172,0.501098901098901,0.5093815339716851,0.9837490061351168
r5_final_inverse_map_complete_2026-08-31,breast_cancer,mlp,1,HuberRidgeAIME,1e-05,2.0,0.1,0.5,17,15,30,45,0.023899625055491924,0.9122807017543859,0.26176325396158656,X ~= Y A^T,SVD normal-system solve,3.1124501331903045,3.112449108834069,20.622211657483444,20.622221657483447,64.18560542001299,64.185615420013,20.622221657483436,6.418561542001301e-11,9.867891320066592,6,True,0.9731647128826426,0.06722689075630252,rms,13.416407864998739,0.4647294978547742,0.68171071419978,0.46216978093560246,0.6818962229085853,0.9959430448375437,0.9822134387351777,0.6666666666666666,0.3812522039761888,0.26666666666666666,0.008946310404026374,0.0,0.7524828113063408,0.7096909848213152,1.0,0.9804820959068576,0.8934650856389986,0.551098901098901,0.49310225908106775,0.9942243577456185
r5_final_inverse_map_complete_2026-08-31,breast_cancer,mlp,1,RidgeAIME,0.0001,1.0,0.1,0.5,17,15,30,45,0.023899625055491924,0.9122807017543859,0.26176325396158656,X ~= Y A^T,SVD normal-system solve,3.134834005782425,3.1348238436271827,21.00758936181706,21.00768936181706,65.85530551093723,65.85540551093723,21.00768936181706,6.585540551093723e-11,9.700759843306724,1,True,1.0,0.0,rms,6.708203932499369,0.47514115903673826,0.6893048375259949,0.45012039297945017,0.6729614501575697,0.986980831024942,0.9488801054018444,0.6666666666666666,0.37803279603251555,0.26666666666666666,0.010434621287558534,0.0,0.09243697478991597,1.0,1.0,0.9708942874457389,0.8798945981554676,0.5267399267399268,0.4962131413740308,0.9868057531147905
r5_final_inverse_map_complete_2026-08-31,breast_cancer,mlp,1,HuberRidgeAIME,0.0001,0.5,0.1,0.5,17,15,30,45,0.023899625055491924,0.9122807017543859,0.26176325396158656,X ~= Y A^T,SVD normal-system solve,3.6112041047615717,3.6111859604306513,14.391194537986953,14.391294537986953,51.9695407880008,51.9696407880008,14.39129453798696,5.19696407880008e-11,9.394933268766682,15,True,0.7601780649700515,0.680672268907563,rms,3.3541019662496847,0.45737424530276377,0.6762944959873353,0.4706819952658362,0.6875899647806666,0.9981269109382783,0.9907773386034254,0.6666666666666666,0.38281136618961364,0.2,0.00988953265197091,0.0,0.9543335452426362,0.18361988669132048,0.8189015831280704,0.9846407240729086,0.911699604743083,0.4791208791208791,0.5576498532868135,0.9728936996989899
r5_final_inverse_map_complete_2026-08-31,breast_cancer,mlp,1,HuberRidgeAIME,0.0001,1.0,0.1,0.5,17,15,30,45,0.023899625055491924,0.9122807017543859,0.26176325396158656,X ~= Y A^T,SVD normal-system solve,3.231333728578364,3.231321961258055,18.962022810628536,18.962122810628536,61.2726238700563,61.272723870056296,18.962122810628532,6.12727238700563e-11,9.632674897325911,9,True,0.9202387518215314,0.18487394957983194,rms,6.708203932499369,0.45876683809556373,0.6773232892021089,0.4690703513089184,0.6864178090478142,0.9985230876775565,0.9895915678524374,0.6666666666666666,0.3841643928464401,0.2,0.008917363649507879,0.0,0.9617715617715619,0.3689032331692052,0.9763932953879719,0.9850792450883837,0.9216073781291172,0.501098901098901,0.509380232245921,0.9837469030994145
r5_final_inverse_map_complete_2026-08-31,breast_cancer,mlp,1,HuberRidgeAIME,0.0001,2.0,0.1,0.5,17,15,30,45,0.023899625055491924,0.9122807017543859,0.26176325396158656,X ~= Y A^T,SVD normal-system solve,3.1124501321746396,3.112439888657001,20.622211655150927,20.622311655150924,64.1856053918079,64.18570539180791,20.622311655150927,6.41857053918079e-11,9.867848871925148,6,True,0.9731647124152204,0.06722689075630252,rms,13.416407864998739,0.46472935100468055,0.6817106064927262,0.4621699508848275,0.6818962282414726,0.9959430351672568,0.9822134387351777,0.6666666666666666,0.38125220170336027,0.26666666666666666,0.008946314520955179,0.0,0.7524828113063408,0.7096909797646563,1.0,0.9804820748667012,0.8934650856389986,0.551098901098901,0.4931009725450269,0.9942224895619661
r5_final_inverse_map_complete_2026-08-31,breast_cancer,mlp,1,RidgeAIME,0.001,1.0,0.1,0.5,17,15,30,45,0.023899625055491924,0.9122807017543859,0.26176325396158656,X ~= Y A^T,SVD normal-system solve,3.134834005782425,3.1347323885834304,21.00758936181706,21.00858936181706,65.85530551093723,65.85630551093723,21.00858936181706,6.585630551093724e-11,9.700350604040027,1,True,1.0,0.0,rms,6.708203932499369,0.4751400745780719,0.6893040508934152,0.4501216480205973,0.6729613096749305,0.9869805350109607,0.9488801054018444,0.6666666666666666,0.37803278906538085,0.26666666666666666,0.010434670621812152,0.0,0.09243697478991597,1.0,1.0,0.9708938185816549,0.8798945981554676,0.5267399267399268,0.4962004711245344,0.9867874314464702
r5_final_inverse_map_complete_2026-08-31,breast_cancer,mlp,1,HuberRidgeAIME,0.001,0.5,0.1,0.5,17,15,30,45,0.023899625055491924,0.9122807017543859,0.26176325396158656,X ~= Y A^T,SVD normal-system solve,3.6111946550215177,3.611013224051724,14.391221228820802,14.392221228820803,51.96950118074988,51.97050118074988,14.392221228820807,5.197050118074988e-11,9.394307747522687,15,True,0.7601786529632095,0.680672268907563,rms,3.3541019662496847,0.45737485780529286,0.6762949488243224,0.4706812864182788,0.6875899191323656,0.9981265767549234,0.9907773386034254,0.6666666666666666,0.38281095730046244,0.2,0.009889614828188257,0.0,0.9543335452426362,0.18361986372617825,0.8189022333484627,0.9846408213548263,0.911699604743083,0.4791208791208791,0.5576290788788277,0.9728647831052387
r5_final_inverse_map_complete_2026-08-31,breast_cancer,mlp,1,HuberRidgeAIME,0.001,1.0,0.1,0.5,17,15,30,45,0.023899625055491924,0.9122807017543859,0.26176325396158656,X ~= Y A^T,SVD normal-system solve,3.2313427803671013,3.2312251119170576,18.96196568503876,18.962965685038764,61.27261091791871,61.2736109179187,18.962965685038768,6.12736109179187e-11,9.632208465962927,9,True,0.9202381062468985,0.18487394957983194,rms,6.708203932499369,0.458766273250272,0.6773228722332297,0.4690710050028809,0.6864179459334712,0.9985230291632483,0.9895915678524374,0.6666666666666666,0.38416427856255464,0.2,0.008917450076599573,0.0,0.9617715617715619,0.36890321651045804,0.9763925857570915,0.9850791878568044,0.9216073781291172,0.501098901098901,0.5093672153552438,0.9837258732739699
r5_final_inverse_map_complete_2026-08-31,breast_cancer,mlp,1,HuberRidgeAIME,0.001,2.0,0.1,0.5,17,15,30,45,0.023899625055491924,0.9122807017543859,0.26176325396158656,X ~= Y A^T,SVD normal-system solve,3.112450122024267,3.112347691318528,20.622211631768447,20.623211631768452,64.18560510970796,64.18660510970795,20.62321163176845,6.418660510970797e-11,9.867424410900774,6,True,0.9731647077398721,0.06722689075630252,rms,13.416407864998739,0.46472788344410915,0.6817095301109624,0.4621716492887964,0.6818962815510141,0.9959429384648864,0.9822134387351777,0.6666666666666666,0.38125217897564423,0.26666666666666666,0.008946355689603554,0.0,0.7524828113063408,0.7096909291858883,1.0,0.9804818644635794,0.8934650856389986,0.551098901098901,0.49308810759346555,0.9942038081808618
r5_final_inverse_map_complete_2026-08-31,breast_cancer,mlp,1,RidgeAIME,0.01,1.0,0.1,0.5,17,15,30,45,0.023899625055491924,0.9122807017543859,0.26176325396158656,X ~= Y A^T,SVD normal-system solve,3.134834005782425,3.1338182689302907,21.00758936181706,21.01758936181706,65.85530551093723,65.86530551093723,21.017589361817063,6.586530551093724e-11,9.69626013944185,1,True,1.0,0.0,rms,6.708203932499369,0.4751293156340823,0.6892962466415165,0.4501340993180285,0.6729599032844463,0.9869775748837315,0.9488801054018444,0.6666666666666666,0.37803271939474986,0.26666666666666666,0.010435163900901361,0.0,0.09243697478991597,1.0,1.0,0.9708891298754846,0.8798945981554676,0.5267399267399268,0.496073807994359,0.9866042585970238
r5_final_inverse_map_complete_2026-08-31,breast_cancer,mlp,1,HuberRidgeAIME,0.01,0.5,0.1,0.5,17,15,30,45,0.023899625055491924,0.9122807017543859,0.26176325396158656,X ~= Y A^T,SVD normal-system solve,3.6111008105369313,3.6092877330535753,14.39148495863218,14.401484958632183,51.969102998946724,51.979102998946715,14.401484958632182,5.197910299894672e-11,9.388057525733302,15,True,0.7601844671265124,0.680672268907563,rms,3.3541019662496847,0.45738117187204763,0.6762996169391549,0.4706739791655187,0.6875894481316741,0.9981232326315782,0.9907773386034254,0.6666666666666666,0.3828068688688488,0.2,0.00989043618453531,0.0,0.9543335452426362,0.18361963346768218,0.818908663147319,0.9846417901789476,0.9122529644268773,0.4791208791208791,0.5574215054721824,0.9725757420931503
r5_final_inverse_map_complete_2026-08-31,breast_cancer,mlp,1,HuberRidgeAIME,0.01,1.0,0.1,0.5,17,15,30,45,0.023899625055491924,0.9122807017543859,0.26176325396158656,X ~= Y A^T,SVD normal-system solve,3.2314332604038936,3.2302570510113386,18.961394672834768,18.97139467283477,61.27248140944347,61.28248140944346,18.97139467283477,6.128248140944347e-11,9.62754657240771,9,True,0.9202316525967511,0.18487394957983194,rms,6.708203932499369,0.4587607335845036,0.677318782837523,0.4690774160434271,0.6864193107610245,0.9985224438168022,0.9895915678524374,0.6666666666666666,0.3841631363348184,0.2,0.008918314094542069,0.0,0.9617715617715619,0.36890304871229507,0.976385491881279,0.9850786146008256,0.9216073781291172,0.501098901098901,0.5092370831341698,0.9835156281611157
r5_final_inverse_map_complete_2026-08-31,breast_cancer,mlp,1,HuberRidgeAIME,0.01,2.0,0.1,0.5,17,15,30,45,0.023899625055491924,0.9122807017543859,0.26176325396158656,X ~= Y A^T,SVD normal-system solve,3.112450021147479,3.1114261609412255,20.622211392217853,20.632211392217858,64.18560228381624,64.19560228381623,20.632211392217854,6.419560228381624e-11,9.863181838673075,6,True,0.9731646608739343,0.06722689075630252,rms,13.416407864998739,0.4647133017875362,0.6816988351079502,0.4621885246013925,0.6818968127139944,0.9959419714911777,0.9822134387351777,0.6666666666666666,0.38125195175517185,0.26666666666666666,0.008946767312139716,0.0,0.7524828113063408,0.7096904221816523,1.0,0.9804797602767217,0.8934650856389986,0.551098901098901,0.4929594989485521,0.994017039896841
r5_final_inverse_map_complete_2026-08-31,breast_cancer,mlp,1,RidgeAIME,0.1,1.0,0.1,0.5,17,15,30,45,0.023899625055491924,0.9122807017543859,0.26176325396158656,X ~= Y A^T,SVD normal-system solve,3.134834005782425,3.1247199469517932,21.00758936181706,21.10758936181706,65.85530551093723,65.95530551093724,21.10758936181706,6.595530551093723e-11,9.655547386176686,1,True,1.0,0.0,rms,6.708203932499369,0.47503021216995556,0.6892243554677646,0.4502487914950204,0.6729456835475307,0.9869479749466358,0.9488801054018444,0.6666666666666666,0.3780320227618135,0.26666666666666666,0.010440090352168922,0.0,0.09243697478991597,1.0,1.0,0.9708422364408452,0.880026350461133,0.5267399267399268,0.494811099778124,0.9847768995610219
r5_final_inverse_map_complete_2026-08-31,breast_cancer,mlp,1,HuberRidgeAIME,0.1,0.5,0.1,0.5,17,15,30,45,0.023899625055491924,0.9122807017543859,0.26176325396158656,X ~= Y A^T,SVD normal-system solve,3.6102268191874667,3.592217564924763,14.39380846709078,14.493808467090783,51.96491335813877,52.06491335813877,14.493808467090785,5.206491335813877e-11,9.326049236451222,15,True,0.7602361170778756,0.680672268907563,rms,3.3541019662496847,0.4574629135056561,0.6763600472423368,0.4705793797890787,0.6875832990771733,0.9980895667668619,0.9905138339920948,0.6666666666666666,0.38276603221169253,0.2,0.00989874714364985,0.0,0.9543335452426362,0.1836172713963629,0.818965814323215,0.9846509262913837,0.9121475625823452,0.4791208791208791,0.5553626321113254,0.9696977039624181
r5_final_inverse_map_complete_2026-08-31,breast_cancer,mlp,1,HuberRidgeAIME,0.1,1.0,0.1,0.5,17,15,30,45,0.023899625055491924,0.9122807017543859,0.26176325396158656,X ~= Y A^T,SVD normal-system solve,3.232334284886127,3.2206195053367956,18.955708863197493,19.05570886319749,61.27118765283309,61.3711876528331,19.055708863197495,6.137118765283309e-11,9.581168435993307,9,True,0.9201673259446719,0.18487394957983194,rms,6.708203932499369,0.4587161046577018,0.6772858367467179,0.46912906498241047,0.6864325572334466,0.9985165701715785,0.9895915678524374,0.6666666666666666,0.3841517747795407,0.2,0.008926928914096244,0.0,0.9617715617715619,0.3689012509712429,0.9763147965438175,0.9850727887033848,0.9216073781291172,0.501098901098901,0.5079394188607851,0.9814184750870292
r5_final_inverse_map_complete_2026-08-31,breast_cancer,mlp,1,HuberRidgeAIME,0.1,2.0,0.1,0.5,17,15,30,45,0.023899625055491924,0.9122807017543859,0.26176325396158656,X ~= Y A^T,SVD normal-system solve,3.1124490744618574,3.1022549434568876,20.622208429852094,20.722208429852095,64.18557354085266,64.28557354085265,20.722208429852095,6.428557354085265e-11,9.820958932117826,6,True,0.9731641810889282,0.06722689075630252,rms,13.416407864998739,0.4645767933996061,0.6815987040771175,0.46234650539779876,0.6819019317473032,0.9959323067376221,0.9822134387351777,0.6666666666666666,0.3812496851730731,0.26666666666666666,0.008950877160593985,0.0,0.7524828113063408,0.7096852317802235,1.0,0.9804587029416705,0.8934650856389986,0.551098901098901,0.49167748528509403,0.992153894975831
r5_final_inverse_map_complete_2026-08-31,breast_cancer,mlp,1,RidgeAIME,1.0,1.0,0.1,0.5,17,15,30,45,0.023899625055491924,0.9122807017543859,0.26176325396158656,X ~= Y A^T,SVD normal-system solve,3.134834005782425,3.037829560148486,21.00758936181706,22.00758936181706,65.85530551093723,66.85530551093723,22.00758936181706,6.685530551093722e-11,9.266736541094375,1,True,1.0,0.0,rms,6.708203932499369,0.474814688014959,0.6890679850457131,0.45049821702972503,0.6727884660790149,0.9866521832626153,0.9488801054018444,0.6666666666666666,0.37802506551302,0.26666666666666666,0.010488726049814892,0.0,0.09243697478991597,1.0,1.0,0.9703728199889097,0.8799209486166006,0.5267399267399268,0.48256340377183793,0.9669268159427271
r5_final_inverse_map_complete_2026-08-31,breast_cancer,mlp,1,HuberRidgeAIME,1.0,0.5,0.1,0.5,17,15,30,45,0.023899625055491924,0.9122807017543859,0.26176325396158656,X ~= Y A^T,SVD normal-system solve,3.6072808228366897,3.4378453670797673,14.388047390607392,15.388047390607392,51.90172743020352,52.90172743020352,15.388047390607394,5.290172743020351e-11,8.75114992243575,14,True,0.7601055563760675,0.6638655462184874,rms,3.3541019662496847,0.4598779256272133,0.6781429979194752,0.46778449264639477,0.6873854256034815,0.9977378255508179,0.9906455862977601,0.6666666666666666,0.3823691896292138,0.2,0.009976203677513139,0.0,0.9543335452426361,0.18358926414889287,0.8188248083621685,0.9847372445407194,0.913623188405797,0.4791208791208791,0.5362863383969076,0.9420651241258002
r5_final_inverse_map_complete_2026-08-31,breast_cancer,mlp,1,HuberRidgeAIME,1.0,1.0,0.1,0.5,17,15,30,45,0.023899625055491924,0.9122807017543859,0.26176325396158656,X ~= Y A^T,SVD normal-system solve,3.240976271859791,3.128371321190321,18.901223334644897,19.901223334644897,61.2584163367067,62.2584163367067,19.901223334644893,6.22584163367067e-11,9.140314867685479,9,True,0.9195451784136057,0.18487394957983194,rms,6.708203932499369,0.45924350123544444,0.6776750705429885,0.46851871031749137,0.6865259325639768,0.9984559588237174,0.9895915678524374,0.6666666666666666,0.38404386192118434,0.2,0.009010490364050787,0.0,0.9543335452426362,0.3688725114742957,0.9756322093055724,0.9850058311291686,0.9217918313570486,0.501098901098901,0.4953182959137287,0.960961156668513
r5_final_inverse_map_complete_2026-08-31,breast_cancer,mlp,1,HuberRidgeAIME,1.0,2.0,0.1,0.5,17,15,30,45,0.023899625055491924,0.9122807017543859,0.26176325396158656,X ~= Y A^T,SVD normal-system solve,3.112522064491856,3.014817663131175,20.62156499678416,21.62156499678416,64.18507605684363,65.18507605684363,21.62156499678416,6.518507605684364e-11,9.417996164316776,6,True,0.9731510152887493,0.06722689075630252,rms,13.416407864998739,0.46406035807223844,0.6812197575468862,0.46294417463664184,0.681935622267987,0.9958370522883124,0.9827404479578391,0.6666666666666666,0.38123018266151687,0.26666666666666666,0.00899135479288701,0.0,0.7524828113063408,0.7096223893572643,0.999991893855845,0.980246715353125,0.8933596837944663,0.551098901098901,0.47926105103982486,0.9739585092308917
r5_final_inverse_map_complete_2026-08-31,breast_cancer,lgbm,2,RidgeAIME,0.0,1.0,0.1,0.5,17,15,30,45,1.1462047920795158,0.9707602339181286,0.12277322688632118,X ~= Y A^T,SVD normal-system solve,1.7019334013379415,1.7019334013379415,42.96475259657409,42.96475259657409,73.12314752433049,73.12314752433049,42.96475259657409,7.31231475243305e-11,6.348370504773393,1,True,1.0,0.0,rms,6.708203932499369,0.6889198685519234,0.8300119689208846,0.3462596828695348,0.5915607025687106,0.9739404323462778,0.9249011857707509,0.6666666666666666,0.3395942953685497,0.13333333333333333,0.013802518921629947,0.0,0.10084033613445378,1.0,1.0,0.9334272165738892,0.851752305665349,0.557042957042957,0.23094256162557802,0.8026622651973404
r5_final_inverse_map_complete_2026-08-31,breast_cancer,lgbm,2,HuberRidgeAIME,0.0,0.5,0.1,0.5,17,15,30,45,1.1462047920795158,0.9707602339181286,0.12277322688632118,X ~= Y A^T,SVD normal-system solve,2.1183640616230064,2.1183640616230064,25.66408913580527,25.66408913580527,54.36588409957932,54.36588409957932,25.66408913580527,5.4365884099579315e-11,5.422253772146357,12,True,0.6856721036887802,0.7142857142857143,rms,3.3541019662496847,0.6823012906153141,0.8260153089473065,0.35254028448482355,0.6028188070467955,0.9864032355637149,0.9598155467720683,0.8181818181818182,0.3438891745220873,0.13333333333333333,0.01163171368039242,0.0,1.0,0.12695576566319577,0.7483318799159486,0.9680868996244529,0.863478260869565,0.5858585858585859,0.32600059994842256,0.7341798395564767
r5_final_inverse_map_complete_2026-08-31,breast_cancer,lgbm,2,HuberRidgeAIME,0.0,1.0,0.1,0.5,17,15,30,45,1.1462047920795158,0.9707602339181286,0.12277322688632118,X ~= Y A^T,SVD normal-system solve,1.822211072902668,1.822211072902668,36.33668794416231,36.33668794416231,66.21311512446144,66.21311512446144,36.3366879441623,6.621311512446144e-11,5.630271860477672,9,True,0.8813425256530699,0.2689075630252101,rms,6.708203932499369,0.6758708552676644,0.8221136510651459,0.35864235097376906,0.6064366488892196,0.9934858488957198,0.9632411067193675,0.8181818181818182,0.34433876930758645,0.13333333333333333,0.012075867703126197,0.0,0.9999999999999999,0.25418816325285215,0.9516775943334682,0.9720443229543949,0.8801844532279313,0.5382395382395382,0.26059868135685144,0.750529365482746
r5_final_inverse_map_complete_2026-08-31,breast_cancer,lgbm,2,HuberRidgeAIME,0.0,2.0,0.1,0.5,17,15,30,45,1.1462047920795158,0.9707602339181286,0.12277322688632118,X ~= Y A^T,SVD normal-system solve,1.7189834092439429,1.7189834092439429,40.52796870171895,40.52796870171895,69.66690580861265,69.66690580861265,40.527968701718954,6.966690580861265e-11,5.9798497882010695,7,True,0.9484661478472926,0.12605042016806722,rms,13.416407864998739,0.6742237469414537,0.8211112877932283,0.36020535005200527,0.6048019830702153,0.9916635233921884,0.9476943346508562,0.6666666666666666,0.3422002245714704,0.13333333333333333,0.012540843239778901,0.0,1.0,0.5104818901578273,0.9975858776816252,0.9654808889048969,0.8632938076416335,0.6096530920060331,0.23527168511719965,0.7766902747953104
r5_final_inverse_map_complete_2026-08-31,breast_cancer,lgbm,2,RidgeAIME,1e-06,1.0,0.1,0.5,17,15,30,45,1.1462047920795158,0.9707602339181286,0.12277322688632118,X ~= Y A^T,SVD normal-system solve,1.7019334013379415,1.7019333850005174,42.96475259657409,42.964753596574084,73.12314752433049,73.12314852433049,42.964753596574084,7.31231485243305e-11,6.348370369885363,1,True,1.0,0.0,rms,6.708203932499369,0.6889198688022896,0.8300119690717054,0.3462596826319535,0.5915607023136477,0.9739404322025316,0.9249011857707509,0.6666666666666666,0.33959429530984425,0.13333333333333333,0.01380251895948115,0.0,0.10084033613445378,1.0,1.0,0.9334272164848478,0.851752305665349,0.557042957042957,0.230942557456641,0.8026622559695981
r5_final_inverse_map_complete_2026-08-31,breast_cancer,lgbm,2,HuberRidgeAIME,1e-06,0.5,0.1,0.5,17,15,30,45,1.1462047920795158,0.9707602339181286,0.12277322688632118,X ~= Y A^T,SVD normal-system solve,2.118364050767466,2.118364007190466,25.664089273545798,25.664090273545803,54.36588411276635,54.36588511276635,25.664090273545792,5.436588511276636e-11,5.422253562552815,12,True,0.6856721050675939,0.7142857142857143,rms,3.3541019662496847,0.6823012952345158,0.8260153117433815,0.3525402801015004,0.6028188058186708,0.9864032349347724,0.9598155467720683,0.8181818181818182,0.3438891743686779,0.13333333333333333,0.011631713639353326,0.0,1.0,0.12695576562788277,0.7483318814533559,0.9680869000075537,0.863478260869565,0.5858585858585859,0.32600058878898464,0.7341798227691178
r5_final_inverse_map_complete_2026-08-31,breast_cancer,lgbm,2,HuberRidgeAIME,1e-06,1.0,0.1,0.5,17,15,30,45,1.1462047920795158,0.9707602339181286,0.12277322688632118,X ~= Y A^T,SVD normal-system solve,1.8222110749580178,1.8222110523304451,36.33668790331961,36.336688903319605,66.21311512472202,66.21311612472202,36.336688903319605,6.621311612472202e-11,5.630271713981067,9,True,0.8813425253140919,0.2689075630252101,rms,6.708203932499369,0.6758708578373067,0.8221136526279725,0.35864234853534505,0.6064366484125381,0.993485848825702,0.9632411067193675,0.8181818181818182,0.3443387692404313,0.13333333333333333,0.01207586775066899,0.0,0.9999999999999999,0.25418816320510956,0.9516775939618284,0.9720443229581814,0.8801844532279313,0.5382395382395382,0.2605986764537954,0.7505293541826401
r5_final_inverse_map_complete_2026-08-31,breast_cancer,lgbm,2,HuberRidgeAIME,1e-06,2.0,0.1,0.5,17,15,30,45,1.1462047920795158,0.9707602339181286,0.12277322688632118,X ~= Y A^T,SVD normal-system solve,1.718983409493291,1.718983391752866,40.527968695457105,40.5279696954571,69.66690580795422,69.66690680795422,40.527969695457095,6.966690680795422e-11,5.979849652354968,7,True,0.9484661477887384,0.12605042016806722,rms,13.416407864998739,0.6742237483354071,0.8211112886420495,0.3602053487292337,0.6048019828536139,0.9916635233687111,0.9476943346508562,0.6666666666666666,0.3422002245380187,0.13333333333333333,0.012540843283164311,0.0,1.0,0.5104818900468532,0.9975858776289497,0.9654808888384862,0.8632938076416335,0.6096530920060331,0.235271680698147,0.7766902649293079
r5_final_inverse_map_complete_2026-08-31,breast_cancer,lgbm,2,RidgeAIME,1e-05,1.0,0.1,0.5,17,15,30,45,1.1462047920795158,0.9707602339181286,0.12277322688632118,X ~= Y A^T,SVD normal-system solve,1.7019334013379415,1.7019332379637346,42.96475259657409,42.96476259657409,73.12314752433049,73.1231575243305,42.96476259657409,7.312315752433049e-11,6.3483691558934074,1,True,1.0,0.0,rms,6.708203932499369,0.6889198710555994,0.8300119704291014,0.3462596804937087,0.5915607000180807,0.973940430908813,0.9249011857707509,0.6666666666666666,0.33959429478149594,0.13333333333333333,0.013802519300141966,0.0,0.10084033613445378,1.0,1.0,0.9334272156834766,0.851752305665349,0.557042957042957,0.2309425199362147,0.802662172919929
r5_final_inverse_map_complete_2026-08-31,breast_cancer,lgbm,2,HuberRidgeAIME,1e-05,0.5,0.1,0.5,17,15,30,45,1.1462047920795158,0.9707602339181286,0.12277322688632118,X ~= Y A^T,SVD normal-system solve,2.1183639530677394,2.1183635172979556,25.66409051320906,25.66410051320906,54.36588423144981,54.365894231449815,25.66410051320906,5.436589423144981e-11,5.422251676211841,12,True,0.6856721174769047,0.7142857142857143,rms,3.3541019662496847,0.6823013368073457,0.826015336908066,0.3525402406515785,0.6028187947655473,0.9864032292742893,0.9598155467720683,0.8181818181818182,0.3438891729879949,0.13333333333333333,0.011631713270001533,0.0,1.0,0.12695576531006567,0.748331895290008,0.9680869034554584,0.863478260869565,0.5858585858585859,0.32600048835410284,0.7341796716829302
r5_final_inverse_map_complete_2026-08-31,breast_cancer,lgbm,2,HuberRidgeAIME,1e-05,1.0,0.1,0.5,17,15,30,45,1.1462047920795158,0.9707602339181286,0.12277322688632118,X ~= Y A^T,SVD normal-system solve,1.8222110934561622,1.8222108671804824,36.33668753573535,36.336697535735354,66.21311512706721,66.21312512706722,36.336697535735354,6.621312512706722e-11,5.630270395511978,9,True,0.8813425222632907,0.2689075630252101,rms,6.708203932499369,0.6758708809640968,0.8221136666934182,0.3586423265895198,0.6064366441224047,0.9934858481955374,0.9632411067193675,0.8181818181818182,0.34433876863603474,0.13333333333333333,0.012075868178553982,0.0,0.9999999999999999,0.2541881627754268,0.9516775906170698,0.9720443229922614,0.8801844532279313,0.5382395382395382,0.26059863232629926,0.7505292524817017
r5_final_inverse_map_complete_2026-08-31,breast_cancer,lgbm,2,HuberRidgeAIME,1e-05,2.0,0.1,0.5,17,15,30,45,1.1462047920795158,0.9707602339181286,0.12277322688632118,X ~= Y A^T,SVD normal-system solve,1.7189834117374272,1.718983234333215,40.527968639100514,40.52797863910052,69.66690580202845,69.66691580202846,40.527978639100525,6.966691580202845e-11,5.979848429740297,7,True,0.9484661472617495,0.12605042016806722,rms,13.416407864998739,0.6742237608809993,0.8211112962814476,0.3602053368242797,0.6048019809042018,0.9916635231574122,0.9476943346508562,0.6666666666666666,0.3422002242369532,0.13333333333333333,0.012540843673632927,0.0,1.0,0.5104818890480852,0.9975858771548706,0.9654808882407877,0.8632938076416335,0.6096530920060331,0.23527164092668132,0.776690176135293
r5_final_inverse_map_complete_2026-08-31,breast_cancer,lgbm,2,RidgeAIME,0.0001,1.0,0.1,0.5,17,15,30,45,1.1462047920795158,0.9707602339181286,0.12277322688632118,X ~= Y A^T,SVD normal-system solve,1.7019334013379415,1.7019317675992949,42.96475259657409,42.96485259657409,73.12314752433049,73.1232475243305,42.96485259657409,7.312324752433048e-11,6.348357016000659,1,True,1.0,0.0,rms,6.708203932499369,0.6889198935900245,0.8300119840038603,0.34625965910999923,0.5915606770623985,0.973940417971645,0.9249011857707509,0.6666666666666666,0.33959428949801945,0.13333333333333333,0.013802522706744447,0.0,0.10084033613445378,1.0,1.0,0.9334272076697671,0.851752305665349,0.557042957042957,0.23094214473263786,0.8026613424241996
r5_final_inverse_map_complete_2026-08-31,breast_cancer,lgbm,2,HuberRidgeAIME,0.0001,0.5,0.1,0.5,17,15,30,45,1.1462047920795158,0.9707602339181286,0.12277322688632118,X ~= Y A^T,SVD normal-system solve,2.1183629760818334,2.11835861840519,25.664102909703793,25.66420290970379,54.36588541827057,54.365985418270576,25.664202909703796,5.436598541827057e-11,5.422232812895295,12,True,0.6856722415686878,0.7142857142857143,rms,3.3541019662496847,0.6823017525369751,0.8260155885556731,0.35253984615109724,0.6028186842342969,0.9864031726694523,0.9598155467720683,0.8181818181818182,0.34388915918122653,0.13333333333333333,0.011631709576490817,0.0,1.0,0.12695576213189336,0.7483320336550572,0.968086937934328,0.863478260869565,0.5858585858585859,0.3259994840106376,0.7341781608256286
r5_final_inverse_map_complete_2026-08-31,breast_cancer,lgbm,2,HuberRidgeAIME,0.0001,1.0,0.1,0.5,17,15,30,45,1.1462047920795158,0.9707602339181286,0.12277322688632118,X ~= Y A^T,SVD normal-system solve,1.8222112784372395,1.8222090156853084,36.33668385990026,36.336783859900265,66.21311515051866,66.21321515051866,36.33678385990028,6.621321515051865e-11,5.630257210857279,9,True,0.8813424917553371,0.2689075630252101,rms,6.708203932499369,0.6758711122330169,0.8221138073484819,0.35864210713029954,0.6064366012210297,0.993485841893881,0.9632411067193675,0.8181818181818182,0.34433876259209023,0.13333333333333333,0.01207587245739107,0.0,0.9999999999999999,0.2541881584785923,0.9516775571695515,0.9720443233330303,0.8801844532279313,0.5382395382395382,0.2605981910521524,0.7505282354737991
r5_final_inverse_map_complete_2026-08-31,breast_cancer,lgbm,2,HuberRidgeAIME,0.0001,2.0,0.1,0.5,17,15,30,45,1.1462047920795158,0.9707602339181286,0.12277322688632118,X ~= Y A^T,SVD normal-system solve,1.7189834341787606,1.7189816601404995,40.52796807553518,40.52806807553518,69.66690574277064,69.66700574277064,40.52806807553518,6.966700574277064e-11,5.97983620362252,7,True,0.948466141991866,0.12605042016806722,rms,13.416407864998739,0.6742238863380466,0.8211113726761107,0.36020521777367065,0.6048019614100494,0.991663521044431,0.9476943346508562,0.6666666666666666,0.34220022122630395,0.13333333333333333,0.012540847578312312,0.0,1.0,0.510481879060397,0.9975858724140868,0.9654808822638035,0.8632938076416335,0.6096530920060331,0.23527124321278325,0.7766892881962464
r5_final_inverse_map_complete_2026-08-31,breast_cancer,lgbm,2,RidgeAIME,0.001,1.0,0.1,0.5,17,15,30,45,1.1462047920795158,0.9707602339181286,0.12277322688632118,X ~= Y A^T,SVD normal-system solve,1.7019334013379415,1.7019170642936934,42.96475259657409,42.965752596574085,73.12314752433049,73.1241475243305,42.96575259657408,7.312414752433049e-11,6.348235619756992,1,True,1.0,0.0,rms,6.708203932499369,0.6889201190671502,0.8300121198314818,0.3462594451468166,0.5915604475042081,0.9739402886016227,0.9249011857707509,0.6666666666666666,0.3395942366640428,0.13333333333333333,0.013802556772203467,0.0,0.10084033613445378,1.0,1.0,0.9334271275329732,0.851752305665349,0.557042957042957,0.23093839276549485,0.8026530375631614
r5_final_inverse_map_complete_2026-08-31,breast_cancer,lgbm,2,HuberRidgeAIME,0.001,0.5,0.1,0.5,17,15,30,45,1.1462047920795158,0.9707602339181286,0.12277322688632118,X ~= Y A^T,SVD normal-system solve,2.1183532073601508,2.118309632712888,25.66422686085534,25.665226860855345,54.365897285111444,54.366897285111435,25.66522686085534,5.436689728511144e-11,5.422044189045779,12,True,0.6856734823543409,0.7142857142857143,rms,3.3541019662496847,0.6823059099665039,0.8260181051081773,0.35253590101985244,0.6028175789200899,0.9864026066206038,0.9598155467720683,0.8181818181818182,0.34388902111977737,0.13333333333333333,0.011631672642101808,0.0,1.0,0.126955730350042,0.7483334171585612,0.9680872827050699,0.863478260869565,0.5858585858585859,0.32598944111154854,0.7341630527097083
r5_final_inverse_map_complete_2026-08-31,breast_cancer,lgbm,2,HuberRidgeAIME,0.001,1.0,0.1,0.5,17,15,30,45,1.1462047920795158,0.9707602339181286,0.12277322688632118,X ~= Y A^T,SVD normal-system solve,1.8222131282122094,1.8221905011795378,36.33664710228619,36.337647102286184,66.21311538500004,66.21411538500004,36.33764710228618,6.621411538500005e-11,5.630125367924265,9,True,0.8813421866816796,0.2689075630252101,rms,6.708203932499369,0.6758734250242887,0.8221152139598735,0.3586399124412384,0.6064361722030538,0.993485778875828,0.9632411067193675,0.8181818181818182,0.34433870215467133,0.13333333333333333,0.01207591524447518,0.0,0.9999999999999999,0.2541881155096823,0.951677222700969,0.9720443267377888,0.8801844532279313,0.5382395382395382,0.26059377839231407,0.7505180655425577
r5_final_inverse_map_complete_2026-08-31,breast_cancer,lgbm,2,HuberRidgeAIME,0.001,2.0,0.1,0.5,17,15,30,45,1.1462047920795158,0.9707602339181286,0.12277322688632118,X ~= Y A^T,SVD normal-system solve,1.718983658589706,1.7189659185930406,40.527962439940694,40.52896243994068,69.66690515019545,69.66790515019547,40.528962439940685,6.966790515019545e-11,5.979713945333422,7,True,0.9484660892935646,0.12605042016806722,rms,13.416407864998739,0.6742251410209972,0.8211121366908403,0.360204027160847,0.6048017664653218,0.9916634999150054,0.9476943346508562,0.6666666666666666,0.34220019112052513,0.13333333333333333,0.01254088662442831,0.0,1.0,0.5104817791826656,0.9975858250069365,0.9654808224939309,0.8632938076416335,0.6096530920060331,0.23526726614970042,0.7766804089157278
r5_final_inverse_map_complete_2026-08-31,breast_cancer,lgbm,2,RidgeAIME,0.01,1.0,0.1,0.5,17,15,30,45,1.1462047920795158,0.9707602339181286,0.12277322688632118,X ~= Y A^T,SVD normal-system solve,1.7019334013379415,1.7017700651093595,42.96475259657409,42.974752596574085,73.12314752433049,73.1331475243305,42.97475259657408,7.31331475243305e-11,6.347021925641694,1,True,1.0,0.0,rms,6.708203932499369,0.6889223871198522,0.8300134861072151,0.34625729291175944,0.5915581517855858,0.9739389950672186,0.9249011857707509,0.6666666666666666,0.33959370840290865,0.13333333333333333,0.013802897370224169,0.0,0.10084033613445378,1.0,1.0,0.9334263261953831,0.851752305665349,0.557042957042957,0.2309008799552905,0.8025699985768764
r5_final_inverse_map_complete_2026-08-31,breast_cancer,lgbm,2,HuberRidgeAIME,0.01,0.5,0.1,0.5,17,15,30,45,1.1462047920795158,0.9707602339181286,0.12277322688632118,X ~= Y A^T,SVD normal-system solve,2.118255633790765,2.1178200990754013,25.6654649937625,25.6754649937625,54.36601581689709,54.376015816897095,25.675464993762496,5.43760158168971e-11,5.4201588815646495,12,True,0.6856858770016087,0.7142857142857143,rms,3.3541019662496847,0.6823474975644483,0.8260432782635837,0.3524964370840451,0.6028065256092681,0.9863969460853986,0.9598155467720683,0.8181818181818182,0.3438876411282529,0.13333333333333333,0.011631303370200314,0.0,1.0,0.12695541251879935,0.7483472375043538,0.9680907286175131,0.863478260869565,0.5858585858585859,0.3258890656406004,0.7340120172349685
r5_final_inverse_map_complete_2026-08-31,breast_cancer,lgbm,2,HuberRidgeAIME,0.01,1.0,0.1,0.5,17,15,30,45,1.1462047920795158,0.9707602339181286,0.12277322688632118,X ~= Y A^T,SVD normal-system solve,1.822231622382277,1.8220054007080266,36.336279599811405,36.34627959981141,66.21311772650037,66.22311772650036,36.3462795998114,6.622311772650036e-11,5.628807299890864,9,True,0.8813391365328129,0.2689075630252101,rms,6.708203932499369,0.6758965631368269,0.82212928614472,0.3586179558716589,0.6064318816011695,0.9934851485465932,0.9632411067193675,0.8181818181818182,0.34433809798319037,0.13333333333333333,0.012076342986673965,0.0,0.9999999999999999,0.2541876857641552,0.9516738786750923,0.9720443604924732,0.8801844532279313,0.5382395382395382,0.26054965995543067,0.7504163810058111
r5_final_inverse_map_complete_2026-08-31,breast_cancer,lgbm,2,HuberRidgeAIME,0.01,2.0,0.1,0.5,17,15,30,45,1.1462047920795158,0.9707602339181286,0.12277322688632118,X ~= Y A^T,SVD normal-system solve,1.718985902460317,1.7188085410788816,40.527906089887885,40.53790608988788,69.6668992247529,69.6768992247529,40.53790608988788,6.96768992247529e-11,5.978491651234606,7,True,0.9484655623638715,0.12605042016806722,rms,13.416407864998739,0.6742376990925015,0.8211197836445676,0.3601921103646816,0.6047998166978648,0.9916632886597967,0.9476943346508562,0.6666666666666666,0.3421998901339869,0.13333333333333333,0.012541277017811565,0.0,1.0,0.5104807803204885,0.9975853510042508,0.9654802247923774,0.8632938076416335,0.6096530920060331,0.23522750310717136,0.7765916271031155
r5_final_inverse_map_complete_2026-08-31,breast_cancer,lgbm,2,RidgeAIME,0.1,1.0,0.1,0.5,17,15,30,45,1.1462047920795158,0.9707602339181286,0.12277322688632118,X ~= Y A^T,SVD normal-system solve,1.7019334013379415,1.7003034525770286,42.96475259657409,43.06475259657409,73.12314752433049,73.22314752433049,43.064752596574095,7.322314752433049e-11,6.334911755245993,1,True,1.0,0.0,rms,6.708203932499369,0.6889463898679614,0.8300279452331478,0.34623451585904663,0.591535181039356,0.9739260762865349,0.9249011857707509,0.6666666666666666,0.3395884336435832,0.13333333333333333,0.013806297702570622,0.0,0.10084033613445378,1.0,1.0,0.933418315866845,0.8518840579710144,0.557042957042957,0.23052643668354636,0.8017405695783161
r5_final_inverse_map_complete_2026-08-31,breast_cancer,lgbm,2,HuberRidgeAIME,0.1,0.5,0.1,0.5,17,15,30,45,1.1462047920795158,0.9707602339181286,0.12277322688632118,X ~= Y A^T,SVD normal-system solve,2.1172911734712243,2.112956842771119,25.67770942683964,25.77770942683965,54.367187524406425,54.46718752440642,25.777709426839643,5.4467187524406425e-11,5.4013983311377824,12,True,0.6858085112950769,0.7142857142857143,rms,3.3541019662496847,0.6827646831874769,0.8262957601170884,0.35210055495906856,0.602695977165517,0.9863403370497357,0.9598155467720683,0.8181818181818182,0.34387390312064614,0.13333333333333333,0.011627618020630089,0.0,1.0,0.12695223299383926,0.7484839817587671,0.968125008433445,0.8637154150197628,0.5858585858585859,0.32489062666056295,0.7325062059122224
r5_final_inverse_map_complete_2026-08-31,breast_cancer,lgbm,2,HuberRidgeAIME,0.1,1.0,0.1,0.5,17,15,30,45,1.1462047920795158,0.9707602339181286,0.12277322688632118,X ~= Y A^T,SVD normal-system solve,1.8224162067562495,1.8201588440165575,36.332611927869394,36.432611927869395,66.21314081113461,66.3131408111346,36.43261192786939,6.63131408111346e-11,5.6156626475453155,9,True,0.8813086937087842,0.2689075630252101,rms,6.708203932499369,0.6761289570417954,0.8222706105910604,0.35839742911365924,0.6063889337071203,0.9934788304902572,0.9632411067193675,0.8181818181818182,0.3443320764817383,0.13333333333333333,0.012080607579753789,0.0,0.9999999999999999,0.2541833827253469,0.9516405042863659,0.9720446688832318,0.8801054018445322,0.5382395382395382,0.2601092902211442,0.7494010103200874
r5_final_inverse_map_complete_2026-08-31,breast_cancer,lgbm,2,HuberRidgeAIME,0.1,2.0,0.1,0.5,17,15,30,45,1.1462047920795158,0.9707602339181286,0.12277322688632118,X ~= Y A^T,SVD normal-system solve,1.719008317251191,1.7172385527010496,40.527343179289566,40.62734317928957,69.66684000129209,69.76684000129208,40.627343179289575,6.976684000129206e-11,5.966297518945986,7,True,0.9484602984049973,0.12605042016806722,rms,13.416407864998739,0.674364398092091,0.8211969301526224,0.36007188122345235,0.604780287177425,0.9916611800034929,0.9476943346508562,0.6666666666666666,0.3421968873753706,0.13333333333333333,0.01254517418492441,0.0,1.0,0.5104707833041584,0.9975806178555588,0.9654742475149753,0.864163372859025,0.6096530920060331,0.23483063000387266,0.775704906353365
r5_final_inverse_map_complete_2026-08-31,breast_cancer,lgbm,2,RidgeAIME,1.0,1.0,0.1,0.5,17,15,30,45,1.1462047920795158,0.9707602339181286,0.12277322688632118,X ~= Y A^T,SVD normal-system solve,1.7019334013379415,1.6859675796311993,42.96475259657409,43.96475259657409,73.12314752433049,74.12314752433049,43.96475259657409,7.41231475243305e-11,6.216427143376377,1,True,1.0,0.0,rms,6.708203932499369,0.689312911231387,0.8302487044442689,0.3458867108336746,0.5913042261031812,0.973798526474684,0.925296442687747,0.6666666666666666,0.3395364601288153,0.13333333333333333,0.013839745193444572,0.0,0.10084033613445378,1.0,1.0,0.9333385294449142,0.852490118577075,0.557042957042957,0.2268492190890519,0.793540848076955
r5_final_inverse_map_complete_2026-08-31,breast_cancer,lgbm,2,HuberRidgeAIME,1.0,0.5,0.1,0.5,17,15,30,45,1.1462047920795158,0.9707602339181286,0.12277322688632118,X ~= Y A^T,SVD normal-system solve,2.10869121669822,2.067302631421709,25.787366837769675,26.787366837769675,54.37759395257987,55.37759395257987,26.787366837769667,5.5377593952579875e-11,5.222507059092898,12,True,0.6869118380043423,0.7142857142857143,rms,3.3541019662496847,0.6870487018041623,0.8288840098615501,0.34803529887209916,0.6015903675058955,0.9857747707888201,0.9598155467720683,0.8181818181818182,0.3437423573093105,0.13333333333333333,0.011589447827635714,0.0,1.0,0.12692037145577703,0.7497146192995084,0.9684490885895333,0.8633992094861659,0.5858585858585859,0.31540405743810485,0.717879035674466
r5_final_inverse_map_complete_2026-08-31,breast_cancer,lgbm,2,HuberRidgeAIME,1.0,1.0,0.1,0.5,17,15,30,45,1.1462047920795158,0.9707602339181286,0.12277322688632118,X ~= Y A^T,SVD normal-system solve,1.8242269463966718,1.8021277285383057,36.29665690791139,37.29665690791139,66.21333959552686,67.21333959552686,37.29665690791139,6.721333959552686e-11,5.487720011827533,9,True,0.8810100272820679,0.2689075630252101,rms,6.708203932499369,0.6785472841261507,0.8237398157951034,0.3561025934045735,0.6059555933282124,0.9934142759969612,0.9628458498023715,0.8181818181818182,0.34427382669980194,0.13333333333333333,0.012121464462288848,0.0,0.9999999999999999,0.2541398505571734,0.9513132246717757,0.9720449670235158,0.8813702239789194,0.5382395382395382,0.25578556901457433,0.7393919451877172
r5_final_inverse_map_complete_2026-08-31,breast_cancer,lgbm,2,HuberRidgeAIME,1.0,2.0,0.1,0.5,17,15,30,45,1.1462047920795158,0.9707602339181286,0.12277322688632118,X ~= Y A^T,SVD normal-system solve,1.7192300463370247,1.7019082900159919,40.521773716658345,41.521773716658345,69.66625090454896,70.66625090454896,41.52177371665835,7.066625090454894e-11,5.847168251707154,7,True,0.948408198122837,0.12605042016806722,rms,13.416407864998739,0.6757375151901756,0.8220325511743288,0.3587688820676205,0.6045819747840512,0.9916404746200728,0.9491436100131752,0.6666666666666666,0.3421675526609251,0.13333333333333333,0.012583479980231705,0.0,1.0,0.5103700615932333,0.9975339704439141,0.9654144688909044,0.8663241106719367,0.6096530920060331,0.23093615374322327,0.7669455907992602
r5_final_inverse_map_complete_2026-08-31,breast_cancer,svm,2,RidgeAIME,0.0,1.0,0.1,0.5,17,15,30,45,0.005974916974082589,0.9766081871345029,0.12315015382775185,X ~= Y A^T,SVD normal-system solve,1.7060874388989675,1.7060874388989675,42.53209245372886,42.53209245372886,72.56346868539637,72.56346868539637,42.532092453728865,7.256346868539635e-11,6.4657374510239345,1,True,1.0,0.0,rms,6.708203932499369,0.7493608122961749,0.8656562899304636,0.28000062029080874,0.5349611008383105,0.9677842740255542,0.861528326745718,0.6666666666666666,0.36483598799747335,0.26666666666666666,0.016605448098393847,0.0,0.1092436974789916,1.0,1.0,0.9676783967875068,0.8983399209486166,0.5421245421245421,0.23200128548226487,0.8106180655884765
r5_final_inverse_map_complete_2026-08-31,breast_cancer,svm,2,HuberRidgeAIME,0.0,0.5,0.1,0.5,17,15,30,45,0.005974916974082589,0.9766081871345029,0.12315015382775185,X ~= Y A^T,SVD normal-system solve,2.0627854374486114,2.0627854374486114,26.24115046950414,26.24115046950414,54.12986305039094,54.12986305039094,26.24115046950414,5.412986305039093e-11,5.778624879197648,14,True,0.6953915416275023,0.773109243697479,rms,3.3541019662496847,0.7390740158017474,0.859694140844142,0.28988435983743344,0.5428571698733491,0.9917346658300434,0.9869565217391303,0.8181818181818182,0.36073127123934406,0.2,0.01500156385269234,0.0,0.9593120554659014,0.16587939606950908,0.7603317104223506,0.9869010974742046,0.9641897233201581,0.8046620046620045,0.3144540567767392,0.7618245030522701
r5_final_inverse_map_complete_2026-08-31,breast_cancer,svm,2,HuberRidgeAIME,0.0,1.0,0.1,0.5,17,15,30,45,0.005974916974082589,0.9766081871345029,0.12315015382775185,X ~= Y A^T,SVD normal-system solve,1.7390319103304297,1.7390319103304297,37.78199087459681,37.78199087459681,65.70408776673695,65.70408776673695,37.78199087459682,6.570408776673693e-11,5.832468586215301,9,True,0.898320610070248,0.2184873949579832,rms,6.708203932499369,0.7364251570339889,0.8581521759186939,0.2924294311014075,0.5453992237324647,0.996842637771078,0.9922266139657443,1.0,0.36128039304912796,0.26666666666666666,0.015059547549914842,0.0,0.9625800293221105,0.3331346590930056,0.9676358682089662,0.9863251505328889,0.9597628458498022,0.7682983682983683,0.24030755115353053,0.7658524083539016
r5_final_inverse_map_complete_2026-08-31,breast_cancer,svm,2,HuberRidgeAIME,0.0,2.0,0.1,0.5,17,15,30,45,0.005974916974082589,0.9766081871345029,0.12315015382775185,X ~= Y A^T,SVD normal-system solve,1.6927265325421366,1.6927265325421366,40.996496248133745,40.996496248133745,69.39585694048014,69.39585694048014,40.996496248133745,6.939585694048015e-11,6.103742602362785,7,True,0.959696363044043,0.1092436974789916,rms,13.416407864998739,0.735851371872617,0.8578177964303474,0.29298073423001425,0.5455929217785621,0.9916652480236456,0.9778656126482212,0.8181818181818182,0.3610245892438204,0.2,0.016592776750537837,0.0,0.9121598612548836,0.6439257851769613,0.9984229433484965,0.979123798499695,0.9233201581027666,0.675990675990676,0.22858680158149752,0.785596210934618
r5_final_inverse_map_complete_2026-08-31,breast_cancer,svm,2,RidgeAIME,1e-06,1.0,0.1,0.5,17,15,30,45,0.005974916974082589,0.9766081871345029,0.12315015382775185,X ~= Y A^T,SVD normal-system solve,1.7060874388989675,1.7060874222976818,42.53209245372886,42.532093453728855,72.56346868539637,72.56346968539637,42.53209345372887,7.256346968539635e-11,6.465737310835408,1,True,1.0,0.0,rms,6.708203932499369,0.7493608115322368,0.8656562894892157,0.28000062102481416,0.5349611007074717,0.9677842739036612,0.861528326745718,0.6666666666666666,0.3648359878816701,0.26666666666666666,0.016605448116476806,0.0,0.1092436974789916,1.0,1.0,0.967678396606672,0.8983399209486166,0.5421245421245421,0.232001281256311,0.8106180561722105
r5_final_inverse_map_complete_2026-08-31,breast_cancer,svm,2,HuberRidgeAIME,1e-06,0.5,0.1,0.5,17,15,30,45,0.005974916974082589,0.9766081871345029,0.12315015382775185,X ~= Y A^T,SVD normal-system solve,2.062785427884526,2.0627853873838102,26.24115058327776,26.24115158327776,54.129863034108894,54.1298640341089,26.24115158327776,5.412986403410889e-11,5.778624651332959,14,True,0.6953915425527363,0.773109243697479,rms,3.3541019662496847,0.7390740177912861,0.859694142001262,0.28988435792584866,0.5428571684588965,0.9917346650439173,0.9869565217391303,0.8181818181818182,0.36073127095864294,0.2,0.015001563931188271,0.0,0.9593120554659014,0.16587939610409902,0.7603317114568144,0.9869010973343826,0.9641897233201581,0.8046620046620045,0.31445404623620177,0.761824485927023
r5_final_inverse_map_complete_2026-08-31,breast_cancer,svm,2,HuberRidgeAIME,1e-06,1.0,0.1,0.5,17,15,30,45,0.005974916974082589,0.9766081871345029,0.12315015382775185,X ~= Y A^T,SVD normal-system solve,1.7390319117768012,1.7390318922163737,37.78199084852538,37.78199184852538,65.7040877760447,65.7040887760447,37.78199184852538,6.570408877604469e-11,5.832468440246161,9,True,0.8983206099071731,0.2184873949579832,rms,6.708203932499369,0.7364251579160679,0.8581521764326348,0.2924294302538901,0.545399223365551,0.9968426377197691,0.9922266139657443,1.0,0.3612803929697513,0.26666666666666666,0.015059547607407412,0.0,0.9625800293221105,0.33313465913528273,0.9676358680207068,0.9863251504256777,0.9597628458498022,0.7682983682983683,0.24030754662984433,0.7658523974848173
r5_final_inverse_map_complete_2026-08-31,breast_cancer,svm,2,HuberRidgeAIME,1e-06,2.0,0.1,0.5,17,15,30,45,0.005974916974082589,0.9766081871345029,0.12315015382775185,X ~= Y A^T,SVD normal-system solve,1.6927265326424967,1.6927265157452842,40.996496245856086,40.996497245856084,69.39585694073911,69.3958579407391,40.996497245856084,6.939585794073909e-11,6.103742464422359,7,True,0.9596963630186952,0.1092436974789916,rms,13.416407864998739,0.7358513721070781,0.8578177965670087,0.2929807340047398,0.5455929216546295,0.9916652480003796,0.9778656126482212,0.8181818181818182,0.3610245891612935,0.2,0.016592776777834835,0.0,0.9121598612548836,0.6439257851830374,0.9984229433192947,0.9791237984158192,0.9233201581027666,0.675990675990676,0.2285867972720121,0.7855962011198584
r5_final_inverse_map_complete_2026-08-31,breast_cancer,svm,2,RidgeAIME,1e-05,1.0,0.1,0.5,17,15,30,45,0.005974916974082589,0.9766081871345029,0.12315015382775185,X ~= Y A^T,SVD normal-system solve,1.7060874388989675,1.7060872728861445,42.53209245372886,42.53210245372887,72.56346868539637,72.56347868539638,42.53210245372887,7.256347868539637e-11,6.465736049138964,1,True,1.0,0.0,rms,6.708203932499369,0.7493608046568083,0.8656562855179926,0.28000062763084976,0.5349610995299224,0.9677842728066253,0.861528326745718,0.6666666666666666,0.36483598683944035,0.26666666666666666,0.01660544827922342,0.0,0.1092436974789916,1.0,1.0,0.9676783949791586,0.8983399209486166,0.5421245421245421,0.232001243222733,0.8106179714258265
r5_final_inverse_map_complete_2026-08-31,breast_cancer,svm,2,HuberRidgeAIME,1e-05,0.5,0.1,0.5,17,15,30,45,0.005974916974082589,0.9766081871345029,0.12315015382775185,X ~= Y A^T,SVD normal-system solve,2.0627853418078543,2.0627849368008815,26.241151607238905,26.241161607238908,54.12986288757003,54.12987288757002,26.241161607238908,5.412987288757002e-11,5.778622600551763,14,True,0.6953915508798286,0.773109243697479,rms,3.3541019662496847,0.7390740356971596,0.8596941524153573,0.28988434072156255,0.5428571557288249,0.991734657968781,0.9869565217391303,0.8181818181818182,0.36073126843233394,0.2,0.01500156463765118,0.0,0.9593120554659014,0.1658793964154081,0.7603317207669745,0.9869010960759852,0.9641897233201581,0.8046620046620045,0.3144539513714125,0.7618243317998442
r5_final_inverse_map_complete_2026-08-31,breast_cancer,svm,2,HuberRidgeAIME,1e-05,1.0,0.1,0.5,17,15,30,45,0.005974916974082589,0.9766081871345029,0.12315015382775185,X ~= Y A^T,SVD normal-system solve,1.7390319247941477,1.7390317291899149,37.78199061388245,37.78200061388245,65.70408785981442,65.70409785981442,37.78200061388245,6.570409785981442e-11,5.832467126524257,9,True,0.8983206084394996,0.2184873949579832,rms,6.708203932499369,0.7364251658547913,0.8581521810581101,0.2924294226262215,0.5453992200633266,0.99684263725799,0.9922266139657443,1.0,0.36128039225536107,0.26666666666666666,0.015059548124840333,0.0,0.9625800293221105,0.33313465951577653,0.9676358663263712,0.9863251494607737,0.9597628458498022,0.7682983682983683,0.24030750591667796,0.7658522996630727
r5_final_inverse_map_complete_2026-08-31,breast_cancer,svm,2,HuberRidgeAIME,1e-05,2.0,0.1,0.5,17,15,30,45,0.005974916974082589,0.9766081871345029,0.12315015382775185,X ~= Y A^T,SVD normal-system solve,1.6927265335457395,1.6927263645736497,40.996496225357156,40.99650622535716,69.39585694306982,69.39586694306982,40.996506225357166,6.939586694306982e-11,6.103741222958827,7,True,0.9596963627905636,0.1092436974789916,rms,13.416407864998739,0.73585137421724,0.8578177977969681,0.29298073197725816,0.5455929205392355,0.9916652477909847,0.9778656126482212,0.8181818181818182,0.36102458841854973,0.2,0.01659277702350772,0.0,0.9121598612548836,0.6439257852377213,0.998422943056478,0.9791237976609377,0.9233201581027666,0.675990675990676,0.2285867584866507,0.7855961127870331
r5_final_inverse_map_complete_2026-08-31,breast_cancer,svm,2,RidgeAIME,0.0001,1.0,0.1,0.5,17,15,30,45,0.005974916974082589,0.9766081871345029,0.12315015382775185,X ~= Y A^T,SVD normal-system solve,1.7060874388989675,1.7060857787742518,42.53209245372886,42.53219245372887,72.56346868539637,72.56356868539638,42.53219245372887,7.256356868539637e-11,6.465723432202875,1,True,1.0,0.0,rms,6.708203932499369,0.7493607359039808,0.8656562458066024,0.2800006936898062,0.534961087754399,0.9677842618362786,0.861528326745718,0.6666666666666666,0.3648359764171562,0.26666666666666666,0.016605449906686574,0.0,0.1092436974789916,1.0,1.0,0.9676783787040393,0.8983399209486166,0.5421245421245421,0.23200086288765592,0.8106171239629814
r5_final_inverse_map_complete_2026-08-31,breast_cancer,svm,2,HuberRidgeAIME,0.0001,0.5,0.1,0.5,17,15,30,45,0.005974916974082589,0.9766081871345029,0.12315015382775185,X ~= Y A^T,SVD normal-system solve,2.0627844810521405,2.0627804310011664,26.24116184670853,26.24126184670853,54.12986142216788,54.12996142216788,26.241261846708525,5.4129961422167886e-11,5.778602092837088,14,True,0.6953916341494184,0.773109243697479,rms,3.3541019662496847,0.7390742147584112,0.8596942565577667,0.2898841686762835,0.5428570284281223,0.9917345872173617,0.9869565217391303,0.8181818181818182,0.3607312431693506,0.2,0.015001571702233152,0.0,0.9593120554659014,0.16587939952845632,0.7603318138670836,0.9869010834918901,0.9641897233201581,0.8046620046620045,0.3144530027286068,0.7618227905323589
r5_final_inverse_map_complete_2026-08-31,breast_cancer,svm,2,HuberRidgeAIME,0.0001,1.0,0.1,0.5,17,15,30,45,0.005974916974082589,0.9766081871345029,0.12315015382775185,X ~= Y A^T,SVD normal-system solve,1.7390320549672909,1.7390300989291552,37.781988267459504,37.78208826745951,65.70408869751017,65.70418869751018,37.782088267459514,6.570418869751016e-11,5.832453989339506,9,True,0.8983205937628118,0.2184873949579832,rms,6.708203932499369,0.7364252452432518,0.8581522273135762,0.2924293463483574,0.5453991870410463,0.9968426326401999,0.9922266139657443,1.0,0.36128038511146826,0.26666666666666666,0.015059553299154024,0.0,0.9625800293221105,0.3331346633206682,0.9676358493830747,0.9863251398117393,0.9597628458498022,0.7682983682983683,0.24030709878576023,0.7658513214469684
r5_final_inverse_map_complete_2026-08-31,breast_cancer,svm,2,HuberRidgeAIME,0.0001,2.0,0.1,0.5,17,15,30,45,0.005974916974082589,0.9766081871345029,0.12315015382775185,X ~= Y A^T,SVD normal-system solve,1.6927265425781681,1.692724852860948,40.996496020367765,40.99659602036777,69.39585696637675,69.39595696637676,40.99659602036777,6.939595696637674e-11,6.103728808352553,7,True,0.9596963605092476,0.1092436974789916,rms,13.416407864998739,0.7358513953200845,0.857817810097275,0.2929807117012647,0.54559290938526,0.9916652456970382,0.9778656126482212,0.8181818181818182,0.36102458099112633,0.2,0.016592779480231964,0.0,0.9121598612548836,0.6439257857844984,0.9984229404283205,0.9791237901121261,0.9233201581027666,0.675990675990676,0.22858637063378123,0.7855952294598596
r5_final_inverse_map_complete_2026-08-31,breast_cancer,svm,2,RidgeAIME,0.001,1.0,0.1,0.5,17,15,30,45,0.005974916974082589,0.9766081871345029,0.12315015382775185,X ~= Y A^T,SVD normal-system solve,1.7060874388989675,1.7060708380030958,42.53209245372886,42.53309245372887,72.56346868539637,72.56446868539636,42.53309245372886,7.256446868539638e-11,6.465597265675066,1,True,1.0,0.0,rms,6.708203932499369,0.7493600485213222,0.8656558487767076,0.28000135413945826,0.5349609699961383,0.9677841521342402,0.861528326745718,0.6666666666666666,0.3648358721957288,0.26666666666666666,0.016605466181021083,0.0,0.1092436974789916,1.0,1.0,0.967678215954462,0.8983399209486166,0.5421245421245421,0.23199705960709335,0.8106086494338732
r5_final_inverse_map_complete_2026-08-31,breast_cancer,svm,2,HuberRidgeAIME,0.001,0.5,0.1,0.5,17,15,30,45,0.005974916974082589,0.9766081871345029,0.12315015382775185,X ~= Y A^T,SVD normal-system solve,2.062775874595268,2.0627353759604934,26.241264227224473,26.242264227224474,54.12984676679849,54.130846766798484,26.24226422722448,5.4130846766798485e-11,5.778397025414672,14,True,0.6953924667119561,0.773109243697479,rms,3.3541019662496847,0.7390760056226037,0.8596952981275422,0.2898824479816774,0.54285575542254,0.991733879697624,0.9869565217391303,0.8181818181818182,0.3607309905502611,0.2,0.015001642343341948,0.0,0.9593120554659014,0.16587943065467478,0.7603327447189812,0.9869009576392,0.9639789196310936,0.8046620046620045,0.3144435168090455,0.7618073782875242
r5_final_inverse_map_complete_2026-08-31,breast_cancer,svm,2,HuberRidgeAIME,0.001,1.0,0.1,0.5,17,15,30,45,0.005974916974082589,0.9766081871345029,0.12315015382775185,X ~= Y A^T,SVD normal-system solve,1.739033356665668,1.739013796703645,37.78196480387345,37.782964803873455,65.70409707430417,65.70509707430416,37.782964803873455,6.570509707430418e-11,5.832322620924043,9,True,0.898320447000531,0.2184873949579832,rms,6.708203932499369,0.7364260392503978,0.858152689939499,0.2924285834519752,0.5453988568147061,0.9968425864623849,0.9922266139657443,1.0,0.36128031367342156,0.26666666666666666,0.01505960504073663,0.0,0.9625800293221105,0.3331347013649721,0.9676356799558353,0.9863250433219806,0.9597364953886693,0.7682983682983683,0.240303027551012,0.7658415394203013
r5_final_inverse_map_complete_2026-08-31,breast_cancer,svm,2,HuberRidgeAIME,0.001,2.0,0.1,0.5,17,15,30,45,0.005974916974082589,0.9766081871345029,0.12315015382775185,X ~= Y A^T,SVD normal-system solve,1.6927266329026192,1.6927097360983077,40.9964939704607,40.99749397046069,69.39585719943047,69.39685719943047,40.99749397046069,6.939685719943048e-11,6.103604665192654,7,True,0.9596963376960436,0.1092436974789916,rms,13.416407864998739,0.7358516064711397,0.8578179331718006,0.2929805088235238,0.5455927978419388,0.991665224757938,0.9778656126482212,0.8181818181818182,0.3610245067181841,0.2,0.01659280404701354,0.0,0.9121598612548836,0.6439257912462198,0.9984229141474371,0.9791237146243746,0.9233201581027666,0.675990675990676,0.22858249217952287,0.7855863962958555
r5_final_inverse_map_complete_2026-08-31,breast_cancer,svm,2,RidgeAIME,0.01,1.0,0.1,0.5,17,15,30,45,0.005974916974082589,0.9766081871345029,0.12315015382775185,X ~= Y A^T,SVD normal-system solve,1.7060874388989675,1.7059214650603114,42.53209245372886,42.54209245372886,72.56346868539637,72.57346868539636,42.54209245372886,7.257346868539636e-11,6.464335883639746,1,True,1.0,0.0,rms,6.708203932499369,0.7493531892503796,0.8656518868750761,0.28000794465065515,0.5349597921110452,0.9677830552567434,0.861528326745718,0.6666666666666666,0.36483483012279344,0.26666666666666666,0.016605628894665884,0.0,0.1092436974789916,1.0,1.0,0.9676765886201135,0.8983399209486166,0.5421245421245421,0.23195903382093896,0.8105239140755504
r5_final_inverse_map_complete_2026-08-31,breast_cancer,svm,2,HuberRidgeAIME,0.01,0.5,0.1,0.5,17,15,30,45,0.005974916974082589,0.9766081871345029,0.12315015382775185,X ~= Y A^T,SVD normal-system solve,2.0626899199490865,2.0622851209555697,26.24228661557931,26.25228661557931,54.12970007837027,54.13970007837027,26.25228661557931,5.413970007837026e-11,5.776347323056734,14,True,0.6954007790122138,0.773109243697479,rms,3.3541019662496847,0.7390939394052808,0.8597057283776123,0.2898652168799284,0.5428430255124111,0.9917268039472296,0.9869565217391303,0.8181818181818182,0.36072846543347936,0.2,0.01500234828388861,0.0,0.9593120554659014,0.16587974149080148,0.7603420383308773,0.9868996979392575,0.9639789196310936,0.8046620046620045,0.31434870842445173,0.7616532988191971
r5_final_inverse_map_complete_2026-08-31,breast_cancer,svm,2,HuberRidgeAIME,0.01,1.0,0.1,0.5,17,15,30,45,0.005974916974082589,0.9766081871345029,0.12315015382775185,X ~= Y A^T,SVD normal-system solve,1.739046370345165,1.7388508126488647,37.78173023232887,37.79173023232887,65.70418082589171,65.71418082589172,37.791730232328874,6.571418082589172e-11,5.831009279880507,9,True,0.8983189798373523,0.2184873949579832,rms,6.708203932499369,0.7364339915691246,0.8581573233208026,0.29242094272075914,0.5453955541978532,0.9968421246928526,0.9922266139657443,1.0,0.36127959938105775,0.26666666666666666,0.015060122301170892,0.0,0.9625800293221105,0.3331350813469226,0.9676339862559898,0.9863240784826246,0.9597364953886693,0.7682983682983683,0.24026232264519665,0.765743732588544
r5_final_inverse_map_complete_2026-08-31,breast_cancer,svm,2,HuberRidgeAIME,0.01,2.0,0.1,0.5,17,15,30,45,0.005974916974082589,0.9766081871345029,0.12315015382775185,X ~= Y A^T,SVD normal-system solve,1.6927275361642602,1.6925586049010861,40.99647347007325,41.00647347007324,69.39585952842054,69.40585952842056,41.00647347007324,6.940585952842056e-11,6.102363523811286,7,True,0.9596961095596431,0.1092436974789916,rms,13.416407864998739,0.7358537302368614,0.8578191710592982,0.29297846827112595,0.5455916820522977,0.9916650154034231,0.9778656126482212,0.8181818181818182,0.36102376411788206,0.2,0.01659304966874894,0.0,0.9121598612548836,0.6439258452585721,0.9984226514078877,0.9791229597832374,0.9233201581027666,0.675990675990676,0.22854371507919943,0.7854980754274572
r5_final_inverse_map_complete_2026-08-31,breast_cancer,svm,2,RidgeAIME,0.1,1.0,0.1,0.5,17,15,30,45,0.005974916974082589,0.9766081871345029,0.12315015382775185,X ~= Y A^T,SVD normal-system solve,1.7060874388989675,1.7044312043623546,42.53209245372886,42.63209245372887,72.56346868539637,72.66346868539635,42.63209245372887,7.266346868539635e-11,6.451750321967256,1,True,1.0,0.0,rms,6.708203932499369,0.7492860459915184,0.8656131041010865,0.280072457104387,0.5349479831479803,0.9677721007542222,0.861528326745718,0.6666666666666666,0.36482442351001976,0.26666666666666666,0.016607253066260555,0.0,0.1092436974789916,1.0,1.0,0.9676603314120094,0.8983399209486166,0.5421245421245421,0.23157947657179082,0.8096775521623671
r5_final_inverse_map_complete_2026-08-31,breast_cancer,svm,2,HuberRidgeAIME,0.1,0.5,0.1,0.5,17,15,30,45,0.005974916974082589,0.9766081871345029,0.12315015382775185,X ~= Y A^T,SVD normal-system solve,2.061841263861806,2.0578118681645927,26.25237002402628,26.352370024026282,54.12821978970614,54.22821978970614,26.352370024026282,5.4228219789706134e-11,5.7559469214094845,14,True,0.6954825802719954,0.773109243697479,rms,3.3541019662496847,0.7392757646649476,0.8598114704195028,0.2896905158920633,0.5427157423291492,0.9916559926201624,0.9862977602108036,0.8181818181818182,0.3607033214181165,0.2,0.015009357562420864,0.0,0.9593120554659014,0.16588280756864546,0.7604334957922175,0.9868869847389019,0.9635836627140973,0.8046620046620045,0.31340566763111555,0.7601167804269627
r5_final_inverse_map_complete_2026-08-31,breast_cancer,svm,2,HuberRidgeAIME,0.1,1.0,0.1,0.5,17,15,30,45,0.005974916974082589,0.9766081871345029,0.12315015382775185,X ~= Y A^T,SVD normal-system solve,1.739176177438323,1.7372247833973349,37.77939093346044,37.879390933460435,65.70501670960377,65.80501670960378,37.87939093346044,6.580501670960377e-11,5.817910089196671,9,True,0.898304354053146,0.2184873949579832,rms,6.708203932499369,0.7365147326554985,0.8582043653206959,0.29234336522917925,0.5453624929608564,0.996837507875014,0.9922266139657443,1.0,0.36127246527432033,0.26666666666666666,0.015065279404212262,0.0,0.9625800293221105,0.33313883526511595,0.9676171063573383,0.9863143148881415,0.9597364953886693,0.7682983682983683,0.23985601641660753,0.7647670053147061
r5_final_inverse_map_complete_2026-08-31,breast_cancer,svm,2,HuberRidgeAIME,0.1,2.0,0.1,0.5,17,15,30,45,0.005974916974082589,0.9766081871345029,0.12315015382775185,X ~= Y A^T,SVD normal-system solve,1.6927365704241453,1.6910509269376053,40.99626833644997,41.096268336449974,69.39588266403031,69.49588266403029,41.09626833644997,6.94958826640303e-11,6.0899810617052506,7,True,0.959693827774306,0.1092436974789916,rms,13.416407864998739,0.7358761876676655,0.8578322607990827,0.2929568907666936,0.5455804886725183,0.9916629254978524,0.9782608695652172,0.8181818181818182,0.3610163510039873,0.2,0.016595501286164875,0.0,0.9121598612548836,0.6439263251751731,0.9984200309232564,0.9791154150189667,0.9231884057971012,0.675990675990676,0.22815668681414722,0.7846159420894115
r5_final_inverse_map_complete_2026-08-31,breast_cancer,svm,2,RidgeAIME,1.0,1.0,0.1,0.5,17,15,30,45,0.005974916974082589,0.9766081871345029,0.12315015382775185,X ~= Y A^T,SVD normal-system solve,1.7060874388989675,1.6898675101268903,42.53209245372886,43.53209245372886,72.56346868539637,73.56346868539637,43.53209245372888,7.356346868539636e-11,6.328656482154058,1,True,1.0,0.0,rms,6.708203932499369,0.748753643376844,0.8653055202509944,0.28058399913598386,0.5348270152886941,0.9676639669095245,0.8590250329380763,0.6666666666666666,0.36472175191115197,0.26666666666666666,0.016623203386599977,0.0,0.1092436974789916,1.0,1.0,0.9674993655179496,0.898129117259552,0.5421245421245421,0.2278526561661195,0.8013115229215374
r5_final_inverse_map_complete_2026-08-31,breast_cancer,svm,2,HuberRidgeAIME,1.0,0.5,0.1,0.5,17,15,30,45,0.005974916974082589,0.9766081871345029,0.12315015382775185,X ~= Y A^T,SVD normal-system solve,2.0541336368887073,2.0155775474011346,26.340263260579817,27.340263260579817,54.106420768060815,55.106420768060815,27.340263260579817,5.5106420768060824e-11,5.560993263832244,14,True,0.6961303549289596,0.7815126050420168,rms,3.3541019662496847,0.7413175937055679,0.8609980218941086,0.28772868973489596,0.5414469031184014,0.9909456302949765,0.9864295125164689,0.8181818181818182,0.3604670941605382,0.2,0.015074723218792618,0.0,0.9593120554659014,0.16590984596397998,0.7611573984812684,0.9867365733153864,0.9628985507246377,0.8046620046620045,0.3043995118716144,0.7451523690056439
r5_final_inverse_map_complete_2026-08-31,breast_cancer,svm,2,HuberRidgeAIME,1.0,1.0,0.1,0.5,17,15,30,45,0.005974916974082589,0.9766081871345029,0.12315015382775185,X ~= Y A^T,SVD normal-system solve,1.7404419932965198,1.7213370790541196,37.75662480877461,38.75662480877461,65.71321534233252,66.71321534233252,38.75662480877462,6.671321534233252e-11,5.690251162239209,9,True,0.8981625674227082,0.2184873949579832,rms,6.708203932499369,0.7374373728421468,0.8587417381507357,0.29145687590230074,0.5450286413672311,0.9967914428332026,0.9922266139657443,1.0,0.3612020113972314,0.26666666666666666,0.015116432932661721,0.0,0.9625800293221105,0.33317198454666996,0.9674538653225996,0.9862155754662272,0.9599472990777338,0.7682983682983683,0.23586592392357675,0.755131436160837
r5_final_inverse_map_complete_2026-08-31,breast_cancer,svm,2,HuberRidgeAIME,1.0,2.0,0.1,0.5,17,15,30,45,0.005974916974082589,0.9766081871345029,0.12315015382775185,X ~= Y A^T,SVD normal-system solve,1.692827012523586,1.6763288552551714,40.99420585291578,41.99420585291578,69.39609902476833,70.39609902476833,41.99420585291578,7.039609902476833e-11,5.9689832393862075,7,True,0.9596709819321264,0.1092436974789916,rms,13.416407864998739,0.7362171944631982,0.8580309985444572,0.292629245289066,0.5454651618069104,0.991642381432745,0.9776021080368906,0.8181818181818182,0.36094348623541933,0.2,0.016619565444180487,0.0,0.9121598612548836,0.6439253734822216,0.9983944999495675,0.9790403412864102,0.9242160737812911,0.675990675990676,0.22435922074582648,0.7759003594156645
r5_final_inverse_map_complete_2026-08-31,breast_cancer,mlp,2,RidgeAIME,0.0,1.0,0.1,0.5,17,15,30,45,0.020263458020053804,0.9122807017543859,0.4138653490793386,X ~= Y A^T,SVD normal-system solve,5.209411031898552,5.209411031898552,11.621565008684025,11.621565008684025,60.54150896416474,60.54150896416474,11.621565008684023,6.054150896416474e-11,14.037542826348524,1,True,1.0,0.0,rms,6.708203932499369,0.6434344815685276,0.8021436788808646,0.3446754811833441,0.5953177888701066,0.9895047870488118,0.9277997364953887,0.5384615384615384,0.32873890692303687,0.2,0.015597248302456887,0.0,0.1092436974789916,1.0,1.0,0.9845713078451283,0.9558102766798419,0.7016317016317017,0.7167886254002352,1.1472910942361016
r5_final_inverse_map_complete_2026-08-31,breast_cancer,mlp,2,HuberRidgeAIME,0.0,0.5,0.1,0.5,17,15,30,45,0.020263458020053804,0.9122807017543859,0.4138653490793386,X ~= Y A^T,SVD normal-system solve,5.387256019869273,5.387256019869273,8.038964769598893,8.038964769598893,43.30796134853864,43.30796134853864,8.038964769598891,4.3307961348538635e-11,13.677584901616065,15,True,0.7229778798029046,0.6890756302521008,rms,3.3541019662496847,0.6363862211509504,0.7977381908564679,0.3518539865307472,0.5996068409257757,0.9966172012048213,0.9806324110671936,0.6666666666666666,0.33783688207822204,0.13333333333333333,0.011042941872922634,0.0,0.958945755099601,0.14220292769342385,0.7942049965710485,0.9958059328984057,0.9710408432147561,0.7272727272727273,0.7313676151179679,1.1360094192776131
r5_final_inverse_map_complete_2026-08-31,breast_cancer,mlp,2,HuberRidgeAIME,0.0,1.0,0.1,0.5,17,15,30,45,0.020263458020053804,0.9122807017543859,0.4138653490793386,X ~= Y A^T,SVD normal-system solve,5.032691066318932,5.032691066318932,10.667829178515808,10.667829178515808,53.68788860373294,53.68788860373294,10.66782917851581,5.3687888603732943e-11,13.771988944273408,8,True,0.8878624072899405,0.2184873949579832,rms,6.708203932499369,0.6289952082698415,0.7930921814454115,0.35938157807056215,0.6056055746644412,0.9983968856188551,0.9795783926218706,0.6666666666666666,0.3366240798457819,0.2,0.010706603059505194,0.0,0.958945755099601,0.28439954902858605,0.9618720031144462,0.9957200384882798,0.9715678524374175,0.7682983682983684,0.7018002718811727,1.1389966653946038
r5_final_inverse_map_complete_2026-08-31,breast_cancer,mlp,2,HuberRidgeAIME,0.0,2.0,0.1,0.5,17,15,30,45,0.020263458020053804,0.9122807017543859,0.4138653490793386,X ~= Y A^T,SVD normal-system solve,5.0923595467085505,5.0923595467085505,11.294822516333785,11.294822516333785,57.51729726943104,57.51729726943104,11.294822516333785,5.751729726943105e-11,13.975918656196296,7,True,0.949945696582428,0.11764705882352941,rms,13.416407864998739,0.6275234398463322,0.7921637708493946,0.36088054332899,0.6071468607282766,0.9977949034854112,0.9691699604743081,0.5384615384615384,0.3335354772959475,0.2,0.013257150380777424,0.0,0.958945755099601,0.5692952208455788,0.9966292454935511,0.9929507515820253,0.9659025032938076,0.6456876456876457,0.7069190594825829,1.1453803642653801
r5_final_inverse_map_complete_2026-08-31,breast_cancer,mlp,2,RidgeAIME,1e-06,1.0,0.1,0.5,17,15,30,45,0.020263458020053804,0.9122807017543859,0.4138653490793386,X ~= Y A^T,SVD normal-system solve,5.209411031898552,5.2094106696916835,11.621565008684025,11.621566008684022,60.54150896416474,60.54150996416474,11.621566008684024,6.054150996416475e-11,14.037541627157047,1,True,1.0,0.0,rms,6.708203932499369,0.6434344781396767,0.8021436767435599,0.34467548467555675,0.5953177873167085,0.9895047865231165,0.9277997364953887,0.5384615384615384,0.3287389068303646,0.2,0.015597248451737818,0.0,0.1092436974789916,1.0,1.0,0.9845713072880716,0.9558102766798419,0.7016317016317017,0.716788595204029,1.1472910571354304
r5_final_inverse_map_complete_2026-08-31,breast_cancer,mlp,2,HuberRidgeAIME,1e-06,0.5,0.1,0.5,17,15,30,45,0.020263458020053804,0.9122807017543859,0.4138653490793386,X ~= Y A^T,SVD normal-system solve,5.387256073515327,5.387255527766505,8.038964725893196,8.038965725893197,43.3079615443436,43.3079625443436,8.038965725893199,4.33079625443436e-11,13.677583032273818,15,True,0.7229778836476379,0.6890756302521008,rms,3.3541019662496847,0.6363862199086039,0.7977381900777998,0.35185398779605115,0.5996068386160961,0.9966172004133712,0.9806324110671936,0.6666666666666666,0.33783688198627104,0.13333333333333333,0.011042942025607835,0.0,0.958945755099601,0.14220292764837905,0.7942050008928301,0.9958059327517462,0.9710408432147561,0.7272727272727273,0.7313675754470248,1.1360093599217338
r5_final_inverse_map_complete_2026-08-31,breast_cancer,mlp,2,HuberRidgeAIME,1e-06,1.0,0.1,0.5,17,15,30,45,0.020263458020053804,0.9122807017543859,0.4138653490793386,X ~= Y A^T,SVD normal-system solve,5.032691076180727,5.032690698157172,10.667829148306225,10.667830148306225,53.687888556901385,53.68788955690138,10.667830148306225,5.368788955690138e-11,13.77198762552095,8,True,0.8878624067019907,0.2184873949579832,rms,6.708203932499369,0.6289952066942981,0.79309218045212,0.35938157967522,0.6056055740571551,0.998396885416627,0.9795783926218706,0.6666666666666666,0.3366240796757621,0.2,0.0107066032436613,0.0,0.958945755099601,0.28439954892411046,0.9618720024672023,0.9957200383327311,0.9715678524374175,0.7682983682983684,0.701800240110769,1.1389966238082398
r5_final_inverse_map_complete_2026-08-31,breast_cancer,mlp,2,HuberRidgeAIME,1e-06,2.0,0.1,0.5,17,15,30,45,0.020263458020053804,0.9122807017543859,0.4138653490793386,X ~= Y A^T,SVD normal-system solve,5.092359546763624,5.092359184441936,11.294822516054692,11.294823516054691,57.51729726863185,57.51729826863186,11.294823516054691,5.751729826863185e-11,13.975917419586192,7,True,0.9499456965599256,0.11764705882352941,rms,13.416407864998739,0.6275234373286885,0.7921637692603017,0.3608805458931572,0.6071468602797451,0.9977949033803478,0.9691699604743081,0.5384615384615384,0.333535477195085,0.2,0.013257150518663186,0.0,0.958945755099601,0.5692952205848821,0.9966292455002612,0.9929507513223015,0.9659025032938076,0.6456876456876457,0.7069190285872001,1.1453803258383557
r5_final_inverse_map_complete_2026-08-31,breast_cancer,mlp,2,RidgeAIME,1e-05,1.0,0.1,0.5,17,15,30,45,0.020263458020053804,0.9122807017543859,0.4138653490793386,X ~= Y A^T,SVD normal-system solve,5.209411031898552,5.2094074098326715,11.621565008684025,11.621575008684024,60.54150896416474,60.541518964164744,11.621575008684024,6.054151896416474e-11,14.03753083444307,1,True,1.0,0.0,rms,6.708203932499369,0.6434344472803101,0.8021436575079991,0.3446755161051742,0.5953177733361232,0.9895047817918615,0.9277997364953887,0.5384615384615384,0.3287389059963137,0.2,0.015597249795266239,0.0,0.1092436974789916,1.0,1.0,0.9845713022745629,0.9558102766798419,0.7016317016317017,0.7167883234383124,1.1472907232295335
r5_final_inverse_map_complete_2026-08-31,breast_cancer,mlp,2,HuberRidgeAIME,1e-05,0.5,0.1,0.5,17,15,30,45,0.020263458020053804,0.9122807017543859,0.4138653490793386,X ~= Y A^T,SVD normal-system solve,5.387256556330815,5.387251098847841,8.03896433253725,8.038974332537247,43.30796330657087,43.30797330657087,8.038974332537247,4.330797330657088e-11,13.67756620821636,15,True,0.7229779182499492,0.6890756302521008,rms,3.3541019662496847,0.6363862087281134,0.7977381830701809,0.3518539991831462,0.599606817828995,0.9966171932903198,0.9806324110671936,0.6666666666666666,0.3378368811587205,0.13333333333333333,0.011042943399776071,0.0,0.958945755099601,0.1422029272429744,0.7942050397885404,0.9958059314318021,0.9710408432147561,0.7272727272727273,0.7313672184088785,1.136008825719178
r5_final_inverse_map_complete_2026-08-31,breast_cancer,mlp,2,HuberRidgeAIME,1e-05,1.0,0.1,0.5,17,15,30,45,0.020263458020053804,0.9122807017543859,0.4138653490793386,X ~= Y A^T,SVD normal-system solve,5.032691164936801,5.0326873847042615,10.667828876420165,10.667838876420165,53.687888135417445,53.68789813541745,10.667838876420161,5.368789813541745e-11,13.771975756759879,8,True,0.887862401410444,0.2184873949579832,rms,6.708203932499369,0.6289951925147385,0.7930921715127054,0.35938159411680404,0.6056055685915791,0.9983968835965752,0.9795783926218706,0.6666666666666666,0.33662407814558676,0.2,0.010706604901065593,0.0,0.958945755099601,0.2843995479838287,0.9618719966420101,0.995720036932793,0.9715678524374175,0.7682983682983684,0.7017999541772842,1.1389962495311348
r5_final_inverse_map_complete_2026-08-31,breast_cancer,mlp,2,HuberRidgeAIME,1e-05,2.0,0.1,0.5,17,15,30,45,0.020263458020053804,0.9122807017543859,0.4138653490793386,X ~= Y A^T,SVD normal-system solve,5.092359547259309,5.092355924045293,11.294822513542815,11.294832513542815,57.51729726143914,57.51730726143914,11.294832513542817,5.751730726143913e-11,13.97590629010519,7,True,0.9499456963574032,0.11764705882352941,rms,13.416407864998739,0.6275234146701975,0.7921637549586559,0.36088056897035503,0.6071468562429589,0.9977949024347788,0.9691699604743081,0.5384615384615384,0.33353547628732183,0.2,0.013257151759634928,0.0,0.958945755099601,0.5692952182386101,0.9966292455606515,0.9929507489847857,0.9659025032938076,0.6456876456876457,0.7069187505289029,1.1453799799952913
r5_final_inverse_map_complete_2026-08-31,breast_cancer,mlp,2,RidgeAIME,0.0001,1.0,0.1,0.5,17,15,30,45,0.020263458020053804,0.9122807017543859,0.4138653490793386,X ~= Y A^T,SVD normal-system solve,5.209411031898552,5.209374811520244,11.621565008684025,11.621665008684023,60.54150896416474,60.541608964164745,11.621665008684019,6.054160896416475e-11,14.037422908224059,1,True,1.0,0.0,rms,6.708203932499369,0.6434341387153449,0.8021434651702555,0.3446758303721168,0.5953176335299508,0.989504734479227,0.9277997364953887,0.5384615384615384,0.3287388976558161,0.2,0.015597263230551226,0.0,0.1092436974789916,1.0,1.0,0.984571252139335,0.9558102766798419,0.7016317016317017,0.7167856057949439,1.1472873841849318
r5_final_inverse_map_complete_2026-08-31,breast_cancer,mlp,2,HuberRidgeAIME,0.0001,0.5,0.1,0.5,17,15,30,45,0.020263458020053804,0.9122807017543859,0.4138653490793386,X ~= Y A^T,SVD normal-system solve,5.38726138459245,5.387206810286908,8.03896039850004,8.03906039850004,43.307980927107195,43.30808092710719,8.039060398500038,4.330808092710719e-11,13.677397969906115,15,True,0.7229782642443926,0.6890756302521008,rms,3.3541019662496847,0.6363860969854795,0.7977381130330176,0.35185411299067415,0.5996066099595123,0.9966171220598691,0.9806324110671936,0.6666666666666666,0.33783687288410447,0.13333333333333333,0.011042957141600907,0.0,0.958945755099601,0.14220292318877398,0.7942054287134779,0.9958059182314761,0.9710408432147561,0.7272727272727273,0.7313636480617136,1.13600348372938
r5_final_inverse_map_complete_2026-08-31,breast_cancer,mlp,2,HuberRidgeAIME,0.0001,1.0,0.1,0.5,17,15,30,45,0.020263458020053804,0.9122807017543859,0.4138653490793386,X ~= Y A^T,SVD normal-system solve,5.032692052490694,5.032654250466263,10.66782615757828,10.667926157578279,53.68788392059655,53.68798392059655,10.667926157578277,5.368798392059656e-11,13.771857070247718,8,True,0.8878623484951667,0.2184873949579832,rms,6.708203932499369,0.6289950507519902,0.7930920821392622,0.3593817384991884,0.6056055139357008,0.9983968653960377,0.9795783926218706,0.6666666666666666,0.33662406284400054,0.2,0.01070662147504132,0.0,0.958945755099601,0.28439953858088296,0.9618719383903146,0.9957200229332847,0.9715678524374175,0.7682983682983684,0.7017970948572042,1.1389925067769848
r5_final_inverse_map_complete_2026-08-31,breast_cancer,mlp,2,HuberRidgeAIME,0.0001,2.0,0.1,0.5,17,15,30,45,0.020263458020053804,0.9122807017543859,0.4138653490793386,X ~= Y A^T,SVD normal-system solve,5.092359552216049,5.092323320364467,11.294822488423913,11.294922488423914,57.51729718951015,57.517397189510156,11.294922488423913,5.751739718951016e-11,13.975794996273446,7,True,0.9499456943321544,0.11764705882352941,rms,13.416407864998739,0.6275231881151153,0.792163611961011,0.3608807997119525,0.6071468158748748,0.9977948929790753,0.9691699604743081,0.5384615384615384,0.3335354672097231,0.2,0.013257164169341884,0.0,0.958945755099601,0.5692951947757113,0.9966292461645483,0.9929507256095274,0.9659025032938076,0.6456876456876457,0.7069159699604957,1.145376521579898
r5_final_inverse_map_complete_2026-08-31,breast_cancer,mlp,2,RidgeAIME,0.001,1.0,0.1,0.5,17,15,30,45,0.020263458020053804,0.9122807017543859,0.4138653490793386,X ~= Y A^T,SVD normal-system solve,5.209411031898552,5.209048856162924,11.621565008684025,11.622565008684024,60.54150896416474,60.54250896416474,11.62256500868402,6.054250896416474e-11,14.036343738103477,1,True,1.0,0.0,rms,6.708203932499369,0.6434310559354414,0.8021415435790876,0.34467897011876514,0.5953162354362668,0.9895042613448047,0.9277997364953887,0.5384615384615384,0.3287388142519763,0.2,0.015597397583484957,0.0,0.1092436974789916,1.0,1.0,0.9845707507732648,0.9558102766798419,0.7016317016317017,0.7167584307409064,1.1472539951755738
r5_final_inverse_map_complete_2026-08-31,breast_cancer,mlp,2,HuberRidgeAIME,0.001,0.5,0.1,0.5,17,15,30,45,0.020263458020053804,0.9122807017543859,0.4138653490793386,X ~= Y A^T,SVD normal-system solve,5.387309677873652,5.386763987229153,8.038921010378235,8.039921010378235,43.3081569588725,43.3091569588725,8.039921010378235,4.3309156958872504e-11,13.675715813195346,15,True,0.722981721322687,0.6890756302521008,rms,3.3541019662496847,0.6363849857845852,0.7977374165629849,0.3518552447254695,0.5996045314174979,0.9966164097614508,0.9806324110671936,0.6666666666666666,0.337836790226795,0.13333333333333333,0.011043094574086101,0.0,0.958945755099601,0.14220288263143815,0.7942093147470852,0.9958057861396192,0.9710408432147561,0.7272727272727273,0.7313279480186812,1.1359500674065512
r5_final_inverse_map_complete_2026-08-31,breast_cancer,mlp,2,HuberRidgeAIME,0.001,1.0,0.1,0.5,17,15,30,45,0.020263458020053804,0.9122807017543859,0.4138653490793386,X ~= Y A^T,SVD normal-system solve,5.032700927343999,5.032322937193627,10.66779897103068,10.668798971030679,53.68784177422546,53.68884177422545,10.668798971030679,5.368884177422547e-11,13.770670314979045,8,True,0.887861819361306,0.2184873949579832,rms,6.708203932499369,0.6289936364085854,0.7930911904747053,0.3593831789782703,0.6056049673650414,0.9983966833888542,0.9795783926218706,0.6666666666666666,0.3366239098448758,0.2,0.01070678720807973,0.0,0.958945755099601,0.28439944453858823,0.9618713558961676,0.995719882925628,0.9715678524374175,0.7682983682983684,0.7017685031329597,1.1389550809258517
r5_final_inverse_map_complete_2026-08-31,breast_cancer,mlp,2,HuberRidgeAIME,0.001,2.0,0.1,0.5,17,15,30,45,0.020263458020053804,0.9122807017543859,0.4138653490793386,X ~= Y A^T,SVD normal-system solve,5.092359601776838,5.091997312116481,11.294822237214719,11.295822237214718,57.51729647004292,57.51829647004293,11.295822237214715,5.7518296470042925e-11,13.974682155776843,7,True,0.9499456740772139,0.11764705882352941,rms,13.416407864998739,0.6275209255466586,0.7921621838655634,0.360883104090452,0.607146412171808,0.9977947984206195,0.9691699604743081,0.5384615384615384,0.3335353764369841,0.2,0.013257288265362165,0.0,0.958945755099601,0.5692949601289732,0.9966292522029415,0.9929504918469512,0.9659025032938076,0.6456876456876457,0.7068881657331323,1.1453419389511623
r5_final_inverse_map_complete_2026-08-31,breast_cancer,mlp,2,RidgeAIME,0.01,1.0,0.1,0.5,17,15,30,45,0.020263458020053804,0.9122807017543859,0.4138653490793386,X ~= Y A^T,SVD normal-system solve,5.209411031898552,5.205792076900875,11.621565008684025,11.631565008684023,60.54150896416474,60.55150896416474,11.631565008684024,6.055150896416473e-11,14.025561235940899,1,True,1.0,0.0,rms,6.708203932499369,0.6434005146389257,0.8021225060044916,0.34471007578844326,0.5953022513054982,0.9894995291933271,0.9277997364953887,0.5384615384615384,0.3287379803272749,0.2,0.015598741121119707,0.0,0.1092436974789916,1.0,1.0,0.9845657357340392,0.9558102766798419,0.7016317016317017,0.71648681808403,1.1469202486658407
r5_final_inverse_map_complete_2026-08-31,breast_cancer,mlp,2,HuberRidgeAIME,0.01,0.5,0.1,0.5,17,15,30,45,0.020263458020053804,0.9122807017543859,0.4138653490793386,X ~= Y A^T,SVD normal-system solve,5.387793672407493,5.382341996347076,8.038522369605161,8.048522369605164,43.30989995846477,43.31989995846476,8.04852236960516,4.3319899958464766e-11,13.658916846300443,15,True,0.7230160061466845,0.6890756302521008,rms,3.3541019662496847,0.6363744946774487,0.7977308409967918,0.3518659296979618,0.5995837612241782,0.9966092873768225,0.9806324110671936,0.6666666666666666,0.33783597251200886,0.13333333333333333,0.011044470317333592,0.0,0.958945755099601,0.14220247552996543,0.7942478542411878,0.9958044563927688,0.9710408432147561,0.7272727272727273,0.7309712895644,1.135416261107888
r5_final_inverse_map_complete_2026-08-31,breast_cancer,mlp,2,HuberRidgeAIME,0.01,1.0,0.1,0.5,17,15,30,45,0.020263458020053804,0.9122807017543859,0.4138653490793386,X ~= Y A^T,SVD normal-system solve,5.032789607349842,5.029012712665495,10.667527292629844,10.677527292629843,53.68742049446827,53.69742049446827,10.677527292629845,5.369742049446827e-11,13.758813737533554,8,True,0.8878565299167552,0.2184873949579832,rms,6.708203932499369,0.628979820780758,0.7930824804399338,0.3593972499053306,0.6055995004717599,0.9983948631364382,0.9795783926218706,0.6666666666666666,0.3366223815257026,0.2,0.010708443866979656,0.0,0.958945755099601,0.2843985028353184,0.9618655332380633,0.9957184815928773,0.9715678524374175,0.7682983682983684,0.7014827334601589,1.1385809913521139
r5_final_inverse_map_complete_2026-08-31,breast_cancer,mlp,2,HuberRidgeAIME,0.01,2.0,0.1,0.5,17,15,30,45,0.020263458020053804,0.9122807017543859,0.4138653490793386,X ~= Y A^T,SVD normal-system solve,5.092360096722043,5.088740083137612,11.294819723115623,11.304819723115623,57.51728925766311,57.527289257663114,11.304819723115628,5.75272892576631e-11,13.963563524222252,7,True,0.9499454712833384,0.11764705882352941,rms,13.416407864998739,0.627498597587208,0.7921480906921433,0.36090584464866315,0.6071423729194265,0.9977938526943342,0.9691699604743081,0.5384615384615384,0.3335344690340941,0.2,0.01325852912072684,0.0,0.958945755099601,0.5692926118918057,0.9966293125294698,0.992948153222233,0.9659025032938076,0.6456876456876457,0.7066102690415341,1.144996265093132
r5_final_inverse_map_complete_2026-08-31,breast_cancer,mlp,2,RidgeAIME,0.1,1.0,0.1,0.5,17,15,30,45,0.020263458020053804,0.9122807017543859,0.4138653490793386,X ~= Y A^T,SVD normal-system solve,5.209411031898552,5.173499350917558,11.621565008684025,11.721565008684022,60.54150896416474,60.64150896416474,11.721565008684022,6.064150896416473e-11,13.918648271734046,1,True,1.0,0.0,rms,6.708203932499369,0.6431232856091159,0.8019496777286689,0.34499242773843386,0.5951620925034317,0.9894521273779353,0.9277997364953887,0.5384615384615384,0.3287296524872124,0.2,0.015612177242225845,0.0,0.1092436974789916,1.0,1.0,0.9845154481777543,0.9558102766798419,0.7016317016317017,0.7137843989352125,1.1435970602291412
r5_final_inverse_map_complete_2026-08-31,breast_cancer,mlp,2,HuberRidgeAIME,0.1,0.5,0.1,0.5,17,15,30,45,0.020263458020053804,0.9122807017543859,0.4138653490793386,X ~= Y A^T,SVD normal-system solve,5.392747489999098,5.338742955418148,8.034034528923936,8.134034528923937,43.32551954042064,43.425519540420645,8.13403452892394,4.3425519540420647e-11,13.493154144425919,15,True,0.7233286899527008,0.680672268907563,rms,3.3541019662496847,0.6363302320487141,0.7977030976802798,0.3519110102566013,0.5993774033710118,0.9965381616893871,0.9806324110671936,0.6666666666666666,0.3378286759464939,0.13333333333333333,0.011058356547266205,0.0,0.958945755099601,0.14219825598358246,0.7945994035526868,0.995790326262143,0.9707246376811594,0.7272727272727273,0.7274390113746989,1.1301134817254372
r5_final_inverse_map_complete_2026-08-31,breast_cancer,mlp,2,HuberRidgeAIME,0.1,1.0,0.1,0.5,17,15,30,45,0.020263458020053804,0.9122807017543859,0.4138653490793386,X ~= Y A^T,SVD normal-system solve,5.0336695893929635,4.996198770975339,10.664829165022379,10.76482916502238,53.6832262440443,53.7832262440443,10.764829165022375,5.3783226244044306e-11,13.64133553163087,8,True,0.8878038276321274,0.2184873949579832,rms,6.708203932499369,0.6288738517925485,0.7930156693234683,0.359505177096361,0.605544713886505,0.9983766428144655,0.9791831357048747,0.6666666666666666,0.3366072639363379,0.2,0.010724943709210285,0.0,0.958945755099601,0.28438896108435713,0.9618075376804388,0.9957043437024471,0.9709881422924902,0.7682983682983684,0.6986397082090097,1.1348568912606454
r5_final_inverse_map_complete_2026-08-31,breast_cancer,mlp,2,HuberRidgeAIME,0.1,2.0,0.1,0.5,17,15,30,45,0.020263458020053804,0.9122807017543859,0.4138653490793386,X ~= Y A^T,SVD normal-system solve,5.0923649806269955,5.056450642539318,11.294794387235081,11.394794387235086,57.51721540093827,57.617215400938264,11.394794387235084,5.761721540093827e-11,13.853345959788935,7,True,0.9499434195086891,0.11764705882352941,rms,13.416407864998739,0.6273045857187818,0.7920256218827657,0.3611034416658625,0.6071017591273038,0.9977843813162395,0.9691699604743081,0.5384615384615384,0.3335254271657259,0.2,0.013270927280044758,0.0,0.958945755099601,0.5692689577022673,0.9966299101075898,0.9929246675039319,0.9659025032938076,0.6456876456876457,0.7038457723247131,1.1415546799978278
r5_final_inverse_map_complete_2026-08-31,breast_cancer,mlp,2,RidgeAIME,1.0,1.0,0.1,0.5,17,15,30,45,0.020263458020053804,0.9122807017543859,0.4138653490793386,X ~= Y A^T,SVD normal-system solve,5.209411031898552,4.875901595548754,11.621565008684025,12.621565008684021,60.54150896416474,61.54150896416474,12.621565008684023,6.154150896416475e-11,12.933499283471336,1,True,1.0,0.0,rms,6.708203932499369,0.6427564051575265,0.8017209022830367,0.34536608778042444,0.5937305998271428,0.9889704925907749,0.9268774703557312,0.5384615384615384,0.32864754765374665,0.2,0.015746532031546308,0.0,0.1092436974789916,1.0,1.0,0.9839995259693864,0.9555994729907773,0.7016317016317017,0.688054932192157,1.111716043356516
r5_final_inverse_map_complete_2026-08-31,breast_cancer,mlp,2,HuberRidgeAIME,1.0,0.5,0.1,0.5,17,15,30,45,0.020263458020053804,0.9122807017543859,0.4138653490793386,X ~= Y A^T,SVD normal-system solve,5.448435691346073,4.951162095405383,7.945650297259395,8.945650297259396,43.29136467054262,44.29136467054262,8.9456502972594,4.429136467054262e-11,12.024513606846911,14,True,0.7232120386757743,0.6722689075630253,rms,3.3541019662496847,0.640590954070473,0.8003692610729581,0.3475715542766946,0.5974674065907197,0.9958202421531264,0.9799736495388669,0.6666666666666666,0.3378104358610934,0.2,0.011198231370896096,0.0,0.9589457550996012,0.14214505765835,0.7944749703099866,0.9955696560179067,0.9723320158102767,0.793939393939394,0.6947071448707137,1.0800675181323838
r5_final_inverse_map_complete_2026-08-31,breast_cancer,mlp,2,HuberRidgeAIME,1.0,1.0,0.1,0.5,17,15,30,45,0.020263458020053804,0.9122807017543859,0.4138653490793386,X ~= Y A^T,SVD normal-system solve,5.041822551239545,4.6945766050633795,10.63965366838014,11.63965366838014,53.64324580261754,54.64324580261754,11.639653668380145,5.4643245802617533e-11,12.566182900918392,8,True,0.8872981103701686,0.2184873949579832,rms,6.708203932499369,0.6305124189279913,0.7940481212924008,0.3578363308496302,0.6049860456443039,0.9981928730363289,0.9776021080368906,0.6666666666666666,0.33647113338410684,0.2,0.010883655131125219,0.0,0.958945755099601,0.28428393180696576,0.9612526794392404,0.9955514559990684,0.9708563899868246,0.7682983682983684,0.6715964301748245,1.0992033765864713
r5_final_inverse_map_complete_2026-08-31,breast_cancer,mlp,2,HuberRidgeAIME,1.0,2.0,0.1,0.5,17,15,30,45,0.020263458020053804,0.9122807017543859,0.4138653490793386,X ~= Y A^T,SVD normal-system solve,5.092407918385018,4.759543704775645,11.294526569887074,12.294526569887074,57.51633653890292,58.51633653890292,12.294526569887076,5.851633653890291e-11,12.84015567647387,6,True,0.949921048258152,0.11764705882352941,rms,13.416407864998739,0.6278459735459274,0.7923673223612439,0.3605520495234138,0.606674378645075,0.9976883147342789,0.9691699604743081,0.5384615384615384,0.33343796402071335,0.2,0.013393944128283267,0.0,0.958945755099601,0.5690196889264636,0.9966353659120383,0.9926802801584362,0.9662187088274043,0.6456876456876457,0.6775653191077164,1.1085702892331233
r5_final_inverse_map_complete_2026-08-31,credit_approval,lgbm,0,RidgeAIME,0.0,1.0,0.1,0.5,21,21,42,63,1.2856090409914032,0.8647342995169082,0.42092231407947767,X ~= Y A^T,SVD normal-system solve,1.318722345840432,1.318722345840432,55.435493169628224,55.435493169628224,73.10402359547338,73.10402359547338,55.435493169628224,7.310402359547339e-11,3.9123409159566283,1,True,1.0,0.0,rms,7.937253933193772,0.8176780502992097,0.904255522681067,-0.030385665947863405,0.15571534632547404,0.852262927918448,0.6255505554609434,0.5384615384615384,0.33007558212994226,0.19047619047619047,0.025931033184854402,0.0,0.09027777777777778,1.0,1.0,0.8682921540300029,0.7112535732538364,0.5944055944055944,0.12015336540019136,0.5924366915827899
r5_final_inverse_map_complete_2026-08-31,credit_approval,lgbm,0,HuberRidgeAIME,0.0,0.5,0.1,0.5,21,21,42,63,1.2856090409914032,0.8647342995169082,0.42092231407947767,X ~= Y A^T,SVD normal-system solve,1.274162036416899,1.274162036416899,33.12666670881876,33.12666670881876,42.20874111341241,42.20874111341241,33.12666670881876,4.2208741113412406e-11,3.1492781247384536,11,True,0.5851672951478258,1.0,rms,3.968626966596886,0.7727275470439265,0.87904922902186,0.026258087928663132,0.21469106658726508,0.9514161893921174,0.8376117617189988,0.8181818181818182,0.3169543854311359,0.09523809523809523,0.02680676873677242,0.0,0.9945054945054945,0.13006620959084872,0.6303299982947015,0.9140971186319382,0.7767540202985586,0.5934065934065933,0.105224661160187,0.4982110165290204
r5_final_inverse_map_complete_2026-08-31,credit_approval,lgbm,0,HuberRidgeAIME,0.0,1.0,0.1,0.5,21,21,42,63,1.2856090409914032,0.8647342995169082,0.42092231407947767,X ~= Y A^T,SVD normal-system solve,1.2907376050100885,1.2907376050100885,50.04294872511539,50.04294872511539,64.5923157850981,64.5923157850981,50.04294872511539,6.459231578509809e-11,3.186938884316756,8,True,0.8929464001881252,0.2361111111111111,rms,7.937253933193772,0.7797746920945331,0.8830485219366675,0.017377725733122684,0.1999097831918147,0.9714022930017508,0.8409000905540132,0.8181818181818182,0.3218182175358004,0.14285714285714285,0.02703320497431503,0.0,0.9999999999999998,0.26042119922653745,0.9557160766194278,0.9153751526090084,0.7647772105215853,0.6503496503496503,0.1108379631970301,0.5033737351215244
r5_final_inverse_map_complete_2026-08-31,credit_approval,lgbm,0,HuberRidgeAIME,0.0,2.0,0.1,0.5,21,21,42,63,1.2856090409914032,0.8647342995169082,0.42092231407947767,X ~= Y A^T,SVD normal-system solve,1.302883796978843,1.302883796978843,53.17889663807679,53.17889663807679,69.28592277096291,69.28592277096291,53.178896638076786,6.928592277096292e-11,3.365150305619936,7,True,0.954038621997672,0.10416666666666667,rms,15.874507866387544,0.7897089730657657,0.8886557112097833,0.004859179209205311,0.1839071667803261,0.9690671817098979,0.8345394544862843,0.8181818181818182,0.32244345597101,0.09523809523809523,0.026349693631645014,0.0,1.0,0.5221887990318937,0.9968939479408407,0.906615793763552,0.7559398085792806,0.6713286713286714,0.11490568310987925,0.5270044669087349
r5_final_inverse_map_complete_2026-08-31,credit_approval,lgbm,0,RidgeAIME,1e-06,1.0,0.1,0.5,21,21,42,63,1.2856090409914032,0.8647342995169082,0.42092231407947767,X ~= Y A^T,SVD normal-system solve,1.318722345840432,1.3187223400910046,55.435493169628224,55.43549416962822,73.10402359547338,73.10402459547338,55.435494169628214,7.310402459547337e-11,3.9123408480729878,1,True,1.0,0.0,rms,7.937253933193772,0.8176780484823827,0.9042555216764687,-0.030385663658413886,0.15571534622063013,0.8522629274329515,0.6255505554609434,0.5384615384615384,0.3300755821401588,0.19047619047619047,0.02593103320099959,0.0,0.09027777777777778,1.0,1.0,0.8682921537454046,0.7112535732538364,0.5944055944055944,0.12015336350673396,0.5924366840472782
r5_final_inverse_map_complete_2026-08-31,credit_approval,lgbm,0,HuberRidgeAIME,1e-06,0.5,0.1,0.5,21,21,42,63,1.2856090409914032,0.8647342995169082,0.42092231407947767,X ~= Y A^T,SVD normal-system solve,1.2741620365897761,1.274162028313603,33.126666705156694,33.12666770515669,42.208741114473185,42.20874211447318,33.12666770515669,4.220874211447318e-11,3.1492780280003276,11,True,0.585167295155326,1.0,rms,3.968626966596886,0.7727275462253099,0.8790492285562339,0.026258088960231518,0.2146910665311853,0.9514161891619883,0.8376117617189988,0.8181818181818182,0.31695438555761607,0.09523809523809523,0.026806768826024497,0.0,0.9945054945054945,0.13006620956246195,0.6303299983057629,0.9140971185660101,0.7767540202985586,0.5934065934065933,0.10522465839820175,0.49821100318855527
r5_final_inverse_map_complete_2026-08-31,credit_approval,lgbm,0,HuberRidgeAIME,1e-06,1.0,0.1,0.5,21,21,42,63,1.2856090409914032,0.8647342995169082,0.42092231407947767,X ~= Y A^T,SVD normal-system solve,1.290737605002144,1.2907375991923824,50.042948723817084,50.04294972381708,64.59231578302476,64.59231678302476,50.042949723817095,6.459231678302474e-11,3.1869388210526717,8,True,0.8929464001631572,0.2361111111111111,rms,7.937253933193772,0.7797746914076077,0.8830485215477164,0.01737772659874215,0.1999097831280969,0.9714022928955391,0.8409000905540132,0.8181818181818182,0.32181821751816436,0.14285714285714285,0.02703320501077471,0.0,0.9999999999999998,0.2604211991858301,0.9557160765960215,0.9153751523709779,0.7647772105215853,0.6503496503496503,0.11083796123954652,0.5033737265003226
r5_final_inverse_map_complete_2026-08-31,credit_approval,lgbm,0,HuberRidgeAIME,1e-06,2.0,0.1,0.5,21,21,42,63,1.2856090409914032,0.8647342995169082,0.42092231407947767,X ~= Y A^T,SVD normal-system solve,1.3028837969783607,1.302883791282797,53.17889663767606,53.17889763767606,69.28592277041517,69.28592377041517,53.17889763767606,6.928592377041517e-11,3.3651502430884674,7,True,0.9540386219905626,0.10416666666666667,rms,15.874507866387544,0.7897089721103531,0.8886557106722226,0.004859180413155251,0.18390716670720073,0.969067181610448,0.8345394544862843,0.8181818181818182,0.322443455970412,0.09523809523809523,0.02634969366142228,0.0,1.0,0.5221887989346187,0.996893947942679,0.9066157934989414,0.7559398085792806,0.6713286713286714,0.11490568121119782,0.5270044588386431
r5_final_inverse_map_complete_2026-08-31,credit_approval,lgbm,0,RidgeAIME,1e-05,1.0,0.1,0.5,21,21,42,63,1.2856090409914032,0.8647342995169082,0.42092231407947767,X ~= Y A^T,SVD normal-system solve,1.318722345840432,1.318722288346168,55.435493169628224,55.43550316962823,73.10402359547338,73.10403359547338,55.43550316962823,7.310403359547337e-11,3.9123402371203126,1,True,1.0,0.0,rms,7.937253933193772,0.8176780321309439,0.904255512635087,-0.030385643053374878,0.1557153452770351,0.8522629230634853,0.6255505554609434,0.5384615384615384,0.3300755822321067,0.19047619047619047,0.02593103334630633,0.0,0.09027777777777778,1.0,1.0,0.8682921511840231,0.7112535732538364,0.5944055944055944,0.12015334646562016,0.592436616227677
r5_final_inverse_map_complete_2026-08-31,credit_approval,lgbm,0,HuberRidgeAIME,1e-05,0.5,0.1,0.5,21,21,42,63,1.2856090409914032,0.8647342995169082,0.42092231407947767,X ~= Y A^T,SVD normal-system solve,1.2741620381456684,1.2741619553839592,33.12666667219797,33.12667667219797,42.20874112401995,42.208751124019955,33.12667667219797,4.2208751124019944e-11,3.149277157357471,11,True,0.5851672952228246,1.0,rms,3.968626966596886,0.7727275388577682,0.879049224365603,0.026258098244337114,0.2146910660264675,0.9514161870908241,0.8376117617189988,0.8181818181818182,0.3169543866959374,0.09523809523809523,0.026806769629293035,0.0,0.9945054945054945,0.13006620930698123,0.630329998405313,0.914097117972657,0.7767540202985586,0.5934065934065933,0.10522463354034058,0.49821088312438905
r5_final_inverse_map_complete_2026-08-31,credit_approval,lgbm,0,HuberRidgeAIME,1e-05,1.0,0.1,0.5,21,21,42,63,1.2856090409914032,0.8647342995169082,0.42092231407947767,X ~= Y A^T,SVD normal-system solve,1.2907376049306374,1.2907375468330324,50.042948712132564,50.04295871213257,64.59231576436471,64.59232576436472,50.04295871213257,6.459232576436471e-11,3.1869382516760254,8,True,0.892946399938444,0.2361111111111111,rms,7.937253933193772,0.779774685225283,0.8830485180471587,0.017377734389313004,0.1999097825546365,0.9714022919396326,0.8409000905540132,0.8181818181818182,0.32181821735944016,0.14285714285714285,0.027033205338911726,0.0,0.9999999999999998,0.26042119881946385,0.9557160763853657,0.9153751502287051,0.7647772105215853,0.6503496503496503,0.11083794362219561,0.5033736489095147
r5_final_inverse_map_complete_2026-08-31,credit_approval,lgbm,0,HuberRidgeAIME,1e-05,2.0,0.1,0.5,21,21,42,63,1.2856090409914032,0.8647342995169082,0.42092231407947767,X ~= Y A^T,SVD normal-system solve,1.302883796974018,1.3028837400183908,53.17889663406954,53.17890663406954,69.28592276548534,69.28593276548534,53.178906634069534,6.928593276548535e-11,3.365149680305351,7,True,0.954038621926578,0.10416666666666667,rms,15.874507866387544,0.7897089635116424,0.8886557058341787,0.004859191248701378,0.18390716604907245,0.9690671807153985,0.8345394544862843,0.8181818181818182,0.3224434559650304,0.09523809523809523,0.026349693929417606,0.0,1.0,0.5221887980591431,0.9968939479592245,0.906615791117449,0.7559398085792806,0.6713286713286714,0.11490566412306659,0.5270043862078229
r5_final_inverse_map_complete_2026-08-31,credit_approval,lgbm,0,RidgeAIME,0.0001,1.0,0.1,0.5,21,21,42,63,1.2856090409914032,0.8647342995169082,0.42092231407947767,X ~= Y A^T,SVD normal-system solve,1.318722345840432,1.3187217708987247,55.435493169628224,55.43559316962823,73.10402359547338,73.10412359547338,55.43559316962822,7.310412359547338e-11,3.912334127604202,1,True,1.0,0.0,rms,7.937253933193772,0.8176778686170891,0.9042554222215585,-0.030385437003656257,0.15571533584109623,0.8522628793688756,0.6255505554609434,0.5384615384615384,0.33007558315158525,0.19047619047619047,0.025931034799371765,0.0,0.09027777777777778,1.0,1.0,0.8682921255702307,0.7112535732538364,0.5944055944055944,0.12015317605474943,0.5924359380322632
r5_final_inverse_map_complete_2026-08-31,credit_approval,lgbm,0,HuberRidgeAIME,0.0001,0.5,0.1,0.5,21,21,42,63,1.2856090409914032,0.8647342995169082,0.42092231407947767,X ~= Y A^T,SVD normal-system solve,1.2741620537046916,1.2741612260897928,33.126666342593005,33.12676634259301,42.208741219468386,42.20884121946839,33.12676634259301,4.2208841219468386e-11,3.1492684509553612,11,True,0.585167295897534,1.0,rms,3.968626966596886,0.7727274651830931,0.8790491824597149,0.02625819108445826,0.21469106097928456,0.9514161663792465,0.8376117617189988,0.8181818181818182,0.3169543980791255,0.09523809523809523,0.026806777661959814,0.0,0.9945054945054945,0.13006620675217995,0.630329999400508,0.9140971120390612,0.7767540202985586,0.5934065934065933,0.10522438496242514,0.4982096824845497
r5_final_inverse_map_complete_2026-08-31,credit_approval,lgbm,0,HuberRidgeAIME,0.0001,1.0,0.1,0.5,21,21,42,63,1.2856090409914032,0.8647342995169082,0.42092231407947767,X ~= Y A^T,SVD normal-system solve,1.290737604215582,1.2907370232405766,50.04294859528686,50.04304859528686,64.59231557776408,64.59241557776409,50.04304859528687,6.459241557776408e-11,3.186932557920781,8,True,0.8929463976913112,0.2361111111111111,rms,7.937253933193772,0.7797746234023732,0.8830484830417712,0.017377812294596007,0.19990977682004082,0.9714022823805778,0.8409000905540132,0.8181818181818182,0.3218182157721998,0.14285714285714285,0.027033208620276715,0.0,0.9999999999999998,0.26042119515580703,0.9557160742788042,0.9153751288059961,0.7647772105215853,0.6503496503496503,0.11083776744899834,0.5033728730022026
r5_final_inverse_map_complete_2026-08-31,credit_approval,lgbm,0,HuberRidgeAIME,0.0001,2.0,0.1,0.5,21,21,42,63,1.2856090409914032,0.8647342995169082,0.42092231407947767,X ~= Y A^T,SVD normal-system solve,1.302883796930592,1.3028832273752857,53.17889659800423,53.17899659800423,69.28592271618709,69.28602271618709,53.17899659800423,6.92860227161871e-11,3.365144052484592,7,True,0.9540386212867342,0.10416666666666667,rms,15.874507866387544,0.7897088775249063,0.8886556574539467,0.004859299603695577,0.18390715946779884,0.9690671717649166,0.8345394544862843,0.8181818181818182,0.3224434559112147,0.09523809523809523,0.02634969660936696,0.0,1.0,0.5221887893043987,0.9968939481246761,0.906615767302544,0.7559398085792806,0.6713286713286714,0.11490549324203654,0.5270036599002952
r5_final_inverse_map_complete_2026-08-31,credit_approval,lgbm,0,RidgeAIME,0.001,1.0,0.1,0.5,21,21,42,63,1.2856090409914032,0.8647342995169082,0.42092231407947767,X ~= Y A^T,SVD normal-system solve,1.318722345840432,1.3187165965166994,55.435493169628224,55.43649316962822,73.10402359547338,73.10502359547338,55.43649316962823,7.310502359547339e-11,3.912273033505752,1,True,1.0,0.0,rms,7.937253933193772,0.8176762335318479,0.9042545181152527,-0.030383376573644094,0.15571524148286292,0.85226244242823,0.6255505554609434,0.5384615384615384,0.3300755923462601,0.19047619047619047,0.025931049329833734,0.0,0.09027777777777778,1.0,1.0,0.8682918694348208,0.7112535732538364,0.5944055944055944,0.12015147197279732,0.5924291561378402
r5_final_inverse_map_complete_2026-08-31,credit_approval,lgbm,0,HuberRidgeAIME,0.001,0.5,0.1,0.5,21,21,42,63,1.2856090409914032,0.8647342995169082,0.42092231407947767,X ~= Y A^T,SVD normal-system solve,1.2741622093050462,1.2741539333753813,33.12666304476867,33.127663044768674,42.20874217202628,42.20974217202627,33.12766304476867,4.220974217202628e-11,3.1491813895800735,11,True,0.585167302617007,1.0,rms,3.968626966596886,0.7727267285104918,0.8790487634429002,0.026259119392229913,0.21469101050695943,0.9514159592696041,0.8376117617189988,0.8181818181818182,0.31695451190842405,0.09523809523809523,0.02680685798675514,0.0,0.9945054945054945,0.13006618120474445,0.6303300093220408,0.9140970526966342,0.7767540202985586,0.5934065934065933,0.10522189925290429,0.4981976762684699
r5_final_inverse_map_complete_2026-08-31,credit_approval,lgbm,0,HuberRidgeAIME,0.001,1.0,0.1,0.5,21,21,42,63,1.2856090409914032,0.8647342995169082,0.42092231407947767,X ~= Y A^T,SVD normal-system solve,1.2907375970650865,1.2907317874195243,50.04294742681723,50.04394742681723,64.59231371174452,64.59331371174451,50.04394742681723,6.459331371174451e-11,3.1868756214886558,8,True,0.8929463752198029,0.2361111111111111,rms,7.937253933193772,0.779774005207108,0.8830481330069772,0.017378591304794244,0.19990971947484443,0.9714021867911085,0.8409000905540132,0.8181818181818182,0.32181819990001687,0.14285714285714285,0.027033241433406057,0.0,0.9999999999999998,0.2604211585197586,0.9557160532129371,0.9153749145809424,0.7647772105215853,0.6503496503496503,0.11083600574792192,0.50336511400551
r5_final_inverse_map_complete_2026-08-31,credit_approval,lgbm,0,HuberRidgeAIME,0.001,2.0,0.1,0.5,21,21,42,63,1.2856090409914032,0.8647342995169082,0.42092231407947767,X ~= Y A^T,SVD normal-system solve,1.3028837964962938,1.3028781010395907,53.17889623735469,53.17989623735469,69.28592222320715,69.28692222320716,53.17989623735469,6.928692222320713e-11,3.3650877753163893,7,True,0.9540386148883427,0.10416666666666667,rms,15.874507866387544,0.7897080176944581,0.8886551736722507,0.0048603831071216685,0.18390709365593683,0.9690670822611932,0.8345394544862843,0.8181818181818182,0.3224434553730961,0.09523809523809523,0.026349723408475155,0.0,1.0,0.5221887017581622,0.9968939497791237,0.9066155291556035,0.7559398085792806,0.6713286713286714,0.11490378445982348,0.5269963968923532
r5_final_inverse_map_complete_2026-08-31,credit_approval,lgbm,0,RidgeAIME,0.01,1.0,0.1,0.5,21,21,42,63,1.2856090409914032,0.8647342995169082,0.42092231407947767,X ~= Y A^T,SVD normal-system solve,1.318722345840432,1.3186648619354973,55.435493169628224,55.44549316962823,73.10402359547338,73.11402359547337,55.44549316962822,7.311402359547339e-11,3.91166219876831,1,True,1.0,0.0,rms,7.937253933193772,0.8176598880086928,0.904245479949274,-0.03036277898911166,0.1557142980160462,0.8522580735668135,0.6255505554609434,0.5384615384615384,0.3300756842818458,0.19047619047619047,0.025931194615218478,0.0,0.09027777777777778,1.0,1.0,0.8682893083320202,0.7112535732538364,0.5944055944055944,0.1201344338283374,0.59236134316432
r5_final_inverse_map_complete_2026-08-31,credit_approval,lgbm,0,HuberRidgeAIME,0.01,0.5,0.1,0.5,21,21,42,63,1.2856090409914032,0.8647342995169082,0.42092231407947767,X ~= Y A^T,SVD normal-system solve,1.2741637663208063,1.2740810289491311,33.126629889139586,33.136629889139584,42.20875150506149,42.21875150506149,33.13662988913959,4.221875150506148e-11,3.14831104032467,11,True,0.5851673670513172,1.0,rms,3.968626966596886,0.7727193691957095,0.8790445774792707,0.02626839313078777,0.21469050573422058,0.9514138887864222,0.8376117617189988,0.8181818181818182,0.3169556499432398,0.09523809523809523,0.026807661047527336,0.0,0.9945054945054945,0.13006592578811443,0.630330105497284,0.9140964586257654,0.7767540202985586,0.5934065934065933,0.1051970491189853,0.4980776323349315
r5_final_inverse_map_complete_2026-08-31,credit_approval,lgbm,0,HuberRidgeAIME,0.01,1.0,0.1,0.5,21,21,42,63,1.2856090409914032,0.8647342995169082,0.42092231407947767,X ~= Y A^T,SVD normal-system solve,1.290737525566767,1.290679439558172,50.04293574082691,50.052935740826904,64.59229505021166,64.60229505021167,50.052935740826904,6.460229505021166e-11,3.1863063691786877,8,True,0.892946150486619,0.2361111111111111,rms,7.937253933193772,0.7797678266364503,0.883044634566368,0.017386377145003018,0.1999091460989163,0.9714012310040101,0.8409000905540132,0.8181818181818182,0.32181804120028584,0.14285714285714285,0.02703356951264211,0.0,0.9999999999999998,0.26042079221119757,0.9557158425292182,0.9153727725339238,0.7647772105215853,0.6503496503496503,0.1108183918264434,0.5032875316806841
r5_final_inverse_map_complete_2026-08-31,credit_approval,lgbm,0,HuberRidgeAIME,0.01,2.0,0.1,0.5,21,21,42,63,1.2856090409914032,0.8647342995169082,0.42092231407947767,X ~= Y A^T,SVD normal-system solve,1.3028837921496168,1.3028268472167244,53.178892631203915,53.18889263120392,69.28591729366028,69.29591729366027,53.18889263120393,6.929591729366026e-11,3.3645251075531952,7,True,0.954038550909118,0.10416666666666667,rms,15.874507866387544,0.7896994230802685,0.8886503379171521,0.004871213491112192,0.1839064356247783,0.9690661873336669,0.8345394544862843,0.8181818181818182,0.3224434499959225,0.09523809523809523,0.02634999136103164,0.0,1.0,0.5221878264164391,0.9968939663167883,0.9066131478970174,0.7559398085792806,0.6713286713286714,0.11488669944606161,0.5269237735455062
r5_final_inverse_map_complete_2026-08-31,credit_approval,lgbm,0,RidgeAIME,0.1,1.0,0.1,0.5,21,21,42,63,1.2856090409914032,0.8647342995169082,0.42092231407947767,X ~= Y A^T,SVD normal-system solve,1.318722345840432,1.3181484383667612,55.435493169628224,55.535493169628225,73.10402359547338,73.20402359547337,55.53549316962822,7.320402359547337e-11,3.9055644573105526,1,True,1.0,0.0,rms,7.937253933193772,0.8174969643333551,0.9041553872722072,-0.030157472976983568,0.1557048748858352,0.8522144393896509,0.6255505554609434,0.5384615384615384,0.3300766025226452,0.19047619047619047,0.025932645548080353,0.0,0.09027777777777778,1.0,1.0,0.868263722414981,0.7115319910725768,0.5944055944055944,0.11996431946410177,0.5916838097830334
r5_final_inverse_map_complete_2026-08-31,credit_approval,lgbm,0,HuberRidgeAIME,0.1,0.5,0.1,0.5,21,21,42,63,1.2856090409914032,0.8647342995169082,0.42092231407947767,X ~= Y A^T,SVD normal-system solve,1.274179436922545,1.2733542484540095,33.12628070764338,33.22628070764339,42.20882569940321,42.3088256994032,33.22628070764338,4.2308825699403206e-11,3.1396339116578518,11,True,0.5851677370539213,1.0,rms,3.968626966596886,0.7726465132622887,0.8790031360935459,0.026360201525850502,0.21468545313585555,0.9513932450340109,0.8376117617189988,0.8181818181818182,0.31696700450931764,0.09523809523809523,0.02681567298440855,0.0,0.9945054945054945,0.13006337738124643,0.6303307651130416,0.9140904536483753,0.776802024177273,0.5934065934065933,0.10494924163201996,0.496879011316582
r5_final_inverse_map_complete_2026-08-31,credit_approval,lgbm,0,HuberRidgeAIME,0.1,1.0,0.1,0.5,21,21,42,63,1.2856090409914032,0.8647342995169082,0.42092231407947767,X ~= Y A^T,SVD normal-system solve,1.2907368112474933,1.2901569938010864,50.04281875252664,50.14281875252664,64.5921083024725,64.6921083024725,50.14281875252664,6.46921083024725e-11,3.180625024959144,8,True,0.892943901361251,0.2361111111111111,rms,7.937253933193772,0.7797063780301816,0.8830098402793605,0.01746381075480652,0.19990341993328256,0.9713916838824368,0.840108011345579,0.8181818181818182,0.3218164564102569,0.14285714285714285,0.02703684510796663,0.0,0.9999999999999998,0.2604171343115866,0.955713733205874,0.9153513724028908,0.7642875807982155,0.6503496503496503,0.11064256099147644,0.5025124716253851
r5_final_inverse_map_complete_2026-08-31,credit_approval,lgbm,0,HuberRidgeAIME,0.1,2.0,0.1,0.5,21,21,42,63,1.2856090409914032,0.8647342995169082,0.42092231407947767,X ~= Y A^T,SVD normal-system solve,1.3028837483147313,1.3023152606113162,53.17885660415516,53.27885660415516,69.28586802351327,69.38586802351327,53.27885660415515,6.938586802351327e-11,3.358908802419833,7,True,0.9540379115864381,0.10416666666666667,rms,15.874507866387544,0.789613844890607,0.8886021859587152,0.004979053661106514,0.18389986404762088,0.969057249015912,0.8345394544862843,0.8181818181818182,0.3224433966240167,0.09523809523809523,0.026352667039562704,0.0,1.0,0.5221790850483747,0.9968941310138796,0.9065893563834043,0.7556325889172222,0.6713286713286714,0.11471612967796123,0.5261982124920057
r5_final_inverse_map_complete_2026-08-31,credit_approval,lgbm,0,RidgeAIME,1.0,1.0,0.1,0.5,21,21,42,63,1.2856090409914032,0.8647342995169082,0.42092231407947767,X ~= Y A^T,SVD normal-system solve,1.318722345840432,1.313074794486846,55.435493169628224,56.435493169628224,73.10402359547338,74.10402359547338,56.43549316962822,7.410402359547339e-11,3.845629175488131,1,True,1.0,0.0,rms,7.937253933193772,0.8159195449398429,0.903282649528841,-0.02816970978379474,0.15561178387603916,0.8517834755776756,0.6260306034660551,0.5384615384615384,0.33008567465316857,0.19047619047619047,0.02594696525447431,0.0,0.09027777777777778,1.0,1.0,0.8680103555781059,0.7120984298592671,0.5944055944055944,0.11828946478541516,0.5849674039784638
r5_final_inverse_map_complete_2026-08-31,credit_approval,lgbm,0,HuberRidgeAIME,1.0,0.5,0.1,0.5,21,21,42,63,1.2856090409914032,0.8647342995169082,0.42092231407947767,X ~= Y A^T,SVD normal-system solve,1.2743454495300417,1.2663051116797996,33.121134539363474,34.121134539363474,42.207767083510134,43.207767083510134,34.12113453936348,4.3207767083510134e-11,3.0554161428607003,11,True,0.5851456280420525,1.0,rms,3.968626966596886,0.7719879390527435,0.8786284419780318,0.027190094691296296,0.214634513626024,0.9511926808730221,0.8345394544862843,0.8181818181818182,0.317078007364135,0.09523809523809523,0.026893971155054132,0.0,0.9945054945054945,0.13003845653422447,0.6303089351382491,0.9140243508222363,0.7763507896530005,0.5934065934065933,0.10253835998932728,0.4850703688306369
r5_final_inverse_map_complete_2026-08-31,credit_approval,lgbm,0,HuberRidgeAIME,1.0,1.0,0.1,0.5,21,21,42,63,1.2856090409914032,0.8647342995169082,0.42092231407947767,X ~= Y A^T,SVD normal-system solve,1.2907297348403228,1.2850338020297274,50.041636990435286,51.041636990435286,64.59022884364023,65.59022884364023,51.041636990435286,6.559022884364023e-11,3.124907658644295,8,True,0.8929212466399805,0.2361111111111111,rms,7.937253933193772,0.7791245324364046,0.8826803115717516,0.018197015418186413,0.1998469078006982,0.9712972773987182,0.840108011345579,0.8181818181818182,0.32180082673595256,0.14285714285714285,0.027069092804763367,0.0,0.9999999999999998,0.2603810675892892,0.9556924094465378,0.9151393923393417,0.7644027881714873,0.6503496503496503,0.10891455166880078,0.49483718842129165
r5_final_inverse_map_complete_2026-08-31,credit_approval,lgbm,0,HuberRidgeAIME,1.0,2.0,0.1,0.5,21,21,42,63,1.2856090409914032,0.8647342995169082,0.42092231407947767,X ~= Y A^T,SVD normal-system solve,1.3028832745635863,1.2972928046200738,53.178499772648806,54.178499772648806,69.2853779201676,70.2853779201676,54.1784997726488,7.028537792016761e-11,3.303763970814501,6,True,0.9540315656806307,0.10416666666666667,rms,15.874507866387544,0.7887938079099278,0.8881406464687492,0.0060124119004890675,0.183835010203472,0.9689689486497287,0.8345394544862843,0.8181818181818182,0.3224429016842028,0.09523809523809523,0.02637904457300876,0.0,1.0,0.5220928613604392,0.9968957119108789,0.9063535386308441,0.7554789790861929,0.6713286713286714,0.11303800929843995,0.5190090126694124
r5_final_inverse_map_complete_2026-08-31,credit_approval,svm,0,RidgeAIME,0.0,1.0,0.1,0.5,21,21,42,63,0.02166779199615121,0.8357487922705314,0.407872946484594,X ~= Y A^T,SVD normal-system solve,1.8665174440950243,1.8665174440950243,38.792376776402925,38.792376776402925,72.40664795106277,72.40664795106277,38.79237677640292,7.240664795106278e-11,3.999213924383229,1,True,1.0,0.0,rms,7.937253933193772,0.8904898747660298,0.9436577105953354,-0.02534625100010568,0.13493027113871,0.7395141203370954,0.510411541827067,0.17647058823529413,0.3202468257498438,0.14285714285714285,0.03316058352709002,0.06666666666666667,0.09722222222222222,1.0,1.0,0.8340920833316533,0.6752145081673835,0.5147352647352647,0.27103205310979694,0.6019746358650261
r5_final_inverse_map_complete_2026-08-31,credit_approval,svm,0,HuberRidgeAIME,0.0,0.5,0.1,0.5,21,21,42,63,0.02166779199615121,0.8357487922705314,0.407872946484594,X ~= Y A^T,SVD normal-system solve,1.8221676779934632,1.8221676779934632,24.28885208242876,24.28885208242876,44.25836120016591,44.25836120016591,24.28885208242875,4.4258361200165916e-11,3.1367403796824473,12,True,0.6128047723901816,0.9513888888888888,rms,3.968626966596886,0.8601992152335906,0.9274692529855588,0.0095316460675815,0.1687344158923293,0.9408789092336352,0.8066633876335786,1.0,0.27547184483764364,0.09523809523809523,0.029549267647650097,0.0,0.8905810459381889,0.1402928886318968,0.6636906675641507,0.9168905768874878,0.7964209547162003,0.731934731934732,0.2605883387602667,0.49647857469479184
r5_final_inverse_map_complete_2026-08-31,credit_approval,svm,0,HuberRidgeAIME,0.0,1.0,0.1,0.5,21,21,42,63,0.02166779199615121,0.8357487922705314,0.407872946484594,X ~= Y A^T,SVD normal-system solve,1.8580031338310627,1.8580031338310627,35.13399581460407,35.13399581460407,65.2790743275418,65.2790743275418,35.13399581460407,6.527907432754181e-11,3.171471701235314,7,True,0.8994056534862922,0.2222222222222222,rms,7.937253933193772,0.8559173411492035,0.9251580087472645,0.014461969998366575,0.1788849703066291,0.9592115878879008,0.8121361976193092,0.8181818181818182,0.2855782152948222,0.09523809523809523,0.030494767674920313,0.0,0.8905810459381889,0.2811241974661815,0.9659898102884578,0.9099820066769329,0.7210350192519203,0.7062937062937064,0.2690464421680589,0.5012608405790828
r5_final_inverse_map_complete_2026-08-31,credit_approval,svm,0,HuberRidgeAIME,0.0,2.0,0.1,0.5,21,21,42,63,0.02166779199615121,0.8357487922705314,0.407872946484594,X ~= Y A^T,SVD normal-system solve,1.8743441027038814,1.8743441027038814,36.71729833391948,36.71729833391948,68.82085159940102,68.82085159940102,36.71729833391949,6.882085159940101e-11,3.242051353969697,6,True,0.9490322694244235,0.09027777777777778,rms,15.874507866387544,0.8599388162522759,0.9273288608968643,0.009831480043038576,0.17069940841705422,0.9327503850756003,0.7293479448088522,0.8181818181818182,0.2879472684742675,0.047619047619047616,0.03328944054414792,0.0,0.7926888587602873,0.5247846731865424,0.9947204720961952,0.8871192213056698,0.6917282829368482,0.5523809523809523,0.27284932411150786,0.5108198897749961
r5_final_inverse_map_complete_2026-08-31,credit_approval,svm,0,RidgeAIME,1e-06,1.0,0.1,0.5,21,21,42,63,0.02166779199615121,0.8357487922705314,0.407872946484594,X ~= Y A^T,SVD normal-system solve,1.8665174440950243,1.8665174217577127,38.792376776402925,38.792377776402915,72.40664795106277,72.40664895106276,38.792377776402915,7.240664895106278e-11,3.999213830157565,1,True,1.0,0.0,rms,7.937253933193772,0.8904898729571422,0.9436577096368907,-0.02534624891727888,0.134930270797603,0.7395141192449496,0.510411541827067,0.17647058823529413,0.32024682579385383,0.14285714285714285,0.03316058357014622,0.06666666666666667,0.09722222222222222,1.0,1.0,0.8340920830754615,0.6752145081673835,0.5147352647352647,0.27103204791243257,0.6019746256325936
r5_final_inverse_map_complete_2026-08-31,credit_approval,svm,0,HuberRidgeAIME,1e-06,0.5,0.1,0.5,21,21,42,63,0.02166779199615121,0.8357487922705314,0.407872946484594,X ~= Y A^T,SVD normal-system solve,1.8221676781918459,1.8221676443422576,24.288852079165522,24.28885307916552,44.25836119903823,44.258362199038224,24.28885307916552,4.4258362199038224e-11,3.136740253669182,12,True,0.6128047723612784,0.9513888888888888,rms,3.968626966596886,0.8601992144674385,0.9274692525725252,0.009531646949760053,0.16873441532534017,0.9408789076937423,0.8066633876335786,1.0,0.27547184499823046,0.09523809523809523,0.029549267699025113,0.0,0.8905810459381889,0.14029288866103956,0.6636906675289964,0.916890576672477,0.7964209547162003,0.731934731934732,0.26058833073985604,0.49647855724774165
r5_final_inverse_map_complete_2026-08-31,credit_approval,svm,0,HuberRidgeAIME,1e-06,1.0,0.1,0.5,21,21,42,63,0.02166779199615121,0.8357487922705314,0.407872946484594,X ~= Y A^T,SVD normal-system solve,1.8580031337745908,1.8580031093537104,35.1339958153756,35.133996815375596,65.27907432699122,65.27907532699122,35.13399681537559,6.527907532699123e-11,3.1714716141595107,7,True,0.8994056534832657,0.2222222222222222,rms,7.937253933193772,0.8559173406594092,0.925158008482556,0.01446197056233578,0.1788849701300351,0.959211587389746,0.8121361976193092,0.8181818181818182,0.28557821552270163,0.09523809523809523,0.030494767734905788,0.0,0.8905810459381889,0.28112419749645257,0.9659898102818455,0.9099820061697113,0.7210350192519203,0.7062937062937064,0.2690464364466589,0.5012608286551102
r5_final_inverse_map_complete_2026-08-31,credit_approval,svm,0,HuberRidgeAIME,1e-06,2.0,0.1,0.5,21,21,42,63,0.02166779199615121,0.8357487922705314,0.407872946484594,X ~= Y A^T,SVD normal-system solve,1.8743441027095793,1.8743440788967145,36.71729833376107,36.71729933376106,68.82085159931333,68.82085259931333,36.71729933376107,6.882085259931332e-11,3.242051269319193,6,True,0.9490322694219242,0.09027777777777778,rms,15.874507866387544,0.8599388156493666,0.9273288605717859,0.009831480737252818,0.17069940818754517,0.9327503845788742,0.7293479448088522,0.8181818181818182,0.2879472686323843,0.047619047619047616,0.03328944061685036,0.0,0.7926888587602873,0.5247846731604638,0.9947204720962353,0.8871192207762153,0.6917282829368482,0.5523809523809523,0.27284931859527356,0.5108198784354944
r5_final_inverse_map_complete_2026-08-31,credit_approval,svm,0,RidgeAIME,1e-05,1.0,0.1,0.5,21,21,42,63,0.02166779199615121,0.8357487922705314,0.407872946484594,X ~= Y A^T,SVD normal-system solve,1.8665174440950243,1.8665172207219565,38.792376776402925,38.79238677640293,72.40664795106277,72.40665795106277,38.79238677640292,7.240665795106276e-11,3.9992129821267857,1,True,1.0,0.0,rms,7.937253933193772,0.8904898566771619,0.9436577010108919,-0.02534623017184745,0.13493026772764025,0.7395141094156374,0.510411541827067,0.17647058823529413,0.32024682618994355,0.14285714285714285,0.03316058395765205,0.06666666666666667,0.09722222222222222,1.0,1.0,0.8340920807697356,0.6752145081673835,0.5147352647352647,0.2710320011361618,0.6019745335407118
r5_final_inverse_map_complete_2026-08-31,credit_approval,svm,0,HuberRidgeAIME,1e-05,0.5,0.1,0.5,21,21,42,63,0.02166779199615121,0.8357487922705314,0.407872946484594,X ~= Y A^T,SVD normal-system solve,1.8221676799773032,1.822167341481544,24.288852049796038,24.28886204979604,44.25836118888881,44.258371188888816,24.28886204979604,4.4258371188888813e-11,3.1367391195502865,12,True,0.6128047721011459,0.9513888888888888,rms,3.968626966596886,0.8601992075720795,0.9274692488552273,0.009531654889356922,0.16873441022243862,0.9408788938347076,0.8066633876335786,1.0,0.27547184644351125,0.09523809523809523,0.029549268161400154,0.0,0.8905810459381889,0.14029288892332428,0.6636906672126037,0.9168905747373793,0.7964209547162003,0.731934731934732,0.2605882585561862,0.49647840022432643
r5_final_inverse_map_complete_2026-08-31,credit_approval,svm,0,HuberRidgeAIME,1e-05,1.0,0.1,0.5,21,21,42,63,0.02166779199615121,0.8357487922705314,0.407872946484594,X ~= Y A^T,SVD normal-system solve,1.858003133266342,1.8580028890576008,35.133995822319406,35.13400582231941,65.27907432203602,65.27908432203603,35.1340058223194,6.527908432203602e-11,3.1714708304774804,7,True,0.8994056534560282,0.2222222222222222,rms,7.937253933193772,0.855917336251263,0.9251580061001813,0.014461975638054514,0.1788849685406887,0.9592115829063552,0.8121361976193092,0.8181818181818182,0.2855782175736158,0.09523809523809523,0.03049476827477502,0.0,0.8905810459381889,0.2811241977688917,0.9659898102223352,0.90998200160472,0.7210350192519203,0.7062937062937064,0.2690463849540699,0.5012607213393702
r5_final_inverse_map_complete_2026-08-31,credit_approval,svm,0,HuberRidgeAIME,1e-05,2.0,0.1,0.5,21,21,42,63,0.02166779199615121,0.8357487922705314,0.407872946484594,X ~= Y A^T,SVD normal-system solve,1.8743441027608596,1.874343864632265,36.717298332335446,36.71730833233545,68.82085159852409,68.82086159852409,36.71730833233544,6.88208615985241e-11,3.242050507464851,6,True,0.9490322693994311,0.09027777777777778,rms,15.874507866387544,0.859938810223186,0.9273288576460812,0.009831486985177773,0.17069940612196455,0.9327503801083417,0.7293479448088522,0.8181818181818182,0.2879472700554339,0.047619047619047616,0.03328944127117215,0.0,0.7926888587602873,0.5247846729257556,0.9947204720965962,0.8871192160111236,0.6917282829368482,0.5523809523809523,0.27284926894917366,0.5108197763799905
r5_final_inverse_map_complete_2026-08-31,credit_approval,svm,0,RidgeAIME,0.0001,1.0,0.1,0.5,21,21,42,63,0.02166779199615121,0.8357487922705314,0.407872946484594,X ~= Y A^T,SVD normal-system solve,1.8665174440950243,1.8665152103695286,38.792376776402925,38.79247677640293,72.40664795106277,72.40674795106277,38.792476776402914,7.240674795106278e-11,3.999204501839943,1,True,1.0,0.0,rms,7.937253933193772,0.8904896938780898,0.9436576147512877,-0.02534604271837626,0.13493023702804768,0.7395140111226282,0.510411541827067,0.17647058823529413,0.3202468301508372,0.14285714285714285,0.0331605878327048,0.06666666666666667,0.09722222222222222,1.0,1.0,0.8340920577124995,0.6752145081673835,0.5147352647352647,0.2710315333743718,0.6019736126230959
r5_final_inverse_map_complete_2026-08-31,credit_approval,svm,0,HuberRidgeAIME,0.0001,0.5,0.1,0.5,21,21,42,63,0.02166779199615121,0.8357487922705314,0.407872946484594,X ~= Y A^T,SVD normal-system solve,1.822167697832174,1.8221643128870098,24.28885175608371,24.288951756083712,44.258361087370005,44.25846108737001,24.288951756083716,4.425846108737001e-11,3.1367277784080527,12,True,0.6128047694994672,0.9513888888888888,rms,3.968626966596886,0.8601991386193609,0.9274692116827172,0.009531734284320859,0.1687343591935195,0.9408787552446145,0.8066633876335786,1.0,0.27547186089632547,0.09523809523809523,0.02954927278513957,0.0,0.8905810459381889,0.1402928915461546,0.6636906640482856,0.9168905553863285,0.7964209547162003,0.731934731934732,0.26058753672183144,0.49647682999352083
r5_final_inverse_map_complete_2026-08-31,credit_approval,svm,0,HuberRidgeAIME,0.0001,1.0,0.1,0.5,21,21,42,63,0.02166779199615121,0.8357487922705314,0.407872946484594,X ~= Y A^T,SVD normal-system solve,1.8580031281838605,1.8580006861027243,35.13399589175724,35.13409589175724,65.27907427248385,65.27917427248386,35.134095891757234,6.527917427248387e-11,3.1714629936790555,7,True,0.8994056531836482,0.2222222222222222,rms,7.937253933193772,0.8559172921702188,0.925157982276659,0.01446202639476124,0.17888495264723517,0.9592115380724902,0.8121361976193092,0.8181818181818182,0.28557823808272953,0.09523809523809523,0.030494773673458785,0.0,0.8905810459381889,0.2811242004932683,0.9659898096272276,0.909981955954837,0.7210350192519203,0.7062937062937064,0.269045870029298,0.501259648183507
r5_final_inverse_map_complete_2026-08-31,credit_approval,svm,0,HuberRidgeAIME,0.0001,2.0,0.1,0.5,21,21,42,63,0.02166779199615121,0.8357487922705314,0.407872946484594,X ~= Y A^T,SVD normal-system solve,1.8743441032736654,1.8743417219935552,36.71729831807914,36.717398318079134,68.8208515906317,68.82095159063171,36.71739831807913,6.882095159063171e-11,3.24204288894171,6,True,0.9490322691745008,0.09027777777777778,rms,15.874507866387544,0.8599387559617995,0.927328828389261,0.0098315494639446,0.1706993854661753,0.9327503354030617,0.7293479448088522,0.8181818181818182,0.2879472842859138,0.047619047619047616,0.03328944781438049,0.0,0.7926888587602873,0.5247846705786776,0.9947204721002049,0.8871191683602465,0.6917282829368482,0.5523809523809523,0.27284877248920286,0.5108187558263501
r5_final_inverse_map_complete_2026-08-31,credit_approval,svm,0,RidgeAIME,0.001,1.0,0.1,0.5,21,21,42,63,0.02166779199615121,0.8357487922705314,0.407872946484594,X ~= Y A^T,SVD normal-system solve,1.8665174440950243,1.8664951073582905,38.792376776402925,38.793376776402916,72.40664795106277,72.40764795106277,38.793376776402916,7.240764795106277e-11,3.9991197010650694,1,True,1.0,0.0,rms,7.937253933193772,0.8904880659605657,0.9436567521935959,-0.025344168267944278,0.1349299300356211,0.7395130282037626,0.510411541827067,0.17647058823529413,0.32024686975933553,0.14285714285714285,0.033160626582689076,0.06666666666666667,0.09722222222222222,1.0,1.0,0.8340918271423436,0.6752145081673835,0.5147352647352647,0.2710268558481357,0.6019644035668846
r5_final_inverse_map_complete_2026-08-31,credit_approval,svm,0,HuberRidgeAIME,0.001,0.5,0.1,0.5,21,21,42,63,0.02166779199615121,0.8357487922705314,0.407872946484594,X ~= Y A^T,SVD normal-system solve,1.8221678764114837,1.8221340282026037,24.288848817205647,24.289848817205648,44.25836006972719,44.25936006972718,24.289848817205648,4.425936006972718e-11,3.136614371657107,12,True,0.6128047434472272,0.9513888888888888,rms,3.968626966596886,0.8601984491794183,0.9274688400045676,0.009532528133504803,0.16873384891395257,0.9408773693691337,0.8066633876335786,1.0,0.2754720054250342,0.09523809523809523,0.02954931902143554,0.0,0.8905810459381889,0.1402929177727886,0.663690632366013,0.9168903618684471,0.7964209547162003,0.731934731934732,0.2605803186128332,0.49646112802000386
r5_final_inverse_map_complete_2026-08-31,credit_approval,svm,0,HuberRidgeAIME,0.001,1.0,0.1,0.5,21,21,42,63,0.02166779199615121,0.8357487922705314,0.407872946484594,X ~= Y A^T,SVD normal-system solve,1.8580030773604037,1.8579786571765202,35.13399658609903,35.134996586099035,65.27907377694191,65.2800737769419,35.134996586099035,6.52800737769419e-11,3.1713846278828437,7,True,0.8994056504594271,0.2222222222222222,rms,7.937253933193772,0.8559168514013837,0.9251577440638886,0.014462533913920494,0.17888479371375146,0.9592110897383923,0.8121361976193092,0.8181818181818182,0.2855784431711104,0.09523809523809523,0.03049482765944439,0.0,0.8905810459381889,0.2811242277355748,0.9659898036758419,0.9099814994590648,0.7210350192519203,0.7062937062937064,0.26904072089352027,0.5012489167786564
r5_final_inverse_map_complete_2026-08-31,credit_approval,svm,0,HuberRidgeAIME,0.001,2.0,0.1,0.5,21,21,42,63,0.02166779199615121,0.8357487922705314,0.407872946484594,X ~= Y A^T,SVD normal-system solve,1.8743441084016033,1.8743202961839387,36.71729817551821,36.718298175518214,68.82085151170749,68.82185151170748,36.718298175518214,6.882185151170748e-11,3.241966705737565,6,True,0.9490322669252187,0.09027777777777778,rms,15.874507866387544,0.8599382133897419,0.9273285358435498,0.00983217420347382,0.17069917891008912,0.9327498883548764,0.7293479448088522,0.8181818181818182,0.2879474265889344,0.047619047619047616,0.033289513245505394,0.0,0.7926888587602873,0.5247846471081072,0.9947204721362923,0.8871186918551779,0.6917282829368482,0.5523809523809523,0.272843807992088,0.5108085504296145
r5_final_inverse_map_complete_2026-08-31,credit_approval,svm,0,RidgeAIME,0.01,1.0,0.1,0.5,21,21,42,63,0.02166779199615121,0.8357487922705314,0.407872946484594,X ~= Y A^T,SVD normal-system solve,1.8665174440950243,1.8662941285365249,38.792376776402925,38.802376776402916,72.40664795106277,72.41664795106277,38.802376776402916,7.241664795106276e-11,3.9982719026185896,1,True,1.0,0.0,rms,7.937253933193772,0.8904717941023143,0.943648130450283,-0.025325432188705532,0.13492686046127186,0.7395032001377637,0.510411541827067,0.17647058823529413,0.3202472658003989,0.14285714285714285,0.033161014028214524,0.06666666666666667,0.09722222222222222,1.0,1.0,0.8340895216612771,0.6752145081673835,0.5147352647352647,0.27098008975027127,0.6018723249975966
r5_final_inverse_map_complete_2026-08-31,credit_approval,svm,0,HuberRidgeAIME,0.01,0.5,0.1,0.5,21,21,42,63,0.02166779199615121,0.8357487922705314,0.407872946484594,X ~= Y A^T,SVD normal-system solve,1.8221696652623427,1.8218313073953618,24.288819253089894,24.298819253089896,44.258349648020356,44.268349648020354,24.29881925308989,4.426834964802035e-11,3.1354807710818178,12,True,0.6128044793824592,0.9513888888888888,rms,3.968626966596886,0.8601915634980537,0.9274651279148202,0.009540456587014412,0.16872874708060243,0.9408635131587278,0.8066633876335786,1.0,0.27547345076864294,0.09523809523809523,0.029549781274586896,0.0,0.8905810459381889,0.14029317987227966,0.6636903116374017,0.9168884259526069,0.7964209547162003,0.731934731934732,0.26050816096898266,0.4963041417279636
r5_final_inverse_map_complete_2026-08-31,credit_approval,svm,0,HuberRidgeAIME,0.01,1.0,0.1,0.5,21,21,42,63,0.02166779199615121,0.8357487922705314,0.407872946484594,X ~= Y A^T,SVD normal-system solve,1.8580025692607327,1.8577584301521575,35.13400352588266,35.14400352588265,65.27906881950562,65.28906881950564,35.14400352588265,6.528906881950562e-11,3.170601188660128,7,True,0.8994056231750887,0.2222222222222222,rms,7.937253933193772,0.8559124478717277,0.9251553641803779,0.01446760431702332,0.1788832044840581,0.9592066068526376,0.8121361976193092,0.8181818181818182,0.2855804937793189,0.09523809523809523,0.030495367434117022,0.0,0.8905810459381889,0.2811245000127258,0.9659897441310354,0.9099769348072391,0.7210350192519203,0.7062937062937064,0.2689892407272379,0.5011416181050531
r5_final_inverse_map_complete_2026-08-31,credit_approval,svm,0,HuberRidgeAIME,0.01,2.0,0.1,0.5,21,21,42,63,0.02166779199615121,0.8357487922705314,0.407872946484594,X ~= Y A^T,SVD normal-system solve,1.874344159668902,1.8741060958207463,36.717296750118095,36.72729675011809,68.82085072241381,68.8308507224138,36.72729675011809,6.88308507224138e-11,3.2412050763689613,6,True,0.9490322444344493,0.09027777777777778,rms,15.874507866387544,0.8599327918482023,0.9273256126346356,0.00983841678685382,0.17069711352979478,0.9327454183344959,0.7293479448088522,0.8181818181818182,0.2879488494414279,0.047619047619047616,0.03329016746090898,0.0,0.7926888587602873,0.5247844124235235,0.9947204724971646,0.8871139271749232,0.6917282829368482,0.5523809523809523,0.27279417327814204,0.5107065104267645
r5_final_inverse_map_complete_2026-08-31,credit_approval,svm,0,RidgeAIME,0.1,1.0,0.1,0.5,21,21,42,63,0.02166779199615121,0.8357487922705314,0.407872946484594,X ~= Y A^T,SVD normal-system solve,1.8665174440950243,1.8642894562066097,38.792376776402925,38.89237677640292,72.40664795106277,72.50664795106277,38.89237677640293,7.250664795106276e-11,3.989814794974238,1,True,1.0,0.0,rms,7.937253933193772,0.8903098045525824,0.9435622950036645,-0.02513891083430786,0.13489619968386005,0.7394050316482318,0.5102675205116531,0.17647058823529413,0.3202512218228805,0.14285714285714285,0.03316488305865907,0.06666666666666667,0.09722222222222222,1.0,1.0,0.83406648889676,0.6757041540213118,0.5147352647352647,0.27051334335795557,0.6009527364417556
r5_final_inverse_map_complete_2026-08-31,credit_approval,svm,0,HuberRidgeAIME,0.1,0.5,0.1,0.5,21,21,42,63,0.02166779199615121,0.8357487922705314,0.407872946484594,X ~= Y A^T,SVD normal-system solve,1.8221878567285505,1.8188166463350035,24.28850622620224,24.388506226202242,44.258221103461516,44.35822110346152,24.388506226202242,4.435822110346151e-11,3.1241912530810434,12,True,0.6128014874050766,0.9513888888888888,rms,3.968626966596886,0.8601235723322297,0.9274284728927777,0.009618744380008204,0.16867782486967062,0.9407252050779564,0.8066633876335786,1.0,0.27548790969513265,0.09523809523809523,0.02955439285310483,0.0,0.8905810459381889,0.14029578427325523,0.6636867169731189,0.9168689936561613,0.7961713327494673,0.731934731934732,0.2597889203397305,0.49473761214999784
r5_final_inverse_map_complete_2026-08-31,credit_approval,svm,0,HuberRidgeAIME,0.1,1.0,0.1,0.5,21,21,42,63,0.02166779199615121,0.8357487922705314,0.407872946484594,X ~= Y A^T,SVD normal-system solve,1.8579975017190011,1.8555623659559837,35.1340725617554,35.2340725617554,65.27901904495565,65.37901904495565,35.2340725617554,6.537901904495564e-11,3.1627886081457626,7,True,0.8994053461443785,0.2222222222222222,rms,7.937253933193772,0.8558688264499227,0.9251317886927909,0.01451783179582844,0.1788673227134473,0.9591618234904717,0.8121361976193092,0.8181818181818182,0.2856009723312078,0.09523809523809523,0.030500756674238644,0.0,0.8905810459381889,0.2811272082508344,0.9659891456098372,0.909931318917814,0.7212078344596584,0.7062937062937064,0.26847555568580805,0.5000701658696325
r5_final_inverse_map_complete_2026-08-31,credit_approval,svm,0,HuberRidgeAIME,0.1,2.0,0.1,0.5,21,21,42,63,0.02166779199615121,0.8357487922705314,0.407872946484594,X ~= Y A^T,SVD normal-system solve,1.8743446711373506,1.8719698498269155,36.71728251701559,36.817282517015585,68.82084282441278,68.92084282441279,36.81728251701559,6.892084282441279e-11,3.2336089950296554,6,True,0.9490320197323217,0.09027777777777778,rms,15.874507866387544,0.859878992477831,0.9272966043709159,0.009900363569495085,0.17067647778154296,0.932700764245343,0.7293479448088522,0.8181818181818182,0.28796306021409046,0.047619047619047616,0.03329670004361597,0.0,0.7926888587602873,0.5247820676935907,0.9947204761057233,0.8870663174331508,0.6917282829368482,0.5523809523809523,0.2722988496588996,0.5096875042632347
r5_final_inverse_map_complete_2026-08-31,credit_approval,svm,0,RidgeAIME,1.0,1.0,0.1,0.5,21,21,42,63,0.02166779199615121,0.8357487922705314,0.407872946484594,X ~= Y A^T,SVD normal-system solve,1.8665174440950243,1.8447414780861562,38.792376776402925,39.792376776402925,72.40664795106277,73.40664795106277,39.792376776402925,7.340664795106278e-11,3.9072793419220786,1,True,1.0,0.0,rms,7.937253933193772,0.8887602325392131,0.9427408087800236,-0.02335467060925156,0.13459306276577349,0.7384344687441997,0.5098834636705493,0.17647058823529413,0.32029034682313684,0.14285714285714285,0.033203037738948414,0.06666666666666667,0.09722222222222222,1.0,1.0,0.8338383621804442,0.6770482716123866,0.5147352647352647,0.26593551276752075,0.5918744612167457
r5_final_inverse_map_complete_2026-08-31,credit_approval,svm,0,HuberRidgeAIME,1.0,0.5,0.1,0.5,21,21,42,63,0.02166779199615121,0.8357487922705314,0.407872946484594,X ~= Y A^T,SVD normal-system solve,1.8223974245739356,1.789870739775708,24.28377637240042,25.283776372400425,44.254691519991916,45.254691519991916,25.28377637240042,4.5254691519991924e-11,3.0157485893720843,12,True,0.6127391708011038,0.9513888888888888,rms,3.968626966596886,0.8595244289579194,0.9271054033700372,0.010308622423621072,0.168178103381463,0.9393671152009706,0.8062793307924748,1.0,0.27563289496668,0.09523809523809523,0.02959944040382701,0.0,0.8905810459381889,0.1403202552603748,0.6636150540131824,0.9166678945178575,0.7940111394265129,0.731934731934732,0.2528216683937862,0.47939513335175676
r5_final_inverse_map_complete_2026-08-31,credit_approval,svm,0,HuberRidgeAIME,1.0,1.0,0.1,0.5,21,21,42,63,0.02166779199615121,0.8357487922705314,0.407872946484594,X ~= Y A^T,SVD normal-system solve,1.857948136505814,1.8342051009206661,35.13472815761211,36.134728157612116,65.27850270707377,66.27850270707377,36.134728157612116,6.627850270707377e-11,3.086783483264731,7,True,0.8994021814334627,0.2222222222222222,rms,7.937253933193772,0.8554720823489371,0.9249173381167298,0.014974659086154363,0.1787095689103772,0.9587185120261353,0.812568261565551,0.8181818181818182,0.28580303460228496,0.09523809523809523,0.030553810046696096,0.0,0.8905810459381889,0.2811528932579669,0.9659828740062083,0.9094782597081071,0.7213326500519192,0.7062937062937064,0.26344789688348536,0.4895061677648484
r5_final_inverse_map_complete_2026-08-31,credit_approval,svm,0,HuberRidgeAIME,1.0,2.0,0.1,0.5,21,21,42,63,0.02166779199615121,0.8357487922705314,0.407872946484594,X ~= Y A^T,SVD normal-system solve,1.8743496681427592,1.8511679100414964,36.71714226002249,37.71714226002249,68.82076341022363,69.82076341022363,37.717142260022484,6.982076341022363e-11,3.1596159411712224,6,True,0.9490297936116868,0.09027777777777778,rms,15.874507866387544,0.8593808128178239,0.9270279460824381,0.010473987887061886,0.17047192332084088,0.932258802066933,0.7309321792784058,0.8181818181818182,0.2881034115185663,0.047619047619047616,0.03336108178286527,0.0,0.7926888587602873,0.5247588356312302,0.9947205121634284,0.8865939418405289,0.692697971034494,0.5523809523809523,0.26744581318681415,0.4996342962997976
r5_final_inverse_map_complete_2026-08-31,credit_approval,mlp,0,RidgeAIME,0.0,1.0,0.1,0.5,21,21,42,63,0.030460707959719002,0.8019323671497585,0.4657074795581009,X ~= Y A^T,SVD normal-system solve,3.6216636416421024,3.6216636416421024,20.14237042271974,20.14237042271974,72.94889061645135,72.94889061645135,20.142370422719736,7.294889061645135e-11,6.971785670322023,1,True,1.0,0.0,rms,7.937253933193772,0.7998654623313572,0.894351978994488,0.017721669235491122,0.2352461554138652,0.8527505760905333,0.676003600798174,0.5384615384615384,0.3310574646338823,0.19047619047619047,0.022735763623837175,0.0,0.10416666666666667,1.0,1.0,0.8479620856001558,0.7473144841943862,0.49170437405731515,0.558908113188968,0.8433440273726622
r5_final_inverse_map_complete_2026-08-31,credit_approval,mlp,0,HuberRidgeAIME,0.0,0.5,0.1,0.5,21,21,42,63,0.030460707959719002,0.8019323671497585,0.4657074795581009,X ~= Y A^T,SVD normal-system solve,3.769597745970826,3.769597745970826,11.566147616468449,11.566147616468449,43.599723984605305,43.599723984605305,11.566147616468447,4.3599723984605295e-11,5.864479961983694,12,True,0.6013687171925475,0.9583333333333334,rms,3.968626966596886,0.7615791693973715,0.8726850344754237,0.06473932118503478,0.2811662047060756,0.9726153258403273,0.9040984104269572,1.0,0.32721494679751034,0.19047619047619047,0.016637479019960422,0.0,1.0,0.10131769238653483,0.6595141851932467,0.9555972196168214,0.8908618844590881,0.8493506493506494,0.5762950090848882,0.7682295067065735
r5_final_inverse_map_complete_2026-08-31,credit_approval,mlp,0,HuberRidgeAIME,0.0,1.0,0.1,0.5,21,21,42,63,0.030460707959719002,0.8019323671497585,0.4657074795581009,X ~= Y A^T,SVD normal-system solve,3.713792884110792,3.713792884110792,17.07106366590777,17.07106366590777,63.39839476665056,63.39839476665056,17.07106366590777,6.339839476665056e-11,5.909916634545236,7,True,0.8728908324153805,0.2708333333333333,rms,7.937253933193772,0.7597784019474408,0.8716526842426637,0.06695076164360558,0.28447026293802674,0.984707115189924,0.9350615067566562,1.0,0.33497178490517493,0.19047619047619047,0.019124567230958022,0.0,1.0,0.2028625849885769,0.9508010937440785,0.9512308025590015,0.8673882079471072,0.7636363636363636,0.5698176797494917,0.771581354753956
r5_final_inverse_map_complete_2026-08-31,credit_approval,mlp,0,HuberRidgeAIME,0.0,2.0,0.1,0.5,21,21,42,63,0.030460707959719002,0.8019323671497585,0.4657074795581009,X ~= Y A^T,SVD normal-system solve,3.6701645059751993,3.6701645059751993,18.52796846601453,18.52796846601453,68.00069223179429,68.00069223179429,18.527968466014528,6.80006922317943e-11,6.207168173445386,7,True,0.9343739068566114,0.125,rms,15.874507866387544,0.767662407158663,0.8761634591551185,0.05726877405528563,0.27234332538855777,0.9695477696683815,0.8745994605128486,0.8181818181818182,0.33434614091745773,0.23809523809523808,0.024326984077254917,0.0,1.0,0.407213295422693,0.9956716523721831,0.92925767224393,0.816461371837099,0.70995670995671,0.5646855308559299,0.7928935120697722
r5_final_inverse_map_complete_2026-08-31,credit_approval,mlp,0,RidgeAIME,1e-06,1.0,0.1,0.5,21,21,42,63,0.030460707959719002,0.8019323671497585,0.4657074795581009,X ~= Y A^T,SVD normal-system solve,3.6216636416421024,3.6216635114854503,20.14237042271974,20.142371422719737,72.94889061645135,72.94889161645135,20.142371422719737,7.294889161645137e-11,6.971785341079132,1,True,1.0,0.0,rms,7.937253933193772,0.7998654592108889,0.8943519772499465,0.0177216730675962,0.23524615376884117,0.8527505748458646,0.676003600798174,0.5384615384615384,0.33105746433657574,0.19047619047619047,0.02273576371548267,0.0,0.10416666666666667,1.0,1.0,0.8479620845840712,0.7473173742643212,0.49170437405731515,0.5589080975811362,0.8433440068630853
r5_final_inverse_map_complete_2026-08-31,credit_approval,mlp,0,HuberRidgeAIME,1e-06,0.5,0.1,0.5,21,21,42,63,0.030460707959719002,0.8019323671497585,0.4657074795581009,X ~= Y A^T,SVD normal-system solve,3.7695977510595413,3.7695975116023237,11.566147603634242,11.566148603634245,43.59972399508234,43.59972499508234,11.566148603634243,4.3599724995082346e-11,5.864479448154276,12,True,0.6013687172617341,0.9583333333333334,rms,3.968626966596886,0.7615791686197956,0.8726850340299159,0.06473932213994038,0.2811662035251362,0.9726153247611518,0.9040984104269572,1.0,0.3272149468107263,0.19047619047619047,0.01663747936316947,0.0,1.0,0.1013176923273407,0.6595141852773613,0.9555972189177011,0.8908618844590881,0.8493506493506494,0.5762949820833465,0.7682294686548977
r5_final_inverse_map_complete_2026-08-31,credit_approval,mlp,0,HuberRidgeAIME,1e-06,1.0,0.1,0.5,21,21,42,63,0.030460707959719002,0.8019323671497585,0.4657074795581009,X ~= Y A^T,SVD normal-system solve,3.7137928846467037,3.713792725676369,17.071063662507022,17.071064662507016,63.39839476316948,63.398395763169475,17.071064662507016,6.339839576316948e-11,5.909916290656327,7,True,0.8728908323551204,0.2708333333333333,rms,7.937253933193772,0.7597784015099244,0.8716526839916943,0.06695076218089957,0.28447026226457384,0.984707114935898,0.9350615067566562,1.0,0.3349717848731371,0.19047619047619047,0.019124567452007114,0.0,1.0,0.20286258490029405,0.950801093687077,0.9512308017604403,0.8673882079471072,0.7636363636363636,0.5698176612220188,0.7715813294830309
r5_final_inverse_map_complete_2026-08-31,credit_approval,mlp,0,HuberRidgeAIME,1e-06,2.0,0.1,0.5,21,21,42,63,0.030460707959719002,0.8019323671497585,0.4657074795581009,X ~= Y A^T,SVD normal-system solve,3.6701645061483474,3.6701643620330153,18.52796846484758,18.52796946484757,68.00069223071947,68.00069323071946,18.527969464847573,6.800069323071946e-11,6.207167843862797,7,True,0.9343739068393371,0.125,rms,15.874507866387544,0.7676624061055632,0.8761634585541463,0.05726877534854935,0.27234332431522856,0.9695477693528555,0.8745994605128486,0.8181818181818182,0.3343461408014569,0.23809523809523808,0.024326984259888162,0.0,1.0,0.4072132952058355,0.9956716523781162,0.929257671319936,0.816461371837099,0.70995670995671,0.5646855138230974,0.7928934890099968
r5_final_inverse_map_complete_2026-08-31,credit_approval,mlp,0,RidgeAIME,1e-05,1.0,0.1,0.5,21,21,42,63,0.030460707959719002,0.8019323671497585,0.4657074795581009,X ~= Y A^T,SVD normal-system solve,3.6216636416421024,3.6216623400761567,20.14237042271974,20.142380422719743,72.94889061645135,72.94890061645135,20.142380422719746,7.294890061645135e-11,6.9717823778946,1,True,1.0,0.0,rms,7.937253933193772,0.7998654311267078,0.8943519615490916,0.017721707556499378,0.23524613896362528,0.8527505636438489,0.676003600798174,0.5384615384615384,0.33105746166081657,0.19047619047619047,0.022735764540291983,0.0,0.10416666666666667,1.0,1.0,0.8479620754393113,0.7473173742643212,0.49170437405731515,0.5589079571106942,0.8433438222769425
r5_final_inverse_map_complete_2026-08-31,credit_approval,mlp,0,HuberRidgeAIME,1e-05,0.5,0.1,0.5,21,21,42,63,0.030460707959719002,0.8019323671497585,0.4657074795581009,X ~= Y A^T,SVD normal-system solve,3.769597796858122,3.7695954022877562,11.566147488125393,11.566157488125391,43.59972408937358,43.59973408937358,11.566157488125391,4.3599734089373574e-11,5.864474823693692,12,True,0.6013687178843851,0.9583333333333334,rms,3.968626966596886,0.7615791616216722,0.8726850300203803,0.06473933073401683,0.28116619289667705,0.9726153150485729,0.9040984104269572,1.0,0.32721494692966996,0.19047619047619047,0.016637482452050267,0.0,1.0,0.1013176917945939,0.6595141860343607,0.9555972126256138,0.8908618844590881,0.8493506493506494,0.5762947390696214,0.7682291261899743
r5_final_inverse_map_complete_2026-08-31,credit_approval,mlp,0,HuberRidgeAIME,1e-05,1.0,0.1,0.5,21,21,42,63,0.030460707959719002,0.8019323671497585,0.4657074795581009,X ~= Y A^T,SVD normal-system solve,3.7137928894699153,3.7137912997673883,17.07106363190026,17.07107363190026,63.398394731839645,63.39840473183965,17.071073631900262,6.339840473183965e-11,5.909913195657964,7,True,0.8728908318127799,0.2708333333333333,rms,7.937253933193772,0.7597783975723014,0.8716526817329833,0.06695076701651503,0.28447025620349764,0.9847071126496659,0.9350615067566562,1.0,0.3349717845847952,0.19047619047619047,0.019124569441448653,0.0,1.0,0.20286258410574884,0.9508010931740626,0.9512307945733903,0.8673882079471072,0.7636363636363636,0.5698174944748234,0.7715811020447736
r5_final_inverse_map_complete_2026-08-31,credit_approval,mlp,0,HuberRidgeAIME,1e-05,2.0,0.1,0.5,21,21,42,63,0.030460707959719002,0.8019323671497585,0.4657074795581009,X ~= Y A^T,SVD normal-system solve,3.6701645077067013,3.67016306655406,18.52796845434492,18.52797845434492,68.00069222104611,68.00070222104611,18.527978454344925,6.800070222104611e-11,6.207164877621117,7,True,0.9343739066838703,0.125,rms,15.874507866387544,0.7676623966276918,0.8761634531454116,0.05726878698789162,0.2723433146552662,0.9695477665131231,0.8745994605128486,0.8181818181818182,0.33434613975745164,0.23809523809523808,0.024326985903587214,0.0,1.0,0.4072132932541181,0.995671652431516,0.929257663003989,0.816461371837099,0.70995670995671,0.5646853605276573,0.7928932814720772
r5_final_inverse_map_complete_2026-08-31,credit_approval,mlp,0,RidgeAIME,0.0001,1.0,0.1,0.5,21,21,42,63,0.030460707959719002,0.8019323671497585,0.4657074795581009,X ~= Y A^T,SVD normal-system solve,3.6216636416421024,3.621650626040805,20.14237042271974,20.142470422719743,72.94889061645135,72.94899061645135,20.142470422719747,7.294899061645135e-11,6.9717527461954,1,True,1.0,0.0,rms,7.937253933193772,0.7998651502882885,0.894351804542423,0.017722052441366598,0.23524599091154919,0.8527504516236892,0.676003600798174,0.5384615384615384,0.3310574349032603,0.19047619047619047,0.022735772788374287,0.0,0.10416666666666667,1.0,1.0,0.8479619839917051,0.7473173742643212,0.49170437405731515,0.5589065524106797,0.8433419764203017
r5_final_inverse_map_complete_2026-08-31,credit_approval,mlp,0,HuberRidgeAIME,0.0001,0.5,0.1,0.5,21,21,42,63,0.030460707959719002,0.8019323671497585,0.4657074795581009,X ~= Y A^T,SVD normal-system solve,3.7695982548549045,3.769574309331222,11.56614633295101,11.56624633295101,43.599725032088585,43.59982503208858,11.566246332951012,4.359982503208858e-11,5.8644285794931,12,True,0.6013687241080687,0.9583333333333334,rms,3.968626966596886,0.7615790916462523,0.8726849899283545,0.06473941666764182,0.2811660866117717,0.9726152179226719,0.9040984104269572,1.0,0.3272149481191506,0.19047619047619047,0.0166375133407995,0.0,1.0,0.10131768646715633,0.659514193601198,0.9555971497040939,0.8908618844590881,0.8493506493506494,0.576292308946682,0.7682257015558978
r5_final_inverse_map_complete_2026-08-31,credit_approval,mlp,0,HuberRidgeAIME,0.0001,1.0,0.1,0.5,21,21,42,63,0.030460707959719002,0.8019323671497585,0.4657074795581009,X ~= Y A^T,SVD normal-system solve,3.7137929377021113,3.71377704076008,17.071063325830725,17.07116332583073,63.39839441853566,63.39849441853566,17.07116332583073,6.339849441853565e-11,5.909882245854094,7,True,0.8728908263893034,0.2708333333333333,rms,7.937253933193772,0.7597783581985933,0.8716526591473196,0.06695081536957193,0.2844701955927179,0.9847070897873315,0.9350615067566562,1.0,0.33497178170137354,0.19047619047619047,0.019124589335834902,0.0,1.0,0.20286257616032582,0.9508010880438357,0.951230722702762,0.8673882079471072,0.7636363636363636,0.5698158270089968,0.7715788276688584
r5_final_inverse_map_complete_2026-08-31,credit_approval,mlp,0,HuberRidgeAIME,0.0001,2.0,0.1,0.5,21,21,42,63,0.030460707959719002,0.8019323671497585,0.4657074795581009,X ~= Y A^T,SVD normal-system solve,3.670164523290142,3.670150111833571,18.52796834931879,18.5280683493188,68.00069212431244,68.00079212431244,18.528068349318797,6.800079212431244e-11,6.20713521536352,7,True,0.9343739051292034,0.125,rms,15.874507866387544,0.7676623018515649,0.876163399059539,0.05726890337813484,0.2723432180556524,0.9695477381157698,0.8745994605128486,0.8181818181818182,0.33434612931740076,0.23809523809523808,0.024327002340559577,0.0,1.0,0.4072132737370152,0.9956716529655044,0.9292575798444087,0.816461371837099,0.70995670995671,0.5646838275784529,0.7928912060985646
r5_final_inverse_map_complete_2026-08-31,credit_approval,mlp,0,RidgeAIME,0.001,1.0,0.1,0.5,21,21,42,63,0.030460707959719002,0.8019323671497585,0.4657074795581009,X ~= Y A^T,SVD normal-system solve,3.6216636416421024,3.6215334914444637,20.14237042271974,20.143370422719737,72.94889061645135,72.94989061645136,20.143370422719745,7.294989061645134e-11,6.971456443812594,1,True,1.0,0.0,rms,7.937253933193772,0.7998623422431387,0.894350234663769,0.01772550087367475,0.2352445103990826,0.852749331421989,0.676003600798174,0.5384615384615384,0.33105716733118495,0.19047619047619047,0.022735855268110332,0.0,0.10416666666666667,1.0,1.0,0.8479610695149408,0.7473077736498819,0.49170437405731515,0.5588925058510423,0.8433235183324838
r5_final_inverse_map_complete_2026-08-31,credit_approval,mlp,0,HuberRidgeAIME,0.001,0.5,0.1,0.5,21,21,42,63,0.030460707959719002,0.8019323671497585,0.4657074795581009,X ~= Y A^T,SVD normal-system solve,3.7696028359194655,3.7693633986784914,11.566134772624189,11.567134772624192,43.59973443951088,43.60073443951088,11.567134772624193,4.360073443951088e-11,5.863966178008115,12,True,0.601368786062518,0.9583333333333334,rms,3.968626966596886,0.7615783924733998,0.8726845893410744,0.06474027528996618,0.28116502373129204,0.972614246652545,0.9040984104269572,1.0,0.32721496001828687,0.19047619047619047,0.016637822222416915,0.0,1.0,0.10131763319582596,0.659514268953994,0.9555965204243021,0.8908618844590881,0.8493506493506494,0.5762680091484275,0.76819145673082
r5_final_inverse_map_complete_2026-08-31,credit_approval,mlp,0,HuberRidgeAIME,0.001,1.0,0.1,0.5,21,21,42,63,0.030460707959719002,0.8019323671497585,0.4657074795581009,X ~= Y A^T,SVD normal-system solve,3.7137934200330016,3.713634458936455,17.071060264940336,17.072060264940333,63.39839128492225,63.399391284922245,17.07206026494033,6.339939128492225e-11,5.9095727657895605,7,True,0.872890772147412,0.2708333333333333,rms,7.937253933193772,0.7597779647135892,0.8716524334352478,0.06695129859057747,0.28446958948325746,0.9847068611625507,0.9350615067566562,1.0,0.33497175286681036,0.19047619047619047,0.01912478827678523,0.0,1.0,0.20286249670902062,0.9508010367332712,0.951230003983414,0.8673882079471072,0.7636363636363636,0.5697991529633404,0.7715560845755121
r5_final_inverse_map_complete_2026-08-31,credit_approval,mlp,0,HuberRidgeAIME,0.001,2.0,0.1,0.5,21,21,42,63,0.030460707959719002,0.8019323671497585,0.4657074795581009,X ~= Y A^T,SVD normal-system solve,3.670164679118226,3.670020571535972,18.527967299088658,18.52896729908866,68.0006911569727,68.0016911569727,18.52896729908866,6.800169115697269e-11,6.20683860870764,7,True,0.9343738895826511,0.125,rms,15.874507866387544,0.7676613543490471,0.8761628583482909,0.057270066962806676,0.2723422520606014,0.9695474541395083,0.8745994605128486,0.8181818181818182,0.33434602491724635,0.23809523809523808,0.024327166708476452,0.0,1.0,0.4072130785731934,0.9956716583046806,0.9292567482374992,0.816461371837099,0.70995670995671,0.5646684986061814,0.7928704529318841
r5_final_inverse_map_complete_2026-08-31,credit_approval,mlp,0,RidgeAIME,0.01,1.0,0.1,0.5,21,21,42,63,0.030460707959719002,0.8019323671497585,0.4657074795581009,X ~= Y A^T,SVD normal-system solve,3.6216636416421024,3.6203627209133504,20.14237042271974,20.152370422719738,72.94889061645135,72.95889061645136,20.152370422719745,7.295889061645134e-11,6.968494880172404,1,True,1.0,0.0,rms,7.937253933193772,0.7998342956686222,0.8943345546654351,0.017759943593978478,0.2352297061042429,0.8527381293948242,0.676003600798174,0.5384615384615384,0.33105449195913034,0.19047619047619047,0.02273667995677359,0.0,0.10416666666666667,1.0,1.0,0.847951924677691,0.7473077736498819,0.49170437405731515,0.5587520842899601,0.8431389852970093
r5_final_inverse_map_complete_2026-08-31,credit_approval,mlp,0,HuberRidgeAIME,0.01,0.5,0.1,0.5,21,21,42,63,0.030460707959719002,0.8019323671497585,0.4657074795581009,X ~= Y A^T,SVD normal-system solve,3.7696487559837837,3.7672561813686145,11.566018312755915,11.576018312755915,43.599826544365996,43.609826544366,11.576018312755915,4.3609826544366005e-11,5.85934621134183,12,True,0.6013693774178598,0.9583333333333334,rms,3.968626966596886,0.7615714587817761,0.8726806167102464,0.06474879024073588,0.2811543917857461,0.9726045328385271,0.9040984104269572,1.0,0.3272150794400103,0.19047619047619047,0.01664091045106763,0.0,1.0,0.10131710078685537,0.6595149909796045,0.9555902211750655,0.8908618844590881,0.8493506493506494,0.5760251541485225,0.767849159935004
r5_final_inverse_map_complete_2026-08-31,credit_approval,mlp,0,HuberRidgeAIME,0.01,1.0,0.1,0.5,21,21,42,63,0.030460707959719002,0.8019323671497585,0.4657074795581009,X ~= Y A^T,SVD normal-system solve,3.713798244230597,3.7122094651569872,17.071029636575684,17.081029636575682,63.398359891523256,63.40835989152326,17.08102963657568,6.340835989152325e-11,5.906479761502562,7,True,0.8728902290168431,0.2708333333333333,rms,7.937253933193772,0.7597740550430403,0.8716501907548924,0.06695609987884588,0.28446352822256077,0.9847045747715062,0.9350615067566562,1.0,0.33497146448653237,0.19047619047619047,0.019126777395138406,0.0,1.0,0.20286170248838195,0.9508005227992222,0.9512228154845473,0.8673882079471072,0.7636363636363636,0.5696324737416676,0.7713287201960928
r5_final_inverse_map_complete_2026-08-31,credit_approval,mlp,0,HuberRidgeAIME,0.01,2.0,0.1,0.5,21,21,42,63,0.030460707959719002,0.8019323671497585,0.4657074795581009,X ~= Y A^T,SVD normal-system solve,3.67016623676622,3.6687258589157454,18.527956799904242,18.537956799904237,68.00068148327165,68.01068148327165,18.537956799904233,6.801068148327166e-11,6.203874133294555,7,True,0.9343737341289072,0.125,rms,15.874507866387544,0.7676519051735583,0.8761574659691934,0.05728167106470061,0.27233259221913236,0.9695446141042763,0.8745994605128486,0.8181818181818182,0.3343449809510368,0.23809523809523808,0.024328810206966617,0.0,1.0,0.4072111276553296,0.995671711625835,0.9292484310587898,0.816461371837099,0.70995670995671,0.5645152608406373,0.7926629780889979
r5_final_inverse_map_complete_2026-08-31,credit_approval,mlp,0,RidgeAIME,0.1,1.0,0.1,0.5,21,21,42,63,0.030460707959719002,0.8019323671497585,0.4657074795581009,X ~= Y A^T,SVD normal-system solve,3.6216636416421024,3.608712274846148,20.14237042271974,20.242370422719745,72.94889061645135,73.04889061645136,20.24237042271974,7.304889061645138e-11,6.939024537276966,1,True,1.0,0.0,rms,7.937253933193772,0.7995571905521439,0.8941796187300088,0.018100243762043222,0.23508174659727535,0.8526261084629226,0.6767716776063526,0.5384615384615384,0.33102777308835457,0.19047619047619047,0.022744915975207274,0.0,0.10416666666666667,1.0,1.0,0.8478604699526354,0.7469909524516496,0.49170437405731515,0.5573522568370183,0.84129842321375
r5_final_inverse_map_complete_2026-08-31,credit_approval,mlp,0,HuberRidgeAIME,0.1,0.5,0.1,0.5,21,21,42,63,0.030460707959719002,0.8019323671497585,0.4657074795581009,X ~= Y A^T,SVD normal-system solve,3.770118647763745,3.746370912392704,11.564769732702855,11.664769732702853,43.600554026356775,43.700554026356784,11.664769732702853,4.370055402635678e-11,5.813547496643348,12,True,0.6013725211096942,0.9583333333333334,rms,3.968626966596886,0.7615078291328854,0.8726441595134212,0.06482693091344016,0.2810477602515979,0.9725072823152742,0.9040984104269572,1.0,0.32721631406067964,0.19047619047619047,0.01667173395826433,0.0,1.0,0.10131180694763181,0.6595191157797017,0.9555265914432253,0.8907658788907791,0.8493506493506494,0.573610772833926,0.7644412249991159
r5_final_inverse_map_complete_2026-08-31,credit_approval,mlp,0,HuberRidgeAIME,0.1,1.0,0.1,0.5,21,21,42,63,0.030460707959719002,0.8019323671497585,0.4657074795581009,X ~= Y A^T,SVD normal-system solve,3.713846572105697,3.6980414902904934,17.0707214416013,17.1707214416013,63.39804030926221,63.49804030926221,17.170721441601298,6.349804030926221e-11,5.875728305600214,7,True,0.8728847275819612,0.2708333333333333,rms,7.937253933193772,0.7597374482105286,0.8716291919219598,0.06700105506197052,0.2844028993166035,0.9846816966817749,0.9350615067566562,1.0,0.3349685772331095,0.19047619047619047,0.01914663952924641,0.0,1.0,0.20285378944435808,0.9507953017840081,0.9511508010017234,0.8672441959653137,0.7636363636363636,0.5679717794308154,0.76906170575222
r5_final_inverse_map_complete_2026-08-31,credit_approval,mlp,0,HuberRidgeAIME,0.1,2.0,0.1,0.5,21,21,42,63,0.030460707959719002,0.8019323671497585,0.4657074795581009,X ~= Y A^T,SVD normal-system solve,3.670181750173488,3.6558473989393376,18.527852119405157,18.627852119405162,68.000584718554,68.10058471855399,18.627852119405162,6.810058471855399e-11,6.1743876365743855,7,True,0.9343721807961854,0.125,rms,15.874507866387544,0.767559973135858,0.8761050012046833,0.05739456861158654,0.2722360050598434,0.969516186694675,0.8745994605128486,0.8181818181818182,0.33433454484555897,0.23809523809523808,0.024345227129846225,0.0,1.0,0.40719169028016194,0.9956722378329323,0.9291651492372625,0.816451770416142,0.70995670995671,0.5629880592768519,0.7905938916087516
r5_final_inverse_map_complete_2026-08-31,credit_approval,mlp,0,RidgeAIME,1.0,1.0,0.1,0.5,21,21,42,63,0.030460707959719002,0.8019323671497585,0.4657074795581009,X ~= Y A^T,SVD normal-system solve,3.6216636416421024,3.4976631824114364,20.14237042271974,21.14237042271974,72.94889061645135,73.94889061645135,21.14237042271974,7.394889061645136e-11,6.658159592208478,1,True,1.0,0.0,rms,7.937253933193772,0.7970968926200931,0.8928028296438655,0.021121623556133118,0.23361093229804267,0.8515061782179925,0.6767236728058416,0.5384615384615384,0.3307640484555506,0.19047619047619047,0.022826191486322145,0.0,0.10416666666666667,1.0,1.0,0.8469458722181047,0.7477782077899975,0.47863247863247854,0.5437779855134331,0.8233542007312569
r5_final_inverse_map_complete_2026-08-31,credit_approval,mlp,0,HuberRidgeAIME,1.0,0.5,0.1,0.5,21,21,42,63,0.030460707959719002,0.8019323671497585,0.4657074795581009,X ~= Y A^T,SVD normal-system solve,3.7756702944115936,3.554419400384084,11.545351767331047,12.545351767331047,43.59144170644423,44.59144170644423,12.545351767331045,4.459144170644423e-11,5.3921749917084965,12,True,0.6011701441700039,0.9583333333333334,rms,3.968626966596886,0.7613575913624585,0.8725580733466733,0.06501143107415797,0.2799523072091481,0.9715227904777937,0.9024662472095777,1.0,0.32723050414241295,0.19047619047619047,0.016974076614219114,0.0,1.0,0.10126172384663733,0.6592990302541163,0.9548318369788171,0.8916779418711875,0.8713286713286713,0.5507686706629182,0.7317639778707703
r5_final_inverse_map_complete_2026-08-31,credit_approval,mlp,0,HuberRidgeAIME,1.0,1.0,0.1,0.5,21,21,42,63,0.030460707959719002,0.8019323671497585,0.4657074795581009,X ~= Y A^T,SVD normal-system solve,3.7143357707324163,3.564102546187373,17.067479939622768,18.067479939622764,63.394351255998785,64.39435125599879,18.067479939622768,6.439435125599878e-11,5.585082207204358,7,True,0.8728236467954883,0.2708333333333333,rms,7.937253933193772,0.7595945581381911,0.871547220830972,0.06717653184944106,0.2837952781328971,0.9844516347546918,0.9348934899548672,1.0,0.33493937295466863,0.19047619047619047,0.019342416971479127,0.0,1.0,0.20277749581320867,0.9507359899329627,0.9504187024357688,0.8679978502476837,0.7636363636363636,0.5519501910445868,0.7470295699086508
r5_final_inverse_map_complete_2026-08-31,credit_approval,mlp,0,HuberRidgeAIME,1.0,2.0,0.1,0.5,21,21,42,63,0.030460707959719002,0.8019323671497585,0.4657074795581009,X ~= Y A^T,SVD normal-system solve,3.6703307837271444,3.5335789425300126,18.526836058300574,19.526836058300574,67.99961670984666,68.99961670984666,19.526836058300567,6.899961670984668e-11,5.8945352525802175,6,True,0.9343567916704276,0.125,rms,15.874507866387544,0.7668732291202145,0.8757129833000162,0.05823792764772062,0.271271597935266,0.9692294045265961,0.8736393645026251,0.8181818181818182,0.3342305617964071,0.23809523809523808,0.024507595768299563,0.0,1.0,0.40700426902114073,0.9956768524436009,0.9283222238030238,0.8154437018674242,0.70995670995671,0.548214798189924,0.7704495693638499
r5_final_inverse_map_complete_2026-08-31,credit_approval,lgbm,1,RidgeAIME,0.0,1.0,0.1,0.5,21,21,42,63,1.3243733749259263,0.821256038647343,0.511257347243598,X ~= Y A^T,SVD normal-system solve,1.4555471815701477,1.4555471815701477,52.525784295855,52.525784295855,76.45375729159326,76.45375729159326,52.525784295855,7.645375729159327e-11,3.8909713067557274,1,True,1.0,0.0,rms,7.937253933193772,1.0276685853804135,1.0137399002606209,-0.026065290100524496,0.1327024255637482,0.7511064741834595,0.552843188106747,0.42857142857142855,0.27962550852507445,0.14285714285714285,0.043735535901257276,0.06666666666666667,0.1111111111111111,1.0,1.0,0.8471550212805861,0.711607142857143,0.4981684981684982,0.16302628766109278,0.5900580281916628
r5_final_inverse_map_complete_2026-08-31,credit_approval,lgbm,1,HuberRidgeAIME,0.0,0.5,0.1,0.5,21,21,42,63,1.3243733749259263,0.821256038647343,0.511257347243598,X ~= Y A^T,SVD normal-system solve,1.4817146998812258,1.4817146998812258,29.03426688228045,29.03426688228045,43.02050003974959,43.02050003974959,29.034266882280452,4.302050003974959e-11,2.7021915493606032,12,True,0.5580353788400699,1.0,rms,3.968626966596886,0.9959911101974741,0.9979935421622096,0.005562764143444809,0.14975153575029806,0.9394537666575788,0.8504356614545868,0.6666666666666666,0.23643393019763193,0.047619047619047616,0.04185928032695375,0.13333333333333333,0.9568840014152514,0.13286158630674894,0.6111821029067351,0.8792584482080157,0.7144681259600616,0.5487179487179487,0.17076458947649523,0.431716131466827
r5_final_inverse_map_complete_2026-08-31,credit_approval,lgbm,1,HuberRidgeAIME,0.0,1.0,0.1,0.5,21,21,42,63,1.3243733749259263,0.821256038647343,0.511257347243598,X ~= Y A^T,SVD normal-system solve,1.5218501487023262,1.5218501487023262,44.72780882450721,44.72780882450721,68.06902251070551,68.06902251070551,44.72780882450721,6.806902251070549e-11,2.7325962209357515,8,True,0.8750244109791289,0.2638888888888889,rms,7.937253933193772,0.9939233218395817,0.9969570310898969,0.007627326485322716,0.15523762933462268,0.9651818092729902,0.8844722905243753,0.8181818181818182,0.2392034966924875,0.047619047619047616,0.045451630130508174,0.13333333333333333,0.9568840014152514,0.26581019211542534,0.9511761883370919,0.8850098220679833,0.678878648233487,0.5641025641025641,0.1823718910707818,0.4365754633886947
r5_final_inverse_map_complete_2026-08-31,credit_approval,lgbm,1,HuberRidgeAIME,0.0,2.0,0.1,0.5,21,21,42,63,1.3243733749259263,0.821256038647343,0.511257347243598,X ~= Y A^T,SVD normal-system solve,1.4634984567403189,1.4634984567403189,49.28057327890737,49.28057327890737,72.12204294095913,72.12204294095913,49.28057327890736,7.212204294095913e-11,3.0102251109362,7,True,0.9419719489638523,0.125,rms,15.874507866387544,0.9990673185087146,0.9995335504667737,0.002491355113155014,0.1501203578676085,0.932884946935719,0.7706248069714792,0.8181818181818182,0.24955230914125767,0.047619047619047616,0.051242223327548596,0.2,0.9162093982406483,0.5193539823431398,0.9947991947914413,0.8738771454784242,0.6853206605222735,0.5164835164835164,0.16539226880635532,0.4785989742588938
r5_final_inverse_map_complete_2026-08-31,credit_approval,lgbm,1,RidgeAIME,1e-06,1.0,0.1,0.5,21,21,42,63,1.3243733749259263,0.821256038647343,0.511257347243598,X ~= Y A^T,SVD normal-system solve,1.4555471815701477,1.455547172897318,52.525784295855,52.525785295855,76.45375729159326,76.45375829159326,52.525785295854995,7.645375829159325e-11,3.8909712385954163,1,True,1.0,0.0,rms,7.937253933193772,1.0276685837038755,1.0137398994337135,-0.02606528842660194,0.13270242537964963,0.7511064733347297,0.552843188106747,0.42857142857142855,0.2796255087006045,0.14285714285714285,0.04373553596464448,0.06666666666666667,0.1111111111111111,1.0,1.0,0.8471550212715782,0.711607142857143,0.4981684981684982,0.16302628507336347,0.5900580205838845
r5_final_inverse_map_complete_2026-08-31,credit_approval,lgbm,1,HuberRidgeAIME,1e-06,0.5,0.1,0.5,21,21,42,63,1.3243733749259263,0.821256038647343,0.511257347243598,X ~= Y A^T,SVD normal-system solve,1.4817147000342439,1.4817146834429966,29.034266880218166,29.034267880218174,43.02050004113664,43.02050104113663,29.034267880218167,4.302050104113664e-11,2.702191457459367,12,True,0.5580353788574395,1.0,rms,3.968626966596886,0.9959911095287268,0.9979935418271637,0.005562764811148813,0.14975153558936968,0.9394537661815975,0.8504356614545868,0.6666666666666666,0.23643393010513733,0.047619047619047616,0.04185928054516959,0.13333333333333333,0.9568840014152514,0.132861586292846,0.6111821029280138,0.8792584485417256,0.7144681259600616,0.5487179487179487,0.1707645846584069,0.4317161166965194
r5_final_inverse_map_complete_2026-08-31,credit_approval,lgbm,1,HuberRidgeAIME,1e-06,1.0,0.1,0.5,21,21,42,63,1.3243733749259263,0.821256038647343,0.511257347243598,X ~= Y A^T,SVD normal-system solve,1.5218501488017133,1.521850137134472,44.72780882137475,44.72780982137475,68.06902251038375,68.06902351038374,44.727809821374734,6.806902351038374e-11,2.7325961625618413,8,True,0.8750244109573384,0.2638888888888889,rms,7.937253933193772,0.993923321440387,0.9969570308896903,0.0076273268838946695,0.15523762924739962,0.965181809093583,0.8844722905243753,0.8181818181818182,0.23920349676376487,0.047619047619047616,0.045451630277725766,0.13333333333333333,0.9568840014152514,0.26581019209478296,0.9511761883151577,0.8850098219839715,0.678878648233487,0.5641025641025641,0.18237188776963204,0.43657545411126575
r5_final_inverse_map_complete_2026-08-31,credit_approval,lgbm,1,HuberRidgeAIME,1e-06,2.0,0.1,0.5,21,21,42,63,1.3243733749259263,0.821256038647343,0.511257347243598,X ~= Y A^T,SVD normal-system solve,1.4634984567636846,1.4634984473583874,49.28057327793256,49.28057427793256,72.12204294068398,72.12204394068398,49.280574277932566,7.212204394068397e-11,3.0102250526097776,7,True,0.9419719489547553,0.125,rms,15.874507866387544,0.9990673178770237,0.9995335501507809,0.0024913557438602796,0.15012035776447985,0.9328849466461161,0.7706248069714792,0.8181818181818182,0.24955230927029573,0.047619047619047616,0.05124222345655259,0.2,0.9162093982406483,0.5193539822664993,0.9947991947907873,0.8738771453809102,0.6853206605222735,0.5164835164835164,0.1653922660222587,0.4785989658439605
r5_final_inverse_map_complete_2026-08-31,credit_approval,lgbm,1,RidgeAIME,1e-05,1.0,0.1,0.5,21,21,42,63,1.3243733749259263,0.821256038647343,0.511257347243598,X ~= Y A^T,SVD normal-system solve,1.4555471815701477,1.4555470948418672,52.525784295855,52.525794295855,76.45375729159326,76.45376729159327,52.525794295855,7.645376729159325e-11,3.890970625152707,1,True,1.0,0.0,rms,7.937253933193772,1.027668568615038,1.0137398919915492,-0.02606527336130493,0.13270242372276259,0.7511064656961588,0.552843188106747,0.42857142857142855,0.2796255102803741,0.14285714285714285,0.04373553653512925,0.06666666666666667,0.1111111111111111,1.0,1.0,0.8471550211905058,0.711607142857143,0.4981684981684982,0.16302626178380397,0.5900579521138835
r5_final_inverse_map_complete_2026-08-31,credit_approval,lgbm,1,HuberRidgeAIME,1e-05,0.5,0.1,0.5,21,21,42,63,1.3243733749259263,0.821256038647343,0.511257347243598,X ~= Y A^T,SVD normal-system solve,1.4817147014114125,1.481714535498997,29.034266861657468,29.034276861657467,43.02050005362006,43.020510053620065,29.034276861657467,4.302051005362006e-11,2.702190630348527,12,True,0.5580353790137645,1.0,rms,3.968626966596886,0.9959911035100062,0.9979935388117531,0.005562770820479401,0.1497515341410146,0.9394537618977638,0.8504356614545868,0.6666666666666666,0.23643392927268586,0.047619047619047616,0.04185928250911157,0.13333333333333333,0.9568840014152514,0.13286158616772,0.6111821031195201,0.8792584515451116,0.7144681259600616,0.5487179487179487,0.1707645412956282,0.4317159837637741
r5_final_inverse_map_complete_2026-08-31,credit_approval,lgbm,1,HuberRidgeAIME,1e-05,1.0,0.1,0.5,21,21,42,63,1.3243733749259263,0.821256038647343,0.511257347243598,X ~= Y A^T,SVD normal-system solve,1.521850149696208,1.5218500330238183,44.727808793182405,44.727818793182415,68.06902250748801,68.06903250748802,44.727818793182415,6.806903250748801e-11,2.7325956371967606,8,True,0.8750244107612232,0.2638888888888889,rms,7.937253933193772,0.9939233178476369,0.9969570290878322,0.007627330471039584,0.15523762846239192,0.965181807478919,0.8844722905243753,0.8181818181818182,0.23920349740526123,0.047619047619047616,0.04545163160268384,0.13333333333333333,0.9568840014152514,0.26581019190900157,0.9511761881177508,0.885009821227866,0.678878648233487,0.5641025641025641,0.18237185805929274,0.43657537061441365
r5_final_inverse_map_complete_2026-08-31,credit_approval,lgbm,1,HuberRidgeAIME,1e-05,2.0,0.1,0.5,21,21,42,63,1.3243733749259263,0.821256038647343,0.511257347243598,X ~= Y A^T,SVD normal-system solve,1.4634984569739693,1.4634983629210123,49.280573269159426,49.280583269159436,72.12204293820746,72.12205293820746,49.28058326915943,7.212205293820747e-11,3.010224527672098,7,True,0.9419719488728823,0.125,rms,15.874507866387544,0.9990673121918097,0.9995335473068474,0.002491361420204785,0.1501203568363227,0.9328849440396919,0.7706248069714792,0.8181818181818182,0.249552310431638,0.047619047619047616,0.051242224617588296,0.2,0.9162093982406483,0.5193539815767351,0.9947991947849006,0.8738771445032846,0.6853206605222735,0.5164835164835164,0.1653922409653909,0.47859889010957074
r5_final_inverse_map_complete_2026-08-31,credit_approval,lgbm,1,RidgeAIME,0.0001,1.0,0.1,0.5,21,21,42,63,1.3243733749259263,0.821256038647343,0.511257347243598,X ~= Y A^T,SVD normal-system solve,1.4555471815701477,1.4555463142888296,52.525784295855,52.525884295855,76.45375729159326,76.45385729159327,52.52588429585501,7.645385729159325e-11,3.890964490736612,1,True,1.0,0.0,rms,7.937253933193772,1.0276684177271562,1.0137398175701477,-0.02606512270882777,0.1327024071539127,0.7511063893105488,0.552843188106747,0.42857142857142855,0.27962552607804836,0.14285714285714285,0.043735542239967756,0.06666666666666667,0.1111111111111111,1.0,1.0,0.8471550203797655,0.711607142857143,0.4981684981684982,0.16302602888857914,0.5900572674145073
r5_final_inverse_map_complete_2026-08-31,credit_approval,lgbm,1,HuberRidgeAIME,0.0001,0.5,0.1,0.5,21,21,42,63,1.3243733749259263,0.821256038647343,0.511257347243598,X ~= Y A^T,SVD normal-system solve,1.481714715183662,1.4817130560645895,29.03426667603261,29.034366676032604,43.020500178444145,43.02060017844415,29.034366676032604,4.302060017844415e-11,2.7021823592686727,12,True,0.5580353805768015,1.0,rms,3.968626966596886,0.9959910433234115,0.9979935086579529,0.005562830913175332,0.14975151965749298,0.9394537190595394,0.8504356614545868,0.6666666666666666,0.23643392094821614,0.047619047619047616,0.04185930214847848,0.13333333333333333,0.9568840014152514,0.13286158491646138,0.611182105034344,0.8792584815787544,0.7144681259600616,0.5487179487179487,0.17076410766924144,0.4317146544386713
r5_final_inverse_map_complete_2026-08-31,credit_approval,lgbm,1,HuberRidgeAIME,0.0001,1.0,0.1,0.5,21,21,42,63,1.3243733749259263,0.821256038647343,0.511257347243598,X ~= Y A^T,SVD normal-system solve,1.521850158641137,1.5218489919195621,44.72780851125923,44.72790851125923,68.06902247853026,68.06912247853026,44.72790851125922,6.806912247853028e-11,2.7325903835573335,8,True,0.8750244088000705,0.2638888888888889,rms,7.937253933193772,0.9939232819203772,0.9969570110693726,0.007627366342248143,0.15523762061232033,0.9651817913322952,0.8844722905243753,0.8181818181818182,0.23920350382021305,0.047619047619047616,0.04545164485224151,0.13333333333333333,0.9568840014152514,0.2658101900511891,0.9511761861436806,0.8850098136667934,0.678878648233487,0.5641025641025641,0.18237156095643872,0.43657453564681903
r5_final_inverse_map_complete_2026-08-31,credit_approval,lgbm,1,HuberRidgeAIME,0.0001,2.0,0.1,0.5,21,21,42,63,1.3243733749259263,0.821256038647343,0.511257347243598,X ~= Y A^T,SVD normal-system solve,1.4634984590768159,1.4634975185489594,49.280573181428124,49.28067318142813,72.12204291344231,72.12214291344232,49.28067318142813,7.212214291344232e-11,3.0102192783055592,7,True,0.9419719480541526,0.125,rms,15.874507866387544,0.9990672553399416,0.9995335188676474,0.0024914181833766147,0.15012034755475986,0.9328849179754833,0.7706248069714792,0.8181818181818182,0.2495523220450463,0.047619047619047616,0.05124223622792716,0.2,0.9162093982406483,0.5193539746791018,0.9947991947260341,0.8738771357270139,0.6853206605222735,0.5164835164835164,0.16539199039713723,0.4785981327664263
r5_final_inverse_map_complete_2026-08-31,credit_approval,lgbm,1,RidgeAIME,0.001,1.0,0.1,0.5,21,21,42,63,1.3243733749259263,0.821256038647343,0.511257347243598,X ~= Y A^T,SVD normal-system solve,1.4555471815701477,1.455538508905569,52.525784295855,52.526784295855,76.45375729159326,76.45475729159325,52.526784295855,7.645475729159325e-11,3.8909031476745897,1,True,1.0,0.0,rms,7.937253933193772,1.0276669088976207,1.013739073380138,-0.02606361623326059,0.13270224146742918,0.7511056254639952,0.552843188106747,0.42857142857142855,0.27962568405256527,0.14285714285714285,0.04373559928744676,0.06666666666666667,0.1111111111111111,1.0,1.0,0.8471550122705604,0.711607142857143,0.4981684981684982,0.16302369997335672,0.590050420484033
r5_final_inverse_map_complete_2026-08-31,credit_approval,lgbm,1,HuberRidgeAIME,0.001,0.5,0.1,0.5,21,21,42,63,1.3243733749259263,0.821256038647343,0.511257347243598,X ~= Y A^T,SVD normal-system solve,1.4817148529624105,1.481698262280149,29.034264817998267,29.03526481799827,43.02050142567199,43.021501425671985,29.03526481799827,4.3021501425671994e-11,2.702099651325184,12,True,0.558035396185944,1.0,rms,3.968626966596886,0.9959904415183349,0.9979932071503969,0.005563431779358474,0.149751374825193,0.9394532906886265,0.8504356614545868,0.6666666666666666,0.23643383770802984,0.047619047619047616,0.04185949853684909,0.13333333333333333,0.9568840014152514,0.1328615724040092,0.6111821241586859,0.8792587818933935,0.7144681259600616,0.5487179487179487,0.1707597715455928,0.43170136142272614
r5_final_inverse_map_complete_2026-08-31,credit_approval,lgbm,1,HuberRidgeAIME,0.001,1.0,0.1,0.5,21,21,42,63,1.3243733749259263,0.821256038647343,0.511257347243598,X ~= Y A^T,SVD normal-system solve,1.5218502480891725,1.5218385811054467,44.727805692050616,44.728805692050614,68.06902218893153,68.07002218893153,44.72880569205061,6.807002218893155e-11,2.732537848298812,8,True,0.875024389188479,0.2638888888888889,rms,7.937253933193772,0.9939229226719491,0.9969568308968795,0.00762772503020237,0.15523754211211255,0.9651816298678436,0.8844722905243753,0.8181818181818182,0.23920356796857853,0.047619047619047616,0.04545177734552276,0.13333333333333333,0.9568840014152514,0.2658101714732497,0.9511761664028827,0.8850097380546431,0.678878648233487,0.5641025641025641,0.1823685899819126,0.43656618606308956
r5_final_inverse_map_complete_2026-08-31,credit_approval,lgbm,1,HuberRidgeAIME,0.001,2.0,0.1,0.5,21,21,42,63,1.3243733749259263,0.821256038647343,0.511257347243598,X ~= Y A^T,SVD normal-system solve,1.463498480104889,1.4634890749974936,49.28057230412851,49.28157230412852,72.12204266579116,72.12304266579115,49.28157230412851,7.212304266579114e-11,3.0101667856671166,7,True,0.9419719398669556,0.125,rms,15.874507866387544,0.99906668684871,0.9995332344893341,0.002491985787688611,0.150120254740068,0.9328846573365467,0.7706248069714792,0.8181818181818182,0.2495524381775882,0.047619047619047616,0.05124235232950201,0.2,0.9162093982406483,0.5193539057036896,0.9947991941373637,0.8738770479630004,0.6853206605222735,0.5164835164835164,0.16538948475681942,0.47859055941050715
r5_final_inverse_map_complete_2026-08-31,credit_approval,lgbm,1,RidgeAIME,0.01,1.0,0.1,0.5,21,21,42,63,1.3243733749259263,0.821256038647343,0.511257347243598,X ~= Y A^T,SVD normal-system solve,1.4555471815701477,1.4554604697816638,52.525784295855,52.535784295854995,76.45375729159326,76.46375729159327,52.535784295855,7.646375729159325e-11,3.890289826926819,1,True,1.0,0.0,rms,7.937253933193772,1.0276518255292748,1.0137316338801285,-0.026048556396910838,0.13270058480408894,0.7510979879528775,0.552843188106747,0.42857142857142855,0.27962726357520296,0.14285714285714285,0.04373616967165257,0.06666666666666667,0.1111111111111111,1.0,1.0,0.847154930998377,0.711607142857143,0.4981684981684982,0.1630004145231447,0.5899819575072596
r5_final_inverse_map_complete_2026-08-31,credit_approval,lgbm,1,HuberRidgeAIME,0.01,0.5,0.1,0.5,21,21,42,63,1.3243733749259263,0.821256038647343,0.511257347243598,X ~= Y A^T,SVD normal-system solve,1.48171623637036,1.4815503803741714,29.034246059228867,29.044246059228865,43.02051379673155,43.030513796731555,29.044246059228865,4.303051379673156e-11,2.7012728572883433,12,True,0.5580355501561437,1.0,rms,3.968626966596886,0.9959844295514115,0.9979901951178737,0.005569434366839543,0.14974992679372348,0.9394490081120023,0.8504356614545868,0.6666666666666666,0.2364330057569976,0.047619047619047616,0.04186146189087665,0.13333333333333333,0.9568840014152514,0.13286144729288904,0.6111823130140506,0.8792617828619338,0.7144681259600616,0.5487179487179487,0.17071642432533718,0.4315684547648563
r5_final_inverse_map_complete_2026-08-31,credit_approval,lgbm,1,HuberRidgeAIME,0.01,1.0,0.1,0.5,21,21,42,63,1.3243733749259263,0.821256038647343,0.511257347243598,X ~= Y A^T,SVD normal-system solve,1.5218511424443184,1.5217344958043693,44.72777750227372,44.737777502273715,68.06901929083054,68.07901929083054,44.737777502273715,6.807901929083055e-11,2.7320126092654506,8,True,0.8750241930661593,0.2638888888888889,rms,7.937253933193772,0.9939193326035121,0.996955030381768,0.0076313094976705464,0.15523675716089316,0.9651800154017152,0.8844722905243753,0.8181818181818182,0.23920420933705894,0.047619047619047616,0.04545310204881948,0.13333333333333333,0.9568840014152514,0.2658099857123176,0.9511759689853895,0.8850089817903355,0.678878648233487,0.5641025641025641,0.18233888563719636,0.4364826994464528
r5_final_inverse_map_complete_2026-08-31,credit_approval,lgbm,1,HuberRidgeAIME,0.01,2.0,0.1,0.5,21,21,42,63,1.3243733749259263,0.821256038647343,0.511257347243598,X ~= Y A^T,SVD normal-system solve,1.4634986903462321,1.463404656385748,49.280563532486056,49.290563532486054,72.12204018931763,72.13204018931764,49.290563532486054,7.213204018931763e-11,3.0096419619561656,7,True,0.9419718580047325,0.125,rms,15.874507866387544,0.9990610046803963,0.9995303920743962,0.0024976590910883445,0.15011932668673275,0.932882051262345,0.7706248069714792,0.8181818181818182,0.24955359934899962,0.047619047619047616,0.05124351316388677,0.2,0.9162093982406483,0.5193532160415171,0.9947991882501346,0.8738761701922865,0.6853206605222735,0.5164835164835164,0.16536443257479574,0.47851483340266493
r5_final_inverse_map_complete_2026-08-31,credit_approval,lgbm,1,RidgeAIME,0.1,1.0,0.1,0.5,21,21,42,63,1.3243733749259263,0.821256038647343,0.511257347243598,X ~= Y A^T,SVD normal-system solve,1.4555471815701477,1.4546815466201597,52.525784295855,52.625784295855,76.45375729159326,76.55375729159326,52.625784295855,7.655375729159324e-11,3.8841675864134997,1,True,1.0,0.0,rms,7.937253933193772,1.027501483252421,1.0136574782698646,-0.025898448673361774,0.13268403829750142,0.7510217081698851,0.552843188106747,0.42857142857142855,0.27964303657922385,0.14285714285714285,0.04374186446960116,0.06666666666666667,0.1111111111111111,1.0,1.0,0.8471541003217071,0.711607142857143,0.4981684981684982,0.16276792962238074,0.5892979597232171
r5_final_inverse_map_complete_2026-08-31,credit_approval,lgbm,1,HuberRidgeAIME,0.1,0.5,0.1,0.5,21,21,42,63,1.3243733749259263,0.821256038647343,0.511257347243598,X ~= Y A^T,SVD normal-system solve,1.481730627903205,1.480077130429752,29.03404076131358,29.134040761313578,43.02062744782842,43.120627447828426,29.13404076131358,4.3120627447828425e-11,2.6930333511770868,12,True,0.5580368791877182,1.0,rms,3.968626966596886,0.9959249147380029,0.9979603773387012,0.005628856329478182,0.14973547555849762,0.9394062952185513,0.8504356614545868,0.6666666666666666,0.23642473109032494,0.047619047619047616,0.041881042633866175,0.13333333333333333,0.9568840014152514,0.1328601975252441,0.6111839643955275,0.8792915757378227,0.7144393241167436,0.5487179487179487,0.1702843481295516,0.4302417318528343
r5_final_inverse_map_complete_2026-08-31,credit_approval,lgbm,1,HuberRidgeAIME,0.1,1.0,0.1,0.5,21,21,42,63,1.3243733749259263,0.821256038647343,0.511257347243598,X ~= Y A^T,SVD normal-system solve,1.5218600734796441,1.5206959217380647,44.72749583589678,44.8274958358968,68.06899009937835,68.16899009937833,44.82749583589679,6.816899009937834e-11,2.7267715490743547,8,True,0.8750222312144201,0.2638888888888889,rms,7.937253933193772,0.9938836726204124,0.9969371457721958,0.007666913846606227,0.1552289127381238,0.9651638885674054,0.8844722905243753,0.8181818181818182,0.2392106115247428,0.047619047619047616,0.04546632616988567,0.13333333333333333,0.9568840014152514,0.26580812994935643,0.9511739938725532,0.8850014049369523,0.678907450076805,0.5641025641025641,0.18204238123665975,0.4356487539546738
r5_final_inverse_map_complete_2026-08-31,credit_approval,lgbm,1,HuberRidgeAIME,0.1,2.0,0.1,0.5,21,21,42,63,1.3243733749259263,0.821256038647343,0.511257347243598,X ~= Y A^T,SVD normal-system solve,1.4635007888286664,1.4625621571530896,49.28047595121229,49.38047595121228,72.1220154284513,72.2220154284513,49.38047595121229,7.222201542845131e-11,3.0044039717148863,7,True,0.941971040356726,0.125,rms,15.874507866387544,0.9990044565350573,0.9995021043174733,0.002554119014041456,0.15011005550489337,0.9328560220012122,0.7706248069714792,0.8181818181818182,0.24956519568175117,0.047619047619047616,0.0512551033995889,0.2,0.9162093982406483,0.519346328604424,0.9947991293257635,0.8738673794932523,0.6853206605222735,0.5164835164835164,0.16511433214565205,0.477758327430364
r5_final_inverse_map_complete_2026-08-31,credit_approval,lgbm,1,RidgeAIME,1.0,1.0,0.1,0.5,21,21,42,63,1.3243733749259263,0.821256038647343,0.511257347243598,X ~= Y A^T,SVD normal-system solve,1.4555471815701477,1.447036382754904,52.525784295855,53.525784295855,76.45375729159326,77.45375729159326,53.52578429585499,7.745375729159328e-11,3.8240219703549254,1,True,1.0,0.0,rms,7.937253933193772,1.0260459374262196,1.0129392565332926,-0.02444517368601451,0.1325205634123991,0.7502683306867235,0.5526511619906973,0.42857142857142855,0.27979857482663273,0.14285714285714285,0.04379792213700766,0.13333333333333333,0.1111111111111111,1.0,1.0,0.8471440552150808,0.7121351766513058,0.4981684981684982,0.1604794506982012,0.5825203787862014
r5_final_inverse_map_complete_2026-08-31,credit_approval,lgbm,1,HuberRidgeAIME,1.0,0.5,0.1,0.5,21,21,42,63,1.3243733749259263,0.821256038647343,0.511257347243598,X ~= Y A^T,SVD normal-system solve,1.4819259547990318,1.4658779873066972,29.030342161972897,30.030342161972893,43.020817526524276,44.020817526524276,30.030342161972893,4.4020817526524274e-11,2.613380296012863,12,True,0.5580304813330683,1.0,rms,3.968626966596886,0.9953868966751364,0.9976907820938993,0.006166035014910309,0.1495937998360043,0.9389900895500545,0.8508917234802046,0.6666666666666666,0.23634624084478828,0.047619047619047616,0.04207173432156379,0.13333333333333333,0.9568840014152514,0.13284783725307925,0.611178311843067,0.8795687627024968,0.7154953917050692,0.5487179487179487,0.1660978232077991,0.41720261234589273
r5_final_inverse_map_complete_2026-08-31,credit_approval,lgbm,1,HuberRidgeAIME,1.0,1.0,0.1,0.5,21,21,42,63,1.3243733749259263,0.821256038647343,0.511257347243598,X ~= Y A^T,SVD normal-system solve,1.5219481376948316,1.5105331233497306,44.72470273932129,45.72470273932129,68.06867804306496,69.06867804306496,45.72470273932128,6.906867804306497e-11,2.6754694663691607,8,True,0.875002561372167,0.2638888888888889,rms,7.937253933193772,0.9935502863444567,0.9967699264847715,0.007999779997056367,0.15515098082275372,0.9650043908978768,0.8844962937888816,0.8181818181818182,0.2392735037505366,0.047619047619047616,0.04559631525388308,0.13333333333333333,0.9568840014152514,0.26578975702013696,0.9511541619161707,0.8849242835286912,0.6787346390168971,0.5641025641025641,0.17913025303219687,0.4273999989794743
r5_final_inverse_map_complete_2026-08-31,credit_approval,lgbm,1,HuberRidgeAIME,1.0,2.0,0.1,0.5,21,21,42,63,1.3243733749259263,0.821256038647343,0.511257347243598,X ~= Y A^T,SVD normal-system solve,1.4635213873037844,1.4543025139804802,49.27961346773869,50.27961346773869,72.12176826809919,73.12176826809919,50.27961346773869,7.312176826809918e-11,2.953028680914279,7,True,0.9419629605353079,0.125,rms,15.874507866387544,0.9984654893977878,0.9992324501324943,0.0030922452931981814,0.15001827193089703,0.9325988422580112,0.7706728135004918,0.8181818181818182,0.24967964016326583,0.047619047619047616,0.05136922273957419,0.2,0.9162093982406483,0.5192783623790433,0.994798535304841,0.8737782377884435,0.685839093701997,0.5421245421245421,0.16265475486351208,0.47026766501530487
r5_final_inverse_map_complete_2026-08-31,credit_approval,svm,1,RidgeAIME,0.0,1.0,0.1,0.5,21,21,42,63,0.021078709047287703,0.821256038647343,0.42506109868391695,X ~= Y A^T,SVD normal-system solve,2.1457622341178935,2.1457622341178935,34.468027156792985,34.468027156792985,73.96019095759634,73.96019095759634,34.468027156792985,7.396019095759635e-11,3.8932035358464403,1,True,1.0,0.0,rms,7.937253933193772,1.7001770862452334,1.3039083887471672,-0.029172344909050407,0.06970738599736495,0.8086256787180434,0.3687621526087163,0.3333333333333333,0.3423421075223651,0.14285714285714285,0.04368007879507592,0.2,0.1111111111111111,1.0,1.0,0.8273867683834679,0.5914579792778032,0.3767399267399267,0.33158159734504394,0.5903071091341177
r5_final_inverse_map_complete_2026-08-31,credit_approval,svm,1,HuberRidgeAIME,0.0,0.5,0.1,0.5,21,21,42,63,0.021078709047287703,0.821256038647343,0.42506109868391695,X ~= Y A^T,SVD normal-system solve,2.006028420557519,2.006028420557519,21.04372458107014,21.04372458107014,42.21430958401157,42.21430958401157,21.04372458107014,4.221430958401157e-11,3.4610638290332347,12,True,0.5773589514225009,0.9930555555555556,rms,3.968626966596886,1.6669282529082927,1.2910957566765886,-0.009045747481225996,0.10787360915347362,0.9561128423978037,0.8497635700484133,0.5384615384615384,0.3170884574575642,0.14285714285714285,0.034230455992722834,0.06666666666666667,0.98359375,0.1531514942977907,0.6303848835630896,0.921853239990605,0.8149427248426078,0.4945054945054945,0.30233708162750417,0.5392096086386251
r5_final_inverse_map_complete_2026-08-31,credit_approval,svm,1,HuberRidgeAIME,0.0,1.0,0.1,0.5,21,21,42,63,0.021078709047287703,0.821256038647343,0.42506109868391695,X ~= Y A^T,SVD normal-system solve,2.0908954174721406,2.0908954174721406,31.45750487061923,31.45750487061923,65.77435277908529,65.77435277908529,31.457504870619225,6.577435277908527e-11,3.5297595945566225,8,True,0.8931093808598484,0.2708333333333333,rms,7.937253933193772,1.6693365838216017,1.2920280894088958,-0.010503588310525114,0.10478874643066818,0.9758008918299439,0.8900890544188256,0.5384615384615384,0.3217155825920984,0.14285714285714285,0.03742331494239289,0.0,0.98359375,0.3064189319160937,0.966445686977818,0.9250429272618647,0.7924291747568464,0.5164835164835164,0.320332310794413,0.547745127395507
r5_final_inverse_map_complete_2026-08-31,credit_approval,svm,1,HuberRidgeAIME,0.0,2.0,0.1,0.5,21,21,42,63,0.021078709047287703,0.821256038647343,0.42506109868391695,X ~= Y A^T,SVD normal-system solve,2.1299573662893994,2.1299573662893994,33.13788372475004,33.13788372475004,70.58227954277295,70.58227954277295,33.13788372475004,7.058227954277294e-11,3.5700486007144963,7,True,0.9562002546761453,0.10416666666666667,rms,15.874507866387544,1.6739906619639964,1.2938279104904162,-0.013320852790766002,0.09838970087035492,0.952637105805152,0.8564364775811363,0.5384615384615384,0.3259386689488247,0.14285714285714285,0.04485000292845148,0.13333333333333333,0.8888888888888888,0.606266855786946,0.9999419295372952,0.9019508130135468,0.7291032389425519,0.5457875457875457,0.3283709105887087,0.5526741284030761
r5_final_inverse_map_complete_2026-08-31,credit_approval,svm,1,RidgeAIME,1e-06,1.0,0.1,0.5,21,21,42,63,0.021078709047287703,0.821256038647343,0.42506109868391695,X ~= Y A^T,SVD normal-system solve,2.1457622341178935,2.145762200876589,34.468027156792985,34.468028156792975,73.96019095759634,73.96019195759634,34.468028156792975,7.396019195759633e-11,3.893203431645273,1,True,1.0,0.0,rms,7.937253933193772,1.7001770846575315,1.3039083881383429,-0.029172343947962975,0.06970738523076304,0.8086256775439349,0.3687621526087163,0.3333333333333333,0.3423421076765305,0.14285714285714285,0.043680078863255076,0.2,0.1111111111111111,1.0,1.0,0.8273867677312055,0.5914579792778032,0.3767399267399267,0.3315815906171246,0.5903070975102731
r5_final_inverse_map_complete_2026-08-31,credit_approval,svm,1,HuberRidgeAIME,1e-06,0.5,0.1,0.5,21,21,42,63,0.021078709047287703,0.821256038647343,0.42506109868391695,X ~= Y A^T,SVD normal-system solve,2.006028420976137,2.006028373169563,21.04372458004737,21.043725580047372,42.214309590769155,42.21431059076915,21.043725580047372,4.221431059076915e-11,3.461063660669157,12,True,0.5773589514725528,0.9930555555555556,rms,3.968626966596886,1.666928251623922,1.291095756179193,-0.009045746703754798,0.10787360872678414,0.9561128413306222,0.8497635700484133,0.5384615384615384,0.3170884574991475,0.14285714285714285,0.034230456186170724,0.06666666666666667,0.98359375,0.1531514943021528,0.6303848836188528,0.9218532393922974,0.8149427248426078,0.4945054945054945,0.3023370713682636,0.5392095875122908
r5_final_inverse_map_complete_2026-08-31,credit_approval,svm,1,HuberRidgeAIME,1e-06,1.0,0.1,0.5,21,21,42,63,0.021078709047287703,0.821256038647343,0.42506109868391695,X ~= Y A^T,SVD normal-system solve,2.0908954174246386,2.090895382746256,31.45750486901855,31.457505869018547,65.77435277424414,65.77435377424413,31.457505869018544,6.577435377424415e-11,3.5297594836276733,8,True,0.8931093808001676,0.2708333333333333,rms,7.937253933193772,1.6693365828892508,1.2920280890480869,-0.010503587746143017,0.10478874610886611,0.9758008915730705,0.8900890544188256,0.5384615384615384,0.32171558260763,0.14285714285714285,0.037423315062115645,0.0,0.98359375,0.30641893192076,0.9664456869100935,0.9250429266846902,0.7924291747568464,0.5164835164835164,0.3203323035815892,0.5477451137470333
r5_final_inverse_map_complete_2026-08-31,credit_approval,svm,1,HuberRidgeAIME,1e-06,2.0,0.1,0.5,21,21,42,63,0.021078709047287703,0.821256038647343,0.42506109868391695,X ~= Y A^T,SVD normal-system solve,2.1299573663019484,2.1299573322032916,33.13788372441974,33.137884724419735,70.58227954248527,70.58228054248526,33.137884724419735,7.058228054248526e-11,3.57004849619861,7,True,0.9562002546713493,0.10416666666666667,rms,15.874507866387544,1.6739906609930153,1.2938279101151804,-0.013320852202999722,0.09838970043634698,0.9526371054548042,0.8564364775811363,0.5384615384615384,0.3259386690146223,0.14285714285714285,0.0448500030690705,0.13333333333333333,0.8888888888888888,0.6062668557530015,0.9999419295361429,0.9019508124461527,0.7291032389425519,0.5457875457875457,0.32837090363861254,0.5526741156887748
r5_final_inverse_map_complete_2026-08-31,credit_approval,svm,1,RidgeAIME,1e-05,1.0,0.1,0.5,21,21,42,63,0.021078709047287703,0.821256038647343,0.42506109868391695,X ~= Y A^T,SVD normal-system solve,2.1457622341178935,2.145761901704931,34.468027156792985,34.46803715679299,73.96019095759634,73.96020095759634,34.46803715679298,7.396020095759636e-11,3.8932024938350263,1,True,1.0,0.0,rms,7.937253933193772,1.700177070368219,1.303908382658927,-0.02917233529817853,0.0697073783313469,0.8086256669769609,0.3687621526087163,0.3333333333333333,0.3423421090640182,0.14285714285714285,0.04368007947686738,0.2,0.1111111111111111,1.0,1.0,0.8273867618608446,0.5914579792778032,0.3767399267399267,0.3315815300658626,0.5903069928956873
r5_final_inverse_map_complete_2026-08-31,credit_approval,svm,1,HuberRidgeAIME,1e-05,0.5,0.1,0.5,21,21,42,63,0.021078709047287703,0.821256038647343,0.42506109868391695,X ~= Y A^T,SVD normal-system solve,2.006028424743714,2.006027946678179,21.043724570842087,21.043734570842084,42.214309651586944,42.214319651586955,21.043734570842087,4.221431965158695e-11,3.4610621453932207,12,True,0.577358951923014,0.9930555555555556,rms,3.968626966596886,1.6669282400646028,1.2910957517026391,-0.009045739706523781,0.10787360488657914,0.9561128317259913,0.8497635700484133,0.5384615384615384,0.31708845787339746,0.14285714285714285,0.03423045792720129,0.06666666666666667,0.98359375,0.15315149434141165,0.6303848841207143,0.9218532340075282,0.8149427248426078,0.4945054945054945,0.30233697903513573,0.539209397375331
r5_final_inverse_map_complete_2026-08-31,credit_approval,svm,1,HuberRidgeAIME,1e-05,1.0,0.1,0.5,21,21,42,63,0.021078709047287703,0.821256038647343,0.42506109868391695,X ~= Y A^T,SVD normal-system solve,2.0908954169971206,2.0908950702133957,31.457504854612463,31.457514854612466,65.77435273067387,65.77436273067387,31.457514854612466,6.577436273067388e-11,3.529758485267469,8,True,0.8931093802630387,0.2708333333333333,rms,7.937253933193772,1.6693365744981004,1.2920280858008082,-0.010503582666707256,0.10478874321264797,0.9758008892612087,0.8900890544188256,0.5384615384615384,0.32171558274741396,0.14285714285714285,0.03742331613962022,0.0,0.98359375,0.3064189319627557,0.9664456863005739,0.9250429214901217,0.7924291747568464,0.5164835164835164,0.32033223866619076,0.5477449909107915
r5_final_inverse_map_complete_2026-08-31,credit_approval,svm,1,HuberRidgeAIME,1e-05,2.0,0.1,0.5,21,21,42,63,0.021078709047287703,0.821256038647343,0.42506109868391695,X ~= Y A^T,SVD normal-system solve,2.1299573664148834,2.1299570254284053,33.1378837214471,33.13789372144711,70.5822795398961,70.58228953989611,33.1378937214471,7.058228953989611e-11,3.5700475555559046,7,True,0.9562002546281865,0.10416666666666667,rms,15.874507866387544,1.6739906522541934,1.2938279067380614,-0.01332084691310742,0.09838969653027596,0.9526371023016753,0.8564364775811363,0.5384615384615384,0.32593866960679974,0.14285714285714285,0.04485000433464145,0.13333333333333333,0.8888888888888888,0.6062668554475,0.9999419295257721,0.9019508073396046,0.7291032389425519,0.5457875457875457,0.3283708410877586,0.5526740012600799
r5_final_inverse_map_complete_2026-08-31,credit_approval,svm,1,RidgeAIME,0.0001,1.0,0.1,0.5,21,21,42,63,0.021078709047287703,0.821256038647343,0.42506109868391695,X ~= Y A^T,SVD normal-system solve,2.1457622341178935,2.1457589099969487,34.468027156792985,34.46812715679298,73.96019095759634,73.96029095759634,34.46812715679298,7.396029095759635e-11,3.8931931157589657,1,True,1.0,0.0,rms,7.937253933193772,1.700176927475786,1.303908327865033,-0.02917224880075331,0.06970730933729195,0.8086255613073192,0.3687621526087163,0.3333333333333333,0.3423421229388769,0.14285714285714285,0.04368008561298095,0.2,0.1111111111111111,1.0,1.0,0.8273867031572986,0.5914579792778032,0.3767399267399267,0.33158092455451815,0.5903059467513895
r5_final_inverse_map_complete_2026-08-31,credit_approval,svm,1,HuberRidgeAIME,0.0001,0.5,0.1,0.5,21,21,42,63,0.021078709047287703,0.821256038647343,0.42506109868391695,X ~= Y A^T,SVD normal-system solve,2.006028462420464,2.006023681785349,21.043724478760545,21.04382447876055,42.214310259727895,42.21441025972789,21.04382447876055,4.2214410259727896e-11,3.4610469927081207,12,True,0.5773589564270729,0.9930555555555556,rms,3.968626966596886,1.6669281244728669,1.2910957069376643,-0.00904566973509624,0.1078735664845925,0.9561127356798389,0.8497635700484133,0.5384615384615384,0.3170884616159147,0.14285714285714285,0.03423047533746165,0.06666666666666667,0.98359375,0.15315149473398587,0.6303848891387087,0.9218531801597811,0.8149427248426078,0.4945054945054945,0.3023360557073257,0.5392074960104742
r5_final_inverse_map_complete_2026-08-31,credit_approval,svm,1,HuberRidgeAIME,0.0001,1.0,0.1,0.5,21,21,42,63,0.021078709047287703,0.821256038647343,0.42506109868391695,X ~= Y A^T,SVD normal-system solve,2.0908954127219435,2.090891944894616,31.45750471055184,31.457604710551845,65.77435229497178,65.77445229497178,31.457604710551845,6.57744522949718e-11,3.529748501696866,8,True,0.8931093748917548,0.2708333333333333,rms,7.937253933193772,1.6693364905872434,1.2920280533282718,-0.010503531872743554,0.10478871425050493,0.9758008661426102,0.8900890544188256,0.5384615384615384,0.3217155841452527,0.14285714285714285,0.03742332691464776,0.0,0.98359375,0.3064189323827017,0.9664456802053866,0.9250428695444771,0.7924291747568464,0.5164835164835164,0.3203315895137135,0.5477437625503322
r5_final_inverse_map_complete_2026-08-31,credit_approval,svm,1,HuberRidgeAIME,0.0001,2.0,0.1,0.5,21,21,42,63,0.021078709047287703,0.821256038647343,0.42506109868391695,X ~= Y A^T,SVD normal-system solve,2.1299573675442325,2.1299539576887083,33.13788369172079,33.13798369172079,70.58227951400457,70.58237951400457,33.13798369172079,7.058237951400457e-11,3.570038149156782,7,True,0.9562002541965552,0.10416666666666667,rms,15.874507866387544,1.6739905648665625,1.2938278729670971,-0.01332079401453945,0.09838965746961621,0.9526370707704097,0.8564364775811363,0.5384615384615384,0.3259386755285678,0.14285714285714285,0.04485001699033277,0.13333333333333333,0.8888888888888888,0.6062668523924819,0.9999419294220643,0.901950756274163,0.7291032389425519,0.5457875457875457,0.32837021558059304,0.5526728569748703
r5_final_inverse_map_complete_2026-08-31,credit_approval,svm,1,RidgeAIME,0.001,1.0,0.1,0.5,21,21,42,63,0.021078709047287703,0.821256038647343,0.42506109868391695,X ~= Y A^T,SVD normal-system solve,2.1457622341178935,2.145728993776387,34.468027156792985,34.469027156792976,73.96019095759634,73.96119095759634,34.46902715679297,7.396119095759635e-11,3.8930993376380947,1,True,1.0,0.0,rms,7.937253933193772,1.7001754986205158,1.3039077799524457,-0.029171383868305423,0.06970661940740112,0.8086245046209055,0.3687621526087163,0.3333333333333333,0.34234226168558934,0.14285714285714285,0.04368014697316243,0.2,0.1111111111111111,1.0,1.0,0.8273861161281422,0.5914579792778032,0.3767399267399267,0.33157486956855486,0.5902954854642845
r5_final_inverse_map_complete_2026-08-31,credit_approval,svm,1,HuberRidgeAIME,0.001,0.5,0.1,0.5,21,21,42,63,0.021078709047287703,0.821256038647343,0.42506109868391695,X ~= Y A^T,SVD normal-system solve,2.006028839287724,2.0059810349610645,21.0437235550567,21.0447235550567,42.21431633744213,42.21531633744213,21.044723555056695,4.221531633744214e-11,3.460895473287757,12,True,0.5773590014123802,0.9930555555555556,rms,3.968626966596886,1.666926968701311,1.2910952593442946,-0.009044970109079786,0.10787318247105669,0.9561117752340985,0.8497635700484133,0.5384615384615384,0.31708849904275394,0.14285714285714285,0.034230649435528095,0.06666666666666667,0.98359375,0.1531514986582994,0.6303849392566402,0.9218526416767945,0.8149427248426078,0.4945054945054945,0.3023268227767756,0.5391884828364992
r5_final_inverse_map_complete_2026-08-31,credit_approval,svm,1,HuberRidgeAIME,0.001,1.0,0.1,0.5,21,21,42,63,0.021078709047287703,0.821256038647343,0.42506109868391695,X ~= Y A^T,SVD normal-system solve,2.090895369971071,2.090860692689682,31.45750326995976,31.458503269959753,65.77434793800867,65.77534793800868,31.458503269959756,6.577534793800868e-11,3.529648669136895,8,True,0.8931093211795313,0.2708333333333333,rms,7.937253933193772,1.6693356515431905,1.2920277286278303,-0.010503023972159298,0.1047884246329322,0.9758006349584477,0.8900890544188256,0.5384615384615384,0.32171559812344475,0.14285714285714285,0.03742343466309944,0.0,0.98359375,0.30641893658095104,0.9664456192543539,0.9250423500922104,0.7924291747568464,0.5164835164835164,0.3203250981397243,0.5477314791417456
r5_final_inverse_map_complete_2026-08-31,credit_approval,svm,1,HuberRidgeAIME,0.001,2.0,0.1,0.5,21,21,42,63,0.021078709047287703,0.821256038647343,0.42506109868391695,X ~= Y A^T,SVD normal-system solve,2.1299573788375596,2.129923281207733,33.137883394458306,33.13888339445831,70.58227925508511,70.5832792550851,33.13888339445831,7.058327925508512e-11,3.569944087959693,7,True,0.9562002498801996,0.10416666666666667,rms,15.874507866387544,1.673989691049038,1.293827535280123,-0.013320265064444614,0.09838926686806077,0.9526367554603039,0.8564364775811363,0.5384615384615384,0.325938734745614,0.14285714285714285,0.04485014354541227,0.13333333333333333,0.8888888888888888,0.6062668218418259,0.9999419283849964,0.9019502456236234,0.7291032389425519,0.5457875457875457,0.3283639606461595,0.5526614142968628
r5_final_inverse_map_complete_2026-08-31,credit_approval,svm,1,RidgeAIME,0.01,1.0,0.1,0.5,21,21,42,63,0.021078709047287703,0.821256038647343,0.42506109868391695,X ~= Y A^T,SVD normal-system solve,2.1457622341178935,2.145429917472018,34.468027156792985,34.478027156792976,73.96019095759634,73.97019095759634,34.47802715679298,7.397019095759632e-11,3.892161820326351,1,True,1.0,0.0,rms,7.937253933193772,1.7001612169709808,1.3039023034610302,-0.029162738722538162,0.06969972117415038,0.8086139387568815,0.3687621526087163,0.3333333333333333,0.34234364896514297,0.14285714285714285,0.04368076047957521,0.2,0.1111111111111111,1.0,1.0,0.827380246466992,0.5914579792778032,0.3767399267399267,0.3315143324541985,0.5901908881774662
r5_final_inverse_map_complete_2026-08-31,credit_approval,svm,1,HuberRidgeAIME,0.01,0.5,0.1,0.5,21,21,42,63,0.021078709047287703,0.821256038647343,0.42506109868391695,X ~= Y A^T,SVD normal-system solve,2.0060326179243178,2.0055547769996647,21.043714029479688,21.053714029479686,42.21437674540783,42.22437674540784,21.05371402947968,4.2224376745407835e-11,3.4593810217504095,12,True,0.5773594457425069,0.9930555555555556,rms,3.968626966596886,1.6669154255540677,1.291090789043926,-0.009037982667587707,0.10786934296869317,0.9561021723546447,0.8497635700484133,0.5384615384615384,0.3170888734777526,0.14285714285714285,0.034232389962617564,0.06666666666666667,0.98359375,0.15315153775870904,0.6303854342404818,0.9218472562961095,0.8149427248426078,0.4945054945054945,0.30223452820936925,0.5389983985366157
r5_final_inverse_map_complete_2026-08-31,credit_approval,svm,1,HuberRidgeAIME,0.01,1.0,0.1,0.5,21,21,42,63,0.021078709047287703,0.821256038647343,0.42506109868391695,X ~= Y A^T,SVD normal-system solve,2.0908949425516368,2.090548268895147,31.45748886545171,31.467488865451713,65.7743043741474,65.7843043741474,31.46748886545171,6.57843043741474e-11,3.528650658042218,8,True,0.8931087841185984,0.2708333333333333,rms,7.937253933193772,1.669327267551644,1.2920244841146178,-0.010497948870095364,0.10478552884293917,0.9757983232989421,0.8900890544188256,0.5384615384615384,0.3217157378857199,0.14285714285714285,0.03742451196529033,0.0,0.98359375,0.3064189784425492,0.9664450098281047,0.925037155987428,0.7924291747568464,0.5164835164835164,0.3202601994744749,0.547608664652279
r5_final_inverse_map_complete_2026-08-31,credit_approval,svm,1,HuberRidgeAIME,0.01,2.0,0.1,0.5,21,21,42,63,0.021078709047287703,0.821256038647343,0.42506109868391695,X ~= Y A^T,SVD normal-system solve,2.129957491754835,2.129616607970602,33.13788042190342,33.14788042190341,70.58227666550906,70.59227666550906,33.147880421903416,7.059227666550906e-11,3.5690037553153964,7,True,0.956200206712253,0.10416666666666667,rms,15.874507866387544,1.6739809587494812,1.293824160676203,-0.013314979120242931,0.09838536135664448,0.9526336026141754,0.8564364775811363,0.5384615384615384,0.3259393268525806,0.14285714285714285,0.04485140891287746,0.13333333333333333,0.8888888888888888,0.6062665162878165,0.9999419180153077,0.9019451395059139,0.7291032389425519,0.5457875457875457,0.3283014250210316,0.5525470049217284
r5_final_inverse_map_complete_2026-08-31,credit_approval,svm,1,RidgeAIME,0.1,1.0,0.1,0.5,21,21,42,63,0.021078709047287703,0.821256038647343,0.42506109868391695,X ~= Y A^T,SVD normal-system solve,2.1457622341178935,2.1424477197288576,34.468027156792985,34.56802715679298,73.96019095759634,74.06019095759635,34.56802715679297,7.406019095759636e-11,3.8828129605567945,1,True,1.0,0.0,rms,7.937253933193772,1.7000190879191506,1.3038478009028318,-0.029076703396726744,0.0696308452613042,0.8085083800946827,0.3687621526087163,0.3333333333333333,0.34235750302187207,0.14285714285714285,0.04368688601722329,0.2,0.1111111111111111,1.0,1.0,0.8273216128638403,0.591304369446774,0.3767399267399267,0.33091023301750283,0.589146470598964
r5_final_inverse_map_complete_2026-08-31,credit_approval,svm,1,HuberRidgeAIME,0.1,0.5,0.1,0.5,21,21,42,63,0.021078709047287703,0.821256038647343,0.42506109868391695,X ~= Y A^T,SVD normal-system solve,2.0060713901283274,2.001313109342024,21.043590202245746,21.14359020224574,42.21494425030997,42.31494425030998,21.143590202245743,4.231494425030997e-11,3.4443103826575427,12,True,0.5773633419824354,0.9930555555555556,rms,3.968626966596886,1.6668014390588675,1.2910466448036908,-0.008968982944263404,0.10783101118950417,0.9560063010617965,0.8504356614545868,0.5384615384615384,0.3170926342653533,0.14285714285714285,0.03424975001477398,0.06666666666666667,0.98359375,0.1531519146172235,0.630389770403087,0.9217933482296161,0.8145490956180067,0.4945054945054945,0.30131504017125416,0.5371022808192643
r5_final_inverse_map_complete_2026-08-31,credit_approval,svm,1,HuberRidgeAIME,0.1,1.0,0.1,0.5,21,21,42,63,0.021078709047287703,0.821256038647343,0.42506109868391695,X ~= Y A^T,SVD normal-system solve,2.090890677268238,2.0874338253734606,31.45734496221721,31.5573449622172,65.77386931311094,65.87386931311096,31.5573449622172,6.587386931311094e-11,3.5187018975307516,8,True,0.8931034196528912,0.2708333333333333,rms,7.937253933193772,1.6692440692517028,1.2919922868390905,-0.010447586240145856,0.10475660946991225,0.9757752249141975,0.8900890544188256,0.5384615384615384,0.32171713354395814,0.14285714285714285,0.037435266790786195,0.0,0.98359375,0.3064193850379653,0.966438923979757,0.9249852567415433,0.792208357974755,0.5164835164835164,0.319612716619984,0.5463824752065042
r5_final_inverse_map_complete_2026-08-31,credit_approval,svm,1,HuberRidgeAIME,0.1,2.0,0.1,0.5,21,21,42,63,0.021078709047287703,0.821256038647343,0.42506109868391695,X ~= Y A^T,SVD normal-system solve,2.129958619326565,2.126559005346093,33.137850703551365,33.23785070355136,70.58225073198611,70.68225073198612,33.23785070355136,7.068225073198611e-11,3.5596282774026142,7,True,0.9561997745994757,0.10416666666666667,rms,15.874507866387544,1.6738942205434464,1.2937906401514299,-0.013262473670298647,0.09834635659946443,0.9526020996398671,0.8564364775811363,0.5384615384615384,0.32594524157510874,0.14285714285714285,0.04486404427839472,0.13333333333333333,0.8888888888888888,0.6062634560543131,0.9999418144176211,0.9018941171094058,0.7291032389425519,0.5457875457875457,0.32767743752767736,0.5514046481128263
r5_final_inverse_map_complete_2026-08-31,credit_approval,svm,1,RidgeAIME,1.0,1.0,0.1,0.5,21,21,42,63,0.021078709047287703,0.821256038647343,0.42506109868391695,X ~= Y A^T,SVD normal-system solve,2.1457622341178935,2.113458147142522,34.468027156792985,35.46802715679298,73.96019095759634,74.96019095759634,35.46802715679298,7.496019095759634e-11,3.791881512885171,1,True,1.0,0.0,rms,7.937253933193772,1.6986637750343174,1.3033279614257947,-0.028256288540501773,0.06895258353837175,0.8074627562429735,0.36698591103525763,0.3333333333333333,0.3424941879348579,0.14285714285714285,0.04374720230015642,0.2,0.1111111111111111,1.0,1.0,0.8267415439821353,0.5896146478250849,0.39578754578754577,0.32499365190715834,0.5788547582271805
r5_final_inverse_map_complete_2026-08-31,credit_approval,svm,1,HuberRidgeAIME,1.0,0.5,0.1,0.5,21,21,42,63,0.021078709047287703,0.821256038647343,0.42506109868391695,X ~= Y A^T,SVD normal-system solve,2.006547901358514,1.9608782564089253,21.03975753412528,22.039757534125282,42.21728132519106,43.21728132519106,22.03975753412528,4.3217281325191066e-11,3.30062267569375,12,True,0.5773524713974242,0.9930555555555556,rms,3.968626966596886,1.665795029916088,1.2906568211248441,-0.008359770841717351,0.10745396187741472,0.9550630542157595,0.8465951391335952,0.5384615384615384,0.31713167798310343,0.14285714285714285,0.034418961977238136,0.06666666666666667,0.98359375,0.1531543868255933,0.630377231968903,0.9212497459304423,0.8134450210401125,0.4945054945054945,0.29245063078603656,0.5185958790014823
r5_final_inverse_map_complete_2026-08-31,credit_approval,svm,1,HuberRidgeAIME,1.0,1.0,0.1,0.5,21,21,42,63,0.021078709047287703,0.821256038647343,0.42506109868391695,X ~= Y A^T,SVD normal-system solve,2.090848897509957,2.0572387309694937,31.455920627369906,32.455920627369906,65.76957696389708,66.76957696389708,32.455920627369906,6.676957696389708e-11,3.4222523690195494,8,True,0.8930504013018729,0.2708333333333333,rms,7.937253933193772,1.668473104684657,1.2916938896985837,-0.009980896377232318,0.1044712223967189,0.9755460600769987,0.8866805908589455,0.5384615384615384,0.3217308937120192,0.14285714285714285,0.03754103067043786,0.0,0.98359375,0.30642231495126154,0.9663789120956993,0.9244704560704731,0.7920835516000794,0.5164835164835164,0.3132846920480367,0.5343120328004225
r5_final_inverse_map_complete_2026-08-31,credit_approval,svm,1,HuberRidgeAIME,1.0,2.0,0.1,0.5,21,21,42,63,0.021078709047287703,0.821256038647343,0.42506109868391695,X ~= Y A^T,SVD normal-system solve,2.1299697338641783,2.0968692451939863,33.13755443682459,34.13755443682459,70.58198800471298,71.58198800471298,34.137554436824594,7.158198800471298e-11,3.468576692986605,7,True,0.9561954156496362,0.10416666666666667,rms,15.874507866387544,1.6730826487275232,1.2934769610346848,-0.012771202922320146,0.09796128837635928,0.9522896123188257,0.852283912821564,0.5384615384615384,0.32600375661073017,0.14285714285714285,0.044988590626436085,0.13333333333333333,0.8888888888888888,0.6062324332592791,0.9999407884484308,0.9013877817412655,0.7283351932439106,0.5457875457875457,0.3215713499402094,0.5401513015377722
r5_final_inverse_map_complete_2026-08-31,credit_approval,mlp,1,RidgeAIME,0.0,1.0,0.1,0.5,21,21,42,63,0.033012542058713734,0.8309178743961353,0.43454132738993095,X ~= Y A^T,SVD normal-system solve,3.9662470938584637,3.9662470938584637,18.390187790319274,18.390187790319274,72.94002887886522,72.94002887886522,18.39018779031927,7.294002887886522e-11,6.459954487149271,1,True,1.0,0.0,rms,7.937253933193772,0.9922271760821069,0.9961060064481626,0.012568791499007803,0.19846247069464695,0.8790061816472339,0.7776577634717952,0.25,0.31284978620119014,0.14285714285714285,0.028787526707348094,0.06666666666666667,0.10416666666666667,1.0,1.0,0.864580885500098,0.7679147465437789,0.3840120663650075,0.5983797668931027,0.8102294582350908
r5_final_inverse_map_complete_2026-08-31,credit_approval,mlp,1,HuberRidgeAIME,0.0,0.5,0.1,0.5,21,21,42,63,0.033012542058713734,0.8309178743961353,0.43454132738993095,X ~= Y A^T,SVD normal-system solve,3.8128187760287147,3.8128187760287147,11.4259932751785,11.4259932751785,43.565241694378415,43.565241694378415,11.4259932751785,4.356524169437842e-11,5.176329521083036,12,True,0.6013619654985761,0.9791666666666666,rms,3.968626966596886,0.9607197739378076,0.9801631363899622,0.04392390142344882,0.23040624263720103,0.9593662986832534,0.7963323032576172,0.6666666666666666,0.24993867050515223,0.09523809523809523,0.021813088779172995,0.0,0.9010009815892168,0.13112311092699352,0.6560409020766671,0.9455606066479669,0.9048771121351766,0.6666666666666666,0.5812461636683443,0.7140219153872335
r5_final_inverse_map_complete_2026-08-31,credit_approval,mlp,1,HuberRidgeAIME,0.0,1.0,0.1,0.5,21,21,42,63,0.033012542058713734,0.8309178743961353,0.43454132738993095,X ~= Y A^T,SVD normal-system solve,3.8758514397426413,3.8758514397426413,16.835186504091734,16.835186504091734,65.25068185021983,65.25068185021983,16.835186504091737,6.525068185021983e-11,5.225539543263538,8,True,0.8949996888100116,0.25,rms,7.937253933193772,0.9549503462624443,0.9772156088921443,0.049665442351946365,0.2409540410613277,0.9719550197379905,0.8392021336656863,0.6666666666666666,0.2564852343499012,0.09523809523809523,0.02310440779308561,0.0,0.9010009815892168,0.26242387502612874,0.9685550159941841,0.9466433319115348,0.8911962365591398,0.6969696969696969,0.5883671223166842,0.7181311385275395
r5_final_inverse_map_complete_2026-08-31,credit_approval,mlp,1,HuberRidgeAIME,0.0,2.0,0.1,0.5,21,21,42,63,0.033012542058713734,0.8309178743961353,0.43454132738993095,X ~= Y A^T,SVD normal-system solve,3.9521326944858273,3.9521326944858273,17.425110738261065,17.425110738261065,68.86634985371762,68.86634985371762,17.425110738261065,6.886634985371764e-11,5.34467386763055,6,True,0.9438275499640133,0.11805555555555555,rms,15.874507866387544,0.9576760745264195,0.9786092552834453,0.04695288899862082,0.23641475561975397,0.9716787103010466,0.8754950695990573,0.5384615384615384,0.2641425272307319,0.09523809523809523,0.031003986737686152,0.06666666666666667,0.9010009815892168,0.526213375750968,0.9923873376632045,0.93340257643952,0.8567876344086022,0.6200466200466199,0.5968315177768033,0.7279212096739457
r5_final_inverse_map_complete_2026-08-31,credit_approval,mlp,1,RidgeAIME,1e-06,1.0,0.1,0.5,21,21,42,63,0.033012542058713734,0.8309178743961353,0.43454132738993095,X ~= Y A^T,SVD normal-system solve,3.9662470938584637,3.966246932563378,18.390187790319274,18.390188790319268,72.94002887886522,72.94002987886522,18.390188790319268,7.294002987886522e-11,6.459954154756167,1,True,1.0,0.0,rms,7.937253933193772,0.9922271731128476,0.9961060049577292,0.012568794453915011,0.1984624688860165,0.8790061799032503,0.7776577634717952,0.25,0.31284978640993,0.14285714285714285,0.028787526810415028,0.06666666666666667,0.10416666666666667,1.0,1.0,0.8645808839791046,0.7679147465437789,0.3840120663650075,0.5983797492316798,0.8102294358887268
r5_final_inverse_map_complete_2026-08-31,credit_approval,mlp,1,HuberRidgeAIME,1e-06,0.5,0.1,0.5,21,21,42,63,0.033012542058713734,0.8309178743961353,0.43454132738993095,X ~= Y A^T,SVD normal-system solve,3.8128187758030303,3.8128185296258743,11.425993276069299,11.4259942760693,43.5652416951962,43.565242695196204,11.4259942760693,4.35652426951962e-11,5.176329076662323,12,True,0.6013619654921207,0.9791666666666666,rms,3.968626966596886,0.9607197741047894,0.9801631364751427,0.04392390125727408,0.23040623981937786,0.9593662967790235,0.7963323032576172,0.6666666666666666,0.24993867166109368,0.09523809523809523,0.02181308900825594,0.0,0.9010009815892168,0.13112311090515313,0.6560409020720007,0.9455606057821265,0.9048771121351766,0.6666666666666666,0.5812461356021277,0.7140218781002967
r5_final_inverse_map_complete_2026-08-31,credit_approval,mlp,1,HuberRidgeAIME,1e-06,1.0,0.1,0.5,21,21,42,63,0.033012542058713734,0.8309178743961353,0.43454132738993095,X ~= Y A^T,SVD normal-system solve,3.8758514397393693,3.8758512689155262,16.835186502846064,16.83518750284606,65.25068184533671,65.25068284533671,16.83518750284606,6.525068284533672e-11,5.22553924009071,8,True,0.8949996887583291,0.25,rms,7.937253933193772,0.9549503463559701,0.9772156089399975,0.049665442258872705,0.24095403990516362,0.9719550192229505,0.8392021336656863,0.6666666666666666,0.25648523482416624,0.09523809523809523,0.023104407907497876,0.0,0.9010009815892168,0.2624238749872492,0.9685550159410128,0.9466433309155804,0.8911962365591398,0.6969696969696969,0.5883671031752707,0.7181311133308516
r5_final_inverse_map_complete_2026-08-31,credit_approval,mlp,1,HuberRidgeAIME,1e-06,2.0,0.1,0.5,21,21,42,63,0.033012542058713734,0.8309178743961353,0.43454132738993095,X ~= Y A^T,SVD normal-system solve,3.952132694478397,3.952132525060103,17.425110738126133,17.425111738126134,68.86634985305488,68.86635085305488,17.425111738126134,6.886635085305488e-11,5.344673568996261,6,True,0.9438275499539811,0.11805555555555555,rms,15.874507866387544,0.9576760743413754,0.9786092551889009,0.04695288918277063,0.23641475444252516,0.9716787097276592,0.8754950695990573,0.5384615384615384,0.2641425276111004,0.09523809523809523,0.031003986856221057,0.06666666666666667,0.9010009815892168,0.52621337563433,0.9923873376655684,0.9334025751280478,0.8567876344086022,0.6200466200466199,0.5968314991588407,0.7279211854076891
r5_final_inverse_map_complete_2026-08-31,credit_approval,mlp,1,RidgeAIME,1e-05,1.0,0.1,0.5,21,21,42,63,0.033012542058713734,0.8309178743961353,0.43454132738993095,X ~= Y A^T,SVD normal-system solve,3.9662470938584637,3.9662454809083876,18.390187790319274,18.39019779031927,72.94002887886522,72.94003887886522,18.390197790319274,7.294003887886524e-11,6.459951163219871,1,True,1.0,0.0,rms,7.937253933193772,0.9922271463895498,0.9961059915438466,0.012568821048044798,0.19846245260834391,0.8790061642073992,0.7776577634717952,0.25,0.3128497882885892,0.14285714285714285,0.028787527738017342,0.06666666666666667,0.10416666666666667,1.0,1.0,0.8645808702901648,0.7679147465437789,0.3840120663650075,0.5983795902789273,0.810229234771509
r5_final_inverse_map_complete_2026-08-31,credit_approval,mlp,1,HuberRidgeAIME,1e-05,0.5,0.1,0.5,21,21,42,63,0.033012542058713734,0.8309178743961353,0.43454132738993095,X ~= Y A^T,SVD normal-system solve,3.8128187737719395,3.8128163120023224,11.425993284085843,11.426003284085843,43.5652417025546,43.565251702554605,11.426003284085843,4.356525170255461e-11,5.176325076879536,12,True,0.6013619654340006,0.9791666666666666,rms,3.968626966596886,0.9607197756076614,0.9801631372417866,0.04392389976166622,0.23040621445897122,0.9593662796409554,0.7963323032576172,0.6666666666666666,0.24993868206457215,0.09523809523809523,0.021813091070002268,0.0,0.9010009815892168,0.1311231107085894,0.6560409020299786,0.9455605979895616,0.9048771121351766,0.6666666666666666,0.5812458830063264,0.7140215425180262
r5_final_inverse_map_complete_2026-08-31,credit_approval,mlp,1,HuberRidgeAIME,1e-05,1.0,0.1,0.5,21,21,42,63,0.033012542058713734,0.8309178743961353,0.43454132738993095,X ~= Y A^T,SVD normal-system solve,3.8758514397099577,3.8758497314724316,16.835186491634868,16.83519649163487,65.25068180138864,65.25069180138864,16.835196491634875,6.525069180138863e-11,5.2255365115369194,8,True,0.8949996882931843,0.25,rms,7.937253933193772,0.9549503471977197,0.9772156093706852,0.04966544142119178,0.24095402949968678,0.9719550145875911,0.8392021336656863,0.6666666666666666,0.25648523909255067,0.09523809523809523,0.02310440893720823,0.0,0.9010009815892168,0.2624238746373335,0.9685550154624694,0.9466433219519906,0.8911962365591398,0.6969696969696969,0.5883669309026167,0.7181308865607308
r5_final_inverse_map_complete_2026-08-31,credit_approval,mlp,1,HuberRidgeAIME,1e-05,2.0,0.1,0.5,21,21,42,63,0.033012542058713734,0.8309178743961353,0.43454132738993095,X ~= Y A^T,SVD normal-system solve,3.9521326944115205,3.9521310002294605,17.425110736911826,17.425120736911826,68.86634984709045,68.86635984709045,17.425120736911836,6.886635984709044e-11,5.344670881289172,6,True,0.9438275498636918,0.11805555555555555,rms,15.874507866387544,0.9576760726759977,0.9786092543380109,0.04695289084009857,0.23641474384746575,0.9716787045671736,0.8754950695990573,0.5384615384615384,0.2641425310344167,0.09523809523809523,0.03100398792303511,0.06666666666666667,0.9010009815892168,0.5262133745845888,0.9923873376868434,0.9334025633247988,0.8567876344086022,0.6200466200466199,0.5968313315972376,0.7279209670114417
r5_final_inverse_map_complete_2026-08-31,credit_approval,mlp,1,RidgeAIME,0.0001,1.0,0.1,0.5,21,21,42,63,0.033012542058713734,0.8309178743961353,0.43454132738993095,X ~= Y A^T,SVD normal-system solve,3.9662470938584637,3.966230964436631,18.390187790319274,18.390287790319277,72.94002887886522,72.94012887886522,18.390287790319274,7.294012887886521e-11,6.459921248018825,1,True,1.0,0.0,rms,7.937253933193772,0.9922268791601359,0.9961058574067998,0.012569086985795175,0.19846228983173855,0.8790060072488607,0.7776577634717952,0.25,0.31284980707515536,0.14285714285714285,0.02878753701402964,0.06666666666666667,0.10416666666666667,1.0,1.0,0.8645807334008202,0.7679147465437789,0.3840120663650075,0.5983780007567587,0.810227223605094
r5_final_inverse_map_complete_2026-08-31,credit_approval,mlp,1,HuberRidgeAIME,0.0001,0.5,0.1,0.5,21,21,42,63,0.033012542058713734,0.8309178743961353,0.43454132738993095,X ~= Y A^T,SVD normal-system solve,3.812818753470589,3.8127941359686686,11.42599336418275,11.426093364182748,43.56524177598649,43.5653417759865,11.426093364182748,4.35653417759865e-11,5.176285079411777,12,True,0.6013619648506167,0.9791666666666666,rms,3.968626966596886,0.9607197906400384,0.9801631449100902,0.043923884801948865,0.23040596085516268,0.9593661082602312,0.7963323032576172,0.6666666666666666,0.24993878609981696,0.09523809523809523,0.021813111687453975,0.0,0.9010009815892168,0.13112310874295974,0.656040901607321,0.9455605200636752,0.9048771121351766,0.6666666666666666,0.5812433570632266,0.7140181867112729
r5_final_inverse_map_complete_2026-08-31,credit_approval,mlp,1,HuberRidgeAIME,0.0001,1.0,0.1,0.5,21,21,42,63,0.033012542058713734,0.8309178743961353,0.43454132738993095,X ~= Y A^T,SVD normal-system solve,3.875851439415913,3.8758343571318665,16.835186379521836,16.835286379521836,65.25068136190488,65.25078136190488,16.835286379521836,6.52507813619049e-11,5.22550922616011,8,True,0.894999683641698,0.25,rms,7.937253933193772,0.9549503556169948,0.9772156136784731,0.049665433042611506,0.24095392544491628,0.9719549682339705,0.8392021336656863,0.6666666666666666,0.2564852817763547,0.09523809523809523,0.023104419234308306,0.0,0.9010009815892168,0.262423871138187,0.9685550106769899,0.9466432323160673,0.8911962365591398,0.6969696969696969,0.5883652081824454,0.7181286188664
r5_final_inverse_map_complete_2026-08-31,credit_approval,mlp,1,HuberRidgeAIME,0.0001,2.0,0.1,0.5,21,21,42,63,0.033012542058713734,0.8309178743961353,0.43454132738993095,X ~= Y A^T,SVD normal-system solve,3.952132693742725,3.9521157520096195,17.42511072476884,17.425210724768846,68.86634978744591,68.86644978744592,17.42521072476885,6.88664497874459e-11,5.344644004371554,6,True,0.943827548960802,0.11805555555555555,rms,15.874507866387544,0.9576760560240869,0.9786092458300641,0.046952907411521694,0.23641463789687864,0.9716786529622956,0.8754950695990573,0.5384615384615384,0.26414256526755825,0.09523809523809523,0.031003998591169722,0.06666666666666667,0.9010009815892168,0.52621336408721,0.9923873378995919,0.9334024452922846,0.8567876344086022,0.6200466200466199,0.5968296559871653,0.7279187830553816
r5_final_inverse_map_complete_2026-08-31,credit_approval,mlp,1,RidgeAIME,0.001,1.0,0.1,0.5,21,21,42,63,0.033012542058713734,0.8309178743961353,0.43454132738993095,X ~= Y A^T,SVD normal-system solve,3.9662470938584637,3.9660858075333127,18.390187790319274,18.39118779031927,72.94002887886522,72.94102887886521,18.391187790319268,7.294102887886523e-11,6.45962211219857,1,True,1.0,0.0,rms,7.937253933193772,0.9922242072223287,0.9961045162142017,0.012571746008689932,0.1984606620777853,0.8790044376607261,0.7776577634717952,0.25,0.31284999493823823,0.14285714285714285,0.028787629773060673,0.06666666666666667,0.10416666666666667,1.0,1.0,0.8645793645126021,0.7679147465437789,0.3840120663650075,0.5983621060707696,0.8102071125171899
r5_final_inverse_map_complete_2026-08-31,credit_approval,mlp,1,HuberRidgeAIME,0.001,0.5,0.1,0.5,21,21,42,63,0.033012542058713734,0.8309178743961353,0.43454132738993095,X ~= Y A^T,SVD normal-system solve,3.812818551405188,3.812572395809724,11.425994158318252,11.426994158318253,43.56524249508314,43.566242495083145,11.426994158318253,4.356624249508314e-11,5.175885140736688,12,True,0.6013619587987065,0.9791666666666666,rms,3.968626966596886,0.9607199413293461,0.9801632217795903,0.04392373484100365,0.23040342484273454,0.9593643944485581,0.7963323032576172,0.6666666666666666,0.24993982649830962,0.09523809523809523,0.02181331786081172,0.0,0.9010009815892168,0.13112308908742207,0.656040897137228,0.9455597407811034,0.9048771121351766,0.6666666666666666,0.5812180991226222,0.7139846302383628
r5_final_inverse_map_complete_2026-08-31,credit_approval,mlp,1,HuberRidgeAIME,0.001,1.0,0.1,0.5,21,21,42,63,0.033012542058713734,0.8309178743961353,0.43454132738993095,X ~= Y A^T,SVD normal-system solve,3.8758514364847043,3.875680622764593,16.835185258278333,16.836185258278327,65.2506769667842,65.2516769667842,16.836185258278327,6.52516769667842e-11,5.225236388500225,8,True,0.8949996371227977,0.25,rms,7.937253933193772,0.9549504399876328,0.977215656847368,0.04966534907978215,0.24095288489694275,0.9719545046950481,0.8392021336656863,0.6666666666666666,0.2564857086103193,0.09523809523809523,0.02310452220496428,0.0,0.9010009815892168,0.2624238361477122,0.9685549628175751,0.946642335954264,0.8911962365591398,0.6969696969696969,0.5883479816176854,0.7181059426106495
r5_final_inverse_map_complete_2026-08-31,credit_approval,mlp,1,HuberRidgeAIME,0.001,2.0,0.1,0.5,21,21,42,63,0.033012542058713734,0.8309178743961353,0.43454132738993095,X ~= Y A^T,SVD normal-system solve,3.952132687054785,3.9519632784727885,17.42511060334184,17.426110603341833,68.8663491910122,68.86734919101221,17.426110603341833,6.88673491910122e-11,5.344375250521363,6,True,0.9438275399321098,0.11805555555555555,rms,15.874507866387544,0.9576758896915499,0.9786091608459171,0.046953072940084106,0.2364135783917694,0.9716781369111808,0.8754950695990573,0.5384615384615384,0.2641429075967702,0.09523809523809523,0.03100410527192507,0.06666666666666667,0.9010009815892168,0.5262132591167482,0.9923873400269191,0.9334012649649146,0.8567876344086022,0.6200466200466199,0.5968129004827138,0.7278969441361375
r5_final_inverse_map_complete_2026-08-31,credit_approval,mlp,1,RidgeAIME,0.01,1.0,0.1,0.5,21,21,42,63,0.033012542058713734,0.8309178743961353,0.43454132738993095,X ~= Y A^T,SVD normal-system solve,3.9662470938584637,3.9646350194994078,18.390187790319274,18.400187790319272,72.94002887886522,72.95002887886521,18.400187790319265,7.29500288788652e-11,6.456632372132023,1,True,1.0,0.0,rms,7.937253933193772,0.9921975234458406,0.9960911220595435,0.012598300808135288,0.19844438574870318,0.8789887415050521,0.7776577634717952,0.25,0.3128518733111307,0.14285714285714285,0.02878855725417846,0.06666666666666667,0.10416666666666667,1.0,1.0,0.8645656761538589,0.7679147465437789,0.3840120663650075,0.5982032127599833,0.8100060592415687
r5_final_inverse_map_complete_2026-08-31,credit_approval,mlp,1,HuberRidgeAIME,0.01,0.5,0.1,0.5,21,21,42,63,0.033012542058713734,0.8309178743961353,0.43454132738993095,X ~= Y A^T,SVD normal-system solve,3.8128166254025015,3.8103570099104087,11.426001417484239,11.436001417484242,43.565248166456456,43.575248166456454,11.43600141748424,4.357524816645646e-11,5.171889350697747,12,True,0.6013618765100669,0.9791666666666666,rms,3.968626966596886,0.9607214847071132,0.9801640090857822,0.043922198923211364,0.23037806728550636,0.9593472558897509,0.7963323032576172,0.6666666666666666,0.24995023507894715,0.09523809523809523,0.021815379478076345,0.0,0.9010009815892168,0.13112289260791585,0.6560408281265961,0.9455519455873361,0.9045410906298004,0.6666666666666666,0.5809656686337017,0.7136492248519299
r5_final_inverse_map_complete_2026-08-31,credit_approval,mlp,1,HuberRidgeAIME,0.01,1.0,0.1,0.5,21,21,42,63,0.033012542058713734,0.8309178743961353,0.43454132738993095,X ~= Y A^T,SVD normal-system solve,3.8758514080971884,3.874144182394327,16.835174034532397,16.845174034532388,65.25063298730362,65.26063298730362,16.845174034532384,6.526063298730362e-11,5.222509621767282,8,True,0.8949991715308782,0.25,rms,7.937253933193772,0.9549513014611984,0.9772160976269263,0.04966449177018162,0.24094247939096605,0.9719498690346318,0.8392021336656863,0.6666666666666666,0.2564899765424808,0.09523809523809523,0.023105551876996186,0.0,0.9010009815892168,0.2624234863419918,0.9685544837621438,0.9466333720796862,0.8909850230414748,0.6969696969696969,0.5881757796389058,0.7178792487818986
r5_final_inverse_map_complete_2026-08-31,credit_approval,mlp,1,HuberRidgeAIME,0.01,2.0,0.1,0.5,21,21,42,63,0.033012542058713734,0.8309178743961353,0.43454132738993095,X ~= Y A^T,SVD normal-system solve,3.952132620174778,3.9504394087619663,17.425109389366014,17.435109389366005,68.86634322782723,68.87634322782725,17.43510938936601,6.887634322782723e-11,5.341689243732097,6,True,0.9438274496657849,0.11805555555555555,rms,15.874507866387544,0.957674245002139,0.978608320525704,0.0469547096798264,0.2364029834172173,0.9716729761669335,0.8754950695990573,0.5384615384615384,0.26414633066846277,0.09523809523809523,0.031005172020362164,0.06666666666666667,0.9010009815892168,0.5262122097446919,0.9923873612845168,0.9333894614690486,0.8567876344086022,0.6200466200466199,0.5966454050408979,0.7276786190545086
r5_final_inverse_map_complete_2026-08-31,credit_approval,mlp,1,RidgeAIME,0.1,1.0,0.1,0.5,21,21,42,63,0.033012542058713734,0.8309178743961353,0.43454132738993095,X ~= Y A^T,SVD normal-system solve,3.9662470938584637,3.9502048171250084,18.390187790319274,18.490187790319276,72.94002887886522,73.04002887886521,18.490187790319272,7.304002887886523e-11,6.426895904400304,1,True,1.0,0.0,rms,7.937253933193772,0.9919342145440354,0.9959589421979379,0.01286033699640532,0.19828174398969386,0.8788317531487144,0.7776577634717952,0.25,0.31287063128481285,0.14285714285714285,0.02879782113872052,0.06666666666666667,0.10416666666666667,1.0,1.0,0.8644288454841039,0.7678955453149002,0.3840120663650075,0.5966196142697788,0.8080012657559498
r5_final_inverse_map_complete_2026-08-31,credit_approval,mlp,1,HuberRidgeAIME,0.1,0.5,0.1,0.5,21,21,42,63,0.033012542058713734,0.8309178743961353,0.43454132738993095,X ~= Y A^T,SVD normal-system solve,3.812806665595444,3.788402666234066,11.42600696280673,11.526006962806735,43.56515550892945,43.665155508929445,11.526006962806733,4.366515550892945e-11,5.132287611517059,12,True,0.6013589138189106,0.9791666666666666,rms,3.968626966596886,0.9607404989058105,0.9801737085363035,0.04390327663036264,0.23012474961346466,0.959175826705129,0.7951801465613194,0.6666666666666666,0.2500547718276604,0.09523809523809523,0.02183598364768844,0.0,0.9010009815892168,0.13112093538632238,0.6560377485203743,0.9454736446585782,0.9041858678955453,0.6666666666666666,0.5784561335913929,0.7103109860884761
r5_final_inverse_map_complete_2026-08-31,credit_approval,mlp,1,HuberRidgeAIME,0.1,1.0,0.1,0.5,21,21,42,63,0.033012542058713734,0.8309178743961353,0.43454132738993095,X ~= Y A^T,SVD normal-system solve,3.87585121564062,3.8588695745982724,16.83506068388135,16.935060683881346,65.25019041700513,65.35019041700514,16.935060683881353,6.535019041700512e-11,5.195401985552933,8,True,0.8949944759941759,0.25,rms,7.937253933193772,0.9549616714453096,0.977221403493246,0.04965417190978083,0.24083842224410398,0.9719034855528523,0.8394901728397608,0.6666666666666666,0.25653261522883575,0.09523809523809523,0.023115845092886843,0.0,0.9010009815892168,0.2624199981833709,0.9685496478326416,0.946543708219916,0.8907642089093702,0.6969696969696969,0.586460100160022,0.7156191560035614
r5_final_inverse_map_complete_2026-08-31,credit_approval,mlp,1,HuberRidgeAIME,0.1,2.0,0.1,0.5,21,21,42,63,0.033012542058713734,0.8309178743961353,0.43454132738993095,X ~= Y A^T,SVD normal-system solve,3.9521319513270017,3.9352867840544996,17.425097279065895,17.525097279065903,68.86628371157752,68.96628371157752,17.5250972790659,6.896628371157754e-11,5.314981470309804,6,True,0.9438265490650165,0.11805555555555555,rms,15.874507866387544,0.9576596407863239,0.9786008587704815,0.04696924330561214,0.23629704179448194,0.9716213456597825,0.8754950695990573,0.5384615384615384,0.2641805392315542,0.09523809523809523,0.03101583356357652,0.06666666666666667,0.9010009815892168,0.5262017492083912,0.9923875723041591,0.9332714049187596,0.8561539938556069,0.6200466200466199,0.5949763870620496,0.7255017547753586
r5_final_inverse_map_complete_2026-08-31,credit_approval,mlp,1,RidgeAIME,1.0,1.0,0.1,0.5,21,21,42,63,0.033012542058713734,0.8309178743961353,0.43454132738993095,X ~= Y A^T,SVD normal-system solve,3.9662470938584637,3.8132703859516233,18.390187790319274,19.39018779031927,72.94002887886522,73.94002887886522,19.390187790319267,7.394002887886522e-11,6.144789421992648,1,True,1.0,0.0,rms,7.937253933193772,0.9896249369743979,0.9947989429901893,0.015158452585574245,0.19666793911490713,0.8772598037338464,0.7760735480143862,0.25,0.31305567283657276,0.14285714285714285,0.028889361093660283,0.06666666666666667,0.10416666666666667,1.0,1.0,0.8630663793175488,0.765668202764977,0.3840120663650075,0.5812976007007616,0.7885070044830749
r5_final_inverse_map_complete_2026-08-31,credit_approval,mlp,1,HuberRidgeAIME,1.0,0.5,0.1,0.5,21,21,42,63,0.033012542058713734,0.8309178743961353,0.43454132738993095,X ~= Y A^T,SVD normal-system solve,3.8134921253052196,3.586970106957492,11.420391385469244,12.420391385469244,43.55157261639053,44.55157261639053,12.420391385469248,4.4551572616390526e-11,4.7687218860280725,12,True,0.6011480439681738,0.9791666666666666,rms,3.968626966596886,0.9612294104429939,0.9804230772697029,0.043416728265584514,0.22761854328496606,0.957457891923117,0.7944600486261337,0.6666666666666666,0.2511374060271691,0.09523809523809523,0.02203813781963211,0.0,0.9010009815892168,0.1311021050307172,0.6558045484957852,0.9446958307811487,0.9033698156682028,0.6666666666666666,0.5547277573736236,0.6784019949259306
r5_final_inverse_map_complete_2026-08-31,credit_approval,mlp,1,HuberRidgeAIME,1.0,1.0,0.1,0.5,21,21,42,63,0.033012542058713734,0.8309178743961353,0.43454132738993095,X ~= Y A^T,SVD normal-system solve,3.875857482077867,3.7145989560866495,16.8338321301193,17.833832130119298,65.24553421356569,66.24553421356569,17.8338321301193,6.624553421356569e-11,4.939427271002799,8,True,0.8949441714711754,0.25,rms,7.937253933193772,0.955221223499235,0.9773541955193291,0.04939587441052429,0.23979815945057664,0.9714371987196211,0.837089846389141,0.5384615384615384,0.25695503475311643,0.09523809523809523,0.023218455977331933,0.0,0.9010009815892168,0.26238609969802273,0.9684974356308444,0.9456450796408091,0.8891993087557604,0.6456876456876456,0.5699119323468336,0.6936765951862154
r5_final_inverse_map_complete_2026-08-31,credit_approval,mlp,1,HuberRidgeAIME,1.0,2.0,0.1,0.5,21,21,42,63,0.033012542058713734,0.8309178743961353,0.43454132738993095,X ~= Y A^T,SVD normal-system solve,3.952125270159116,3.791901193566171,17.424979147541478,18.424979147541475,68.86570042099433,69.86570042099433,18.424979147541475,6.986570042099435e-11,5.062304070599429,6,True,0.9438177511403834,0.11805555555555555,rms,15.874507866387544,0.9576786216287679,0.9786105566714309,0.046950354207787925,0.2352388892937071,0.9711029719002386,0.8727106909163383,0.5384615384615384,0.2645203056295117,0.09523809523809523,0.031121826365410894,0.06666666666666667,0.9010009815892168,0.5261003885248636,0.9923895374910252,0.9320892835785097,0.8555779569892474,0.6200466200466199,0.5788570123031448,0.7043482277873364
r5_final_inverse_map_complete_2026-08-31,credit_approval,lgbm,2,RidgeAIME,0.0,1.0,0.1,0.5,21,21,42,63,1.249616333981976,0.8743961352657005,0.3482357812202646,X ~= Y A^T,SVD normal-system solve,1.3032816982974706,1.3032816982974706,57.05298602393595,57.05298602393595,74.3561125182171,74.3561125182171,57.05298602393596,7.43561125182171e-11,4.169885319664831,1,True,1.0,0.0,rms,7.937253933193772,1.4291437184197726,1.1954679913823594,-0.0152063635322921,0.14123318633848128,0.8400054761624539,0.6430954626500506,0.42857142857142855,0.3317923719027258,0.14285714285714285,0.03587509065291228,0.13333333333333333,0.09722222222222222,1.0,1.0,0.8378620993263958,0.6679788850692672,0.4791208791208791,0.11503829659791598,0.6201241111556256
r5_final_inverse_map_complete_2026-08-31,credit_approval,lgbm,2,HuberRidgeAIME,0.0,0.5,0.1,0.5,21,21,42,63,1.249616333981976,0.8743961352657005,0.3482357812202646,X ~= Y A^T,SVD normal-system solve,1.3456877117940267,1.3456877117940267,35.818013152731154,35.818013152731154,48.19986016050714,48.19986016050714,35.81801315273115,4.8199860160507136e-11,3.5967500130974077,11,True,0.6403229725250313,0.9027777777777778,rms,3.968626966596886,1.4050842941602302,1.1853625159250778,0.0018844862516737004,0.15497490750169754,0.9556968983356752,0.851419795299341,0.8181818181818182,0.3820420441579556,0.14285714285714285,0.029665172370681614,0.0,0.9589017793352157,0.1343872669021043,0.6948083562075004,0.9363090380397896,0.7910396789345484,0.6713286713286712,0.12894428664845337,0.555910253858215
r5_final_inverse_map_complete_2026-08-31,credit_approval,lgbm,2,HuberRidgeAIME,0.0,1.0,0.1,0.5,21,21,42,63,1.249616333981976,0.8743961352657005,0.3482357812202646,X ~= Y A^T,SVD normal-system solve,1.3353248516682232,1.3353248516682232,50.69057014259868,50.69057014259868,67.68837805664324,67.68837805664324,50.69057014259869,6.768837805664324e-11,3.494086477271142,7,True,0.9049850115331495,0.1875,rms,7.937253933193772,1.4052247628786758,1.185421765819523,0.0017847029093790434,0.1518774545141706,0.9768964039326369,0.8617171957724997,1.0,0.3825714813623644,0.19047619047619047,0.03454317831490874,0.0,0.9589017793352157,0.26884762255892225,0.9734921149611431,0.9219836321785978,0.7450284724038616,0.6713286713286712,0.1255869317116445,0.5433336493981736
r5_final_inverse_map_complete_2026-08-31,credit_approval,lgbm,2,HuberRidgeAIME,0.0,2.0,0.1,0.5,21,21,42,63,1.249616333981976,0.8743961352657005,0.3482357812202646,X ~= Y A^T,SVD normal-system solve,1.3238624030508306,1.3238624030508306,53.63851494104864,53.63851494104864,71.01001328593453,71.01001328593453,53.63851494104864,7.101001328593453e-11,3.5488451139293957,7,True,0.9510602484232673,0.1111111111111111,rms,15.874507866387544,1.4088224376320164,1.1869382619294133,-0.0007709409047709226,0.14815769364265854,0.9617736763675635,0.8518038475314401,0.6666666666666666,0.36910237614007857,0.14285714285714285,0.03684690348916987,0.06666666666666667,0.8655372405372405,0.5213191250694779,0.9973400617075217,0.893210516361904,0.6800851074454004,0.5724275724275724,0.12184284862246826,0.5500870453792495
r5_final_inverse_map_complete_2026-08-31,credit_approval,lgbm,2,RidgeAIME,1e-06,1.0,0.1,0.5,21,21,42,63,1.249616333981976,0.8743961352657005,0.3482357812202646,X ~= Y A^T,SVD normal-system solve,1.3032816982974706,1.3032816929816806,57.05298602393595,57.05298702393595,74.3561125182171,74.3561135182171,57.05298702393595,7.43561135182171e-11,4.169885250231888,1,True,1.0,0.0,rms,7.937253933193772,1.4291437166643715,1.1954679906481693,-0.01520636228532557,0.14123318624805653,0.8400054760388748,0.6430954626500506,0.42857142857142855,0.33179237193169536,0.14285714285714285,0.03587509067047887,0.13333333333333333,0.09722222222222222,1.0,1.0,0.8378620992763668,0.6679788850692672,0.4791208791208791,0.11503829482652742,0.6201241039241691
r5_final_inverse_map_complete_2026-08-31,credit_approval,lgbm,2,HuberRidgeAIME,1e-06,0.5,0.1,0.5,21,21,42,63,1.249616333981976,0.8743961352657005,0.3482357812202646,X ~= Y A^T,SVD normal-system solve,1.3456877121673663,1.3456877025161413,35.81801313890138,35.818014138901376,48.19986015526886,48.199861155268856,35.81801413890138,4.8199861155268854e-11,3.5967499137257057,11,True,0.6403229723785908,0.9027777777777778,rms,3.968626966596886,1.4050842927006275,1.1853625153094,0.0018844872885168673,0.15497490742645664,0.9556968979921476,0.851419795299341,0.8181818181818182,0.3820420441621012,0.14285714285714285,0.029665172465314978,0.0,0.9589017793352157,0.13438726690420946,0.6948083560450625,0.9363090378636955,0.7910396789345484,0.6713286713286712,0.1289442836541967,0.5559102418594433
r5_final_inverse_map_complete_2026-08-31,credit_approval,lgbm,2,HuberRidgeAIME,1e-06,1.0,0.1,0.5,21,21,42,63,1.249616333981976,0.8743961352657005,0.3482357812202646,X ~= Y A^T,SVD normal-system solve,1.3353248517546221,1.3353248451394895,50.690570139295126,50.69057113929512,67.68837805661154,67.68837905661154,50.69057113929512,6.768837905661153e-11,3.4940864099755897,7,True,0.9049850115102045,0.1875,rms,7.937253933193772,1.405224761972287,1.1854217654372166,0.0017847035532413402,0.1518774544427224,0.9768964038379111,0.8617171957724997,1.0,0.38257148133158725,0.19047619047619047,0.0345431783741942,0.0,0.9589017793352157,0.26884762255758493,0.9734921149358712,0.9219836319810819,0.7450284724038616,0.6713286713286712,0.12558692958827128,0.5433336410337306
r5_final_inverse_map_complete_2026-08-31,credit_approval,lgbm,2,HuberRidgeAIME,1e-06,2.0,0.1,0.5,21,21,42,63,1.249616333981976,0.8743961352657005,0.3482357812202646,X ~= Y A^T,SVD normal-system solve,1.323862403048394,1.3238623970105239,53.6385149409653,53.6385159409653,71.01001328569352,71.01001428569352,53.6385159409653,7.101001428569352e-11,3.548845049759083,7,True,0.9510602484212597,0.1111111111111111,rms,15.874507866387544,1.408822436669189,1.1869382615238204,-0.000770940220816918,0.1481576935637312,0.9617736763092528,0.8518038475314401,0.6666666666666666,0.369102376124947,0.14285714285714285,0.036846903535031,0.06666666666666667,0.8655372405372405,0.521319125065942,0.9973400617056786,0.8932105162042125,0.6800851074454004,0.5724275724275724,0.12184284664093915,0.5500870375263249
r5_final_inverse_map_complete_2026-08-31,credit_approval,lgbm,2,RidgeAIME,1e-05,1.0,0.1,0.5,21,21,42,63,1.249616333981976,0.8743961352657005,0.3482357812202646,X ~= Y A^T,SVD normal-system solve,1.3032816982974706,1.303281645139579,57.05298602393595,57.052996023935954,74.3561125182171,74.3561225182171,57.05299602393596,7.435612251821709e-11,4.169884625335482,1,True,1.0,0.0,rms,7.937253933193772,1.429143700865759,1.195467984040459,-0.015206351062625245,0.14123318543423397,0.8400054749266624,0.6430954626500506,0.42857142857142855,0.33179237219242136,0.14285714285714285,0.03587509082857818,0.13333333333333333,0.09722222222222222,1.0,1.0,0.8378620988261082,0.6679788850692672,0.4791208791208791,0.11503827888403301,0.6201240388410636
r5_final_inverse_map_complete_2026-08-31,credit_approval,lgbm,2,HuberRidgeAIME,1e-05,0.5,0.1,0.5,21,21,42,63,1.249616333981976,0.8743961352657005,0.3482357812202646,X ~= Y A^T,SVD normal-system solve,1.345687715527437,1.3456876190152103,35.818013014432886,35.81802301443289,48.1998601081242,48.1998701081242,35.818023014432896,4.819987010812419e-11,3.5967490193806797,11,True,0.6403229710606226,0.9027777777777778,rms,3.968626966596886,1.405084279564214,1.1853625097683045,0.0018844966200980418,0.15497490674928827,0.9556968949003994,0.851419795299341,0.8181818181818182,0.3820420441994094,0.14285714285714285,0.029665173317015025,0.0,0.9589017793352157,0.1343872669231559,0.694808354583119,0.9363090362788483,0.7910396789345484,0.6713286713286712,0.12894425670589757,0.5559101338705179
r5_final_inverse_map_complete_2026-08-31,credit_approval,lgbm,2,HuberRidgeAIME,1e-05,1.0,0.1,0.5,21,21,42,63,1.249616333981976,0.8743961352657005,0.3482357812202646,X ~= Y A^T,SVD normal-system solve,1.3353248525322177,1.3353247863809028,50.69057010956296,50.690580109562966,67.6883780563262,67.6883880563262,50.69058010956298,6.768838805632619e-11,3.4940858043157412,7,True,0.9049850113036998,0.1875,rms,7.937253933193772,1.4052247538147933,1.1854217619964607,0.0017847093479976817,0.1518774537996887,0.9768964029853795,0.8617171957724997,1.0,0.38257148105459343,0.19047619047619047,0.03454317890776311,0.0,0.9589017793352157,0.26884762254554856,0.9734921147084239,0.9219836302034399,0.7450284724038616,0.6713286713286712,0.12558691047791726,0.5433335657537512
r5_final_inverse_map_complete_2026-08-31,credit_approval,lgbm,2,HuberRidgeAIME,1e-05,2.0,0.1,0.5,21,21,42,63,1.249616333981976,0.8743961352657005,0.3482357812202646,X ~= Y A^T,SVD normal-system solve,1.3238624030264654,1.3238623426477725,53.63851494021521,53.638524940215206,71.01001328352427,71.01002328352428,53.63852494021521,7.101002328352427e-11,3.5488444722263837,7,True,0.9510602484031918,0.1111111111111111,rms,15.874507866387544,1.4088224280037485,1.186938257873487,-0.0007709340652355401,0.1481576928533847,0.9617736757844583,0.8518038475314401,0.6666666666666666,0.3691023759887636,0.14285714285714285,0.03684690394778105,0.06666666666666667,0.8655372405372405,0.52131912503412,0.9973400616890916,0.8932105147849903,0.6800851074454004,0.5724275724275724,0.12184282880717977,0.5500869668500115
r5_final_inverse_map_complete_2026-08-31,credit_approval,lgbm,2,RidgeAIME,0.0001,1.0,0.1,0.5,21,21,42,63,1.249616333981976,0.8743961352657005,0.3482357812202646,X ~= Y A^T,SVD normal-system solve,1.3032816982974706,1.3032811667193924,57.05298602393595,57.053086023935954,74.3561125182171,74.3562125182171,57.053086023935954,7.43562125182171e-11,4.16987837638189,1,True,1.0,0.0,rms,7.937253933193772,1.4291435428801607,1.1954679179635732,-0.015206238835994146,0.14123317729601825,0.8400054638045552,0.6430954626500506,0.42857142857142855,0.3317923747996784,0.14285714285714285,0.03587509240956899,0.13333333333333333,0.09722222222222222,1.0,1.0,0.8378620943235164,0.6679788850692672,0.4791208791208791,0.11503811945933308,0.6201233880105635
r5_final_inverse_map_complete_2026-08-31,credit_approval,lgbm,2,HuberRidgeAIME,0.0001,0.5,0.1,0.5,21,21,42,63,1.249616333981976,0.8743961352657005,0.3482357812202646,X ~= Y A^T,SVD normal-system solve,1.3456877491284658,1.345686784008497,35.818011769728855,35.81811176972886,48.19985963666332,48.19995963666332,35.81811176972886,4.819995963666333e-11,3.596740075954807,11,True,0.6403229578806999,0.9027777777777778,rms,3.968626966596886,1.4050841482009526,1.1853624543577177,0.0018845899352889495,0.15497489997761124,0.9556968639829825,0.851419795299341,0.8181818181818182,0.38204204457248675,0.14285714285714285,0.029665181834002224,0.0,0.9589017793352157,0.1343872671126119,0.6948083399634171,0.9363090204303353,0.7910396789345484,0.6713286713286712,0.12894398722365272,0.555909053982732
r5_final_inverse_map_complete_2026-08-31,credit_approval,lgbm,2,HuberRidgeAIME,0.0001,1.0,0.1,0.5,21,21,42,63,1.249616333981976,0.8743961352657005,0.3482357812202646,X ~= Y A^T,SVD normal-system solve,1.3353248603081624,1.335324198796169,50.69056981224144,50.690669812241445,67.68837805347246,67.68847805347247,50.690669812241445,6.768847805347245e-11,3.494079747728875,7,True,0.9049850092386512,0.1875,rms,7.937253933193772,1.4052246722402415,1.1854217275890642,0.00178476729528676,0.15187744736935993,0.9768963944600767,0.8617171957724997,1.0,0.3825714782846599,0.19047619047619047,0.03454318424344329,0.0,0.9589017793352157,0.2688476224251787,0.9734921124339484,0.9219836124270222,0.7450284724038616,0.6713286713286712,0.1255867193746993,0.5433328129546838
r5_final_inverse_map_complete_2026-08-31,credit_approval,lgbm,2,HuberRidgeAIME,0.0001,2.0,0.1,0.5,21,21,42,63,1.249616333981976,0.8743961352657005,0.3482357812202646,X ~= Y A^T,SVD normal-system solve,1.3238624028071844,1.3238617990212678,53.63851493271406,53.63861493271406,71.01001326183187,71.01011326183188,53.63861493271406,7.101011326183188e-11,3.5488386969098333,7,True,0.951060248222509,0.1111111111111111,rms,15.874507866387544,1.4088223413497092,1.1869382213703075,-0.0007708725096824409,0.14815768574992857,0.9617736705365184,0.8518038475314401,0.6666666666666666,0.369102374626931,0.14285714285714285,0.036846908075275665,0.06666666666666667,0.8655372405372405,0.5213191247158975,0.9973400615232211,0.8932105005927717,0.6800851074454004,0.5724275724275724,0.12184265046987681,0.5500862600875231
r5_final_inverse_map_complete_2026-08-31,credit_approval,lgbm,2,RidgeAIME,0.001,1.0,0.1,0.5,21,21,42,63,1.249616333981976,0.8743961352657005,0.3482357812202646,X ~= Y A^T,SVD normal-system solve,1.3032816982974706,1.3032763826005418,57.05298602393595,57.05398602393595,74.3561125182171,74.35711251821711,57.05398602393594,7.435711251821711e-11,4.169815887891715,1,True,1.0,0.0,rms,7.937253933193772,1.4291419630760436,1.1954672572162082,-0.015205116606527458,0.14123309591483976,0.8400053525849928,0.6430954626500506,0.42857142857142855,0.331792400871916,0.14285714285714285,0.035875108219260196,0.13333333333333333,0.09722222222222222,1.0,1.0,0.8378620492971665,0.6679788850692672,0.4791208791208791,0.11503652523677839,0.6201168797608348
r5_final_inverse_map_complete_2026-08-31,credit_approval,lgbm,2,HuberRidgeAIME,0.001,0.5,0.1,0.5,21,21,42,63,1.249616333981976,0.8743961352657005,0.3482357812202646,X ~= Y A^T,SVD normal-system solve,1.3456880851717077,1.3456784342017838,35.817999320762155,35.818999320762146,48.199854920637954,48.20085492063796,35.81899932076215,4.820085492063795e-11,3.5966506441349613,11,True,0.6403228260573708,0.9027777777777778,rms,3.968626966596886,1.4050828346557829,1.1853619002885925,0.0018855230250810484,0.1549748322614578,0.9556965548151866,0.851419795299341,0.8181818181818182,0.3820420483026695,0.14285714285714285,0.02966526700254456,0.0,0.9589017793352157,0.13438726900635242,0.6948081937397883,0.9363088619410922,0.7910396789345484,0.6713286713286712,0.12894129247605327,0.5558982552516805
r5_final_inverse_map_complete_2026-08-31,credit_approval,lgbm,2,HuberRidgeAIME,0.001,1.0,0.1,0.5,21,21,42,63,1.249616333981976,0.8743961352657005,0.3482357812202646,X ~= Y A^T,SVD normal-system solve,1.3353249380672036,1.3353183230627959,50.69056683901835,50.69156683901836,67.68837802490363,67.68937802490362,50.69156683901835,6.768937802490362e-11,3.4940191830227496,7,True,0.9049849885878785,0.1875,rms,7.937253933193772,1.4052238565336186,1.1854213835314507,0.0017853467405472,0.1518773830668849,0.9768963092080827,0.8617171957724997,1.0,0.3825714505857882,0.19047619047619047,0.03454323759935145,0.0,0.9589017793352157,0.2688476212207935,0.9734920896889494,0.921983434663281,0.7450284724038616,0.6713286713286712,0.12558480837496033,0.5433252850367394
r5_final_inverse_map_complete_2026-08-31,credit_approval,lgbm,2,HuberRidgeAIME,0.001,2.0,0.1,0.5,21,21,42,63,1.249616333981976,0.8743961352657005,0.3482357812202646,X ~= Y A^T,SVD normal-system solve,1.3238624006144744,1.3238563628566484,53.63851485769639,53.63951485769639,71.0100130449051,71.0110130449051,53.6395148576964,7.101101304490508e-11,3.5487809447888714,7,True,0.9510602464156119,0.1111111111111111,rms,15.874507866387544,1.4088214748461845,1.1869378563539814,-0.0007702569803407222,0.14815761471624683,0.9617736180578567,0.8518038475314401,0.6666666666666666,0.36910236100880317,0.14285714285714285,0.03684694934962722,0.06666666666666667,0.8655372405372405,0.5213191215334458,0.9973400598644605,0.8932103586709893,0.6800851074454004,0.5724275724275724,0.12184086712576497,0.5500791925272089
r5_final_inverse_map_complete_2026-08-31,credit_approval,lgbm,2,RidgeAIME,0.01,1.0,0.1,0.5,21,21,42,63,1.249616333981976,0.8743961352657005,0.3482357812202646,X ~= Y A^T,SVD normal-system solve,1.3032816982974706,1.303228549712121,57.05298602393595,57.06298602393596,74.3561125182171,74.3661125182171,57.06298602393594,7.43661125182171e-11,4.169191107545676,1,True,1.0,0.0,rms,7.937253933193772,1.4291261702204459,1.1954606518913309,-0.015193897995484651,0.14123228220090625,0.8400042405402813,0.6430954626500506,0.42857142857142855,0.3317926615610003,0.14285714285714285,0.035875266294477785,0.13333333333333333,0.09722222222222222,1.0,1.0,0.837861598990419,0.6679788850692672,0.4791208791208791,0.11502058545531897,0.6200518027900775
r5_final_inverse_map_complete_2026-08-31,credit_approval,lgbm,2,HuberRidgeAIME,0.01,0.5,0.1,0.5,21,21,42,63,1.249616333981976,0.8743961352657005,0.3482357812202646,X ~= Y A^T,SVD normal-system solve,1.3456914488968996,1.3455949621662784,35.81787463857197,35.82787463857198,48.19980761878743,48.20980761878742,35.827874638571984,4.8209807618787423e-11,3.5957565697555296,11,True,0.640321505415359,0.9027777777777778,rms,3.968626966596886,1.405069707945057,1.185356363270159,0.0018948477137665787,0.15497415516161483,0.9556934637743738,0.851419795299341,0.8181818181818182,0.382042085545544,0.14285714285714285,0.029666118555009852,0.0,0.9589017793352157,0.13438728786186058,0.6948067288441975,0.9363072766376932,0.7910396789345484,0.6713286713286712,0.12891435248216504,0.5557902826189163
r5_final_inverse_map_complete_2026-08-31,credit_approval,lgbm,2,HuberRidgeAIME,0.01,1.0,0.1,0.5,21,21,42,63,1.249616333981976,0.8743961352657005,0.3482357812202646,X ~= Y A^T,SVD normal-system solve,1.3353257156168872,1.335259577123144,50.69053710599871,50.700537105998706,67.6883777360721,67.6983777360721,50.700537105998706,6.76983777360721e-11,3.4934136521921424,7,True,0.9049847820514985,0.1875,rms,7.937253933193772,1.4052157033558625,1.1854179445899504,0.001791138430938033,0.1518767401234064,0.9768954567917835,0.8617171957724997,1.0,0.3825711736434128,0.19047619047619047,0.03454377106908023,0.0,0.9589017793352157,0.26884760910830774,0.9734918622146114,0.9219816570694949,0.7450284724038616,0.6713286713286712,0.12556570162100464,0.5432500131292406
r5_final_inverse_map_complete_2026-08-31,credit_approval,lgbm,2,HuberRidgeAIME,0.01,2.0,0.1,0.5,21,21,42,63,1.249616333981976,0.8743961352657005,0.3482357812202646,X ~= Y A^T,SVD normal-system solve,1.3238623786977735,1.3238020112516122,53.638514106891044,53.64851410689104,71.01001087536285,71.02001087536286,53.648514106891035,7.102001087536286e-11,3.5482035280142368,7,True,0.951060228339559,0.1111111111111111,rms,15.874507866387544,1.4088128134967983,1.186934207737227,-0.0007641043052106777,0.1481569044673359,0.9617730933447527,0.8518038475314401,0.6666666666666666,0.3691022248473381,0.14285714285714285,0.036847362033685806,0.06666666666666667,0.8655372405372405,0.5213190896862947,0.997340043271449,0.8932089394933994,0.6800851074454004,0.5724275724275724,0.12182303657603548,0.550008523380194
r5_final_inverse_map_complete_2026-08-31,credit_approval,lgbm,2,RidgeAIME,0.1,1.0,0.1,0.5,21,21,42,63,1.249616333981976,0.8743961352657005,0.3482357812202646,X ~= Y A^T,SVD normal-system solve,1.3032816982974706,1.302751049385845,57.05298602393595,57.15298602393595,74.3561125182171,74.4561125182171,57.152986023935945,7.44561125182171e-11,4.1629537418219575,1,True,1.0,0.0,rms,7.937253933193772,1.4289687589243634,1.1953948129904042,-0.015082079325735132,0.1412241548355032,0.8399931351645362,0.6430954626500506,0.42857142857142855,0.3317952651268006,0.14285714285714285,0.035876844880174244,0.13333333333333333,0.09722222222222222,1.0,1.0,0.8378570916215459,0.6678444764671165,0.4791208791208791,0.11486143166977032,0.6194015850921382
r5_final_inverse_map_complete_2026-08-31,credit_approval,lgbm,2,HuberRidgeAIME,0.1,0.5,0.1,0.5,21,21,42,63,1.249616333981976,0.8743961352657005,0.3482357812202646,X ~= Y A^T,SVD normal-system solve,1.3457254129413394,1.344762834831806,35.81660869047741,35.91660869047741,48.199320520151076,48.29932052015108,35.91660869047741,4.8299320520151085e-11,3.5868401364483713,11,True,0.6403080596105248,0.9027777777777778,rms,3.968626966596886,1.4049393110935207,1.1853013587664196,0.0019874764058694927,0.1549673903192797,0.9556626169124309,0.8511317561252666,0.8181818181818182,0.38204245208183935,0.14285714285714285,0.029674620797111077,0.0,0.9589017793352157,0.13438746827146258,0.6947918156008853,0.9362913828810996,0.7907996658779016,0.6713286713286712,0.12864569801432457,0.5547120208339014
r5_final_inverse_map_complete_2026-08-31,credit_approval,lgbm,2,HuberRidgeAIME,0.1,1.0,0.1,0.5,21,21,42,63,1.249616333981976,0.8743961352657005,0.3482357812202646,X ~= Y A^T,SVD normal-system solve,1.3353334870204554,1.3346732548793787,50.69023969861136,50.790239698611344,67.68837453464943,67.78837453464944,50.790239698611344,6.778837453464941e-11,3.487369944342615,7,True,0.9049827138428453,0.1875,rms,7.937253933193772,1.40513455922939,1.1853837181391476,0.0018487799630642066,0.15187031880496318,0.9768869429815,0.8617171957724997,1.0,0.382568408845595,0.19047619047619047,0.03454909684663505,0.0,0.9589017793352157,0.2688474811480763,0.9734895850561283,0.9219638855311594,0.7448556613439538,0.6713286713286712,0.12537495785687283,0.5424980202938291
r5_final_inverse_map_complete_2026-08-31,credit_approval,lgbm,2,HuberRidgeAIME,0.1,2.0,0.1,0.5,21,21,42,63,1.249616333981976,0.8743961352657005,0.3482357812202646,X ~= Y A^T,SVD normal-system solve,1.3238621605671965,1.3232594974463872,53.638506536236484,53.7385065362365,71.00998915265973,71.10998915265971,53.73850653623649,7.110998915265971e-11,3.542439784588793,7,True,0.9510600468738857,0.1111111111111111,rms,15.874507866387544,1.4087265675348766,1.1868978757816009,-0.0007028386338554515,0.1481498107583825,0.9617678535548677,0.8518038475314401,0.6666666666666666,0.36910086521104696,0.14285714285714285,0.03685148293717543,0.06666666666666667,0.8655372405372405,0.5213187689603637,0.9973398768030345,0.8931947517624892,0.6800851074454004,0.5724275724275724,0.12164501974152651,0.5493024767196182
r5_final_inverse_map_complete_2026-08-31,credit_approval,lgbm,2,RidgeAIME,1.0,1.0,0.1,0.5,21,21,42,63,1.249616333981976,0.8743961352657005,0.3482357812202646,X ~= Y A^T,SVD normal-system solve,1.3032816982974706,1.2980574760985915,57.05298602393595,58.05298602393595,74.3561125182171,75.3561125182171,58.05298602393595,7.535611251821712e-11,4.101606327376233,1,True,1.0,0.0,rms,7.937253933193772,1.4274451028358517,1.1947573405657952,-0.013999735166113192,0.14114384748063155,0.8398835687356444,0.6430954626500506,0.42857142857142855,0.33182097241155745,0.14285714285714285,0.035892417018546965,0.13333333333333333,0.09722222222222222,1.0,1.0,0.8378116104387983,0.667623662335012,0.4791208791208791,0.11329392281860375,0.6129539744007609
r5_final_inverse_map_complete_2026-08-31,credit_approval,lgbm,2,HuberRidgeAIME,1.0,0.5,0.1,0.5,21,21,42,63,1.249616333981976,0.8743961352657005,0.3482357812202646,X ~= Y A^T,SVD normal-system solve,1.3460953675542104,1.3366911533944354,35.80215716849407,36.80215716849407,48.19311791295763,49.19311791295763,36.80215716849407,4.9193117912957636e-11,3.500037731825198,11,True,0.6401510877306362,0.9027777777777778,rms,3.968626966596886,1.4037186747209682,1.184786341380153,0.0028545675157436445,0.15490034526214738,0.9553603398330499,0.8511317561252666,0.8181818181818182,0.38204553202372826,0.14285714285714285,0.029758328244012255,0.0,0.9589017793352157,0.13438850024309182,0.6946178279216024,0.9361297044688627,0.7897915929509447,0.6713286713286712,0.12603107377583916,0.5440727262460321
r5_final_inverse_map_complete_2026-08-31,credit_approval,lgbm,2,HuberRidgeAIME,1.0,1.0,0.1,0.5,21,21,42,63,1.249616333981976,0.8743961352657005,0.3482357812202646,X ~= Y A^T,SVD normal-system solve,1.335410772698631,1.3289215377132575,50.6872595081916,51.6872595081916,67.68831238581018,68.68831238581018,51.6872595081916,6.868831238581017e-11,3.4280707395437786,7,True,0.9049617670098217,0.1875,rms,7.937253933193772,1.404360718249779,1.1850572637006953,0.002398485550219376,0.15180690656512746,0.976802828844456,0.8617171957724997,1.0,0.38254121532539087,0.19047619047619047,0.034601477926171756,0.0,0.9589017793352157,0.2688455451573061,0.973466590901631,0.9217866457141248,0.7442220207909583,0.6713286713286712,0.12349934005176048,0.5350497751754707
r5_final_inverse_map_complete_2026-08-31,credit_approval,lgbm,2,HuberRidgeAIME,1.0,2.0,0.1,0.5,21,21,42,63,1.249616333981976,0.8743961352657005,0.3482357812202646,X ~= Y A^T,SVD normal-system solve,1.3238600795121773,1.317932747592217,53.63842482341291,54.63842482341291,71.00976935163136,72.00976935163136,54.63842482341291,7.200976935163136e-11,3.485825954658465,7,True,0.9510581647541841,0.1111111111111111,rms,15.874507866387544,1.4078998330616233,1.1865495493495513,-0.0001155596307849116,0.14807974128790102,0.9617161796165816,0.852523945466626,0.6666666666666666,0.3690874638747124,0.14285714285714285,0.03689210672922378,0.06666666666666667,0.8655372405372405,0.5213153449924033,0.9973381607285297,0.8930532998282548,0.6797298836741941,0.5724275724275724,0.11989324933629993,0.5423056992345582
r5_final_inverse_map_complete_2026-08-31,credit_approval,svm,2,RidgeAIME,0.0,1.0,0.1,0.5,21,21,42,63,0.021548249991610646,0.8840579710144928,0.3697652672762235,X ~= Y A^T,SVD normal-system solve,2.318168551061006,2.318168551061006,31.932368271252365,31.932368271252365,74.02461188731554,74.02461188731554,31.932368271252365,7.402461188731556e-11,5.056980875919606,1,True,1.0,0.0,rms,7.937253933193772,0.8604223660107472,0.9275895460874638,0.010029020072075068,0.2141442835794145,0.8571634132657159,0.6968627751439336,0.42857142857142855,0.3578138313134692,0.19047619047619047,0.0318869796825814,0.0,0.09722222222222222,1.0,1.0,0.8695977794644445,0.7176668959204887,0.47545787545787543,0.365145009770149,0.7038913112559791
r5_final_inverse_map_complete_2026-08-31,credit_approval,svm,2,HuberRidgeAIME,0.0,0.5,0.1,0.5,21,21,42,63,0.021548249991610646,0.8840579710144928,0.3697652672762235,X ~= Y A^T,SVD normal-system solve,2.2548155359620026,2.2548155359620026,19.46623347723512,19.46623347723512,43.89276567113339,43.89276567113339,19.46623347723512,4.389276567113339e-11,4.519247915843218,11,True,0.5954369799782283,0.9583333333333334,rms,3.968626966596886,0.8314290910310285,0.9118273361942097,0.043387637858904426,0.2516257815435936,0.9841789061777608,0.9645951874460634,0.8181818181818182,0.39022212034032416,0.19047619047619047,0.023940300420514402,0.0,0.9901360544217687,0.15019945117718447,0.6433856369260331,0.9559692207944133,0.8424033104527936,0.6713286713286714,0.3531110185019398,0.6550661664096274
r5_final_inverse_map_complete_2026-08-31,credit_approval,svm,2,HuberRidgeAIME,0.0,1.0,0.1,0.5,21,21,42,63,0.021548249991610646,0.8840579710144928,0.3697652672762235,X ~= Y A^T,SVD normal-system solve,2.3501848236016794,2.3501848236016794,28.873856112285363,28.873856112285363,67.85889843395165,67.85889843395165,28.873856112285367,6.785889843395165e-11,4.480529957746275,7,True,0.9146351115864051,0.2222222222222222,rms,7.937253933193772,0.8290436962817509,0.9105183668008849,0.046132187129986235,0.25564507140362625,0.9895375287165674,0.9586423778485262,0.6666666666666666,0.3912407315814,0.23809523809523808,0.025411763991407717,0.0,0.9901360544217687,0.3003691811849692,0.9807868271680981,0.9512733231167705,0.8189825137665897,0.7999999999999999,0.3711020174691971,0.6513293854518868
r5_final_inverse_map_complete_2026-08-31,credit_approval,svm,2,HuberRidgeAIME,0.0,2.0,0.1,0.5,21,21,42,63,0.021548249991610646,0.8840579710144928,0.3697652672762235,X ~= Y A^T,SVD normal-system solve,2.336939672520468,2.336939672520468,30.4199933783358,30.4199933783358,71.08968936364286,71.08968936364286,30.419993378335793,7.108968936364286e-11,4.528231596219479,7,True,0.9599578015731576,0.09722222222222222,rms,15.874507866387544,0.8322777894963087,0.912292600811992,0.04241115597683498,0.25047673404602777,0.9686590793899269,0.8718465733941153,0.6666666666666666,0.38240778252048874,0.23809523809523808,0.030249809833560397,0.0,0.9304138321995463,0.5987124350981077,0.998861148732009,0.9358211321022146,0.7910782810630563,0.7682983682983683,0.36864750133975077,0.6559286307217347
r5_final_inverse_map_complete_2026-08-31,credit_approval,svm,2,RidgeAIME,1e-06,1.0,0.1,0.5,21,21,42,63,0.021548249991610646,0.8840579710144928,0.3697652672762235,X ~= Y A^T,SVD normal-system solve,2.318168551061006,2.3181685097809956,31.932368271252365,31.932369271252362,74.02461188731554,74.02461288731554,31.932369271252373,7.402461288731553e-11,5.0569807288409665,1,True,1.0,0.0,rms,7.937253933193772,0.8604223642529305,0.9275895451399453,0.010029022094555584,0.2141442828859841,0.857163412733971,0.6968627751439336,0.42857142857142855,0.3578138311065613,0.19047619047619047,0.03188697986260168,0.0,0.09722222222222222,1.0,1.0,0.8695977787914927,0.7176668959204887,0.47545787545787543,0.36514500203659533,0.7038912986248373
r5_final_inverse_map_complete_2026-08-31,credit_approval,svm,2,HuberRidgeAIME,1e-06,0.5,0.1,0.5,21,21,42,63,0.021548249991610646,0.8840579710144928,0.3697652672762235,X ~= Y A^T,SVD normal-system solve,2.2548155357245636,2.2548154712634303,19.466233477013898,19.4662344770139,43.89276566601253,43.89276666601253,19.46623447701389,4.389276666601253e-11,4.519247684375466,11,True,0.5954369798925669,0.9583333333333334,rms,3.968626966596886,0.8314290901099181,0.9118273356891194,0.0433876389187009,0.2516257809451543,0.9841789058099744,0.9645951874460634,0.8181818181818182,0.39022211967851567,0.19047619047619047,0.02394030068372644,0.0,0.9901360544217687,0.15019945114960825,0.6433856368341162,0.9559692203542456,0.8424033104527936,0.6713286713286714,0.35311100604050655,0.6550661441658444
r5_final_inverse_map_complete_2026-08-31,credit_approval,svm,2,HuberRidgeAIME,1e-06,1.0,0.1,0.5,21,21,42,63,0.021548249991610646,0.8840579710144928,0.3697652672762235,X ~= Y A^T,SVD normal-system solve,2.3501848234701677,2.3501847767086694,28.87385611604136,28.873857116041354,67.85889843898168,67.85889943898168,28.87385711604135,6.785889943898168e-11,4.4805298069800985,7,True,0.9146351116726168,0.2222222222222222,rms,7.937253933193772,0.8290436957482162,0.910518366507901,0.04613218774385197,0.2556450711249135,0.9895375286123,0.9586423778485262,0.6666666666666666,0.3912407313390869,0.23809523809523808,0.02541176418714187,0.0,0.9901360544217687,0.3003691811428551,0.9807868272681296,0.9512733226434136,0.8189825137665897,0.7999999999999999,0.3711020088037613,0.6513293708382316
r5_final_inverse_map_complete_2026-08-31,credit_approval,svm,2,HuberRidgeAIME,1e-06,2.0,0.1,0.5,21,21,42,63,0.021548249991610646,0.8840579710144928,0.3697652672762235,X ~= Y A^T,SVD normal-system solve,2.3369396725324525,2.33693962858308,30.419993377811444,30.41999437781144,71.08968936278205,71.08969036278205,30.419994377811435,7.108969036278205e-11,4.528231453374872,7,True,0.9599578015618033,0.09722222222222222,rms,15.874507866387544,0.8322777888883993,0.9122926004788153,0.0424111566762736,0.2504767336396286,0.9686590791511741,0.8718465733941153,0.6666666666666666,0.38240778231306244,0.23809523809523808,0.030249810040202545,0.0,0.9304138321995463,0.5987124349612447,0.9988611487341711,0.935821131613503,0.7910782810630563,0.7682983682983683,0.36864749317447143,0.6559286170217672
r5_final_inverse_map_complete_2026-08-31,credit_approval,svm,2,RidgeAIME,1e-05,1.0,0.1,0.5,21,21,42,63,0.021548249991610646,0.8840579710144928,0.3697652672762235,X ~= Y A^T,SVD normal-system solve,2.318168551061006,2.3181681382610138,31.932368271252365,31.932378271252368,74.02461188731554,74.02462188731555,31.932378271252368,7.402462188731555e-11,5.056979405133621,1,True,1.0,0.0,rms,7.937253933193772,0.8604223484325924,0.9275895366122843,0.010029040296866798,0.21414427664511135,0.8571634079482665,0.6968627751439336,0.42857142857142855,0.3578138292443896,0.19047619047619047,0.03188698148278393,0.0,0.09722222222222222,1.0,1.0,0.8695977727349268,0.7176668959204887,0.47545787545787543,0.3651449324346271,0.7038911849445799
r5_final_inverse_map_complete_2026-08-31,credit_approval,svm,2,HuberRidgeAIME,1e-05,0.5,0.1,0.5,21,21,42,63,0.021548249991610646,0.8840579710144928,0.3697652672762235,X ~= Y A^T,SVD normal-system solve,2.254815533587644,2.2548148889766106,19.466233475022307,19.466243475022303,43.892765619924084,43.89277561992409,19.466243475022303,4.389277561992409e-11,4.5192456011668405,11,True,0.595436979121605,0.9583333333333334,rms,3.968626966596886,0.8314290818199455,0.9118273311433176,0.04338764845684473,0.2516257755592011,0.9841789024998981,0.9645951874460634,0.8181818181818182,0.3902221137222417,0.19047619047619047,0.023940303052634282,0.0,0.9901360544217687,0.15019945090142223,0.6433856360068554,0.9559692163927384,0.8424033104527936,0.6713286713286714,0.35311089388765476,0.6550659439718559
r5_final_inverse_map_complete_2026-08-31,credit_approval,svm,2,HuberRidgeAIME,1e-05,1.0,0.1,0.5,21,21,42,63,0.021548249991610646,0.8840579710144928,0.3697652672762235,X ~= Y A^T,SVD normal-system solve,2.350184822286575,2.3501843546717374,28.873856149845174,28.873866149845178,67.85889848425201,67.85890848425201,28.873866149845178,6.7858908484252e-11,4.480528450085,7,True,0.9146351124485217,0.2222222222222222,rms,7.937253933193772,0.8290436909464144,0.9105183638710503,0.04613219326863216,0.25564506861649877,0.9895375276738924,0.9586423778485262,0.6666666666666666,0.3912407291582678,0.23809523809523808,0.025411765948749044,0.0,0.9901360544217687,0.3003691807638284,0.9807868281684119,0.9512733183832012,0.8189825137665897,0.7999999999999999,0.3711019308148606,0.6513292393153608
r5_final_inverse_map_complete_2026-08-31,credit_approval,svm,2,HuberRidgeAIME,1e-05,2.0,0.1,0.5,21,21,42,63,0.021548249991610646,0.8840579710144928,0.3697652672762235,X ~= Y A^T,SVD normal-system solve,2.3369396726403164,2.3369392331467185,30.419993373092208,30.42000337309221,71.0896893550347,71.0896993550347,30.42000337309221,7.108969935503469e-11,4.528230167773834,7,True,0.9599578014596138,0.09722222222222222,rms,15.874507866387544,0.8322777834172215,0.9122925974802281,0.04241116297121372,0.25047672998203624,0.968659077002399,0.8718465733941153,0.6666666666666666,0.3824077804462262,0.23809523809523808,0.03024981189998157,0.0,0.9304138321995463,0.598712433729477,0.9988611487536289,0.9358211272150992,0.7910782810630563,0.7682983682983683,0.3686474196869743,0.6559284937220813
r5_final_inverse_map_complete_2026-08-31,credit_approval,svm,2,RidgeAIME,0.0001,1.0,0.1,0.5,21,21,42,63,0.021548249991610646,0.8840579710144928,0.3697652672762235,X ~= Y A^T,SVD normal-system solve,2.318168551061006,2.318164423072716,31.932368271252365,31.932468271252368,74.02461188731554,74.02471188731555,31.932468271252365,7.402471188731555e-11,5.0569661681006295,1,True,1.0,0.0,rms,7.937253933193772,0.8604221902303458,0.9275894513362827,0.01002922231867287,0.21414421423643806,0.8571633600912651,0.6968627751439336,0.42857142857142855,0.3578138106226967,0.19047619047619047,0.03188699768458207,0.0,0.09722222222222222,1.0,1.0,0.8695977121693155,0.7176668959204887,0.47545787545787543,0.36514423641648963,0.703890048143844
r5_final_inverse_map_complete_2026-08-31,credit_approval,svm,2,HuberRidgeAIME,0.0001,0.5,0.1,0.5,21,21,42,63,0.021548249991610646,0.8840579710144928,0.3697652672762235,X ~= Y A^T,SVD normal-system solve,2.2548155122209135,2.254809066140479,19.466233455062277,19.466333455062276,43.892765158988134,43.89286515898814,19.466333455062276,4.3892865158988136e-11,4.519224769189912,11,True,0.595436971411157,0.9583333333333334,rms,3.968626966596886,0.8314289989223573,0.9118272856864711,0.043387743835823445,0.2516257216996612,0.9841788693991355,0.9645951874460634,0.8181818181818182,0.39022205415969013,0.19047619047619047,0.02394032674165739,0.0,0.9901360544217687,0.15019944841955404,0.6433856277333297,0.955969176777605,0.8424033104527936,0.6713286713286714,0.35310977236372015,0.6550639420374009
r5_final_inverse_map_complete_2026-08-31,credit_approval,svm,2,HuberRidgeAIME,0.0001,1.0,0.1,0.5,21,21,42,63,0.021548249991610646,0.8840579710144928,0.3697652672762235,X ~= Y A^T,SVD normal-system solve,2.350184810450697,2.3501801343169944,28.87385648788139,28.873956487881394,67.85889893695214,67.85899893695215,28.873956487881383,6.785899893695215e-11,4.480514881180756,7,True,0.9146351202075222,0.2222222222222222,rms,7.937253933193772,0.8290436429292849,0.9105183375030318,0.046132248515411756,0.2556450435323407,0.9895375182898143,0.9586423778485262,0.6666666666666666,0.391240707350112,0.23809523809523808,0.025411783564789885,0.0,0.9901360544217687,0.3003691769735579,0.98078683717118,0.9512732757811031,0.8189825137665897,0.7999999999999999,0.371101150927777,0.6513279240889924
r5_final_inverse_map_complete_2026-08-31,credit_approval,svm,2,HuberRidgeAIME,0.0001,2.0,0.1,0.5,21,21,42,63,0.021548249991610646,0.8840579710144928,0.3697652672762235,X ~= Y A^T,SVD normal-system solve,2.336939673718959,2.336935278795974,30.419993325899842,30.420093325899845,71.08968927756129,71.0897892775613,30.420093325899835,7.10897892775613e-11,4.528217311805034,7,True,0.9599578004377227,0.09722222222222222,rms,15.874507866387544,0.8322777287062607,0.9122925674948036,0.04241122591967439,0.2504766934061229,0.9686590555146647,0.8718465733941153,0.6666666666666666,0.3824077617778944,0.23809523809523808,0.03024983049774161,0.0,0.9304138321995463,0.5987124214118138,0.9988611489482051,0.9358210832310825,0.7910782810630563,0.7682983682983683,0.36864668481371077,0.6559272607272846
r5_final_inverse_map_complete_2026-08-31,credit_approval,svm,2,RidgeAIME,0.001,1.0,0.1,0.5,21,21,42,63,0.021548249991610646,0.8840579710144928,0.3697652672762235,X ~= Y A^T,SVD normal-system solve,2.318168551061006,2.3181272723415214,31.932368271252365,31.933368271252366,74.02461188731554,74.02561188731553,31.933368271252366,7.402561188731555e-11,5.05683380181695,1,True,1.0,0.0,rms,7.937253933193772,0.860420608321319,0.9275885986369814,0.010031042406215107,0.21414359015516893,0.8571628815255689,0.6968627751439336,0.42857142857142855,0.3578136244081661,0.19047619047619047,0.03188715970012323,0.0,0.09722222222222222,1.0,1.0,0.8695971065178496,0.7176668959204887,0.47545787545787543,0.36513727638954707,0.7038786803203225
r5_final_inverse_map_complete_2026-08-31,credit_approval,svm,2,HuberRidgeAIME,0.001,0.5,0.1,0.5,21,21,42,63,0.021548249991610646,0.8840579710144928,0.3697652672762235,X ~= Y A^T,SVD normal-system solve,2.2548152987987518,2.2547508409848134,19.46623325105985,19.46723325105985,43.89276054447471,43.893760544474716,19.467233251059852,4.389376054447471e-11,4.519016460352578,11,True,0.5954368942239037,0.9583333333333334,rms,3.968626966596886,0.8314281701602829,0.9118268312351216,0.04338869737961226,0.2516251831034129,0.9841785383912501,0.9645951874460634,0.8181818181818182,0.39022145855304347,0.19047619047619047,0.0239405636263666,0.0,0.9901360544217687,0.1501994236000613,0.6433855449064713,0.9559687806202473,0.8424033104527936,0.6713286713286714,0.3530985575825283,0.6550439232358877
r5_final_inverse_map_complete_2026-08-31,credit_approval,svm,2,HuberRidgeAIME,0.001,1.0,0.1,0.5,21,21,42,63,0.021548249991610646,0.8840579710144928,0.3697652672762235,X ~= Y A^T,SVD normal-system solve,2.3501846920984275,2.3501379322284834,28.873859868032927,28.874859868032917,67.8589034636461,67.8599034636461,28.87485986803292,6.78599034636461e-11,4.480379196815543,7,True,0.9146351977925193,0.2222222222222222,rms,7.937253933193772,0.8290431628468283,0.910518073871589,0.046132800880992475,0.25564479268973267,0.9895374244491744,0.9586423778485262,0.6666666666666666,0.39124048927195415,0.23809523809523808,0.025411959722123335,0.0,0.9901360544217687,0.3003691390704506,0.9807869271933575,0.951272849762763,0.8189825137665897,0.7999999999999999,0.3710933522495148,0.6513147720596114
r5_final_inverse_map_complete_2026-08-31,credit_approval,svm,2,HuberRidgeAIME,0.001,2.0,0.1,0.5,21,21,42,63,0.021548249991610646,0.8840579710144928,0.3697652672762235,X ~= Y A^T,SVD normal-system solve,2.336939684505586,2.3368957365749283,30.41999285397705,30.420992853977047,71.08968850283532,71.09068850283532,30.42099285397705,7.109068850283532e-11,4.528088756275605,7,True,0.9599577902188494,0.09722222222222222,rms,15.874507866387544,0.8322771816784454,0.912292267685332,0.04241185531017355,0.25047632764806077,0.96865884063881,0.8718465733941153,0.6666666666666666,0.3824075750976087,0.23809523809523808,0.030250016472322106,0.0,0.9304138321995463,0.5987122982364691,0.998861150893875,0.935820643392981,0.7910782810630563,0.7682983682983683,0.3686393362517511,0.6559149309856365
r5_final_inverse_map_complete_2026-08-31,credit_approval,svm,2,RidgeAIME,0.01,1.0,0.1,0.5,21,21,42,63,0.021548249991610646,0.8840579710144928,0.3697652672762235,X ~= Y A^T,SVD normal-system solve,2.318168551061006,2.3177558801720264,31.932368271252365,31.942368271252366,74.02461188731554,74.03461188731553,31.942368271252363,7.403461188731555e-11,5.0555105434747745,1,True,1.0,0.0,rms,7.937253933193772,0.8604048005693986,0.9275800777126462,0.010049230236142792,0.214137349888876,0.857158096300218,0.6968627751439336,0.42857142857142855,0.35781176250273977,0.19047619047619047,0.03188877961154307,0.0,0.09722222222222222,1.0,1.0,0.8695910504682495,0.7176668959204887,0.47545787545787543,0.3650676915597002,0.7037650204646458
r5_final_inverse_map_complete_2026-08-31,credit_approval,svm,2,HuberRidgeAIME,0.01,0.5,0.1,0.5,21,21,42,63,0.021548249991610646,0.8840579710144928,0.3697652672762235,X ~= Y A^T,SVD normal-system solve,2.2548131890683494,2.2541689097908004,19.466230771256473,19.47623077125647,43.892713884477246,43.902713884477244,19.476230771256475,4.390271388447724e-11,4.516934464542764,11,True,0.5954361140827262,0.9583333333333334,rms,3.968626966596886,0.8314199038994955,0.9118222984219543,0.04339820824150464,0.2516197970567877,0.9841752282869934,0.9645951874460634,0.8181818181818182,0.3902155043727683,0.19047619047619047,0.02394293192143105,0.0,0.9901360544217687,0.15019917532418298,0.6433847074874924,0.9559648184449536,0.8422977024265761,0.6713286713286714,0.3529864555617429,0.6548437895000884
r5_final_inverse_map_complete_2026-08-31,credit_approval,svm,2,HuberRidgeAIME,0.01,1.0,0.1,0.5,21,21,42,63,0.021548249991610646,0.8840579710144928,0.3697652672762235,X ~= Y A^T,SVD normal-system solve,2.35018350922618,2.349716057183301,28.87389364850049,28.883893648500493,67.85894869985638,67.86894869985638,28.883893648500493,6.786894869985638e-11,4.47902282072094,7,True,0.9146359731419071,0.2222222222222222,rms,7.937253933193772,0.8290383709005692,0.9105154424283913,0.046138314321741314,0.2556422841610485,0.9895364860564082,0.9586423778485262,0.6666666666666666,0.3912383088303009,0.23809523809523808,0.025413720988010025,0.0,0.9901360544217687,0.300368759999224,0.9807878268649652,0.9512685898430995,0.8189825137665897,0.7999999999999999,0.37101538471899986,0.6511832751903741
r5_final_inverse_map_complete_2026-08-31,credit_approval,svm,2,HuberRidgeAIME,0.01,2.0,0.1,0.5,21,21,42,63,0.021548249991610646,0.8840579710144928,0.3697652672762235,X ~= Y A^T,SVD normal-system solve,2.336939792391556,2.3365004429621483,30.41998813483549,30.429988134835487,71.08968075637604,71.09968075637603,30.429988134835487,7.109968075637605e-11,4.5268036166990555,7,True,0.9599576880340318,0.09722222222222222,rms,15.874507866387544,0.8322717195746921,0.9122892740653549,0.042418139809994426,0.2504726701746037,0.9686566920291552,0.8718465733941153,0.6666666666666666,0.382405708597871,0.23809523809523808,0.030251875916183623,0.0,0.9304138321995463,0.5987110666117728,0.9988611703410444,0.9358162452186354,0.7910782810630563,0.7682983682983683,0.3685658676954481,0.6557916541961775
r5_final_inverse_map_complete_2026-08-31,credit_approval,svm,2,RidgeAIME,0.1,1.0,0.1,0.5,21,21,42,63,0.021548249991610646,0.8840579710144928,0.3697652672762235,X ~= Y A^T,SVD normal-system solve,2.318168551061006,2.3140534368118852,31.932368271252365,32.03236827125237,74.02461188731554,74.12461188731554,32.032368271252366,7.412461188731554e-11,5.042318282915908,1,True,1.0,0.0,rms,7.937253933193772,0.8602478513346068,0.9274954724065271,0.010229810372019865,0.21407500188711168,0.857110287206573,0.6968627751439336,0.42857142857142855,0.35779316741302286,0.19047619047619047,0.031904954357712394,0.0,0.09722222222222222,1.0,1.0,0.8695305365094264,0.7175228867038989,0.47545787545787543,0.36437338358918586,0.7026302558884869
r5_final_inverse_map_complete_2026-08-31,credit_approval,svm,2,HuberRidgeAIME,0.1,0.5,0.1,0.5,21,21,42,63,0.021548249991610646,0.8840579710144928,0.3697652672762235,X ~= Y A^T,SVD normal-system solve,2.254794515766902,2.2483814313474944,19.466162453273103,19.566162453273105,43.89219634266778,43.99219634266778,19.566162453273105,4.399219634266777e-11,4.496223131224389,11,True,0.5954274945952127,0.9583333333333334,rms,3.968626966596886,0.831339356730073,0.9117781291136967,0.04349088291314673,0.2515659288468207,0.9841421250551882,0.9645951874460634,0.8181818181818182,0.3901561505392829,0.19047619047619047,0.023966559823687852,0.0,0.9901360544217687,0.15019668461035596,0.6433754279781971,0.9559251371562082,0.8425089159442412,0.6713286713286714,0.3518699899385396,0.6528478555536514
r5_final_inverse_map_complete_2026-08-31,credit_approval,svm,2,HuberRidgeAIME,0.1,1.0,0.1,0.5,21,21,42,63,0.021548249991610646,0.8840579710144928,0.3697652672762235,X ~= Y A^T,SVD normal-system solve,2.350171745246361,2.3455118396159804,28.874229358723536,28.97422935872354,67.85939800463501,67.959398004635,28.974229358723534,6.795939800463502e-11,4.465505651030671,7,True,0.9146436768270017,0.2222222222222222,rms,7.937253933193772,0.8289913336898678,0.9104896120713667,0.04619243364198522,0.25561718873869144,0.9895271035245773,0.9586423778485262,0.6666666666666666,0.39121653835496467,0.23809523809523808,0.025431302955066275,0.0,0.9901360544217687,0.30036496534198137,0.9807967688330806,0.9512260170430098,0.8190401174532258,0.7999999999999999,0.37023762950953004,0.6498706432959308
r5_final_inverse_map_complete_2026-08-31,credit_approval,svm,2,HuberRidgeAIME,0.1,2.0,0.1,0.5,21,21,42,63,0.021548249991610646,0.8840579710144928,0.3697652672762235,X ~= Y A^T,SVD normal-system solve,2.33694087319635,2.3325603245076167,30.419940952486403,30.519940952486404,71.08960337208498,71.18960337208499,30.519940952486408,7.118960337208497e-11,4.513993656172399,7,True,0.9599566665849029,0.09722222222222222,rms,15.874507866387544,0.8322179112281327,0.9122597827527709,0.04248004975524455,0.2504361062336724,0.9686352208313673,0.8718465733941153,0.6666666666666666,0.3823870738601818,0.23809523809523808,0.030270440204313454,0.0,0.9304138321995463,0.5986987632801787,0.9988613638638731,0.9357722841977543,0.7910590771841909,0.7682983682983683,0.367832884256482,0.6545609443980885
r5_final_inverse_map_complete_2026-08-31,credit_approval,svm,2,RidgeAIME,1.0,1.0,0.1,0.5,21,21,42,63,0.021548249991610646,0.8840579710144928,0.3697652672762235,X ~= Y A^T,SVD normal-system solve,2.318168551061006,2.2781420172811178,31.932368271252365,32.932368271252365,74.02461188731554,75.02461188731554,32.932368271252365,7.502461188731554e-11,4.914305229523067,1,True,1.0,0.0,rms,7.937253933193772,0.8587858664427075,0.9267070013994215,0.011911917524561444,0.2134570067844224,0.856636509667971,0.6979189187822062,0.42857142857142855,0.3576095896812729,0.19047619047619047,0.03206429592504338,0.0,0.09722222222222222,1.0,1.0,0.86893007970938,0.7160635914656523,0.47545787545787543,0.35758079410613275,0.691462127191037
r5_final_inverse_map_complete_2026-08-31,credit_approval,svm,2,HuberRidgeAIME,1.0,0.5,0.1,0.5,21,21,42,63,0.021548249991610646,0.8840579710144928,0.3697652672762235,X ~= Y A^T,SVD normal-system solve,2.254826955761593,2.193500865371224,19.461551482803316,20.461551482803316,43.88243088436692,44.88243088436692,20.461551482803316,4.4882430884366915e-11,4.299379683183852,11,True,0.5952676272420047,0.9583333333333334,rms,3.968626966596886,0.8307264500037594,0.911441961950271,0.04419607131412495,0.2510270933709081,0.9838111964060877,0.9644031613300138,0.8181818181818182,0.38958078007565716,0.19047619047619047,0.024197480703514417,0.0,0.9901360544217687,0.15017111016865894,0.6432010983114419,0.9555225522490035,0.8423217060941856,0.6713286713286714,0.3411378100771268,0.6334057998577374
r5_final_inverse_map_complete_2026-08-31,credit_approval,svm,2,HuberRidgeAIME,1.0,1.0,0.1,0.5,21,21,42,63,0.021548249991610646,0.8840579710144928,0.3697652672762235,X ~= Y A^T,SVD normal-system solve,2.350060290516904,2.304873598146032,28.877386896040406,29.877386896040402,67.86360023827775,68.86360023827775,29.877386896040402,6.886360023827776e-11,4.334834252424817,7,True,0.9147159715418578,0.2222222222222222,rms,7.937253933193772,0.8286038799032893,0.9102768149872265,0.0466382240118407,0.255365341648133,0.9894334485567782,0.9600825737188983,0.6666666666666666,0.39100217713929136,0.23809523809523808,0.025604105464118232,0.0,0.9901360544217687,0.3003266904059822,0.9808809710487982,0.9508029504456911,0.8182816672994837,0.7999999999999999,0.3626471131820999,0.6369724963604514
r5_final_inverse_map_complete_2026-08-31,credit_approval,svm,2,HuberRidgeAIME,1.0,2.0,0.1,0.5,21,21,42,63,0.021548249991610646,0.8840579710144928,0.3697652672762235,X ~= Y A^T,SVD normal-system solve,2.3369518516252534,2.2944001525371593,30.419470438945268,31.41947043894527,71.0888377677528,72.0888377677528,31.41947043894527,7.208883776775279e-11,4.389905404694403,7,True,0.9599464989248193,0.09722222222222222,rms,15.874507866387544,0.8317565636467747,0.9120068879382297,0.043010859663547896,0.25007162050306503,0.9684220072482732,0.8722786321552268,0.6666666666666666,0.38220370105930535,0.23809523809523808,0.030453111414958267,0.0,0.9304138321995463,0.598577058038978,0.9988632079432945,0.9353347995625942,0.7906126365726045,0.7682983682983683,0.3606691628606334,0.6424551620047959
r5_final_inverse_map_complete_2026-08-31,credit_approval,mlp,2,RidgeAIME,0.0,1.0,0.1,0.5,21,21,42,63,0.039689957979135215,0.821256038647343,0.40237910465157584,X ~= Y A^T,SVD normal-system solve,2.132747822181298,2.132747822181298,33.90780722876759,33.90780722876759,72.31680202209735,72.31680202209735,33.90780722876759,7.231680202209733e-11,5.057148202000716,1,True,1.0,0.0,rms,7.937253933193772,0.8526623870294537,0.923397198950405,0.042170883085810296,0.2505414451740437,0.9210969343040473,0.8253762533101164,0.5384615384615384,0.32991230529123444,0.14285714285714285,0.030194539209796888,0.13333333333333333,0.09027777777777778,1.0,1.0,0.8727771825145141,0.7204748506831478,0.5421245421245421,0.32893950715608666,0.7039056810139982
r5_final_inverse_map_complete_2026-08-31,credit_approval,mlp,2,HuberRidgeAIME,0.0,0.5,0.1,0.5,21,21,42,63,0.039689957979135215,0.821256038647343,0.40237910465157584,X ~= Y A^T,SVD normal-system solve,2.1023437115806503,2.1023437115806503,21.372602066915682,21.372602066915682,44.932555555495796,44.932555555495796,21.372602066915682,4.49325555554958e-11,4.557056040178524,13,True,0.6208377652479518,0.9513888888888888,rms,3.968626966596886,0.8421531343198951,0.9176890183062534,0.05397633902634169,0.2584756269060424,0.9558912084500536,0.7628237460069651,0.8181818181818182,0.3329070692555358,0.14285714285714285,0.02013486168062939,0.0,0.9383413594952055,0.10564822809325637,0.6719634445075778,0.9594954164115943,0.9105484331454813,0.731934731934732,0.32270372017935733,0.6586843693308907
r5_final_inverse_map_complete_2026-08-31,credit_approval,mlp,2,HuberRidgeAIME,0.0,1.0,0.1,0.5,21,21,42,63,0.039689957979135215,0.821256038647343,0.40237910465157584,X ~= Y A^T,SVD normal-system solve,2.1352119654904937,2.1352119654904937,30.65474852965917,30.65474852965917,65.45438585963038,65.45438585963038,30.654748529659177,6.545438585963036e-11,4.543155069198721,7,True,0.9011748074868142,0.20833333333333334,rms,7.937253933193772,0.8331704767492539,0.9127817245920593,0.06406691074535964,0.27369295068778215,0.9760959325663303,0.8752790402185016,0.8181818181818182,0.33187285148747575,0.14285714285714285,0.0230501414127569,0.0,0.9383413594952055,0.21167059237340075,0.9695988899026493,0.9551126386026907,0.8645277151781746,0.7986013986013987,0.3294409945242687,0.6573575606200336
r5_final_inverse_map_complete_2026-08-31,credit_approval,mlp,2,HuberRidgeAIME,0.0,2.0,0.1,0.5,21,21,42,63,0.039689957979135215,0.821256038647343,0.40237910465157584,X ~= Y A^T,SVD normal-system solve,2.111225570493489,2.111225570493489,32.3787424361388,32.3787424361388,68.35882897159888,68.35882897159888,32.37874243613881,6.835882897159887e-11,4.689383391377508,6,True,0.9436207544288655,0.09722222222222222,rms,15.874507866387544,0.8353104468962632,0.9139531973226327,0.061662998309074624,0.27150768939517433,0.9790417146680755,0.908715587675635,0.8181818181818182,0.3274396647119465,0.14285714285714285,0.02873898310482122,0.06666666666666667,0.9383413594952055,0.4245910796759337,0.9951275160455687,0.939213283963937,0.8252370516674995,0.793939393939394,0.32453463728066073,0.6711157409395285
r5_final_inverse_map_complete_2026-08-31,credit_approval,mlp,2,RidgeAIME,1e-06,1.0,0.1,0.5,21,21,42,63,0.039689957979135215,0.821256038647343,0.40237910465157584,X ~= Y A^T,SVD normal-system solve,2.132747822181298,2.1327477887746027,33.90780722876759,33.907808228767585,72.31680202209735,72.31680302209735,33.907808228767585,7.231680302209734e-11,5.0571480584369795,1,True,1.0,0.0,rms,7.937253933193772,0.8526623853640825,0.9233971980486417,0.04217088495658716,0.2505414448618287,0.9210969337635194,0.8253762533101164,0.5384615384615384,0.32991230535921995,0.14285714285714285,0.030194539281104726,0.13333333333333333,0.09027777777777778,1.0,1.0,0.8727771814488566,0.7204748506831478,0.5421245421245421,0.3289395003534336,0.7039056686851248
r5_final_inverse_map_complete_2026-08-31,credit_approval,mlp,2,HuberRidgeAIME,1e-06,0.5,0.1,0.5,21,21,42,63,0.039689957979135215,0.821256038647343,0.40237910465157584,X ~= Y A^T,SVD normal-system solve,2.1023437121212942,2.1023436605438754,21.372602056829507,21.372603056829504,44.93255554584616,44.93255654584616,21.372603056829508,4.493255654584616e-11,4.557055827285219,13,True,0.6208377651206956,0.9513888888888888,rms,3.968626966596886,0.8421531330309772,0.9176890176039905,0.05397634047423383,0.25847562643852096,0.9558912079547117,0.7628237460069651,0.8181818181818182,0.3329070693241965,0.14285714285714285,0.0201348617721828,0.0,0.9383413594952055,0.10564822809069224,0.6719634443679479,0.9594954161463496,0.9105484331454813,0.731934731934732,0.32270370963636674,0.6586843490418294
r5_final_inverse_map_complete_2026-08-31,credit_approval,mlp,2,HuberRidgeAIME,1e-06,1.0,0.1,0.5,21,21,42,63,0.039689957979135215,0.821256038647343,0.40237910465157584,X ~= Y A^T,SVD normal-system solve,2.135211965522729,2.135211928490557,30.654748529512386,30.654749529512383,65.45438586030512,65.45438686030512,30.654749529512376,6.545438686030513e-11,4.543154922556803,7,True,0.9011748074963373,0.20833333333333334,rms,7.937253933193772,0.8331704760983427,0.9127817242355056,0.06406691147655386,0.2736929505468154,0.9760959324275095,0.8752790402185016,0.8181818181818182,0.3318728515279978,0.14285714285714285,0.02305014148261424,0.0,0.9383413594952055,0.21167059235854258,0.9695988899145916,0.9551126382150603,0.8645277151781746,0.7986013986013987,0.32944098699861374,0.6573575466020712
r5_final_inverse_map_complete_2026-08-31,credit_approval,mlp,2,HuberRidgeAIME,1e-06,2.0,0.1,0.5,21,21,42,63,0.039689957979135215,0.821256038647343,0.40237910465157584,X ~= Y A^T,SVD normal-system solve,2.111225570499607,2.1112255361800054,32.37874243588928,32.37874343588928,68.35882897127017,68.35882997127017,32.37874343588928,6.835882997127016e-11,4.689383248735857,6,True,0.9436207544239077,0.09722222222222222,rms,15.874507866387544,0.8353104460401126,0.913953196854255,0.061662999270822305,0.27150768926377067,0.9790417145668745,0.908715587675635,0.8181818181818182,0.3274396647357184,0.14285714285714285,0.02873898319362634,0.06666666666666667,0.9383413594952055,0.4245910796195208,0.9951275160457171,0.939213283428022,0.8252370516674995,0.793939393939394,0.3245346302221271,0.6711157277291601
r5_final_inverse_map_complete_2026-08-31,credit_approval,mlp,2,RidgeAIME,1e-05,1.0,0.1,0.5,21,21,42,63,0.039689957979135215,0.821256038647343,0.40237910465157584,X ~= Y A^T,SVD normal-system solve,2.132747822181298,2.132747488114432,33.90780722876759,33.90781722876759,72.31680202209735,72.31681202209735,33.90781722876759,7.231681202209735e-11,5.057146766363724,1,True,1.0,0.0,rms,7.937253933193772,0.8526623703757539,0.9233971899327796,0.04217090179356486,0.2505414420518943,0.9210969288987692,0.8253762533101164,0.5384615384615384,0.32991230597108995,0.14285714285714285,0.030194539922875123,0.13333333333333333,0.09027777777777778,1.0,1.0,0.872777171857939,0.7204748506831478,0.5421245421245421,0.32893943912956886,0.7039055577252814
r5_final_inverse_map_complete_2026-08-31,credit_approval,mlp,2,HuberRidgeAIME,1e-05,0.5,0.1,0.5,21,21,42,63,0.039689957979135215,0.821256038647343,0.40237910465157584,X ~= Y A^T,SVD normal-system solve,2.1023437169871215,2.10234320121314,21.37260196605348,21.372611966053483,44.93255545899913,44.932565458999136,21.37261196605348,4.493256545899913e-11,4.5570539112463795,13,True,0.6208377639753826,0.9513888888888888,rms,3.968626966596886,0.8421531214307371,0.9176890112836358,0.05397635350523866,0.2584756222308279,0.9558912034966388,0.7628237460069651,0.8181818181818182,0.33290706994214236,0.14285714285714285,0.020134862596163438,0.0,0.9383413594952055,0.10564822806761505,0.671963443111268,0.95949541375915,0.9105484331454813,0.731934731934732,0.3227036147494891,0.6586841664403205
r5_final_inverse_map_complete_2026-08-31,credit_approval,mlp,2,HuberRidgeAIME,1e-05,1.0,0.1,0.5,21,21,42,63,0.039689957979135215,0.821256038647343,0.40237910465157584,X ~= Y A^T,SVD normal-system solve,2.135211965812851,2.1352115954912367,30.654748528191273,30.65475852819128,65.45438586637789,65.4543958663779,30.654758528191273,6.545439586637791e-11,4.543153602779966,7,True,0.9011748075820439,0.20833333333333334,rms,7.937253933193772,0.83317047024015,0.9127817210265278,0.06406691805729159,0.273692949278115,0.9760959311781244,0.8752790402185016,0.8181818181818182,0.3318728518926956,0.14285714285714285,0.023050142111330225,0.0,0.9383413594952055,0.21167059222481882,0.9695988900220739,0.9551126347263891,0.8645277151781746,0.7986013986013987,0.3294409192677358,0.6573574204404301
r5_final_inverse_map_complete_2026-08-31,credit_approval,mlp,2,HuberRidgeAIME,1e-05,2.0,0.1,0.5,21,21,42,63,0.039689957979135215,0.821256038647343,0.40237910465157584,X ~= Y A^T,SVD normal-system solve,2.111225570554671,2.111225227358752,32.378742433643524,32.37875243364353,68.3588289683118,68.3588389683118,32.37875243364352,6.835883896831181e-11,4.689381964961391,6,True,0.9436207543792869,0.09722222222222222,rms,15.874507866387544,0.8353104383347678,0.9139531926388614,0.06166300792653834,0.27150768808113757,0.9790417136560646,0.908715587675635,0.8181818181818182,0.3274396649496668,0.14285714285714285,0.028738983992872336,0.06666666666666667,0.9383413594952055,0.4245910791118044,0.9951275160470525,0.939213278604786,0.8252370516674995,0.793939393939394,0.32453456669533953,0.6711156088358614
r5_final_inverse_map_complete_2026-08-31,credit_approval,mlp,2,RidgeAIME,0.0001,1.0,0.1,0.5,21,21,42,63,0.039689957979135215,0.821256038647343,0.40237910465157584,X ~= Y A^T,SVD normal-system solve,2.132747822181298,2.1327444815215086,33.90780722876759,33.90790722876759,72.31680202209735,72.31690202209735,33.90790722876759,7.231690202209735e-11,5.057133845668569,1,True,1.0,0.0,rms,7.937253933193772,0.8526622204936622,0.9233971087748013,0.04217107016199961,0.2505414139525636,0.9210968802513059,0.8253762533101164,0.5384615384615384,0.3299123120897805,0.14285714285714285,0.030194546340571355,0.13333333333333333,0.09027777777777778,1.0,1.0,0.872777075948852,0.7204748506831478,0.5421245421245421,0.3289388268922348,0.7039044481284997
r5_final_inverse_map_complete_2026-08-31,credit_approval,mlp,2,HuberRidgeAIME,0.0001,0.5,0.1,0.5,21,21,42,63,0.039689957979135215,0.821256038647343,0.40237910465157584,X ~= Y A^T,SVD normal-system solve,2.1023437656466557,2.1023386079281114,21.372601058253398,21.372701058253405,44.932554590472144,44.93265459047214,21.372701058253405,4.493265459047214e-11,4.5570347509472855,13,True,0.6208377525214321,0.9513888888888888,rms,3.968626966596886,0.8421530054305454,0.9176889480812904,0.05397648381280573,0.25847558015394106,0.9558911589159721,0.7628237460069651,0.8181818181818182,0.3329070761216253,0.14285714285714285,0.020134870835966094,0.0,0.9383413594952055,0.10564822783684155,0.671963430543567,0.9594953898870578,0.9105484331454813,0.731934731934732,0.3227026658841851,0.6586823404295197
r5_final_inverse_map_complete_2026-08-31,credit_approval,mlp,2,HuberRidgeAIME,0.0001,1.0,0.1,0.5,21,21,42,63,0.039689957979135215,0.821256038647343,0.40237910465157584,X ~= Y A^T,SVD normal-system solve,2.1352119687141156,2.1352082655088354,30.654748514978817,30.654848514978823,65.45438592710403,65.45448592710403,30.654848514978823,6.545448592710403e-11,4.543140405054309,7,True,0.9011748084390846,0.20833333333333334,rms,7.937253933193772,0.8331704116592198,0.9127816889372945,0.06406698386354914,0.273692936591108,0.9760959186842751,0.8752790402185016,0.8181818181818182,0.33187285553967405,0.14285714285714285,0.023050148398481726,0.0,0.9383413594952055,0.21167059088758292,0.9695988910968673,0.955112599839687,0.8645277151781746,0.7986013986013987,0.3294402419605722,0.6573561588260862
r5_final_inverse_map_complete_2026-08-31,credit_approval,mlp,2,HuberRidgeAIME,0.0001,2.0,0.1,0.5,21,21,42,63,0.039689957979135215,0.821256038647343,0.40237910465157584,X ~= Y A^T,SVD normal-system solve,2.1112255711053147,2.111222139155657,32.37874241118604,32.37884241118605,68.35882893872812,68.35892893872813,32.37884241118604,6.835892893872813e-11,4.689369127255871,6,True,0.9436207539330823,0.09722222222222222,rms,15.874507866387544,0.8353103612823144,0.913953150485469,0.06166309448258278,0.27150767625480726,0.9790417045479692,0.908715587675635,0.8181818181818182,0.3274396670891423,0.14285714285714285,0.0287389919853225,0.06666666666666667,0.9383413594952055,0.4245910740346497,0.9951275160604075,0.9392132303724552,0.8252370516674995,0.793939393939394,0.32453393142889486,0.6711144199047099
r5_final_inverse_map_complete_2026-08-31,credit_approval,mlp,2,RidgeAIME,0.001,1.0,0.1,0.5,21,21,42,63,0.039689957979135215,0.821256038647343,0.40237910465157584,X ~= Y A^T,SVD normal-system solve,2.132747822181298,2.1327144164700753,33.90780722876759,33.908807228767586,72.31680202209735,72.31780202209734,33.90880722876758,7.231780202209735e-11,5.057004642456798,1,True,1.0,0.0,rms,7.937253933193772,0.8526607217921772,0.9233962972592955,0.042172753712185096,0.2505411329606451,0.9210963937805023,0.8253762533101164,0.5384615384615384,0.32991237327579603,0.14285714285714285,0.030194610516759417,0.13333333333333333,0.09027777777777778,1.0,1.0,0.872776116866774,0.7204748506831478,0.5421245421245421,0.3289327046501745,0.7038933523259288
r5_final_inverse_map_complete_2026-08-31,credit_approval,mlp,2,HuberRidgeAIME,0.001,0.5,0.1,0.5,21,21,42,63,0.039689957979135215,0.821256038647343,0.40237910465157584,X ~= Y A^T,SVD normal-system solve,2.1023442523689657,2.102292677310661,21.372591976281242,21.37359197628124,44.932545899561944,44.93354589956195,21.37359197628124,4.493354589956194e-11,4.5568431568839705,13,True,0.6208376378998829,0.9513888888888888,rms,3.968626966596886,0.8421518456495672,0.9176883161779751,0.05397778664028696,0.2584751593894488,0.9558907131158809,0.7628237460069651,0.8181818181818182,0.3329071379188453,0.14285714285714285,0.02013495323361982,0.0,0.9383413594952055,0.10564822552892815,0.67196330477639,0.9594951511565663,0.9105484331454813,0.731934731934732,0.3226931775783829,0.6586640807500909
r5_final_inverse_map_complete_2026-08-31,credit_approval,mlp,2,HuberRidgeAIME,0.001,1.0,0.1,0.5,21,21,42,63,0.039689957979135215,0.821256038647343,0.40237910465157584,X ~= Y A^T,SVD normal-system solve,2.1352119977309907,2.1351749667642843,30.654748382715482,30.655748382715476,65.45438653419878,65.45538653419878,30.65574838271548,6.545538653419878e-11,4.543008432068611,7,True,0.9011748170069132,0.20833333333333334,rms,7.937253933193772,0.833169825949343,0.912781368099362,0.06406764181443647,0.27369280972080323,0.9760957937459873,0.8752790402185016,0.8181818181818182,0.3318728920094149,0.14285714285714285,0.023050211269163727,0.0,0.9383413594952055,0.2116705775153274,0.9695989018419562,0.9551122509736046,0.8645277151781746,0.7986013986013987,0.3294334690504016,0.6573435428893498
r5_final_inverse_map_complete_2026-08-31,credit_approval,mlp,2,HuberRidgeAIME,0.001,2.0,0.1,0.5,21,21,42,63,0.039689957979135215,0.821256038647343,0.40237910465157584,X ~= Y A^T,SVD normal-system solve,2.1112255766116115,2.1111912580685472,32.37874218661516,32.37974218661517,68.3588286428953,68.3598286428953,32.37974218661516,6.83598286428953e-11,4.689240754114601,6,True,0.9436207494710954,0.09722222222222222,rms,15.874507866387544,0.8353095908572196,0.9139527290058385,0.061663959931322454,0.27150755799163584,0.979041613467542,0.908715587675635,0.8181818181818182,0.3274396884832249,0.14285714285714285,0.028739071908845837,0.06666666666666667,0.9383413594952055,0.42459102326391474,0.9951275161939452,0.9392127480521152,0.8252370516674995,0.793939393939394,0.3245275789074975,0.6711025307766649
r5_final_inverse_map_complete_2026-08-31,credit_approval,mlp,2,RidgeAIME,0.01,1.0,0.1,0.5,21,21,42,63,0.039689957979135215,0.821256038647343,0.40237910465157584,X ~= Y A^T,SVD normal-system solve,2.132747822181298,2.1324138537102404,33.90780722876759,33.917807228767586,72.31680202209735,72.32680202209734,33.917807228767586,7.232680202209735e-11,5.055712984205272,1,True,1.0,0.0,rms,7.937253933193772,0.8526457467147484,0.9233881885289352,0.042189575804266966,0.25053832318034663,0.9210915294554164,0.8253762533101164,0.5384615384615384,0.32991298504698935,0.14285714285714285,0.03019525220121904,0.13333333333333333,0.09027777777777778,1.0,1.0,0.8727665269254604,0.7204748506831478,0.5421245421245421,0.328871495354693,0.703782410821399
r5_final_inverse_map_complete_2026-08-31,credit_approval,mlp,2,HuberRidgeAIME,0.01,0.5,0.1,0.5,21,21,42,63,0.039689957979135215,0.821256038647343,0.40237910465157584,X ~= Y A^T,SVD normal-system solve,2.1023491322749424,2.101833594291497,21.372500759829236,21.382500759829234,44.932458426972545,44.94245842697254,21.382500759829238,4.494245842697254e-11,4.554928108555634,13,True,0.6208364834880908,0.9513888888888888,rms,3.968626966596886,0.8421402699152086,0.9176820091487076,0.05399079011691166,0.2584709521819772,0.9558862557723522,0.7628237460069651,0.8181818181818182,0.3329077561298941,0.14285714285714285,0.020135777172801295,0.0,0.9383413594952055,0.10564820243198123,0.6719620380967124,0.9594927628958955,0.9105484331454813,0.731934731934732,0.32259832922708687,0.6584815267966185
r5_final_inverse_map_complete_2026-08-31,credit_approval,mlp,2,HuberRidgeAIME,0.01,1.0,0.1,0.5,21,21,42,63,0.039689957979135215,0.821256038647343,0.40237910465157584,X ~= Y A^T,SVD normal-system solve,2.1352122883225437,2.134842087229213,30.654747046215586,30.664747046215584,65.45439258849872,65.46439258849873,30.664747046215588,6.546439258849872e-11,4.541689129158052,7,True,0.9011749024275149,0.20833333333333334,rms,7.937253933193772,0.8331639787871581,0.9127781651568787,0.06407421016115522,0.27369154099429094,0.9760945443835018,0.8752790402185016,0.8181818181818182,0.3318732567023547,0.14285714285714285,0.023050839892692344,0.0,0.9383413594952055,0.21167044380316552,0.9695990090085572,0.9551087624066623,0.8647293305009537,0.7986013986013987,0.32936575609109264,0.6572174041876087
r5_final_inverse_map_complete_2026-08-31,credit_approval,mlp,2,HuberRidgeAIME,0.01,2.0,0.1,0.5,21,21,42,63,0.039689957979135215,0.821256038647343,0.40237910465157584,X ~= Y A^T,SVD normal-system solve,2.111225631661035,2.1108825415520416,32.378739941299116,32.38873994129912,68.35882568495762,68.36882568495761,32.38873994129911,6.836882568495763e-11,4.687957413974049,6,True,0.9436207048574465,0.09722222222222222,rms,15.874507866387544,0.8353018965448897,0.9139485196360294,0.06167260325427926,0.27150637537304007,0.9790407027156818,0.908715587675635,0.8181818181818182,0.32743990235674947,0.14285714285714285,0.028739871046258435,0.06666666666666667,0.9383413594952055,0.42459051563780675,0.9951275175280976,0.9392079251454397,0.8252370516674995,0.793939393939394,0.3244640679949968,0.6709836578393684
r5_final_inverse_map_complete_2026-08-31,credit_approval,mlp,2,RidgeAIME,0.1,1.0,0.1,0.5,21,21,42,63,0.039689957979135215,0.821256038647343,0.40237910465157584,X ~= Y A^T,SVD normal-system solve,2.132747822181298,2.129416975783112,33.90780722876759,34.00780722876759,72.31680202209735,72.41680202209734,34.0078072287676,7.241680202209734e-11,5.042833678395905,1,True,1.0,0.0,rms,7.937253933193772,0.852497183972404,0.9233077406652692,0.04235646216218614,0.25051023929509186,0.921042924498569,0.8257603055422156,0.5384615384615384,0.32991909387565005,0.14285714285714285,0.030201661310267153,0.13333333333333333,0.09027777777777778,1.0,1.0,0.8726707154436564,0.7210604875878625,0.5421245421245421,0.32826071195512324,0.7026746445925965
r5_final_inverse_map_complete_2026-08-31,credit_approval,mlp,2,HuberRidgeAIME,0.1,0.5,0.1,0.5,21,21,42,63,0.039689957979135215,0.821256038647343,0.40237910465157584,X ~= Y A^T,SVD normal-system solve,2.10239918571583,2.0972649535798253,21.371549328377792,21.47154932837779,44.93152790546716,45.03152790546717,21.47154932837779,4.503152790546717e-11,4.535866400034521,13,True,0.6208241278003578,0.9513888888888888,rms,3.968626966596886,0.8420267018088101,0.9176201293611699,0.05411836562712058,0.2584289237013883,0.955841747630681,0.7628237460069651,0.8181818181818182,0.3329139618832291,0.14285714285714285,0.02014401275662732,0.0,0.9383413594952055,0.10564796969959105,0.6719484793676094,0.9594687855772491,0.9107020443591122,0.731934731934732,0.321653299616008,0.6566602543102753
r5_final_inverse_map_complete_2026-08-31,credit_approval,mlp,2,HuberRidgeAIME,0.1,1.0,0.1,0.5,21,21,42,63,0.039689957979135215,0.821256038647343,0.40237910465157584,X ~= Y A^T,SVD normal-system solve,2.1352152362118617,2.131524047405533,30.65473230373913,30.754732303739136,65.45445147693974,65.55445147693973,30.754732303739132,6.555445147693974e-11,4.528538654700795,7,True,0.901175731023546,0.20833333333333334,rms,7.937253933193772,0.8331064949689659,0.9127466762300293,0.06413878398973416,0.2736788514233095,0.9760820528349179,0.8752790402185016,0.8181818181818182,0.331876903159487,0.14285714285714285,0.02305711780754497,0.0,0.9383413594952055,0.21166910772791295,0.9696000524192959,0.955073886201719,0.8643933058847232,0.7986013986013987,0.32869023662969815,0.6559580791454914
r5_final_inverse_map_complete_2026-08-31,credit_approval,mlp,2,HuberRidgeAIME,0.1,2.0,0.1,0.5,21,21,42,63,0.039689957979135215,0.821256038647343,0.40237910465157584,X ~= Y A^T,SVD normal-system solve,2.111226180803832,2.1078047828380195,32.378717527381475,32.47871752738148,68.35879614465969,68.45879614465969,32.47871752738147,6.84587961446597e-11,4.6751630193313085,6,True,0.9436202593432029,0.09722222222222222,rms,15.874507866387544,0.835225941907687,0.9139069656741253,0.06175792607862818,0.27149455052343585,0.9790316004451465,0.908715587675635,0.8181818181818182,0.327442034378093,0.14285714285714285,0.02874785264774849,0.06666666666666667,0.9383413594952055,0.4245854474962995,0.9951275307478576,0.9391597257843791,0.8254578657996039,0.793939393939394,0.32383038563814337,0.6697967589864348
r5_final_inverse_map_complete_2026-08-31,credit_approval,mlp,2,RidgeAIME,1.0,1.0,0.1,0.5,21,21,42,63,0.039689957979135215,0.821256038647343,0.40237910465157584,X ~= Y A^T,SVD normal-system solve,2.132747822181298,2.100298123615076,33.90780722876759,34.90780722876759,72.31680202209735,73.31680202209735,34.90780722876759,7.331680202209734e-11,4.917661533543833,1,True,1.0,0.0,rms,7.937253933193772,0.8511248749568315,0.9225642931291193,0.04389803072732312,0.25023082010330805,0.9205607024805256,0.8256642924841907,0.5384615384615384,0.329979306616557,0.14285714285714285,0.030264985419515063,0.13333333333333333,0.09027777777777778,1.0,1.0,0.8717213767232417,0.7209644774108804,0.5421245421245421,0.32228094437752053,0.6917586343716559
r5_final_inverse_map_complete_2026-08-31,credit_approval,mlp,2,HuberRidgeAIME,1.0,0.5,0.1,0.5,21,21,42,63,0.039689957979135215,0.821256038647343,0.40237910465157584,X ~= Y A^T,SVD normal-system solve,2.1030122715963078,2.053679223727841,21.358486232944262,22.35848623294426,44.91715865060258,45.91715865060258,22.358486232944262,4.5917158650602563e-11,4.353696417509198,12,True,0.6206269239451101,0.9513888888888888,rms,3.968626966596886,0.8410928742718878,0.9171111569880108,0.05516737074174338,0.2580128662685606,0.9554027953935795,0.7604714260853577,0.8181818181818182,0.3329781535595308,0.14285714285714285,0.020225920879357786,0.0,0.9383413594952055,0.10564548326537254,0.6717319524095114,0.9592203518921446,0.9111340818023116,0.731934731934732,0.31253260954154677,0.6388581424824785
r5_final_inverse_map_complete_2026-08-31,credit_approval,mlp,2,HuberRidgeAIME,1.0,1.0,0.1,0.5,21,21,42,63,0.039689957979135215,0.821256038647343,0.40237910465157584,X ~= Y A^T,SVD normal-system solve,2.1352486204609633,2.099384834811031,30.65445587764116,31.654455877641155,65.45488462371475,66.45488462371475,31.65445587764116,6.645488462371473e-11,4.4011538778889605,7,True,0.901181607254516,0.20833333333333334,rms,7.937253933193772,0.8326248494801933,0.9124827940735065,0.06467983526652843,0.2735517645487291,0.9759573801651454,0.8734547921160305,0.8181818181818182,0.3319132964231623,0.14285714285714285,0.023119055095061816,0.0,0.9383413594952055,0.21165585811047463,0.9696078266352223,0.9547261438770734,0.8635100432498138,0.7986013986013987,0.32209205569322713,0.6435665531005018
r5_final_inverse_map_complete_2026-08-31,credit_approval,mlp,2,HuberRidgeAIME,1.0,2.0,0.1,0.5,21,21,42,63,0.039689957979135215,0.821256038647343,0.40237910465157584,X ~= Y A^T,SVD normal-system solve,2.1112315398770565,2.077939701403527,32.378497278263026,33.37849727826303,68.35850466769233,69.35850466769233,33.37849727826303,6.935850466769233e-11,4.5510029085137464,6,True,0.9436158665267812,0.09722222222222222,rms,15.874507866387544,0.8345600971096025,0.913542608261707,0.06250589566735709,0.27137645937098387,0.978941109404651,0.9094356856108211,0.8181818181818182,0.32746269903879494,0.14285714285714285,0.02882670081371942,0.06666666666666667,0.9383413594952055,0.42453557311393897,0.9951276513692769,0.9386807343787733,0.8247762198700755,0.793939393939394,0.3176329408498067,0.658107113061011
r5_final_inverse_map_complete_2026-08-31,har,lgbm,0,RidgeAIME,0.0,1.0,0.1,0.5,90,100,561,661,11.324275833903812,0.9788888888888889,0.05846464131551089,X ~= Y A^T,SVD normal-system solve,1.4097021467394033,1.4097021467394033,85.44239504798378,85.44239504798378,120.44832772169889,120.44832772169889,85.44239504798378,1.204483277216989e-10,47.1649001640743,1,True,1.0,0.0,rms,25.709920264364882,0.5003053356493556,0.7073226531430727,0.4726570155305029,0.6906070624663445,0.9754182036993153,0.9521558625309922,0.25,0.14960452560800908,0.0,0.0012310123738926053,0.0,0.10158730158730159,1.0,1.0,0.9723265645333358,0.9456342935827925,0.22254901960784315,0.14912736110061037,1.673618919486338
r5_final_inverse_map_complete_2026-08-31,har,lgbm,0,HuberRidgeAIME,0.0,0.5,0.1,0.5,90,100,561,661,11.324275833903812,0.9788888888888889,0.05846464131551089,X ~= Y A^T,SVD normal-system solve,2.1046336180868117,2.1046336180868117,49.3758704322705,49.3758704322705,103.9181168340551,103.9181168340551,49.37587043227047,1.0391811683405505e-10,44.165590236515506,12,True,0.7437537156697553,0.734920634920635,rms,12.854960132182441,0.47254402986138566,0.6874183805088322,0.5019186060110387,0.708969544779601,0.9956165954051135,0.9880284637019827,0.42857142857142855,0.14925382555748432,0.01,0.0009199490593497291,0.0,1.0,0.09599891331398945,0.8169980749467324,0.9943857935806673,0.9914684458102606,0.2876750700280112,0.32317650326326025,1.6450840387975785
r5_final_inverse_map_complete_2026-08-31,har,lgbm,0,HuberRidgeAIME,0.0,1.0,0.1,0.5,90,100,561,661,11.324275833903812,0.9788888888888889,0.05846464131551089,X ~= Y A^T,SVD normal-system solve,1.5021495611305253,1.5021495611305253,74.86150026652585,74.86150026652585,112.45316977093451,112.45316977093451,74.86150026652588,1.1245316977093456e-10,44.88848980429568,7,True,0.9045196481318379,0.1634920634920635,rms,25.709920264364882,0.4733548238183162,0.6880078661020644,0.5010639948874482,0.708398097515334,0.9975609587643228,0.9945187815865987,0.3333333333333333,0.14930218817337698,0.01,0.0011275790136917447,0.0,1.0,0.19215815824796034,0.9850693572353153,0.9937065803358294,0.9898347073442026,0.32338935574229694,0.1767131752380858,1.652134994559736
r5_final_inverse_map_complete_2026-08-31,har,lgbm,0,HuberRidgeAIME,0.0,2.0,0.1,0.5,90,100,561,661,11.324275833903812,0.9788888888888889,0.05846464131551089,X ~= Y A^T,SVD normal-system solve,1.43671582615293,1.43671582615293,79.63776169196105,79.63776169196105,114.41683258223597,114.41683258223597,79.63776169196102,1.14416832582236e-10,45.91030370863859,7,True,0.9359906746511973,0.10952380952380952,rms,51.419840528729765,0.47711105180631075,0.6907322576847781,0.49710477171633016,0.7059781599028903,0.9955961194105699,0.9910045093691564,0.25,0.14946656595449337,0.02,0.0012828433664153086,0.0,1.0,0.3850454690382581,0.99828836574524,0.9905606187983874,0.9812714915562839,0.27296918767507006,0.15737087576243106,1.6619101657468436
r5_final_inverse_map_complete_2026-08-31,har,lgbm,0,RidgeAIME,1e-06,1.0,0.1,0.5,90,100,561,661,11.324275833903812,0.9788888888888889,0.05846464131551089,X ~= Y A^T,SVD normal-system solve,1.4097021467394033,1.4097021419443339,85.44239504798378,85.4423960479838,120.44832772169889,120.44832872169886,85.44239604798383,1.2044832872169888e-10,47.164899685385095,1,True,1.0,0.0,rms,25.709920264364882,0.5003053347834593,0.7073226525309785,0.47265701644319424,0.6906070624821402,0.9754182036847268,0.9521558625309922,0.25,0.14960452560950932,0.0,0.0012310123743331232,0.0,0.10158730158730159,1.0,1.0,0.9723265645288631,0.9456342935827925,0.22254901960784315,0.14912735962336768,1.6736189150785672
r5_final_inverse_map_complete_2026-08-31,har,lgbm,0,HuberRidgeAIME,1e-06,0.5,0.1,0.5,90,100,561,661,11.324275833903812,0.9788888888888889,0.05846464131551089,X ~= Y A^T,SVD normal-system solve,2.10463361342707,2.10463359105514,49.37587055087318,49.375871550873136,103.91811685359147,103.91811785359147,49.375871550873185,1.0391811785359146e-10,44.16558951469654,12,True,0.743753716177787,0.734920634920635,rms,12.854960132182441,0.47254403002561113,0.6874183806282831,0.5019186058379381,0.708969544708363,0.9956165951490418,0.9880284637019827,0.42857142857142855,0.14925382554449915,0.01,0.0009199490618618953,0.0,1.0,0.09599891331103594,0.8169980755125433,0.994385793591196,0.9914684458102606,0.2876750700280112,0.32317649768523193,1.6450840316997
r5_final_inverse_map_complete_2026-08-31,har,lgbm,0,HuberRidgeAIME,1e-06,1.0,0.1,0.5,90,100,561,661,11.324275833903812,0.9788888888888889,0.05846464131551089,X ~= Y A^T,SVD normal-system solve,1.5021495617009961,1.5021495549932822,74.86150023823272,74.86150123823273,112.4531697711403,112.45317077114034,74.86150123823262,1.1245317077114031e-10,44.88848929053901,7,True,0.9045196480200578,0.1634920634920635,rms,25.709920264364882,0.4733548236997312,0.6880078660158845,0.5010639950124418,0.7083980975201101,0.9975609587449195,0.9945187815865987,0.3333333333333333,0.14930218817207677,0.01,0.0011275790145209952,0.0,1.0,0.19215815824280613,0.9850693571114782,0.9937065803424247,0.9898347073442026,0.32338935574229694,0.17671317346371465,1.652134989589159
r5_final_inverse_map_complete_2026-08-31,har,lgbm,0,HuberRidgeAIME,1e-06,2.0,0.1,0.5,90,100,561,661,11.324275833903812,0.9788888888888889,0.05846464131551089,X ~= Y A^T,SVD normal-system solve,1.436715826392886,1.4367158209091078,79.63776167857702,79.63776267857705,114.4168325821165,114.41683358211652,79.637762678577,1.144168335821165e-10,45.91030320597424,7,True,0.9359906746284585,0.10952380952380952,rms,51.419840528729765,0.4771110514150616,0.6907322574015649,0.4971047721287233,0.7059781599253552,0.9955961194049233,0.9910045093691564,0.25,0.14946656595338545,0.02,0.0012828433673000381,0.0,1.0,0.38504546902229053,0.9982883657217354,0.9905606188056378,0.9812714915562839,0.27296918767507006,0.15737087417731377,1.6619101609918248
r5_final_inverse_map_complete_2026-08-31,har,lgbm,0,RidgeAIME,1e-05,1.0,0.1,0.5,90,100,561,661,11.324275833903812,0.9788888888888889,0.05846464131551089,X ~= Y A^T,SVD normal-system solve,1.4097021467394033,1.4097020987887214,85.44239504798378,85.44240504798384,120.44832772169889,120.44833772169886,85.44240504798383,1.2044833772169893e-10,47.16489537718302,1,True,1.0,0.0,rms,25.709920264364882,0.5003053269903984,0.707322647022134,0.47265702465741,0.6906070626243003,0.9754182035534256,0.9521558625309922,0.25,0.14960452562301188,0.0,0.0012310123782977842,0.0,0.10158730158730159,1.0,1.0,0.9723265644886085,0.9456342935827925,0.22254901960784315,0.14912734632818703,1.6736188754086327
r5_final_inverse_map_complete_2026-08-31,har,lgbm,0,HuberRidgeAIME,1e-05,0.5,0.1,0.5,90,100,561,661,11.324275833903812,0.9788888888888889,0.05846464131551089,X ~= Y A^T,SVD normal-system solve,2.104633571489463,2.1046333477702017,49.37587161829594,49.37588161829596,103.91811702941939,103.91812702941941,49.37588161829598,1.0391812702941936e-10,44.16558301832725,12,True,0.743753720750067,0.734920634920635,rms,12.854960132182441,0.47254403150365204,0.6874183817033496,0.5019186042800204,0.7089695440672211,0.9956165928443947,0.9880284637019827,0.42857142857142855,0.14925382542763296,0.01,0.0009199490844713895,0.0,1.0,0.09599891328445427,0.816998080604836,0.9943857936859575,0.9914684458102606,0.2876750700280112,0.32317644748299584,1.6450839678188014
r5_final_inverse_map_complete_2026-08-31,har,lgbm,0,HuberRidgeAIME,1e-05,1.0,0.1,0.5,90,100,561,661,11.324275833903812,0.9788888888888889,0.05846464131551089,X ~= Y A^T,SVD normal-system solve,1.5021495668352443,1.5021494997581077,74.86149998359383,74.86150998359383,112.45316977299211,112.45317977299207,74.86150998359389,1.1245317977299216e-10,44.88848466672907,7,True,0.904519647014036,0.1634920634920635,rms,25.709920264364882,0.47335482263247214,0.688007865240269,0.501063996137378,0.7083980975630941,0.9975609585702881,0.9945187815865987,0.3333333333333333,0.14930218816037535,0.01,0.0011275790219842548,0.0,1.0,0.19215815819641835,0.9850693559969467,0.9937065804017795,0.9898347073442026,0.32338935574229694,0.17671315749437802,1.6521349448539657
r5_final_inverse_map_complete_2026-08-31,har,lgbm,0,HuberRidgeAIME,1e-05,2.0,0.1,0.5,90,100,561,661,11.324275833903812,0.9788888888888889,0.05846464131551089,X ~= Y A^T,SVD normal-system solve,1.4367158285524877,1.4367157737147118,79.63776155812171,79.63777155812174,114.41683258104229,114.41684258104235,79.63777155812176,1.1441684258104232e-10,45.9102986819954,7,True,0.9359906744238072,0.10952380952380952,rms,51.419840528729765,0.47711104789382575,0.6907322548526497,0.4971047758402549,0.7059781601275364,0.9955961193541029,0.9910045093691564,0.25,0.14946656594341398,0.02,0.001282843375262604,0.0,1.0,0.38504546887858204,0.9982883655101932,0.9905606188708924,0.9812714915562839,0.27296918767507006,0.15737085991125938,1.6619101181966567
r5_final_inverse_map_complete_2026-08-31,har,lgbm,0,RidgeAIME,0.0001,1.0,0.1,0.5,90,100,561,661,11.324275833903812,0.9788888888888889,0.05846464131551089,X ~= Y A^T,SVD normal-system solve,1.4097021467394033,1.4097016672331022,85.44239504798378,85.44249504798381,120.44832772169889,120.44842772169886,85.44249504798383,1.2044842772169894e-10,47.164852295206735,1,True,1.0,0.0,rms,25.709920264364882,0.500305249060351,0.7073225919340842,0.4726571067989762,0.6906070640458949,0.9754182022404173,0.9521558625309922,0.25,0.149604525758037,0.0,0.001231012417944342,0.0,0.10158730158730159,1.0,1.0,0.9723265640860597,0.9456342935827925,0.22254901960784315,0.14912721337651383,1.6736184787094994
r5_final_inverse_map_complete_2026-08-31,har,lgbm,0,HuberRidgeAIME,0.0001,0.5,0.1,0.5,90,100,561,661,11.324275833903812,0.9788888888888889,0.05846464131551089,X ~= Y A^T,SVD normal-system solve,2.104633152119935,2.104630914932742,49.37588229236382,49.37598229236385,103.91811878768056,103.91821878768059,49.37598229236388,1.0391821878768059e-10,44.165518054765435,12,True,0.7437537664722887,0.734920634920635,rms,12.854960132182441,0.47254404628516683,0.6874183924548185,0.5019185886996786,0.7089695376557262,0.9956165697979009,0.9880284637019827,0.42857142857142855,0.14925382425897546,0.01,0.0009199493105660559,0.0,1.0,0.0959989130186361,0.8169981315271188,0.9943857946335534,0.9914684458102606,0.2876750700280112,0.3231759454627765,1.6450833290105882
r5_final_inverse_map_complete_2026-08-31,har,lgbm,0,HuberRidgeAIME,0.0001,1.0,0.1,0.5,90,100,561,661,11.324275833903812,0.9788888888888889,0.05846464131551089,X ~= Y A^T,SVD normal-system solve,1.5021496181776608,1.5021489474070178,74.861497437208,74.86159743720798,112.45316979150994,112.45326979150987,74.86159743720802,1.1245326979150994e-10,44.888438428683266,7,True,0.9045196369538243,0.1634920634920635,rms,25.709920264364882,0.47335481196045087,0.6880078574845282,0.5010640073861399,0.708398097992925,0.9975609568239755,0.9945187815865987,0.3333333333333333,0.14930218804336134,0.01,0.0011275790966167117,0.0,1.0,0.1921581577325388,0.9850693448516376,0.993706580995324,0.9898347073442026,0.32338935574229694,0.17671299780116867,1.6521344975022976
r5_final_inverse_map_complete_2026-08-31,har,lgbm,0,HuberRidgeAIME,0.0001,2.0,0.1,0.5,90,100,561,661,11.324275833903812,0.9788888888888889,0.05846464131551089,X ~= Y A^T,SVD normal-system solve,1.436715850148477,1.4367153017712986,79.63776035356972,79.63786035356985,114.41683257029959,114.41693257029964,79.63786035356982,1.1441693257029964e-10,45.91025344225759,7,True,0.9359906723772977,0.10952380952380952,rms,51.419840528729765,0.47711101268203776,0.6907322293639104,0.4971048129549688,0.7059781621493421,0.9955961188458976,0.9910045093691564,0.25,0.14946656584369913,0.02,0.0012828434548881693,0.0,1.0,0.3850454674414943,0.998288363394774,0.9905606195234326,0.9812714915562839,0.27296918767507006,0.1573707172508546,1.6619096902452224
r5_final_inverse_map_complete_2026-08-31,har,lgbm,0,RidgeAIME,0.001,1.0,0.1,0.5,90,100,561,661,11.324275833903812,0.9788888888888889,0.05846464131551089,X ~= Y A^T,SVD normal-system solve,1.4097021467394033,1.409697351726909,85.44239504798378,85.44339504798383,120.44832772169889,120.4493277216989,85.44339504798383,1.2044932772169886e-10,47.16442147988644,1,True,1.0,0.0,rms,25.709920264364882,0.5003044698159678,0.7073220410930001,0.47265792815551466,0.6906070782611573,0.975418189110486,0.9521558625309922,0.25,0.14960452710828298,0.0,0.001231012814405454,0.0,0.10158730158730159,1.0,1.0,0.9723265600603124,0.9456342935827925,0.22254901960784315,0.14912588387294673,1.6736145117391448
r5_final_inverse_map_complete_2026-08-31,har,lgbm,0,HuberRidgeAIME,0.001,0.5,0.1,0.5,90,100,561,661,11.324275833903812,0.9788888888888889,0.05846464131551089,X ~= Y A^T,SVD normal-system solve,2.1046289590784335,2.1046065877475533,49.37598901707423,49.37698901707429,103.9181363684731,103.91913636847312,49.37698901707426,1.0391913636847314e-10,44.164868432293325,12,True,0.7437542236366791,0.734920634920635,rms,12.854960132182441,0.4725441942109082,0.6874185000499392,0.5019184327796906,0.7089694735332318,0.9956163393305044,0.9880266770233506,0.42857142857142855,0.1492538125728775,0.01,0.0009199515714850174,0.0,1.0,0.09599891036029971,0.8169986406855984,0.9943858041079512,0.9914692851334671,0.2876750700280112,0.32317092547410586,1.645076941006048
r5_final_inverse_map_complete_2026-08-31,har,lgbm,0,HuberRidgeAIME,0.001,1.0,0.1,0.5,90,100,561,661,11.324275833903812,0.9788888888888889,0.05846464131551089,X ~= Y A^T,SVD normal-system solve,1.5021501315973078,1.5021434239623828,74.86147197358275,74.86247197358279,112.4531699766855,112.45416997668556,74.8624719735828,1.1245416997668546e-10,44.88797605354271,7,True,0.9045195363523826,0.1634920634920635,rms,25.709920264364882,0.47335470529716567,0.6880077799684867,0.5010641198137538,0.7083981022902314,0.9975609393609136,0.9945187815865987,0.3333333333333333,0.14930218687324273,0.01,0.001127579842927664,0.0,1.0,0.19215815309358267,0.985069233399314,0.9937065869302868,0.9898346076226338,0.32338935574229694,0.1767114008850037,1.6521300240117205
r5_final_inverse_map_complete_2026-08-31,har,lgbm,0,HuberRidgeAIME,0.001,2.0,0.1,0.5,90,100,561,661,11.324275833903812,0.9788888888888889,0.05846464131551089,X ~= Y A^T,SVD normal-system solve,1.4367160661056753,1.4367105823923383,79.63774830820063,79.63874830820075,114.41683246287191,114.41783246287194,79.63874830820073,1.1441783246287194e-10,45.90980104990273,7,True,0.9359906519124291,0.10952380952380952,rms,51.419840528729765,0.47711066062125496,0.6907319745177973,0.4971051840419244,0.7059781823664532,0.9955961137638899,0.9910045093691564,0.25,0.14946656484657017,0.02,0.0012828442511341816,0.0,1.0,0.38504545307036375,0.9982883422408604,0.9905606260483916,0.9812714915562839,0.27296918767507006,0.1573692906609072,1.6619054107552034
r5_final_inverse_map_complete_2026-08-31,har,lgbm,0,RidgeAIME,0.01,1.0,0.1,0.5,90,100,561,661,11.324275833903812,0.9788888888888889,0.05846464131551089,X ~= Y A^T,SVD normal-system solve,1.4097021467394033,1.4096542016646616,85.44239504798378,85.4523950479838,120.44832772169889,120.45832772169888,85.4523950479838,1.2045832772169884e-10,47.160113770911934,1,True,1.0,0.0,rms,25.709920264364882,0.5002966829803194,0.7073165366229743,0.4726661358096367,0.6906072203452752,0.9754180578260975,0.9521561949363189,0.25,0.1496045406101757,0.0,0.00123101677856976,0.0,0.10158730158730159,1.0,1.0,0.9723265197769615,0.945634210481485,0.22254901960784315,0.14911259015375325,1.673574844133392
r5_final_inverse_map_complete_2026-08-31,har,lgbm,0,HuberRidgeAIME,0.01,0.5,0.1,0.5,90,100,561,661,11.324275833903812,0.9788888888888889,0.05846464131551089,X ~= Y A^T,SVD normal-system solve,2.1045870940097977,2.1043634347732993,49.377054668025146,49.387054668025065,103.91831199454195,103.92831199454193,49.387054668025094,1.0392831199454193e-10,44.15837352171076,12,True,0.7437587894999291,0.734920634920635,rms,12.854960132182441,0.47254568452310713,0.6874195840410041,0.5019168619275993,0.7089688315542734,0.9956140344107438,0.9880181591368484,0.42857142857142855,0.14925369575960598,0.01,0.0009199741779051696,0.0,1.0,0.09599888376147889,0.8170037258378459,0.9943858986958414,0.9914682048164687,0.2876750700280112,0.3231207469294599,1.6450130687167355
r5_final_inverse_map_complete_2026-08-31,har,lgbm,0,HuberRidgeAIME,0.01,1.0,0.1,0.5,90,100,561,661,11.324275833903812,0.9788888888888889,0.05846464131551089,X ~= Y A^T,SVD normal-system solve,1.5021552653410453,1.5020881961410193,74.86121736063915,74.87121736063911,112.45317182812455,112.46317182812456,74.87121736063901,1.1246317182812454e-10,44.88335283383815,7,True,0.9045185304053133,0.1634920634920635,rms,25.709920264364882,0.4733536443557573,0.6880070089437732,0.5010652380908713,0.708398145163014,0.9975607647366326,0.9945151666786686,0.3333333333333333,0.1493021751742679,0.01,0.0011275873046756126,0.0,1.0,0.1921581066879426,0.9850681189528605,0.9937066462317834,0.9898341007046577,0.32338935574229694,0.17669543331585363,1.6520852917161652
r5_final_inverse_map_complete_2026-08-31,har,lgbm,0,HuberRidgeAIME,0.01,2.0,0.1,0.5,90,100,561,661,11.324275833903812,0.9788888888888889,0.05846464131551089,X ~= Y A^T,SVD normal-system solve,1.4367182254101745,1.4366633941192635,79.63762786948921,79.64762786948924,114.4168313885284,114.42683138852846,79.64762786948924,1.1442683138852845e-10,45.90527762865333,7,True,0.9359904472864246,0.10952380952380952,rms,51.419840528729765,0.47710714572194945,0.6907294301837366,0.49710888889445703,0.7059783844430623,0.9955960629480357,0.9910020578798704,0.25,0.14946655487722582,0.02,0.0012828522126303195,0.0,1.0,0.38504530933370884,0.9982881307298409,0.9905606912535669,0.9812702117961477,0.27296918767507006,0.1573550261713028,1.6618626182876086
r5_final_inverse_map_complete_2026-08-31,har,lgbm,0,RidgeAIME,0.1,1.0,0.1,0.5,90,100,561,661,11.324275833903812,0.9788888888888889,0.05846464131551089,X ~= Y A^T,SVD normal-system solve,1.4097021467394033,1.4092232004268639,85.44239504798378,85.54239504798383,120.44832772169889,120.54832772169888,85.5423950479838,1.2054832772169889e-10,47.11708105672645,1,True,1.0,0.0,rms,25.709920264364882,0.5002193743685912,0.7072618852791314,0.47274762235620926,0.6906086343482634,0.9754167464729774,0.9521401563792954,0.25,0.1496046755724035,0.0,0.0012310563755816254,0.0,0.10158730158730159,1.0,1.0,0.9723261143610047,0.9456425123021098,0.22254901960784315,0.14897978447686303,1.6731783776996132
r5_final_inverse_map_complete_2026-08-31,har,lgbm,0,HuberRidgeAIME,0.1,0.5,0.1,0.5,90,100,561,661,11.324275833903812,0.9788888888888889,0.05846464131551089,X ~= Y A^T,SVD normal-system solve,2.104174944664546,2.1019437271287957,49.3875522881478,49.487552288147896,103.92005010303077,104.02005010303074,49.48755228814789,1.0402005010303077e-10,44.09355541668954,12,True,0.7438038720648614,0.734920634920635,rms,12.854960132182441,0.47256168855037256,0.6874312245965938,0.5018999930059622,0.7089623367052154,0.9955909608044688,0.9879677789544883,0.42857142857142855,0.14925253237720035,0.01,0.0009201999659418034,0.0,1.0,0.09599861623436634,0.8170539363283801,0.99438682776217,0.9914743792436204,0.2876750700280112,0.3226210849916619,1.6443751189123845
r5_final_inverse_map_complete_2026-08-31,har,lgbm,0,HuberRidgeAIME,0.1,1.0,0.1,0.5,90,100,561,661,11.324275833903812,0.9788888888888889,0.05846464131551089,X ~= Y A^T,SVD normal-system solve,1.5022065574857086,1.5015365795717273,74.85867356291138,74.95867356291129,112.45319031088754,112.55319031088747,74.95867356291129,1.1255319031088752e-10,44.83717374489645,7,True,0.90450847767384,0.1634920634920635,rms,25.709920264364882,0.4733436027945515,0.687999711333189,0.5010758223210957,0.7083985638831408,0.9975590191287013,0.9945187192605999,0.3333333333333333,0.14930205840530522,0.01,0.0011276617862212232,0.0,1.0,0.19215764102800664,0.9850569821708952,0.9937072344438199,0.9898424191455442,0.32338935574229694,0.17653591669660057,1.651638229576821
r5_final_inverse_map_complete_2026-08-31,har,lgbm,0,HuberRidgeAIME,0.1,2.0,0.1,0.5,90,100,561,661,11.324275833903812,0.9788888888888889,0.05846464131551089,X ~= Y A^T,SVD normal-system solve,1.436739791736734,1.4361920623999174,79.63642497866232,79.73642497866233,114.41682063850133,114.51682063850133,79.73642497866233,1.1451682063850127e-10,45.86009358880836,7,True,0.9359884032923687,0.10952380952380952,rms,51.419840528729765,0.47707256635904877,0.6907043986822791,0.4971453370055079,0.7059803957766579,0.9955955552116026,0.9910086644357426,0.25,0.14946645537799694,0.02,0.0012829317313072478,0.0,1.0,0.3850438694396615,0.9982860184276571,0.990561338872733,0.9812759956471536,0.27296918767507006,0.15721252212277498,1.6614349366796062
r5_final_inverse_map_complete_2026-08-31,har,lgbm,0,RidgeAIME,1.0,1.0,0.1,0.5,90,100,561,661,11.324275833903812,0.9788888888888889,0.05846464131551089,X ~= Y A^T,SVD normal-system solve,1.4097021467394033,1.4049625493865985,85.44239504798378,86.44239504798385,120.44832772169889,121.44832772169886,86.44239504798392,1.2144832772169893e-10,46.691144708348936,1,True,1.0,0.0,rms,25.709920264364882,0.4995012053876694,0.7067539921271541,0.4735046028374611,0.6906221027053223,0.9754037803569735,0.9520892983642779,0.17647058823529413,0.1496060195116105,0.01,0.0012314479323687262,0.0,0.10158730158730159,1.0,1.0,0.9723218074297391,0.945621412880121,0.2111111111111111,0.14766474786279524,1.669234521487567
r5_final_inverse_map_complete_2026-08-31,har,lgbm,0,HuberRidgeAIME,1.0,0.5,0.1,0.5,90,100,561,661,11.324275833903812,0.9788888888888889,0.05846464131551089,X ~= Y A^T,SVD normal-system solve,2.100671787653269,2.0788665209175545,49.477336553299935,50.477336553299885,103.93564502574301,104.93564502574303,50.477336553299885,1.0493564502574305e-10,43.45810162717704,12,True,0.7441915279163082,0.734920634920635,rms,12.854960132182441,0.47282716449172985,0.6876242902135801,0.5016201701353177,0.7088904033143545,0.9953580838795321,0.9874156121558222,0.3333333333333333,0.1492411996525746,0.01,0.000922427691423014,0.0,1.0,0.09599579680674444,0.8174857448615592,0.9943946019434913,0.9915608877047877,0.30434173669467784,0.3178266052093196,1.6380707511872539
r5_final_inverse_map_complete_2026-08-31,har,lgbm,0,HuberRidgeAIME,1.0,1.0,0.1,0.5,90,100,561,661,11.324275833903812,0.9788888888888889,0.05846464131551089,X ~= Y A^T,SVD normal-system solve,1.5027149321829794,1.4960857361875994,74.83346947854818,75.83346947854815,112.45337201247358,113.45337201247357,75.8334694785482,1.1345337201247354e-10,44.380632402014065,7,True,0.904408628296712,0.1634920634920635,rms,25.709920264364882,0.473298702947553,0.6879670798428897,0.5011231486588964,0.7084017700935417,0.9975416275474432,0.9944675288402556,0.3333333333333333,0.14930091253670644,0.01,0.0011283957423857346,0.0,1.0,0.19215282832607972,0.9849463865972784,0.9937126463374529,0.9898782274989706,0.32338935574229694,0.17495648235614808,1.6471934864211863
r5_final_inverse_map_complete_2026-08-31,har,lgbm,0,HuberRidgeAIME,1.0,2.0,0.1,0.5,90,100,561,661,11.324275833903812,0.9788888888888889,0.05846464131551089,X ~= Y A^T,SVD normal-system solve,1.4369528128873452,1.4315332124638942,79.62454401557754,80.6245440155776,114.41671249805638,115.41671249805643,80.62454401557757,1.1541671249805646e-10,45.41321384055838,7,True,0.9359681876354122,0.10952380952380952,rms,51.419840528729765,0.47678253375266355,0.6904944125426821,0.4974510436397299,0.7059995831638299,0.9955905198854431,0.9909706455764771,0.25,0.1494654795252369,0.02,0.0012837174021040156,0.0,1.0,0.38502922505977727,0.9982651728029751,0.9905673804699962,0.9813102167656057,0.27296918767507006,0.15580142837750957,1.6571822375061447
r5_final_inverse_map_complete_2026-08-31,har,svm,0,RidgeAIME,0.0,1.0,0.1,0.5,90,100,561,661,1.1343150000320747,0.97,0.08393525511090742,X ~= Y A^T,SVD normal-system solve,1.456404620293562,1.456404620293562,79.8729531959354,79.8729531959354,116.32733807105174,116.32733807105174,79.87295319593544,1.1632733807105164e-10,47.74538934062435,1,True,1.0,0.0,rms,25.709920264364882,0.48387391735696633,0.6956104638064082,0.45797098032857253,0.6841087547368957,0.9762566426473298,0.9540286964688115,0.17647058823529413,0.14942300863723673,0.0,0.0010470135634314318,0.0,0.09047619047619047,1.0,1.0,0.9684268963073179,0.9336662427114961,0.17647058823529413,0.1632820480185774,1.6789314391531807
r5_final_inverse_map_complete_2026-08-31,har,svm,0,HuberRidgeAIME,0.0,0.5,0.1,0.5,90,100,561,661,1.1343150000320747,0.97,0.08393525511090742,X ~= Y A^T,SVD normal-system solve,2.237312825091617,2.237312825091617,46.345594473974415,46.345594473974415,103.68959290311813,103.68959290311813,46.34559447397442,1.0368959290311811e-10,44.74572147343332,12,True,0.7534907884329093,0.7111111111111111,rms,12.854960132182441,0.45601955507897524,0.6752921997764932,0.4891730603282147,0.7009588638187256,0.9960331682214131,0.9879819685068809,0.42857142857142855,0.1475785047919645,0.0,0.000973331672587718,0.0,1.0,0.09454728355925458,0.8190401423208644,0.9950278471471968,0.9917979840453801,0.43809523809523804,0.3497267121756096,1.6507515149745629
r5_final_inverse_map_complete_2026-08-31,har,svm,0,HuberRidgeAIME,0.0,1.0,0.1,0.5,90,100,561,661,1.1343150000320747,0.97,0.08393525511090742,X ~= Y A^T,SVD normal-system solve,1.5365673256818797,1.5365673256818797,71.3428980599682,71.3428980599682,109.62316607840032,109.62316607840032,71.34289805996825,1.0962316607840032e-10,45.62757898117658,8,True,0.9112355174295984,0.16507936507936508,rms,25.709920264364882,0.4567184687951346,0.675809491495299,0.4883901466335191,0.7010648831180026,0.9981145955325853,0.9949440942023822,0.3333333333333333,0.1486106310282428,0.0,0.0010817953311407186,0.0,1.0,0.1892430379736584,0.9830567588414458,0.994352977302626,0.989625458251773,0.36203404438698555,0.1865515939002752,1.6592274255333468
r5_final_inverse_map_complete_2026-08-31,har,svm,0,HuberRidgeAIME,0.0,2.0,0.1,0.5,90,100,561,661,1.1343150000320747,0.97,0.08393525511090742,X ~= Y A^T,SVD normal-system solve,1.472392041478781,1.472392041478781,75.59101599720442,75.59101599720442,111.29961036157901,111.29961036157901,75.5910159972044,1.1129961036157896e-10,46.577756817935416,5,True,0.9433024653040619,0.09365079365079365,rms,51.419840528729765,0.4623226736719004,0.6799431400285618,0.4821123921060928,0.6978663366676083,0.9958510816152192,0.9901600959621358,0.17647058823529413,0.1491273555455897,0.0,0.0011150005340118101,0.0,1.0000000000000002,0.3791840197272965,0.9994189598902323,0.9908892550182872,0.980983819759912,0.37815126050420167,0.1680234613478493,1.6681785691052544
r5_final_inverse_map_complete_2026-08-31,har,svm,0,RidgeAIME,1e-06,1.0,0.1,0.5,90,100,561,661,1.1343150000320747,0.97,0.08393525511090742,X ~= Y A^T,SVD normal-system solve,1.456404620293562,1.4564046145794305,79.8729531959354,79.87295419593534,116.32733807105174,116.32733907105171,79.87295419593543,1.1632733907105173e-10,47.745388842796636,1,True,1.0,0.0,rms,25.709920264364882,0.483873915924933,0.6956104627770725,0.4579709819327169,0.6841087548021879,0.9762566426583486,0.9540286964688115,0.17647058823529413,0.1494230086193252,0.0,0.0010470135631965403,0.0,0.09047619047619047,1.0,1.0,0.9684268963314725,0.9336662427114961,0.17647058823529413,0.16328204631464444,1.6789314346249145
r5_final_inverse_map_complete_2026-08-31,har,svm,0,HuberRidgeAIME,1e-06,0.5,0.1,0.5,90,100,561,661,1.1343150000320747,0.97,0.08393525511090742,X ~= Y A^T,SVD normal-system solve,2.2373128179232684,2.2373127912257407,46.345594630955404,46.34559563095539,103.68959292211234,103.6895939221123,46.34559563095537,1.0368959392211228e-10,44.745720724214706,12,True,0.7534907890313295,0.7111111111111111,rms,12.854960132182441,0.45601955428582047,0.6752921991892255,0.4891730612166959,0.7009588639105084,0.9960331679587602,0.9879819685068809,0.42857142857142855,0.147578504729755,0.0,0.0009733316746779457,0.0,1.0,0.09454728355599504,0.8190401429791377,0.9950278471608154,0.9917979840453801,0.43809523809523804,0.3497267056017576,1.6507515077027723
r5_final_inverse_map_complete_2026-08-31,har,svm,0,HuberRidgeAIME,1e-06,1.0,0.1,0.5,90,100,561,661,1.1343150000320747,0.97,0.08393525511090742,X ~= Y A^T,SVD normal-system solve,1.53656732680082,1.5365673192798561,71.34289800913407,71.34289900913407,109.62316608011868,109.62316708011865,71.34289900913407,1.0962316708011859e-10,45.62757844969326,8,True,0.9112355172938329,0.16507936507936508,rms,25.709920264364882,0.45671846804390337,0.6758094909394979,0.48839014747503817,0.7010648831761079,0.9981145955189881,0.9949440942023822,0.3333333333333333,0.1486106310065846,0.0,0.0010817953312366841,0.0,1.0,0.18924303796763228,0.9830567586927744,0.9943529773083517,0.989625458251773,0.36203404438698555,0.18655159209081104,1.6592274204745583
r5_final_inverse_map_complete_2026-08-31,har,svm,0,HuberRidgeAIME,1e-06,2.0,0.1,0.5,90,100,561,661,1.1343150000320747,0.97,0.08393525511090742,X ~= Y A^T,SVD normal-system solve,1.4723920414830876,1.4723920352337727,75.59101599690736,75.59101699690737,111.29961036146716,111.29961136146716,75.59101699690731,1.1129961136146717e-10,46.57775630310942,5,True,0.943302465295058,0.09365079365079365,rms,51.419840528729765,0.462322672681133,0.6799431392999954,0.482112393215937,0.6978663367315634,0.9958510816191611,0.9901600959621358,0.17647058823529413,0.1491273555287433,0.0,0.001115000533758156,0.0,1.0000000000000002,0.37918401970888743,0.9994189598821641,0.9908892550328764,0.980983819759912,0.37815126050420167,0.16802345950583128,1.6681785643049782
r5_final_inverse_map_complete_2026-08-31,har,svm,0,RidgeAIME,1e-05,1.0,0.1,0.5,90,100,561,661,1.1343150000320747,0.97,0.08393525511090742,X ~= Y A^T,SVD normal-system solve,1.456404620293562,1.4564045631522466,79.8729531959354,79.87296319593536,116.32733807105174,116.3273480710517,79.87296319593537,1.1632734807105173e-10,47.74538436234781,1,True,1.0,0.0,rms,25.709920264364882,0.48387390303664146,0.6956104535130575,0.4579709963700068,0.6841087553898164,0.9762566427575173,0.9540286964688115,0.17647058823529413,0.1494230084581212,0.0,0.0010470135610825123,0.0,0.09047619047619047,1.0,1.0,0.9684268965488647,0.9336662427114961,0.17647058823529413,0.1632820309792477,1.6789313938705226
r5_final_inverse_map_complete_2026-08-31,har,svm,0,HuberRidgeAIME,1e-05,0.5,0.1,0.5,90,100,561,661,1.1343150000320747,0.97,0.08393525511090742,X ~= Y A^T,SVD normal-system solve,2.237312753408241,2.237312486433038,46.34559604378183,46.34560604378187,103.68959309305961,103.68960309305965,46.345606043781885,1.0368960309305964e-10,44.74571398124907,12,True,0.7534907944171054,0.7111111111111111,rms,12.854960132182441,0.4560195471474429,0.6752921939038263,0.48917306921300996,0.700958864736551,0.9960331655948818,0.9879819685068809,0.42857142857142855,0.1475785041698698,0.0,0.0009733316934899859,0.0,1.0,0.09454728352665913,0.8190401489035896,0.9950278472833824,0.9917979840453801,0.43809523809523804,0.3497266464371212,1.6507514422566705
r5_final_inverse_map_complete_2026-08-31,har,svm,0,HuberRidgeAIME,1e-05,1.0,0.1,0.5,90,100,561,661,1.1343150000320747,0.97,0.08393525511090742,X ~= Y A^T,SVD normal-system solve,1.5365673368712742,1.5365672616616488,71.34289755162696,71.34290755162696,109.62316609558358,109.62317609558362,71.34290755162696,1.0962317609558362e-10,45.627573666343515,8,True,0.9112355160719441,0.16507936507936508,rms,25.709920264364882,0.4567184612828287,0.6758094859372934,0.48839015504870265,0.701064883699054,0.9981145953966152,0.9949440942023822,0.3333333333333333,0.14861063081166087,0.0,0.0010817953321003726,0.0,1.0,0.18924303791339744,0.9830567573547315,0.9943529773598845,0.989625458251773,0.36203404438698555,0.18655157580563456,1.6592273749454598
r5_final_inverse_map_complete_2026-08-31,har,svm,0,HuberRidgeAIME,1e-05,2.0,0.1,0.5,90,100,561,661,1.1343150000320747,0.97,0.08393525511090742,X ~= Y A^T,SVD normal-system solve,1.472392041521846,1.4723919790287072,75.59101599423397,75.591025994234,111.29961036046068,111.29962036046065,75.59102599423399,1.1129962036046064e-10,46.57775166967559,5,True,0.9433024652140238,0.09365079365079365,rms,51.419840528729765,0.4623226637642326,0.6799431327429027,0.4821124032045283,0.6978663373071605,0.9958510816546385,0.9901600959621358,0.17647058823529413,0.14912735537712613,0.0,0.0011150005314752736,0.0,1.0000000000000002,0.379184019543206,0.99941895980955,0.9908892551641799,0.980983819759912,0.37815126050420167,0.1680234429276716,1.6681785211024929
r5_final_inverse_map_complete_2026-08-31,har,svm,0,RidgeAIME,0.0001,1.0,0.1,0.5,90,100,561,661,1.1343150000320747,0.97,0.08393525511090742,X ~= Y A^T,SVD normal-system solve,1.456404620293562,1.4564040488810492,79.8729531959354,79.87305319593536,116.32733807105174,116.32743807105169,79.87305319593537,1.163274380710517e-10,47.7453395579074,1,True,1.0,0.0,rms,25.709920264364882,0.4838737741543877,0.6956103608733755,0.45797114074216483,0.6841087612660884,0.9762566437492035,0.9540286964688115,0.17647058823529413,0.14942300684608387,0.0,0.0010470135399422563,0.0,0.09047619047619047,1.0,1.0,0.96842689872278,0.9336662427114961,0.17647058823529413,0.16328187762544183,1.6789309863268274
r5_final_inverse_map_complete_2026-08-31,har,svm,0,HuberRidgeAIME,0.0001,0.5,0.1,0.5,90,100,561,661,1.1343150000320747,0.97,0.08393525511090742,X ~= Y A^T,SVD normal-system solve,2.2373121082661025,2.2373094385214736,46.345610171876146,46.34571017187609,103.68959480251914,103.68969480251904,46.34571017187616,1.036896948025191e-10,44.74564655174395,12,True,0.7534908482742648,0.7111111111111111,rms,12.854960132182441,0.4560194757651054,0.6752921410508976,0.48917314917453925,0.7009588729968275,0.9960331419560629,0.9879819685068809,0.42857142857142855,0.1475784985710398,0.0,0.0009733318816094749,0.0,1.0,0.09454728323329879,0.8190402081474498,0.9950278485090435,0.9917979840453801,0.43809523809523804,0.34972605479331487,1.6507507877965792
r5_final_inverse_map_complete_2026-08-31,har,svm,0,HuberRidgeAIME,0.0001,1.0,0.1,0.5,90,100,561,661,1.1343150000320747,0.97,0.08393525511090742,X ~= Y A^T,SVD normal-system solve,1.536567437575791,1.5365666854802944,71.34289297655754,71.34299297655758,109.62316625023291,109.623266250233,71.34299297655757,1.0962326625023294e-10,45.627525832902315,8,True,0.9112355038530604,0.16507936507936508,rms,25.709920264364882,0.4567183936727609,0.6758094359157476,0.4883902307845863,0.7010648889284967,0.9981145941728828,0.9949440942023822,0.3333333333333333,0.148610628862426,0.0,0.0010817953407372262,0.0,1.0,0.18924303737104756,0.9830567439743078,0.9943529778752083,0.9896256826253034,0.36203404438698555,0.18655141295403935,1.6592269196547489
r5_final_inverse_map_complete_2026-08-31,har,svm,0,HuberRidgeAIME,0.0001,2.0,0.1,0.5,90,100,561,661,1.1343150000320747,0.97,0.08393525511090742,X ~= Y A^T,SVD normal-system solve,1.4723920419094252,1.4723914169787888,75.59101596750041,75.5911159675004,111.2996103503959,111.29971035039587,75.59111596750043,1.1129971035039592e-10,46.57770533538987,5,True,0.9433024644036803,0.09365079365079365,rms,51.419840528729765,0.4623225745958911,0.679943067172459,0.4821125030896988,0.6978663430631152,0.9958510820094111,0.9901600959621358,0.17647058823529413,0.14912735386095627,0.0,0.0011150005086464747,0.0,1.0000000000000002,0.37918401788638983,0.9994189590834107,0.9908892564772103,0.9809844430197188,0.37815126050420167,0.1680232771462573,1.668178089077891
r5_final_inverse_map_complete_2026-08-31,har,svm,0,RidgeAIME,0.001,1.0,0.1,0.5,90,100,561,661,1.1343150000320747,0.97,0.08393525511090742,X ~= Y A^T,SVD normal-system solve,1.456404620293562,1.4563989062328195,79.8729531959354,79.87395319593539,116.32733807105174,116.32833807105172,79.87395319593539,1.1632833807105174e-10,47.744891518281996,1,True,1.0,0.0,rms,25.709920264364882,0.483872485397957,0.6956094345233947,0.457972584389693,0.6841088200274688,0.9762566536659717,0.9540286964688115,0.17647058823529413,0.14942299072589998,0.0,0.0010470133285419665,0.0,0.09047619047619047,1.0,1.0,0.9684269204613589,0.9336662427114961,0.17647058823529413,0.16328034410341308,1.6789269109123104
r5_final_inverse_map_complete_2026-08-31,har,svm,0,HuberRidgeAIME,0.001,0.5,0.1,0.5,90,100,561,661,1.1343150000320747,0.97,0.08393525511090742,X ~= Y A^T,SVD normal-system solve,2.2373056576565533,2.2372789609492476,46.34575143582125,46.346751435821254,103.6896118957072,103.69061189570722,46.34675143582128,1.0369061189570718e-10,44.74497227180243,12,True,0.7534913867858873,0.7111111111111111,rms,12.854960132182441,0.45601876208551323,0.6752916126278433,0.4891739486287686,0.7009589555845742,0.9960329055642807,0.9879819685068809,0.42857142857142855,0.1475784425849169,0.0,0.000973333762713139,0.0,1.0,0.09454728029955904,0.8190408005201294,0.9950278607645344,0.9917982832100873,0.43809523809523804,0.34972013861052526,1.6507442432880775
r5_final_inverse_map_complete_2026-08-31,har,svm,0,HuberRidgeAIME,0.001,1.0,0.1,0.5,90,100,561,661,1.1343150000320747,0.97,0.08393525511090742,X ~= Y A^T,SVD normal-system solve,1.5365684446172077,1.536560923738176,71.34284722605538,71.34384722605537,109.62316779670299,109.62416779670296,71.34384722605537,1.0962416779670299e-10,45.627047504067754,8,True,0.9112353816647277,0.16507936507936508,rms,25.709920264364882,0.45671771763987645,0.6758089357502433,0.4883909880674828,0.701064941221141,0.998114581935471,0.9949440942023822,0.3333333333333333,0.14861060937029832,0.0,0.0010817954271027214,0.0,1.0,0.18924303194741401,0.9830566101706385,0.994352983028015,0.9896256826253034,0.36203404438698555,0.1865497844549164,1.6592223667744759
r5_final_inverse_map_complete_2026-08-31,har,svm,0,HuberRidgeAIME,0.001,2.0,0.1,0.5,90,100,561,661,1.1343150000320747,0.97,0.08393525511090742,X ~= Y A^T,SVD normal-system solve,1.472392045785215,1.4723857965531844,75.59101570016438,75.5920157001644,111.29961024974735,111.30061024974736,75.59201570016432,1.1130061024974732e-10,46.577241997767096,5,True,0.9433024563003148,0.09365079365079365,rms,51.419840528729765,0.4623216829786285,0.67994241151632,0.4821135018673006,0.6978664006211821,0.995851085557091,0.9901600959621358,0.17647058823529413,0.149127338699446,0.0,0.001115000280361058,0.0,1.0000000000000002,0.3791840013180454,0.9994189518221114,0.9908892696070197,0.9809844430197188,0.37815126050420167,0.1680216193503366,1.668173768857042
r5_final_inverse_map_complete_2026-08-31,har,svm,0,RidgeAIME,0.01,1.0,0.1,0.5,90,100,561,661,1.1343150000320747,0.97,0.08393525511090742,X ~= Y A^T,SVD normal-system solve,1.456404620293562,1.4563474861238763,79.8729531959354,79.88295319593534,116.32733807105174,116.3373380710517,79.88295319593539,1.1633733807105175e-10,47.74041159983898,1,True,1.0,0.0,rms,25.709920264364882,0.4838596044431685,0.6956001757066832,0.45798701346108117,0.6841094075073755,0.9762567528242536,0.9540280316581576,0.17647058823529413,0.14942282954306343,0.0,0.0010470112147661019,0.0,0.09047619047619047,1.0,1.0,0.9684271377897413,0.9336668493510413,0.17647058823529413,0.16326501048588027,1.6788861590102464
r5_final_inverse_map_complete_2026-08-31,har,svm,0,HuberRidgeAIME,0.01,0.5,0.1,0.5,90,100,561,661,1.1343150000320747,0.97,0.08393525511090742,X ~= Y A^T,SVD normal-system solve,2.2372412327044637,2.236974339484673,46.347162376197694,46.357162376197685,103.68978268687847,103.69978268687854,46.357162376197685,1.0369978268687852e-10,44.73823098283661,12,True,0.7534967659070788,0.7111111111111111,rms,12.854960132182441,0.45601163966140523,0.675286339015832,0.48918192707195074,0.7009597799613011,0.9960305412875783,0.9879787275549434,0.42857142857142855,0.14757788294133892,0.0,0.0009733525646300527,0.0,1.0,0.09454725094853055,0.8190467176568821,0.9950279832077429,0.9917977929123728,0.43809523809523804,0.34966100229773506,1.6506788074409502
r5_final_inverse_map_complete_2026-08-31,har,svm,0,HuberRidgeAIME,0.01,1.0,0.1,0.5,90,100,561,661,1.1343150000320747,0.97,0.08393525511090742,X ~= Y A^T,SVD normal-system solve,1.5365785146565691,1.5365033134591577,71.34238974021012,71.35238974021016,109.62318325906213,109.63318325906212,71.3523897402101,1.096331832590621e-10,45.62226477340629,8,True,0.9112341598320456,0.16507936507936508,rms,25.709920264364882,0.45671096408889034,0.6758039390895042,0.4883985533039814,0.7010654639692173,0.9981144595525449,0.9949428476824064,0.3333333333333333,0.14861041447111079,0.0,0.0010817962904531794,0.0,1.0,0.18924297769768314,0.9830552721909612,0.9943530345128926,0.989625699245565,0.36203404438698555,0.18653350114656334,1.659176840655215
r5_final_inverse_map_complete_2026-08-31,har,svm,0,HuberRidgeAIME,0.01,2.0,0.1,0.5,90,100,561,661,1.1343150000320747,0.97,0.08393525511090742,X ~= Y A^T,SVD normal-system solve,1.4723920845420668,1.4723295996538839,75.59101302682517,75.6010130268252,111.29960924321364,111.3096092432136,75.60101302682513,1.1130960924321354e-10,46.57260914488692,5,True,0.9433023752736236,0.09365079365079365,rms,51.419840528729765,0.4623127734199023,0.6799358597837757,0.48212348223451784,0.6978669760538513,0.9958511210293836,0.9901592649488185,0.17647058823529413,0.14912718710316666,0.0,0.001114997997764296,0.0,1.0000000000000002,0.37918383561631486,0.9994188792185914,0.9908894008557072,0.980982224214807,0.37815126050420167,0.16800504321309723,1.668130569164969
r5_final_inverse_map_complete_2026-08-31,har,svm,0,RidgeAIME,0.1,1.0,0.1,0.5,90,100,561,661,1.1343150000320747,0.97,0.08393525511090742,X ~= Y A^T,SVD normal-system solve,1.456404620293562,1.4558339215734897,79.8729531959354,79.97295319593535,116.32733807105174,116.42733807105171,79.97295319593537,1.1642733807105175e-10,47.69566014354481,1,True,1.0,0.0,rms,25.709920264364882,0.4837314545775478,0.6955080550055102,0.4581305652078107,0.6841152689389257,0.9762577434678846,0.9540246868295555,0.17647058823529413,0.14942121961264646,0.0,0.0010469900996855571,0.0,0.09047619047619047,1.0,1.0,0.9684293053435684,0.9336901260272882,0.17647058823529413,0.16311183441514743,1.6784788641248818
r5_final_inverse_map_complete_2026-08-31,har,svm,0,HuberRidgeAIME,0.1,0.5,0.1,0.5,90,100,561,661,1.1343150000320747,0.97,0.08393525511090742,X ~= Y A^T,SVD normal-system solve,2.236605058501922,2.2339434663532627,46.361102581950476,46.46110258195048,103.69147655251695,103.79147655251697,46.461102581950534,1.0379147655251698e-10,44.67096860356119,12,True,0.7535499596076747,0.7111111111111111,rms,12.854960132182441,0.45594184606502747,0.6752346599997866,0.48926010891492056,0.7009678744540447,0.9960068630130607,0.9879198918120802,0.42857142857142855,0.14757230817303565,0.0,0.0009735396749801992,0.0,1.0,0.09454695608203792,0.8191052322097012,0.9950291965336309,0.9918230806402624,0.43809523809523804,0.3490721783760607,1.6500253694098541
r5_final_inverse_map_complete_2026-08-31,har,svm,0,HuberRidgeAIME,0.1,1.0,0.1,0.5,90,100,561,661,1.1343150000320747,0.97,0.08393525511090742,X ~= Y A^T,SVD normal-system solve,1.5366791773616117,1.535927923752062,71.337816808989,71.43781680898891,109.62333764881058,109.7233376488105,71.43781680898901,1.0972333764881056e-10,45.5744931695835,8,True,0.9112219465901428,0.16507936507936508,rms,25.709920264364882,0.45664410487769197,0.6757544708529067,0.4884734480883496,0.7010706736418688,0.9981132348452347,0.9949447797883689,0.3333333333333333,0.14860846768600883,0.0,0.0010818048935070622,0.0,1.0,0.18924243386462275,0.9830418981178122,0.9943535450537272,0.9896311257609482,0.3210084033613445,0.18637083610486577,1.6587218475984988
r5_final_inverse_map_complete_2026-08-31,har,svm,0,HuberRidgeAIME,0.1,2.0,0.1,0.5,90,100,561,661,1.1343150000320747,0.97,0.08393525511090742,X ~= Y A^T,SVD normal-system solve,1.472392472005327,1.4717683653644633,75.59098629557192,75.69098629557196,111.29959917305794,111.39959917305794,75.69098629557196,1.1139959917305799e-10,46.52633288954796,5,True,0.9433015657023022,0.09365079365079365,rms,51.419840528729765,0.46222433783709765,0.6798708243755557,0.4822225465786212,0.6978727156066193,0.9958514753021876,0.9901633576894062,0.17647058823529413,0.14912567302043153,0.0,0.0011149751975060335,0.0,1.0000000000000002,0.3791821767765372,0.9994181541294723,0.9908907084124412,0.9809886063952273,0.37815126050420167,0.16783946383306375,1.6676988236788688
r5_final_inverse_map_complete_2026-08-31,har,svm,0,RidgeAIME,1.0,1.0,0.1,0.5,90,100,561,661,1.1343150000320747,0.97,0.08393525511090742,X ~= Y A^T,SVD normal-system solve,1.456404620293562,1.4507611436767536,79.8729531959354,80.87295319593534,116.32733807105174,117.32733807105171,80.87295319593535,1.1732733807105174e-10,47.252866017190094,1,True,1.0,0.0,rms,25.709920264364882,0.4825146743232432,0.6946327622011815,0.4594935859963639,0.6841725683074514,0.9762675568599151,0.9540454413871545,0.17647058823529413,0.14940530789276488,0.0,0.0010467811918019089,0.0,0.09047619047619047,1.0,1.0,0.9684504182377267,0.9337634213805538,0.17647058823529413,0.16159591517917346,1.6744281548072462
r5_final_inverse_map_complete_2026-08-31,har,svm,0,HuberRidgeAIME,1.0,0.5,0.1,0.5,90,100,561,661,1.1343150000320747,0.97,0.08393525511090742,X ~= Y A^T,SVD normal-system solve,2.2310139031419145,2.205089231529678,46.484262155934715,47.48426215593474,103.70703514718389,104.70703514718393,47.48426215593473,1.0470703514718389e-10,44.01289048766958,12,True,0.7540232212559761,0.7095238095238096,rms,12.854960132182441,0.4553806885276335,0.6748190042727261,0.4898887100007907,0.7010346896631457,0.9957669146361002,0.9873771985652311,0.3333333333333333,0.14751864815082186,0.0,0.0009753148788819493,0.0,1.0,0.09454387890775538,0.8196258783482075,0.9950402783685662,0.9919576632078518,0.41245421245421243,0.34342616839653417,1.6435798912083253
r5_final_inverse_map_complete_2026-08-31,har,svm,0,HuberRidgeAIME,1.0,1.0,0.1,0.5,90,100,561,661,1.1343150000320747,0.97,0.08393525511090742,X ~= Y A^T,SVD normal-system solve,1.5376818343660286,1.5302442246522485,71.29228946630778,72.29228946630776,109.62485844270604,110.62485844270604,72.29228946630775,1.10624858442706e-10,45.10228255079522,8,True,0.9111003424051433,0.16507936507936508,rms,25.709920264364882,0.45604168053232413,0.6753085817108533,0.4891482756945358,0.7011210177561544,0.9981009025384923,0.9949156527715984,0.3333333333333333,0.14858921836677835,0.0,0.0010819094149903848,0.0,1.0,0.18923686571480874,0.9829087510811451,0.9943582102113563,0.9896753439666999,0.3210084033613445,0.18476074908846557,1.6541985213487058
r5_final_inverse_map_complete_2026-08-31,har,svm,0,HuberRidgeAIME,1.0,2.0,0.1,0.5,90,100,561,661,1.1343150000320747,0.97,0.08393525511090742,X ~= Y A^T,SVD normal-system solve,1.4723963357561325,1.4662285344803805,75.59071922652346,76.59071922652345,111.29949800630378,112.29949800630378,76.59071922652346,1.122994980063038e-10,46.06873707606566,5,True,0.9432935390702816,0.09365079365079365,rms,51.419840528729765,0.4614046200557975,0.6792677086803093,0.4831407833536726,0.6979286593278182,0.9958549736195995,0.990197346134083,0.17647058823529413,0.14911071790423386,0.0,0.0011147497350893166,0.0,1.0000000000000002,0.3791654122260752,0.9994109967144696,0.9909032258064057,0.9810129135276882,0.37815126050420167,0.16620166711849713,1.6634063067086449
r5_final_inverse_map_complete_2026-08-31,har,mlp,0,RidgeAIME,0.0,1.0,0.1,0.5,90,100,561,661,0.20911008294206113,0.9566666666666667,0.12493264191548682,X ~= Y A^T,SVD normal-system solve,1.4356671475452565,1.4356671475452565,80.77800233633401,80.77800233633401,115.97032419860871,115.97032419860871,80.77800233633408,1.159703241986087e-10,45.7133848231202,1,True,1.0,0.0,rms,25.709920264364882,0.47836131374073715,0.6916366920144832,0.4963803569890093,0.7055122539378142,0.9756395149509554,0.9584042308882821,0.0,0.13820279625028234,0.02,0.0012346682524437423,0.0,0.0873015873015873,1.0,1.0,0.9716760791030152,0.9553944507439853,0.19778121775025798,0.15705376251046707,1.6600433795824598
r5_final_inverse_map_complete_2026-08-31,har,mlp,0,HuberRidgeAIME,0.0,0.5,0.1,0.5,90,100,561,661,0.20911008294206113,0.9566666666666667,0.12493264191548682,X ~= Y A^T,SVD normal-system solve,1.9930581255774336,1.9930581255774336,47.59474563212352,47.59474563212352,94.85909451689484,94.85909451689484,47.59474563212344,9.485909451689474e-11,43.203715596298444,11,True,0.7568406745631922,0.7523809523809524,rms,12.854960132182441,0.4588705965602779,0.6773998793624618,0.5169002187472514,0.7200965072711374,0.9964966702979654,0.9896964944077585,0.3333333333333333,0.13827236556812325,0.0,0.0009991103688866284,0.0,1.0,0.09557644842396963,0.8200920353243352,0.9943526479630403,0.9918694761002718,0.47252747252747246,0.29951996465604735,1.6355210985181172
r5_final_inverse_map_complete_2026-08-31,har,mlp,0,HuberRidgeAIME,0.0,1.0,0.1,0.5,90,100,561,661,0.20911008294206113,0.9566666666666667,0.12493264191548682,X ~= Y A^T,SVD normal-system solve,1.4908172535597874,1.4908172535597874,72.60397627011056,72.60397627011056,108.23926050052621,108.23926050052621,72.60397627011056,1.0823926050052631e-10,43.77666029308101,8,True,0.9181162434529391,0.14603174603174604,rms,25.709920264364882,0.45762540120149914,0.676480155807618,0.5182111626385189,0.7207738570189304,0.9980560271531312,0.9949724109811686,0.3333333333333333,0.13767866777476265,0.02,0.0011487442779130961,0.0,1.0,0.19129638482974518,0.9876381429734188,0.9938065951005634,0.9899911538658104,0.3957875457875458,0.17342441029755795,1.6412426263134439
r5_final_inverse_map_complete_2026-08-31,har,mlp,0,HuberRidgeAIME,0.0,2.0,0.1,0.5,90,100,561,661,0.20911008294206113,0.9566666666666667,0.12493264191548682,X ~= Y A^T,SVD normal-system solve,1.4482046719713317,1.4482046719713317,76.27771922388145,76.27771922388145,110.46574934734258,110.46574934734258,76.27771922388146,1.1046574934734255e-10,44.56714870886701,6,True,0.9452572242570834,0.09047619047619047,rms,51.419840528729765,0.4595926462250299,0.6779326266119885,0.5161400435743158,0.719074810769195,0.9957561914865299,0.989531434387614,0.3333333333333333,0.13738810606719945,0.01,0.0012883790977007553,0.0,1.0,0.3833139767136498,0.9990083175003683,0.9906528295440079,0.983851446440584,0.23211951447245563,0.16082994419971613,1.6490148499350403
r5_final_inverse_map_complete_2026-08-31,har,mlp,0,RidgeAIME,1e-06,1.0,0.1,0.5,90,100,561,661,0.20911008294206113,0.9566666666666667,0.12493264191548682,X ~= Y A^T,SVD normal-system solve,1.4356671475452565,1.4356671421518676,80.77800233633401,80.77800333633404,115.97032419860871,115.97032519860872,80.77800333633407,1.1597032519860869e-10,45.713384355957956,1,True,1.0,0.0,rms,25.709920264364882,0.47836131340067967,0.691636691768648,0.49638035734702235,0.7055122539644272,0.9756395149734477,0.9584042308882821,0.0,0.1382027962486198,0.02,0.0012346682521073933,0.0,0.0873015873015873,1.0,1.0,0.9716760791406003,0.9553944507439853,0.19778121775025798,0.1570537608789475,1.6600433751442414
r5_final_inverse_map_complete_2026-08-31,har,mlp,0,HuberRidgeAIME,1e-06,0.5,0.1,0.5,90,100,561,661,0.20911008294206113,0.9566666666666667,0.12493264191548682,X ~= Y A^T,SVD normal-system solve,1.993058121403229,1.9930581005383616,47.59474573790559,47.59474673790556,94.85909452905446,94.85909552905444,47.59474673790558,9.485909552905447e-11,43.20371491383472,11,True,0.756840675001681,0.7523809523809524,rms,12.854960132182441,0.4588705973368832,0.6773998799356871,0.51690021792964,0.7200965071058066,0.9964966700855319,0.9896964944077585,0.3333333333333333,0.13827236558788317,0.0,0.000999110370387825,0.0,1.0,0.09557644842085578,0.8200920358050642,0.9943526479931062,0.9918694761002718,0.47252747252747246,0.2995199591999442,1.6355210916578224
r5_final_inverse_map_complete_2026-08-31,har,mlp,0,HuberRidgeAIME,1e-06,1.0,0.1,0.5,90,100,561,661,0.20911008294206113,0.9566666666666667,0.12493264191548682,X ~= Y A^T,SVD normal-system solve,1.4908172542536882,1.4908172474934893,72.60397623795538,72.60397723795543,108.23926050296866,108.23926150296867,72.60397723795538,1.0823926150296868e-10,43.77665979623433,8,True,0.9181162433485558,0.14603174603174604,rms,25.709920264364882,0.4576254015435409,0.6764801560604279,0.5182111622784167,0.7207738569979993,0.9980560271380414,0.9949724109811686,0.3333333333333333,0.13767866777275042,0.02,0.0011487442778918462,0.0,1.0,0.19129638482443945,0.9876381428595582,0.9938065951213997,0.9899911538658104,0.3957875457875458,0.1734244085303663,1.641242621384384
r5_final_inverse_map_complete_2026-08-31,har,mlp,0,HuberRidgeAIME,1e-06,2.0,0.1,0.5,90,100,561,661,0.20911008294206113,0.9566666666666667,0.12493264191548682,X ~= Y A^T,SVD normal-system solve,1.448204671974448,1.4482046660984909,76.27771922368981,76.27772022368977,110.46574934730275,110.46575034730274,76.27772022368977,1.1046575034730272e-10,44.56714822698386,6,True,0.945257224248823,0.09047619047619047,rms,51.419840528729765,0.4595926463370202,0.6779326266945854,0.5161400434564123,0.7190748107767829,0.9957561914909144,0.989531434387614,0.3333333333333333,0.13738810606351223,0.01,0.0012883790971716022,0.0,1.0,0.38331397669660033,0.9990083174929487,0.9906528295691517,0.983851446440584,0.23211951447245563,0.16082994243854076,1.649014845239223
r5_final_inverse_map_complete_2026-08-31,har,mlp,0,RidgeAIME,1e-05,1.0,0.1,0.5,90,100,561,661,0.20911008294206113,0.9566666666666667,0.12493264191548682,X ~= Y A^T,SVD normal-system solve,1.4356671475452565,1.4356670936113778,80.77800233633401,80.77801233633406,115.97032419860871,115.97033419860874,80.77801233633407,1.1597033419860875e-10,45.713380151498384,1,True,1.0,0.0,rms,25.709920264364882,0.4783613103401675,0.6916366895561336,0.49638036056913504,0.7055122542039429,0.9756395151758789,0.9584042308882821,0.0,0.13820279623365717,0.02,0.001234668249080251,0.0,0.0873015873015873,1.0,1.0,0.9716760794788654,0.9553944507439853,0.19778121775025798,0.15705374619527424,1.6600433352002797
r5_final_inverse_map_complete_2026-08-31,har,mlp,0,HuberRidgeAIME,1e-05,0.5,0.1,0.5,90,100,561,661,0.20911008294206113,0.9566666666666667,0.12493264191548682,X ~= Y A^T,SVD normal-system solve,1.9930580838354597,1.9930578751868295,47.59474668994271,47.594756689942656,94.8590946384913,94.85910463849125,47.59475668994263,9.485910463849125e-11,43.20370877166257,11,True,0.7568406789480749,0.7523809523809524,rms,12.854960132182441,0.45887060432633964,0.6773998850947198,0.5169002105711278,0.720096505617829,0.9964966681736293,0.9896964944077585,0.3333333333333333,0.13827236576572255,0.0,0.0009991103838985903,0.0,1.0,0.09557644839283064,0.8200920401316201,0.9943526482637006,0.9918694761002718,0.47252747252747246,0.2995199100950373,1.6355210299151766
r5_final_inverse_map_complete_2026-08-31,har,mlp,0,HuberRidgeAIME,1e-05,1.0,0.1,0.5,90,100,561,661,0.20911008294206113,0.9566666666666667,0.12493264191548682,X ~= Y A^T,SVD normal-system solve,1.4908172604987802,1.4908171928968093,72.60397594855911,72.60398594855907,108.23926052495021,108.23927052495021,72.60398594855907,1.0823927052495023e-10,43.776655324614865,8,True,0.9181162424091037,0.14603174603174604,rms,25.709920264364882,0.45762540462192197,0.6764801583357208,0.5182111590374917,0.7207738568096191,0.998056027002232,0.9949724109811686,0.3333333333333333,0.1376786677546409,0.02,0.0011487442777005949,0.0,1.0,0.19129638477668737,0.9876381418348129,0.9938065953089286,0.9899911538658104,0.3957875457875458,0.173424392625642,1.6412425770228507
r5_final_inverse_map_complete_2026-08-31,har,mlp,0,HuberRidgeAIME,1e-05,2.0,0.1,0.5,90,100,561,661,0.20911008294206113,0.9566666666666667,0.12493264191548682,X ~= Y A^T,SVD normal-system solve,1.4482046720024992,1.448204613242928,76.27771922196463,76.27772922196458,110.46574934694402,110.465759346944,76.27772922196459,1.1046575934694402e-10,44.567143890035865,6,True,0.9452572241744804,0.09047619047619047,rms,51.419840528729765,0.45959264734493793,0.6779326274379616,0.5161400423952747,0.7190748108450751,0.9957561915303743,0.989531434387614,0.3333333333333333,0.13738810603032786,0.01,0.001288379092409224,0.0,1.0,0.38331397654315563,0.9990083174261721,0.9906528297954453,0.983851446440584,0.23211951447245563,0.1608299265879637,1.6490148029768672
r5_final_inverse_map_complete_2026-08-31,har,mlp,0,RidgeAIME,0.0001,1.0,0.1,0.5,90,100,561,661,0.20911008294206113,0.9566666666666667,0.12493264191548682,X ~= Y A^T,SVD normal-system solve,1.4356671475452565,1.435666608207075,80.77800233633401,80.77810233633404,115.97032419860871,115.9704241986087,80.77810233633409,1.1597042419860882e-10,45.71333810694636,1,True,1.0,0.0,rms,25.709920264364882,0.4783612797355407,0.6916366674313478,0.49638039278974055,0.7055122565990932,0.9756395172001878,0.9584042308882821,0.0,0.13820279608403088,0.02,0.0012346682188088616,0.0,0.0873015873015873,1.0,1.0,0.971676082861509,0.9553944507439853,0.19778121775025798,0.1570535993586944,1.6600429357608752
r5_final_inverse_map_complete_2026-08-31,har,mlp,0,HuberRidgeAIME,0.0001,0.5,0.1,0.5,90,100,561,661,0.20911008294206113,0.9566666666666667,0.12493264191548682,X ~= Y A^T,SVD normal-system solve,1.993057708163541,1.9930556216823794,47.594756210163396,47.5948562101634,94.85909573283072,94.85919573283067,47.594856210163385,9.485919573283065e-11,43.203647350063136,11,True,0.7568407184114515,0.7523809523809524,rms,12.854960132182441,0.45887067422177974,0.6773999366856922,0.5169001369850841,0.7200964907380006,0.9964966490545802,0.9896964944077585,0.3333333333333333,0.1382723675441078,0.0,0.0009991105190059074,0.0,1.0,0.09557644811257822,0.820092083396561,0.9943526509696309,0.9918694761002718,0.47252747252747246,0.29951941904803203,1.6355204124894642
r5_final_inverse_map_complete_2026-08-31,har,mlp,0,HuberRidgeAIME,0.0001,1.0,0.1,0.5,90,100,561,661,0.20911008294206113,0.9566666666666667,0.12493264191548682,X ~= Y A^T,SVD normal-system solve,1.490817322949658,1.4908166469306667,72.60397305459824,72.6040730545982,108.23926074476525,108.23936074476526,72.6040730545983,1.0823936074476532e-10,43.77661060847117,8,True,0.918116233014589,0.14603174603174604,rms,25.709920264364882,0.45762543540622264,0.6764801810890121,0.5182111266277252,0.7207738549258083,0.998056025644135,0.9949724109811686,0.3333333333333333,0.13767866757354588,0.02,0.0011487442757880007,0.0,1.0,0.19129638429916504,0.9876381315873689,0.9938065971842104,0.9899910873847645,0.3957875457875458,0.17342423357855857,1.6412421334077725
r5_final_inverse_map_complete_2026-08-31,har,mlp,0,HuberRidgeAIME,0.0001,2.0,0.1,0.5,90,100,561,661,0.20911008294206113,0.9566666666666667,0.12493264191548682,X ~= Y A^T,SVD normal-system solve,1.4482046722830118,1.4482040846879856,76.2777192047128,76.27781920471276,110.46574934335669,110.46584934335668,76.27781920471277,1.1046584934335668e-10,44.567100520603724,6,True,0.9452572234310544,0.09047619047619047,rms,51.419840528729765,0.4595926574245969,0.677932634872077,0.5161400317833917,0.719074811527987,0.9957561919249711,0.989531434387614,0.3333333333333333,0.13738810569848472,0.01,0.0012883790447854916,0.0,1.0,0.38331397500870645,0.9990083167584095,0.9906528320583762,0.983851446440584,0.23211951447245563,0.1608297680823667,1.649014380353549
r5_final_inverse_map_complete_2026-08-31,har,mlp,0,RidgeAIME,0.001,1.0,0.1,0.5,90,100,561,661,0.20911008294206113,0.9566666666666667,0.12493264191548682,X ~= Y A^T,SVD normal-system solve,1.4356671475452565,1.4356617542235388,80.77800233633401,80.77900233633407,115.97032419860871,115.97132419860871,80.77900233633405,1.159713241986088e-10,45.712917665798486,1,True,1.0,0.0,rms,25.709920264364882,0.4783609737387471,0.6916364462192165,0.49638071494370983,0.7055122805497525,0.9756395374430541,0.9584042308882821,0.0,0.13820279458778176,0.02,0.0012346679160981126,0.0,0.0873015873015873,1.0,1.0,0.9716761166872857,0.9553944507439853,0.19778121775025798,0.15705213100816184,1.660038941388166
r5_final_inverse_map_complete_2026-08-31,har,mlp,0,HuberRidgeAIME,0.001,0.5,0.1,0.5,90,100,561,661,0.20911008294206113,0.9566666666666667,0.12493264191548682,X ~= Y A^T,SVD normal-system solve,1.9930539520224368,1.9930330877260172,47.5948513973661,47.59585139736606,94.8591066734411,94.86010667344115,47.59585139736606,9.486010667344113e-11,43.203033146295,11,True,0.7568411129888605,0.7523809523809524,rms,12.854960132182441,0.45887137326373445,0.677400452659824,0.5168994010324692,0.7200963419345199,0.9964964578617319,0.9896951232357852,0.3333333333333333,0.13827238532709504,0.0,0.0009991118700450681,0.0,1.0,0.09557644530993685,0.8200925159842358,0.9943526780275829,0.9918693846888335,0.47252747252747246,0.29951450878455466,1.635514238306965
r5_final_inverse_map_complete_2026-08-31,har,mlp,0,HuberRidgeAIME,0.001,1.0,0.1,0.5,90,100,561,661,0.20911008294206113,0.9566666666666667,0.12493264191548682,X ~= Y A^T,SVD normal-system solve,1.4908179474532572,1.4908111873358372,72.6039441152257,72.60494411522569,108.23926294287178,108.24026294287172,72.60494411522569,1.0824026294287179e-10,43.77616345214484,8,True,0.9181161390700728,0.14603174603174604,rms,25.709920264364882,0.45762574329821354,0.6764804086580879,0.5182108024784888,0.7207738360867613,0.9980560120631384,0.9949724109811686,0.3333333333333333,0.13767866576262727,0.02,0.0011487442566538817,0.0,1.0,0.1912963795238065,0.9876380291136289,0.9938066159364493,0.9899910873847645,0.3957875457875458,0.17342264312392125,1.641237697282769
r5_final_inverse_map_complete_2026-08-31,har,mlp,0,HuberRidgeAIME,0.001,2.0,0.1,0.5,90,100,561,661,0.20911008294206113,0.9566666666666667,0.12493264191548682,X ~= Y A^T,SVD normal-system solve,1.4482046750881101,1.448198799207121,76.27771903219457,76.27871903219456,110.46574930748149,110.46674930748152,76.27871903219456,1.104667493074815e-10,44.56666683105507,6,True,0.9452572159968597,0.09047619047619047,rms,51.419840528729765,0.4595927582693892,0.6779327092487788,0.5161399256138147,0.7190748183563143,0.9957561958708936,0.989531434387614,0.3333333333333333,0.1373881023800918,0.01,0.0012883785685531926,0.0,1.0,0.38331395966402637,0.99900831008087,0.9906528546871181,0.983851446440584,0.23211951447245563,0.16082818304377525,1.6490101541442586
r5_final_inverse_map_complete_2026-08-31,har,mlp,0,RidgeAIME,0.01,1.0,0.1,0.5,90,100,561,661,0.20911008294206113,0.9566666666666667,0.12493264191548682,X ~= Y A^T,SVD normal-system solve,1.4356671475452565,1.4356132203363945,80.77800233633401,80.78800233633407,115.97032419860871,115.98032419860873,80.78800233633403,1.1598032419860874e-10,45.70871369149408,1,True,1.0,0.0,rms,25.709920264364882,0.4783579187171966,0.6916342376698804,0.4963839312758388,0.705512519972269,0.9756397398495446,0.958411252950813,0.0,0.13820277962663874,0.02,0.0012346648893054534,0.0,0.0873015873015873,1.0,1.0,0.9716764548790217,0.9553969354730814,0.19778121775025798,0.15703744902920766,1.6599989997941111
r5_final_inverse_map_complete_2026-08-31,har,mlp,0,HuberRidgeAIME,0.01,0.5,0.1,0.5,90,100,561,661,0.20911008294206113,0.9566666666666667,0.12493264191548682,X ~= Y A^T,SVD normal-system solve,1.9930164483947,1.9928078569181398,47.59580176955497,47.60580176955494,94.85921580125661,94.86921580125656,47.60580176955497,9.486921580125659e-11,43.19689233080677,11,True,0.7568450531291341,0.7523809523809524,rms,12.854960132182441,0.4588783724349767,0.6774056188392422,0.5168920322925207,0.7200948533803099,0.9964945456976185,0.9896939598171409,0.3333333333333333,0.138272563070475,0.0,0.0009991253770368874,0.0,1.0,0.09557641727180075,0.8200968356894007,0.9943529484719692,0.9918693597584411,0.47252747252747246,0.2994654267973513,1.6354525039415546
r5_final_inverse_map_complete_2026-08-31,har,mlp,0,HuberRidgeAIME,0.01,1.0,0.1,0.5,90,100,561,661,0.20911008294206113,0.9566666666666667,0.12493264191548682,X ~= Y A^T,SVD normal-system solve,1.4908241919707124,1.4907565980458928,72.60365474512054,72.61365474512048,108.2392849195149,108.2492849195148,72.61365474512054,1.0824928491951491e-10,43.77169239986471,8,True,0.9181151996877711,0.14603174603174604,rms,25.709920264364882,0.45762882711552727,0.6764826879643907,0.518207555830129,0.7207736476025575,0.998055876250376,0.9949750702237838,0.3333333333333333,0.13767864765657853,0.02,0.0011487440644951015,0.0,1.0,0.1912963317566286,0.9876370044464021,0.9938068034008776,0.9899917106445711,0.3957875457875458,0.17340674019693583,1.6411933386102153
r5_final_inverse_map_complete_2026-08-31,har,mlp,0,HuberRidgeAIME,0.01,2.0,0.1,0.5,90,100,561,661,0.20911008294206113,0.9566666666666667,0.12493264191548682,X ~= Y A^T,SVD normal-system solve,1.4482047031365277,1.4481459512536603,76.27771730701454,76.28771730701463,110.46574894853697,110.47574894853703,76.2877173070146,1.1047574894853702e-10,44.56233041278885,6,True,0.945257141661325,0.09047619047619047,rms,51.419840528729765,0.45959377153639686,0.6779334565695935,0.5161388588445046,0.7190748865602328,0.9957562353253908,0.9895349246435468,0.3333333333333333,0.13738806920006397,0.01,0.001288373806732554,0.0,1.0,0.3833138061984424,0.9990082433142964,0.9906530809179801,0.983851654193853,0.23211951447245563,0.16081233439553214,1.6489678944401451
r5_final_inverse_map_complete_2026-08-31,har,mlp,0,RidgeAIME,0.1,1.0,0.1,0.5,90,100,561,661,0.20911008294206113,0.9566666666666667,0.12493264191548682,X ~= Y A^T,SVD normal-system solve,1.4356671475452565,1.4351284755516853,80.77800233633401,80.87800233633405,115.97032419860871,116.07032419860873,80.87800233633405,1.1607032419860879e-10,45.66671761881511,1,True,1.0,0.0,rms,25.709920264364882,0.47832786214462647,0.6916125086669749,0.4964155748889678,0.7055149058049911,0.975641761699366,0.9584211627846216,0.0,0.13820263014991194,0.02,0.0012346346528280762,0.0,0.0873015873015873,1.0,1.0,0.9716798302038938,0.9554007082724445,0.19778121775025798,0.15689078171501986,1.6595997969964065
r5_final_inverse_map_complete_2026-08-31,har,mlp,0,HuberRidgeAIME,0.1,0.5,0.1,0.5,90,100,561,661,0.20911008294206113,0.9566666666666667,0.12493264191548682,X ~= Y A^T,SVD normal-system solve,1.9926471623236404,1.9905663659435566,47.605156151934615,47.705156151934574,94.8602793181263,94.96027931812631,47.70515615193456,9.496027931812626e-11,43.135606003709434,11,True,0.7568838929998761,0.7523809523809524,rms,12.854960132182441,0.4589492356154348,0.6774579216567143,0.5168174274099354,0.7200799161874996,0.9964754007065759,0.98964534553808,0.3333333333333333,0.13827433189422872,0.0,0.000999260107697076,0.0,1.0,0.09557613572331763,0.8201394176089383,0.9943556389242273,0.9918765812620679,0.47252747252747246,0.29897666164008435,1.6348359037351674
r5_final_inverse_map_complete_2026-08-31,har,mlp,0,HuberRidgeAIME,0.1,1.0,0.1,0.5,90,100,561,661,0.20911008294206113,0.9566666666666667,0.12493264191548682,X ~= Y A^T,SVD normal-system solve,1.4908865852369482,1.4902113700642068,72.60076340890772,72.70076340890763,108.23950424430201,108.33950424430199,72.70076340890769,1.0833950424430204e-10,43.72703291625503,8,True,0.9181058121582019,0.14603174603174604,rms,25.709920264364882,0.45766015386967085,0.6765058417114156,0.5181745749675774,0.720771753409341,0.9980545178454938,0.9949645163546542,0.3333333333333333,0.13767846690914454,0.02,0.0011487420612714219,0.0,1.0,0.191295852729415,0.9876267647992164,0.9938086722608954,0.9899965139001481,0.3957875457875458,0.17324787266867045,1.6407500094323217
r5_final_inverse_map_complete_2026-08-31,har,mlp,0,HuberRidgeAIME,0.1,2.0,0.1,0.5,90,100,561,661,0.20911008294206113,0.9566666666666667,0.12493264191548682,X ~= Y A^T,SVD normal-system solve,1.448204983364373,1.4476181563415125,76.27770005542236,76.37770005542237,110.46574533983558,110.56574533983556,76.37770005542235,1.1056574533983554e-10,44.51901389779705,6,True,0.9452563989467694,0.09047619047619047,rms,51.419840528729765,0.4596043850435393,0.6779412843628416,0.5161276849252836,0.719075560681093,0.9957566293983547,0.9895288166956646,0.3333333333333333,0.13738773778948987,0.01,0.0012883262387068507,0.0,1.0,0.38331226967034054,0.999007576529732,0.990655337581434,0.983856449139299,0.23211951447245563,0.16065402148609353,1.648545536087462
r5_final_inverse_map_complete_2026-08-31,har,mlp,0,RidgeAIME,1.0,1.0,0.1,0.5,90,100,561,661,0.20911008294206113,0.9566666666666667,0.12493264191548682,X ~= Y A^T,SVD normal-system solve,1.4356671475452565,1.4303397106417057,80.77800233633401,81.77800233633404,115.97032419860871,116.97032419860876,81.77800233633405,1.169703241986087e-10,45.251077365952945,1,True,1.0,0.0,rms,25.709920264364882,0.4780756805457447,0.6914301704046075,0.49668107212537616,0.7055379400258757,0.9756617611295941,0.9584434754921907,0.0,0.13820114872908706,0.02,0.0012343353997505586,0.0,0.0873015873015873,1.0,1.0,0.9717129346161855,0.9555046181474143,0.19778121775025798,0.15543919616140925,1.6556289236189758
r5_final_inverse_map_complete_2026-08-31,har,mlp,0,HuberRidgeAIME,1.0,0.5,0.1,0.5,90,100,561,661,0.20911008294206113,0.9566666666666667,0.12493264191548682,X ~= Y A^T,SVD normal-system solve,1.9894959175465965,1.9691712096047884,47.684385545888716,48.68438554588869,94.86789037426354,95.86789037426351,48.684385545888695,9.586789037426354e-11,42.534544780596896,11,True,0.7572160685710477,0.7555555555555555,rms,12.854960132182441,0.4597414825997793,0.6780423899726177,0.5159833483739196,0.7199256456696642,0.996281830910464,0.9891422085251333,0.25,0.13829117842619762,0.0,0.0010005802778168904,0.0,1.0,0.09557320847920824,0.8205036464928759,0.9943813064281223,0.9919958565688052,0.43150183150183147,0.2942834775165336,1.628741789196105
r5_final_inverse_map_complete_2026-08-31,har,mlp,0,HuberRidgeAIME,1.0,1.0,0.1,0.5,90,100,561,661,0.20911008294206113,0.9566666666666667,0.12493264191548682,X ~= Y A^T,SVD normal-system solve,1.4915052751425344,1.4848246809056354,72.57208920544362,73.5720892054436,108.24165387803373,109.24165387803373,73.57208920544355,1.092416538780338e-10,43.28548354089416,8,True,0.9180125729690392,0.14603174603174604,rms,25.709920264364882,0.45802114008284767,0.6767725911137712,0.5177945280394711,0.7207518983769386,0.998040908612721,0.9949306317866424,0.3333333333333333,0.13767669005985086,0.02,0.0011487139886678772,0.0,1.0,0.19129093061319882,0.9875250778900325,0.9938267870518015,0.9900593301785306,0.38108166343460464,0.17167517782147393,1.6363422733715978
r5_final_inverse_map_complete_2026-08-31,har,mlp,0,HuberRidgeAIME,1.0,2.0,0.1,0.5,90,100,561,661,0.20911008294206113,0.9566666666666667,0.12493264191548682,X ~= Y A^T,SVD normal-system solve,1.4482077602019188,1.4424077847852295,76.27752757574652,77.27752757574648,110.46570736421197,111.46570736421195,77.27752757574646,1.114657073642119e-10,44.09056179816037,6,True,0.9452490354275874,0.09047619047619047,rms,51.419840528729765,0.4597575502746565,0.6780542384460527,0.5159664322971944,0.7190815268161946,0.9957605235749895,0.9895263859817116,0.3333333333333333,0.13738446218894773,0.01,0.0012878555225081835,0.0,1.0,0.3832967231020325,0.9990009957369883,0.9906773499467902,0.9839303926827638,0.23211951447245563,0.1590880576412344,1.6443456326046524
r5_final_inverse_map_complete_2026-08-31,har,lgbm,1,RidgeAIME,0.0,1.0,0.1,0.5,90,100,561,661,11.42845404194668,0.9777777777777777,0.05719186711838712,X ~= Y A^T,SVD normal-system solve,1.39265452040393,1.39265452040393,84.79987137437391,84.79987137437391,118.09692419919365,118.09692419919365,84.79987137437392,1.1809692419919364e-10,45.30081543221934,1,True,1.0,0.0,rms,25.709920264364882,0.538227367725517,0.733639807893163,0.4596578831315751,0.6790149993174771,0.9738577912892823,0.9601320114515706,0.1111111111111111,0.1446973694151226,0.01,0.0011176652588371842,0.0,0.10317460317460317,1.0,1.0,0.9690811866943235,0.9384513738931426,0.30769230769230765,0.14384339317123876,1.656106019552035
r5_final_inverse_map_complete_2026-08-31,har,lgbm,1,HuberRidgeAIME,0.0,0.5,0.1,0.5,90,100,561,661,11.42845404194668,0.9777777777777777,0.05719186711838712,X ~= Y A^T,SVD normal-system solve,1.8744463307873833,1.8744463307873833,51.62097735144722,51.62097735144722,96.76075158807886,96.76075158807886,51.62097735144724,9.676075158807874e-11,42.857615811168294,11,True,0.744353126651639,0.719047619047619,rms,12.854960132182441,0.5186909624118645,0.7202020288862456,0.4792710489350688,0.6929608807676598,0.9955694324463812,0.9894357224287965,0.5384615384615384,0.14749481106691953,0.01,0.0008756534020361855,0.0,1.0,0.09704344178891564,0.8188223824323063,0.9944449936418142,0.9927113006559602,0.5677655677655677,0.27287301020085275,1.6320280073765077
r5_final_inverse_map_complete_2026-08-31,har,lgbm,1,HuberRidgeAIME,0.0,1.0,0.1,0.5,90,100,561,661,11.42845404194668,0.9777777777777777,0.05719186711838712,X ~= Y A^T,SVD normal-system solve,1.3863835525004544,1.3863835525004544,77.86454951934039,77.86454951934039,107.95013077647067,107.95013077647067,77.86454951934049,1.0795013077647069e-10,43.330659507306,7,True,0.9052096252677069,0.16031746031746033,rms,25.709920264364882,0.5149060717831699,0.7175695588465065,0.48307081077747893,0.6956162825497137,0.9974627050933463,0.9940606439447826,0.5384615384615384,0.14707225128297416,0.01,0.0010342778116557317,0.0,0.9999999999999998,0.1942479890403607,0.9870016719133307,0.9935634565949956,0.9901928822899064,0.39578754578754577,0.14188339744052247,1.6367952991937114
r5_final_inverse_map_complete_2026-08-31,har,lgbm,1,HuberRidgeAIME,0.0,2.0,0.1,0.5,90,100,561,661,11.42845404194668,0.9777777777777777,0.05719186711838712,X ~= Y A^T,SVD normal-system solve,1.366514230516757,1.366514230516757,81.52479180987626,81.52479180987626,111.40478814811188,111.40478814811188,81.52479180987626,1.1140478814811193e-10,43.99249616173548,6,True,0.9365947694700881,0.10793650793650794,rms,51.419840528729765,0.5168488959845875,0.718922037487089,0.48112035302551925,0.6940418244388568,0.9949729195418495,0.9900808588423333,0.25,0.14644289272218292,0.01,0.001120867714533556,0.0,0.9999999999999998,0.3892473168726509,0.9995639454326252,0.989740088396027,0.9811891381604945,0.36007326007326,0.1356141586797753,1.6433786048164103
r5_final_inverse_map_complete_2026-08-31,har,lgbm,1,RidgeAIME,1e-06,1.0,0.1,0.5,90,100,561,661,11.42845404194668,0.9777777777777777,0.05719186711838712,X ~= Y A^T,SVD normal-system solve,1.39265452040393,1.3926545157735644,84.79987137437391,84.79987237437383,118.09692419919365,118.09692519919365,84.79987237437385,1.180969251991936e-10,45.30081497718005,1,True,1.0,0.0,rms,25.709920264364882,0.5382273673421731,0.7336398076319013,0.4596578835164252,0.6790149993023127,0.9738577912659719,0.9601320114515706,0.1111111111111111,0.14469736941427233,0.01,0.001117665258845816,0.0,0.10317460317460317,1.0,1.0,0.9690811866901695,0.9384513738931426,0.30769230769230765,0.14384339172727528,1.6561060151896179
r5_final_inverse_map_complete_2026-08-31,har,lgbm,1,HuberRidgeAIME,1e-06,0.5,0.1,0.5,90,100,561,661,11.42845404194668,0.9777777777777777,0.05719186711838712,X ~= Y A^T,SVD normal-system solve,1.8744463272329315,1.8744463102931843,51.620977464158045,51.62097846415805,96.76075161586498,96.76075261586499,51.620978464158064,9.676075261586499e-11,42.85761515574457,11,True,0.7443531270968256,0.719047619047619,rms,12.854960132182441,0.5186909631079594,0.7202020293695092,0.479271048236239,0.6929608805379562,0.9955694322472383,0.9894357224287965,0.5384615384615384,0.14749481106664544,0.01,0.0008756534023853163,0.0,1.0,0.09704344178502461,0.8188223829291567,0.9944449936634736,0.9927113006559602,0.5677655677655677,0.27287300545250787,1.6320280007348198
r5_final_inverse_map_complete_2026-08-31,har,lgbm,1,HuberRidgeAIME,1e-06,1.0,0.1,0.5,90,100,561,661,11.42845404194668,0.9777777777777777,0.05719186711838712,X ~= Y A^T,SVD normal-system solve,1.3863835529736375,1.3863835480113855,77.864549496759,77.86455049675898,107.95013078200839,107.95013178200841,77.86455049675898,1.0795013178200846e-10,43.33065902670286,7,True,0.9052096251979316,0.16031746031746033,rms,25.709920264364882,0.5149060720771567,0.7175695590513554,0.48307081048233713,0.6956162825133707,0.997462705088172,0.9940606439447826,0.5384615384615384,0.14707225127894905,0.01,0.0010342778118189954,0.0,0.9999999999999998,0.19424798903398133,0.9870016718362619,0.9935634566052993,0.9901928822899064,0.39578754578754577,0.1418833960342898,1.6367952943767228
r5_final_inverse_map_complete_2026-08-31,har,lgbm,1,HuberRidgeAIME,1e-06,2.0,0.1,0.5,90,100,561,661,11.42845404194668,0.9777777777777777,0.05719186711838712,X ~= Y A^T,SVD normal-system solve,1.3665142306368814,1.3665142261411414,81.5247918025669,81.52479280256694,111.40478814791663,111.40478914791665,81.5247928025669,1.1140478914791666e-10,43.99249569254778,6,True,0.9365947694569252,0.10793650793650794,rms,51.419840528729765,0.5168488960908416,0.7189220375609873,0.4811203529188476,0.6940418244232118,0.9949729195391924,0.9900808588423333,0.25,0.14644289271940147,0.01,0.0011208677145683884,0.0,0.9999999999999998,0.3892473168532808,0.9995639454201761,0.9897400884080904,0.9811891381604945,0.36007326007326,0.13561415728915258,1.6433786001845834
r5_final_inverse_map_complete_2026-08-31,har,lgbm,1,RidgeAIME,1e-05,1.0,0.1,0.5,90,100,561,661,11.42845404194668,0.9777777777777777,0.05719186711838712,X ~= Y A^T,SVD normal-system solve,1.39265452040393,1.3926544741002658,84.79987137437391,84.79988137437394,118.09692419919365,118.09693419919367,84.7998813743739,1.180969341991937e-10,45.30081088182703,1,True,1.0,0.0,rms,25.709920264364882,0.5382273638920834,0.7336398052805501,0.4596578869800707,0.6790149991658351,0.9738577910561786,0.9601320114515706,0.1111111111111111,0.14469736940662017,0.01,0.001117665258923501,0.0,0.10317460317460317,1.0,1.0,0.9690811866527825,0.9384513738931426,0.30769230769230765,0.1438433787316014,1.6561059759278673
r5_final_inverse_map_complete_2026-08-31,har,lgbm,1,HuberRidgeAIME,1e-05,0.5,0.1,0.5,90,100,561,661,11.42845404194668,0.9777777777777777,0.05719186711838712,X ~= Y A^T,SVD normal-system solve,1.874446295242923,1.8744461258454905,51.620978478554136,51.62098847855414,96.76075186594046,96.76076186594051,51.62098847855413,9.676076186594041e-11,42.857609256932314,11,True,0.7443531311034997,0.719047619047619,rms,12.854960132182441,0.5186909693728209,0.720202033718887,0.4792710419467622,0.6929608784706247,0.9955694304549524,0.9894357224287965,0.5384615384615384,0.14749481106417817,0.01,0.0008756534055274926,0.0,1.0,0.09704344175000514,0.8188223874008043,0.9944449938584103,0.9927113006559602,0.5677655677655677,0.2728729627174244,1.6320279409596368
r5_final_inverse_map_complete_2026-08-31,har,lgbm,1,HuberRidgeAIME,1e-05,1.0,0.1,0.5,90,100,561,661,11.42845404194668,0.9777777777777777,0.05719186711838712,X ~= Y A^T,SVD normal-system solve,1.386383557232299,1.386383507609781,77.86454929352556,77.86455929352547,107.95013083184764,107.95014083184762,77.8645592935254,1.0795014083184766e-10,43.3306547012756,7,True,0.9052096245699521,0.16031746031746033,rms,25.709920264364882,0.5149060747230414,0.7175695608949988,0.4830708078260565,0.6956162821862839,0.9974627050416041,0.9940606439447826,0.5384615384615384,0.14707225124272347,0.01,0.0010342778132883682,0.0,0.9999999999999998,0.19424798897656664,0.9870016711426421,0.993563456698034,0.9901928822899064,0.39578754578754577,0.14188338337820036,1.636795251023833
r5_final_inverse_map_complete_2026-08-31,har,lgbm,1,HuberRidgeAIME,1e-05,2.0,0.1,0.5,90,100,561,661,11.42845404194668,0.9777777777777777,0.05719186711838712,X ~= Y A^T,SVD normal-system solve,1.3665142317179975,1.3665141867606083,81.52479173678275,81.5248017367827,111.40478814615942,111.40479814615945,81.52480173678275,1.1140479814615942e-10,43.99249146985882,6,True,0.9365947693384582,0.10793650793650794,rms,51.419840528729765,0.5168488970471345,0.7189220382260754,0.4811203519587972,0.6940418242824088,0.9949729195152791,0.9900808588423333,0.25,0.14644289269436825,0.01,0.001120867714881881,0.0,0.9999999999999998,0.38924731667895013,0.9995639453081363,0.9897400885166618,0.9811891381604945,0.36007326007326,0.13561414477355038,1.6433785584981417
r5_final_inverse_map_complete_2026-08-31,har,lgbm,1,RidgeAIME,0.0001,1.0,0.1,0.5,90,100,561,661,11.42845404194668,0.9777777777777777,0.05719186711838712,X ~= Y A^T,SVD normal-system solve,1.39265452040393,1.3926540573677832,84.79987137437391,84.79997137437391,118.09692419919365,118.0970241991937,84.79997137437384,1.1809702419919362e-10,45.30076992833857,1,True,1.0,0.0,rms,25.709920264364882,0.5382273293916597,0.7336397817673601,0.4596579216160499,0.6790149978010543,0.9738577889582464,0.9601320114515706,0.1111111111111111,0.1446973693300989,0.01,0.0011176652597003523,0.0,0.10317460317460317,1.0,1.0,0.969081186278912,0.9384513738931426,0.30769230769230765,0.14384324877499838,1.6561055833105665
r5_final_inverse_map_complete_2026-08-31,har,lgbm,1,HuberRidgeAIME,0.0001,0.5,0.1,0.5,90,100,561,661,11.42845404194668,0.9777777777777777,0.05719186711838712,X ~= Y A^T,SVD normal-system solve,1.8744459753478444,1.8744442813774174,51.62098862237246,51.62108862237247,96.76075436668292,96.76085436668293,51.62108862237249,9.676085436668292e-11,42.85755026891984,11,True,0.7443531711697173,0.719047619047619,rms,12.854960132182441,0.5186910320222345,0.7202020772132184,0.47927097905119276,0.6929608577972901,0.9955694125320891,0.9894357224287965,0.5384615384615384,0.14749481103950496,0.01,0.0008756534369491822,0.0,1.0,0.09704344139980979,0.8188224321166979,0.99444499580776,0.9927113006559602,0.5677655677655677,0.2728725353684122,1.6320273432084698
r5_final_inverse_map_complete_2026-08-31,har,lgbm,1,HuberRidgeAIME,0.0001,1.0,0.1,0.5,90,100,561,661,11.42845404194668,0.9777777777777777,0.05719186711838712,X ~= Y A^T,SVD normal-system solve,1.3863835998188967,1.3863831035942116,77.86454726119125,77.86464726119131,107.95013133023893,107.95023133023894,77.86464726119134,1.0795023133023897e-10,43.33061144705061,7,True,0.9052096182901599,0.16031746031746033,rms,25.709920264364882,0.5149061011823525,0.7175695793317555,0.48307078126278413,0.6956162789154136,0.9974627045759202,0.9940606439447826,0.5384615384615384,0.14707225088046816,0.01,0.0010342778279820112,0.0,0.9999999999999998,0.19424798840241922,0.9870016642064486,0.9935634576253752,0.9901928822899064,0.39578754578754577,0.14188325681743488,1.6367948174951743
r5_final_inverse_map_complete_2026-08-31,har,lgbm,1,HuberRidgeAIME,0.0001,2.0,0.1,0.5,90,100,561,661,11.42845404194668,0.9777777777777777,0.05719186711838712,X ~= Y A^T,SVD normal-system solve,1.3665142425291454,1.3665137929557243,81.52479107894202,81.52489107894199,111.40478812858728,111.4048881285873,81.52489107894202,1.1140488812858739e-10,43.992449243014384,6,True,0.9365947681537905,0.10793650793650794,rms,51.419840528729765,0.5168489066105235,0.7189220448772756,0.48112034235783285,0.6940418228743749,0.9949729192761435,0.9900808588423333,0.25,0.1464428924440372,0.01,0.0011208677180167994,0.0,0.9999999999999998,0.38924731493564135,0.9995639441877366,0.9897400896023699,0.9811891381604945,0.36007326007326,0.13561401961765052,1.6433781416339517
r5_final_inverse_map_complete_2026-08-31,har,lgbm,1,RidgeAIME,0.001,1.0,0.1,0.5,90,100,561,661,11.42845404194668,0.9777777777777777,0.05719186711838712,X ~= Y A^T,SVD normal-system solve,1.39265452040393,1.3926498900915987,84.79987137437391,84.80087137437394,118.09692419919365,118.09792419919367,84.80087137437395,1.1809792419919368e-10,45.30036039763353,1,True,1.0,0.0,rms,25.709920264364882,0.5382269844348999,0.733639546667776,0.4596582679281793,0.6790149841528594,0.9738577679791619,0.9601320114515706,0.1111111111111111,0.14469736856490198,0.01,0.0011176652674682376,0.0,0.10317460317460317,1.0,1.0,0.969081182540075,0.9384527450647173,0.30769230769230765,0.14384194922199758,1.6561016571581062
r5_final_inverse_map_complete_2026-08-31,har,lgbm,1,HuberRidgeAIME,0.001,0.5,0.1,0.5,90,100,561,661,11.42845404194668,0.9777777777777777,0.05719186711838712,X ~= Y A^T,SVD normal-system solve,1.8744427768966008,1.874425837582906,51.62109004634262,51.6220900463426,96.76077937289594,96.76177937289592,51.62209004634261,9.676177937289594e-11,42.856960399776725,11,True,0.7443535717796774,0.719047619047619,rms,12.854960132182441,0.5186916585963798,0.7202025122119332,0.47927035001517504,0.6929606510619969,0.995569233303065,0.9894357224287965,0.5384615384615384,0.1474948107927104,0.01,0.0008756537511589981,0.0,1.0,0.09704343789778899,0.8188228792174166,0.9944450152994152,0.9927113006559602,0.5677655677655677,0.272868262060494,1.6320213657628329
r5_final_inverse_map_complete_2026-08-31,har,lgbm,1,HuberRidgeAIME,0.001,1.0,0.1,0.5,90,100,561,661,11.42845404194668,0.9777777777777777,0.05719186711838712,X ~= Y A^T,SVD normal-system solve,1.386384025682008,1.3863790634857573,77.86452693793431,77.86552693793443,107.95013631403853,107.95113631403855,77.86552693793442,1.0795113631403855e-10,43.330178909595325,7,True,0.9052095554924093,0.16031746031746033,rms,25.709920264364882,0.51490636582184,0.717569763731611,0.48307051558350156,0.6956162462063845,0.9974626999190693,0.9940606439447826,0.5384615384615384,0.14707224725795967,0.01,0.00103427797490994,0.0,0.9999999999999998,0.19424798266084317,0.9870015948447133,0.9935634668983564,0.9901932977964443,0.39578754578754577,0.1418819912225499,1.6367904822328423
r5_final_inverse_map_complete_2026-08-31,har,lgbm,1,HuberRidgeAIME,0.001,2.0,0.1,0.5,90,100,561,661,11.42845404194668,0.9777777777777777,0.05719186711838712,X ~= Y A^T,SVD normal-system solve,1.3665143506395516,1.3665098549532724,81.52478450059888,81.52578450059899,111.40478795286526,111.40578795286527,81.52578450059892,1.1140578795286529e-10,43.992026979111095,6,True,0.9365947563072019,0.10793650793650794,rms,51.419840528729765,0.5168490022903147,0.7189221114211989,0.48112024630210615,0.6940418087936754,0.9949729168848177,0.9900808588423333,0.25,0.14644288994075522,0.01,0.0011208677493652688,0.0,0.9999999999999998,0.38924729750242526,0.9995639329838577,0.989740100459071,0.9811893292935018,0.36007326007326,0.13561276807141096,1.6433739730148729
r5_final_inverse_map_complete_2026-08-31,har,lgbm,1,RidgeAIME,0.01,1.0,0.1,0.5,90,100,561,661,11.42845404194668,0.9777777777777777,0.05719186711838712,X ~= Y A^T,SVD normal-system solve,1.39265452040393,1.3926082221942935,84.79987137437391,84.809871374374,118.09692419919365,118.10692419919367,84.8098713743739,1.1810692419919375e-10,45.29626550851796,1,True,1.0,0.0,rms,25.709920264364882,0.5382235396140321,0.7336371989028584,0.45966172628409274,0.6790148476320723,0.9738575582119301,0.9601299339182773,0.1111111111111111,0.1446973609145111,0.01,0.0011176653450846346,0.0,0.10317460317460317,1.0,1.0,0.9690811451386839,0.9384540829957689,0.30769230769230765,0.14382895499514753,1.656062397688334
r5_final_inverse_map_complete_2026-08-31,har,lgbm,1,HuberRidgeAIME,0.01,0.5,0.1,0.5,90,100,561,661,11.42845404194668,0.9777777777777777,0.05719186711838712,X ~= Y A^T,SVD normal-system solve,1.8744108423175097,1.8742414882153557,51.622102865241594,51.632102865241535,96.76102931383862,96.77102931383862,51.63210286524155,9.677102931383864e-11,42.85106280623285,11,True,0.7443575726590915,0.719047619047619,rms,12.854960132182441,0.5186979323354819,0.7202068677369592,0.47926405162592467,0.6929585835146309,0.9955674409738741,0.9894296144809143,0.5384615384615384,0.14749480831848474,0.01,0.0008756568925483047,0.0,1.0,0.0970434028708434,0.8188273444046422,0.9944452100321308,0.9927108435987687,0.5677655677655677,0.27282554719348895,1.631961597908183
r5_final_inverse_map_complete_2026-08-31,har,lgbm,1,HuberRidgeAIME,0.01,1.0,0.1,0.5,90,100,561,661,11.42845404194668,0.9777777777777777,0.05719186711838712,X ~= Y A^T,SVD normal-system solve,1.3863882840296085,1.3863386671256532,77.86432371381098,77.87432371381098,107.95018614071635,107.96018614071636,77.87432371381091,1.079601861407164e-10,43.325854014450464,7,True,0.9052089275319246,0.16031746031746033,rms,25.709920264364882,0.5149090168533001,0.7175716109583071,0.4830678541358737,0.695615919083783,0.9974626533490463,0.9940583586581601,0.5384615384615384,0.1470722110373781,0.01,0.0010342794433393235,0.0,0.9999999999999998,0.1942479252349232,0.9870009012475088,0.9935635595851355,0.9901947105186728,0.39578754578754577,0.141869336550861,1.6367471320347222
r5_final_inverse_map_complete_2026-08-31,har,lgbm,1,HuberRidgeAIME,0.01,2.0,0.1,0.5,90,100,561,661,11.42845404194668,0.9777777777777777,0.05719186711838712,X ~= Y A^T,SVD normal-system solve,1.3665154316360335,1.366470479566858,81.52471872356818,81.53471872356812,111.404786195543,111.414786195543,81.53471872356819,1.1141478619554302e-10,43.987804794118375,6,True,0.9365946378504211,0.10793650793650794,rms,51.419840528729765,0.5168499636776026,0.7189227800519348,0.4811192811374314,0.6940416679507027,0.9949728929742461,0.9900809003929991,0.25,0.14644286491089567,0.01,0.0011208680627783837,0.0,0.9999999999999998,0.3892471231573805,0.9995638209567002,0.9897402089878904,0.9811892378820636,0.36007326007326,0.13560025388473518,1.643332289105996
r5_final_inverse_map_complete_2026-08-31,har,lgbm,1,RidgeAIME,0.1,1.0,0.1,0.5,90,100,561,661,11.42845404194668,0.9777777777777777,0.05719186711838712,X ~= Y A^T,SVD normal-system solve,1.39265452040393,1.3921920291020609,84.79987137437391,84.89987137437396,118.09692419919365,118.19692419919366,84.89987137437387,1.1819692419919372e-10,45.255358366748084,1,True,1.0,0.0,rms,25.709920264364882,0.5381895651447035,0.7336140437210179,0.45969583424250837,0.6790134785500038,0.9738554628983829,0.9601347745708504,0.1111111111111111,0.14469728456818612,0.01,0.0011176661150149017,0.0,0.10317460317460317,1.0,1.0,0.969080769825746,0.9384671215909247,0.30769230769230765,0.14369914290925412,1.6556700083221505
r5_final_inverse_map_complete_2026-08-31,har,lgbm,1,HuberRidgeAIME,0.1,0.5,0.1,0.5,90,100,561,661,11.42845404194668,0.9777777777777777,0.05719186711838712,X ~= Y A^T,SVD normal-system solve,1.8740964692317839,1.8724068091431745,51.63208949686972,51.73208949686971,96.76351662514301,96.86351662514295,51.7320894968698,9.686351662514302e-11,42.79219695164106,11,True,0.7443969531444522,0.719047619047619,rms,12.854960132182441,0.5187614629459916,0.7202509721937149,0.47920027139729415,0.6929378910161766,0.9955495157185211,0.9893881469163822,0.5384615384615384,0.14749478260856563,0.01,0.0008756882247665254,0.0,1.0,0.09704305198860962,0.8188712957553012,0.994447138499632,0.9927115167193599,0.5677655677655677,0.27240021180166074,1.631364583737542
r5_final_inverse_map_complete_2026-08-31,har,lgbm,1,HuberRidgeAIME,0.1,1.0,0.1,0.5,90,100,561,661,11.42845404194668,0.9777777777777777,0.05719186711838712,X ~= Y A^T,SVD normal-system solve,1.3864308391168076,1.3859351753444675,77.86229232029973,77.96229232029978,107.95068327719132,108.05068327719131,77.96229232029982,1.0805068327719128e-10,43.28265294982272,7,True,0.9052026496380381,0.16031746031746033,rms,25.709920264364882,0.5149359897655015,0.7175904052908605,0.4830407752444035,0.6956126446363928,0.9974621874982995,0.9940558656182082,0.5384615384615384,0.14707184928127529,0.01,0.0010342940428061955,0.0,0.9999999999999998,0.19424734996263315,0.9869939672998104,0.9935644821574442,0.9901920097261773,0.39578754578754577,0.14174291739802328,1.6363138723886699
r5_final_inverse_map_complete_2026-08-31,har,lgbm,1,HuberRidgeAIME,0.1,2.0,0.1,0.5,90,100,561,661,11.42845404194668,0.9777777777777777,0.05719186711838712,X ~= Y A^T,SVD normal-system solve,1.3665262308511454,1.366077188958719,81.52406159286397,81.62406159286405,111.40476861217303,111.50476861217307,81.62406159286404,1.115047686121731e-10,43.94562829816469,6,True,0.9365934541925303,0.10793650793650794,rms,51.419840528729765,0.5168600354902673,0.7189297848123051,0.4811091697516078,0.6940402559323253,0.9949726541370139,0.9900774309123995,0.25,0.14644261490789812,0.01,0.0011208711897617287,0.0,0.9999999999999998,0.3892453784231818,0.999562701847411,0.989741290463854,0.9811935840804488,0.36007326007326,0.13547523945659112,1.6429156780351164
r5_final_inverse_map_complete_2026-08-31,har,lgbm,1,RidgeAIME,1.0,1.0,0.1,0.5,90,100,561,661,11.42845404194668,0.9777777777777777,0.05719186711838712,X ~= Y A^T,SVD normal-system solve,1.39265452040393,1.388078120531596,84.79987137437391,85.79987137437392,118.09692419919365,119.09692419919364,85.79987137437394,1.190969241991937e-10,44.85041828217948,1,True,1.0,0.0,rms,25.709920264364882,0.5378962748669414,0.7334141223530819,0.4599902768870967,0.6789994096370858,0.9738347430228176,0.9600142153138461,0.1111111111111111,0.1446965366201965,0.01,0.0011176732026376363,0.0,0.10317460317460317,1.0,1.0,0.9690768897824056,0.9385022651338909,0.30769230769230765,0.1424139087420847,1.6517664976988475
r5_final_inverse_map_complete_2026-08-31,har,lgbm,1,HuberRidgeAIME,1.0,0.5,0.1,0.5,90,100,561,661,11.42845404194668,0.9777777777777777,0.05719186711838712,X ~= Y A^T,SVD normal-system solve,1.8713694677200023,1.8548406926468646,51.718332959601476,52.71833295960149,96.78410922197527,97.78410922197526,52.718332959601454,9.778410922197532e-11,42.21427157817159,11,True,0.7447232235499576,0.719047619047619,rms,12.854960132182441,0.5194733085968279,0.72074496779154,0.47848562883372114,0.6927291799946637,0.9953701432894744,0.9891304912373597,0.5384615384615384,0.14749448540511298,0.01,0.0008759915485387949,0.0,0.9999999999999998,0.09703948144212649,0.8192355124650178,0.9944646667596645,0.9927854519526939,0.5677655677655677,0.26830661515029786,1.62545929977269
r5_final_inverse_map_complete_2026-08-31,har,lgbm,1,HuberRidgeAIME,1.0,1.0,0.1,0.5,90,100,561,661,11.42845404194668,0.9777777777777777,0.05719186711838712,X ~= Y A^T,SVD normal-system solve,1.3868535151104397,1.3819468259044123,77.8420661808308,78.84206618083073,107.95554310634468,108.95554310634463,78.84206618083071,1.0895554310634465e-10,42.85537762806281,7,True,0.9051400501946889,0.16031746031746033,rms,25.709920264364882,0.5152509355557091,0.7178098185144232,0.48272459200069606,0.6955795877842209,0.9974575147580436,0.9940512119436314,0.42857142857142855,0.1470682760933602,0.01,0.0010344317165926636,0.0,0.9999999999999998,0.19424149874503183,0.9869248392995165,0.9935733054982683,0.9902156769785695,0.39578754578754577,0.14049133271938452,1.6320053263211993
r5_final_inverse_map_complete_2026-08-31,har,lgbm,1,HuberRidgeAIME,1.0,2.0,0.1,0.5,90,100,561,661,11.42845404194668,0.9777777777777777,0.05719186711838712,X ~= Y A^T,SVD normal-system solve,1.3666331553345932,1.3621900624610173,81.51755382271654,82.51755382271652,111.40459179589662,112.40459179589658,82.51755382271652,1.1240459179589654e-10,43.528349269719904,6,True,0.9365817082770833,0.10793650793650794,rms,51.419840528729765,0.5170055660613552,0.7190309910298409,0.4809630673763551,0.6940257859285047,0.9949702923035023,0.9900507761602478,0.17647058823529413,0.1464401440841453,0.01,0.0011209017548295245,0.0,0.9999999999999998,0.38922780723212835,0.9995516260964145,0.9897517307643925,0.9812610789624472,0.36007326007326,0.13423770766433596,1.6387721976732452
r5_final_inverse_map_complete_2026-08-31,har,svm,1,RidgeAIME,0.0,1.0,0.1,0.5,90,100,561,661,1.2316631249850616,0.9688888888888889,0.07737551742231202,X ~= Y A^T,SVD normal-system solve,1.4763588376610801,1.4763588376610801,77.74328892834782,77.74328892834782,114.7769916782051,114.7769916782051,77.74328892834781,1.147769916782051e-10,48.36414992389967,1,True,1.0,0.0,rms,25.709920264364882,0.49183982569227847,0.7013129299337625,0.48311828338248985,0.6986718472128314,0.9781814821621919,0.9577226753161155,0.05263157894736842,0.1577859316220244,0.01,0.0009470441429363155,0.0,0.0873015873015873,1.0,1.0,0.9742444370070611,0.9433813091032082,0.2160818713450292,0.16919192813438824,1.6845235587669873
r5_final_inverse_map_complete_2026-08-31,har,svm,1,HuberRidgeAIME,0.0,0.5,0.1,0.5,90,100,561,661,1.2316631249850616,0.9688888888888889,0.07737551742231202,X ~= Y A^T,SVD normal-system solve,2.1991054526892966,2.1991054526892966,44.265127764948936,44.265127764948936,97.34368383188757,97.34368383188757,44.26512776494898,9.734368383188759e-11,45.684717496270146,11,True,0.7495618579981408,0.7206349206349206,rms,12.854960132182441,0.4677561743406467,0.6839270241338959,0.508428147290984,0.7137919719839431,0.9959466493807099,0.9877324983090336,0.25,0.1590885843758716,0.01,0.0008675464508231194,0.0,1.0,0.09456494866955721,0.8122137362817445,0.994987143722534,0.9914606342873503,0.33964719491035283,0.3422460553830696,1.6597709436794328
r5_final_inverse_map_complete_2026-08-31,har,svm,1,HuberRidgeAIME,0.0,1.0,0.1,0.5,90,100,561,661,1.2316631249850616,0.9688888888888889,0.07737551742231202,X ~= Y A^T,SVD normal-system solve,1.5601802074484412,1.5601802074484412,67.6249023325992,67.6249023325992,105.5070341499552,105.5070341499552,67.62490233259923,1.0550703414995518e-10,46.48677887164877,8,True,0.9118598094450864,0.15555555555555556,rms,25.709920264364882,0.46842175924846785,0.6844134417502828,0.5077286743086465,0.7135365887108095,0.9979443981467808,0.9944250017337437,0.25,0.158718280537209,0.01,0.0009200914756070796,0.0,1.0,0.18925823565254848,0.9809782208513289,0.9945129694967673,0.9890959616504087,0.29126984126984123,0.19317476411114198,1.6673294544056352
r5_final_inverse_map_complete_2026-08-31,har,svm,1,HuberRidgeAIME,0.0,2.0,0.1,0.5,90,100,561,661,1.2316631249850616,0.9688888888888889,0.07737551742231202,X ~= Y A^T,SVD normal-system solve,1.4689666668278032,1.4689666668278032,73.08158178264216,73.08158178264216,107.35440759775136,107.35440759775136,73.08158178264213,1.0735440759775133e-10,47.763696759301176,7,True,0.9445425381935189,0.09682539682539683,rms,51.419840528729765,0.4726361237126753,0.6874853625443056,0.5032997366242178,0.7112999505462028,0.9963660531082869,0.9909182501868227,0.17647058823529413,0.1582152944013124,0.01,0.0009849482198495377,0.0,1.0,0.37913749240473715,0.9986247599646197,0.9920025479500367,0.9802203514271197,0.2765639589169001,0.16701194107480755,1.6790979324436368
r5_final_inverse_map_complete_2026-08-31,har,svm,1,RidgeAIME,1e-06,1.0,0.1,0.5,90,100,561,661,1.2316631249850616,0.9688888888888889,0.07737551742231202,X ~= Y A^T,SVD normal-system solve,1.4763588376610801,1.4763588315337501,77.74328892834782,77.74328992834779,114.7769916782051,114.7769926782051,77.74328992834778,1.1477699267820507e-10,48.36414941230615,1,True,1.0,0.0,rms,25.709920264364882,0.491839824701232,0.7013129292271975,0.4831182844239952,0.6986718472402669,0.9781814821576977,0.9577226753161155,0.05263157894736842,0.15778593162821072,0.01,0.0009470441430309113,0.0,0.0873015873015873,1.0,1.0,0.9742444370208455,0.9433813091032082,0.2160818713450292,0.16919192633193647,1.6845235541730423
r5_final_inverse_map_complete_2026-08-31,har,svm,1,HuberRidgeAIME,1e-06,0.5,0.1,0.5,90,100,561,661,1.2316631249850616,0.9688888888888889,0.07737551742231202,X ~= Y A^T,SVD normal-system solve,2.199105445473993,2.199105418384826,44.26512792429211,44.2651289242921,97.3436838629137,97.34368486291365,44.265128924292135,9.734368486291375e-11,45.684716718823765,11,True,0.7495618586362809,0.7206349206349206,rms,12.854960132182441,0.4677561741807538,0.6839270240170028,0.5084281474590178,0.7137919719468699,0.9959466491185689,0.9877324983090336,0.25,0.15908858440639698,0.01,0.0008675464526446024,0.0,1.0,0.09456494867241665,0.8122137369806506,0.9949871437393647,0.9914606342873503,0.33964719491035283,0.34224604860838664,1.6597709362887627
r5_final_inverse_map_complete_2026-08-31,har,svm,1,HuberRidgeAIME,1e-06,1.0,0.1,0.5,90,100,561,661,1.2316631249850616,0.9688888888888889,0.07737551742231202,X ~= Y A^T,SVD normal-system solve,1.5601802079839118,1.560180199700274,67.62490231015924,67.6249033101592,105.50703415115596,105.5070351511559,67.62490331015925,1.0550703515115595e-10,46.48677831374365,8,True,0.9118598093551895,0.15555555555555556,rms,25.709920264364882,0.4684217588898456,0.6844134414882904,0.507728674685528,0.7135365887267101,0.9979443981191204,0.9944250017337437,0.25,0.15871828054774845,0.01,0.0009200914760845788,0.0,1.0,0.189258235654824,0.9809782207526158,0.9945129695067111,0.9890959616504087,0.29126984126984123,0.19317476195434866,1.6673294491935056
r5_final_inverse_map_complete_2026-08-31,har,svm,1,HuberRidgeAIME,1e-06,2.0,0.1,0.5,90,100,561,661,1.2316631249850616,0.9688888888888889,0.07737551742231202,X ~= Y A^T,SVD normal-system solve,1.4689666670522024,1.468966660635172,73.08158177130234,73.08158277130241,107.35440759749298,107.354408597493,73.08158277130228,1.073544085974929e-10,47.763696218174786,7,True,0.9445425381647621,0.09682539682539683,rms,51.419840528729765,0.47263612300794294,0.687485362031762,0.5032997373648315,0.7112999505866017,0.9963660531063401,0.9909182501868227,0.17647058823529413,0.15821529440962004,0.01,0.0009849482199631682,0.0,1.0,0.3791374924035809,0.9986247599332227,0.9920025479578239,0.9802203514271197,0.2765639589169001,0.16701193924397936,1.6790979275234101
r5_final_inverse_map_complete_2026-08-31,har,svm,1,RidgeAIME,1e-05,1.0,0.1,0.5,90,100,561,661,1.2316631249850616,0.9688888888888889,0.07737551742231202,X ~= Y A^T,SVD normal-system solve,1.4763588376610801,1.476358776387782,77.74328892834782,77.7432989283478,114.7769916782051,114.77700167820511,77.7432989283478,1.1477700167820503e-10,48.36414480796485,1,True,1.0,0.0,rms,25.709920264364882,0.49183981578182073,0.7013129228681165,0.4831182937975359,0.698671847487185,0.9781814821172509,0.9577226753161155,0.05263157894736842,0.1577859316838879,0.01,0.0009470441438822735,0.0,0.0873015873015873,1.0,1.0,0.9742444371449057,0.9433813091032082,0.2160818713450292,0.16919191010987064,1.6845235128275386
r5_final_inverse_map_complete_2026-08-31,har,svm,1,HuberRidgeAIME,1e-05,0.5,0.1,0.5,90,100,561,661,1.2316631249850616,0.9688888888888889,0.07737551742231202,X ~= Y A^T,SVD normal-system solve,2.199105380536366,2.1991051096447807,44.265129358378616,44.26513935837859,97.34368414214866,97.34369414214865,44.265139358378605,9.73436941421486e-11,45.684709721807806,11,True,0.7495618643795351,0.7206349206349206,rms,12.854960132182441,0.4677561727417316,0.6839270229649737,0.5084281489713074,0.7137919716132107,0.9959466467593006,0.9877324983090336,0.25,0.15908858468112472,0.01,0.0008675464690379419,0.0,1.0,0.09456494869815138,0.8122137432707978,0.9949871438908395,0.9914606342873503,0.33964719491035283,0.34224598763627206,1.65977086977274
r5_final_inverse_map_complete_2026-08-31,har,svm,1,HuberRidgeAIME,1e-05,1.0,0.1,0.5,90,100,561,661,1.2316631249850616,0.9688888888888889,0.07737551742231202,X ~= Y A^T,SVD normal-system solve,1.5601802128031483,1.5601801299667808,67.62490210819914,67.62491210819913,105.50703416196221,105.50704416196224,67.62491210819917,1.0550704416196218e-10,46.48677329259829,8,True,0.9118598085461189,0.15555555555555556,rms,25.709920264364882,0.4684217556622522,0.6844134391303638,0.5077286780774535,0.7135365888698146,0.997944397870178,0.9944250017337437,0.25,0.15871828064260352,0.01,0.0009200914803820712,0.0,1.0,0.18925823567530325,0.980978219864197,0.9945129695962039,0.9890959616504087,0.29126984126984123,0.1931747425432114,1.667329402284343
r5_final_inverse_map_complete_2026-08-31,har,svm,1,HuberRidgeAIME,1e-05,2.0,0.1,0.5,90,100,561,661,1.2316631249850616,0.9688888888888889,0.07737551742231202,X ~= Y A^T,SVD normal-system solve,1.4689666690717906,1.468966604901503,73.08158166924439,73.08159166924442,107.35440759516796,107.35441759516794,73.08159166924442,1.0735441759516797e-10,47.76369134803761,7,True,0.9445425379059503,0.09682539682539683,rms,51.419840528729765,0.47263611666535904,0.6874853574188755,0.5032997440303463,0.7112999509501903,0.9963660530888202,0.9909182501868227,0.17647058823529413,0.15821529448438906,0.01,0.0009849482209858419,0.0,1.0,0.37913749239317424,0.9986247596506509,0.9920025480279058,0.9802203514271197,0.2765639589169001,0.16701192276652896,1.6790978832413723
r5_final_inverse_map_complete_2026-08-31,har,svm,1,RidgeAIME,0.0001,1.0,0.1,0.5,90,100,561,661,1.2316631249850616,0.9688888888888889,0.07737551742231202,X ~= Y A^T,SVD normal-system solve,1.4763588376610801,1.4763582249288034,77.74328892834782,77.74338892834777,114.7769916782051,114.7770916782051,77.74338892834778,1.1477709167820511e-10,48.36409876460189,1,True,1.0,0.0,rms,25.709920264364882,0.4918397265883477,0.7013128592777603,0.4831183875322703,0.6986718499563573,0.9781814817127822,0.9577226753161155,0.05263157894736842,0.15778593224065848,0.01,0.0009470441523958762,0.0,0.0873015873015873,1.0,1.0,0.974244438385505,0.9433813091032082,0.2160818713450292,0.1691917478893861,1.6845230993727354
r5_final_inverse_map_complete_2026-08-31,har,svm,1,HuberRidgeAIME,0.0001,0.5,0.1,0.5,90,100,561,661,1.2316631249850616,0.9688888888888889,0.07737551742231202,X ~= Y A^T,SVD normal-system solve,2.199104731170483,2.1991020222624744,44.26514369903069,44.26524369903069,97.34368693447968,97.34378693447965,44.26524369903071,9.734378693447964e-11,45.68463975181013,11,True,0.7495619218114005,0.7206349206349206,rms,12.854960132182441,0.4677561583528672,0.6839270124456756,0.5084281640927769,0.7137919682765056,0.9959466231665897,0.9877324983090336,0.25,0.1590885874283915,0.01,0.0008675466329704989,0.0,1.0,0.094564948955496,0.8122138061715305,0.9949871454055691,0.9914606342873503,0.33964719491035283,0.3422453779182397,1.6597702046134921
r5_final_inverse_map_complete_2026-08-31,har,svm,1,HuberRidgeAIME,0.0001,1.0,0.1,0.5,90,100,561,661,1.2316631249850616,0.9688888888888889,0.07737551742231202,X ~= Y A^T,SVD normal-system solve,1.560180260995452,1.5601794326327734,67.6249000886011,67.62500008860115,105.50703427002502,105.507134270025,67.62500008860117,1.0550713427002501e-10,46.48672308120682,8,True,0.9118598004554199,0.15555555555555556,rms,25.709920264364882,0.46842172338701066,0.6844134155516026,0.5077287119959801,0.7135365903008422,0.9979443953807532,0.9944250017337437,0.25,0.15871828159115245,0.01,0.0009200915233569127,0.0,1.0,0.1892582358800937,0.9809782109800164,0.9945129704911289,0.9890959616504087,0.29126984126984123,0.19317454843204865,1.6673289331930192
r5_final_inverse_map_complete_2026-08-31,har,svm,1,HuberRidgeAIME,0.0001,2.0,0.1,0.5,90,100,561,661,1.2316631249850616,0.9688888888888889,0.07737551742231202,X ~= Y A^T,SVD normal-system solve,1.4689666892676345,1.46896604756552,73.08158064866646,73.08168064866649,107.35440757191719,107.35450757191715,73.08168064866643,1.0735450757191709e-10,47.76364264672276,7,True,0.944542535317838,0.09682539682539683,rms,51.419840528729765,0.4726360532402042,0.6874853112905062,0.5032998106847757,0.7112999545860624,0.9963660529136201,0.9909182501868227,0.17647058823529413,0.15821529523207806,0.01,0.0009849482312125559,0.0,1.0,0.3791374922891041,0.9986247568249342,0.9920025487287223,0.9802203514271197,0.2765639589169001,0.16701175799219906,1.6790974404212617
r5_final_inverse_map_complete_2026-08-31,har,svm,1,RidgeAIME,0.001,1.0,0.1,0.5,90,100,561,661,1.2316631249850616,0.9688888888888889,0.07737551742231202,X ~= Y A^T,SVD normal-system solve,1.4763588376610801,1.4763527104092369,77.74328892834782,77.7442889283478,114.7769916782051,114.7779916782051,77.74428892834777,1.1477799167820509e-10,48.36363833596858,1,True,1.0,0.0,rms,25.709920264364882,0.4918388347175651,0.7013122234194732,0.48311932481241116,0.6986718746470317,0.9781814776681582,0.9577226753161155,0.05263157894736842,0.1577859378082975,0.01,0.0009470442375303888,0.0,0.0873015873015873,1.0,1.0,0.9742444507910614,0.9433813091032082,0.2160818713450292,0.1691901257018638,1.6845189648479186
r5_final_inverse_map_complete_2026-08-31,har,svm,1,HuberRidgeAIME,0.001,0.5,0.1,0.5,90,100,561,661,1.2316631249850616,0.9688888888888889,0.07737551742231202,X ~= Y A^T,SVD normal-system solve,2.1990982385465876,2.199071150251692,44.26528708432582,44.2662870843258,97.34371485589992,97.34471485589995,44.26628708432582,9.734471485589998e-11,45.68394006804893,11,True,0.7495624960624923,0.7206349206349206,rms,12.854960132182441,0.4677560146000989,0.6839269073520202,0.5084283151646782,0.7137919348984294,0.995946387236958,0.9877316257450505,0.25,0.15908861489992296,0.01,0.000867548272212459,0.0,1.0,0.09456495152862326,0.8122144351048625,0.9949871605510326,0.9914601522997664,0.33964719491035283,0.34223928104874307,1.6597635531191344
r5_final_inverse_map_complete_2026-08-31,har,svm,1,HuberRidgeAIME,0.001,1.0,0.1,0.5,90,100,561,661,1.2316631249850616,0.9688888888888889,0.07737551742231202,X ~= Y A^T,SVD normal-system solve,1.560180742912324,1.5601724593861988,67.62487989288287,67.62587989288286,105.50703535063468,105.50803535063474,67.62587989288288,1.0550803535063472e-10,46.48622097350075,8,True,0.9118597195491762,0.15555555555555556,rms,25.709920264364882,0.4684214007038,0.6844131798145036,0.5077290511085186,0.7135366046091645,0.997944370486472,0.9944250017337437,0.25,0.15871829107651023,0.01,0.0009200919530967481,0.0,1.0,0.18925823792772592,0.980978122139054,0.9945129794396774,0.9890959616504087,0.29126984126984123,0.19317260734167607,1.667324242309918
r5_final_inverse_map_complete_2026-08-31,har,svm,1,HuberRidgeAIME,0.001,2.0,0.1,0.5,90,100,561,661,1.2316631249850616,0.9688888888888889,0.07737551742231202,X ~= Y A^T,SVD normal-system solve,1.4689668912232667,1.4689604742774978,73.08157044302897,73.08257044302893,107.35440733941044,107.35540733941042,73.08257044302897,1.0735540733941048e-10,47.76315563924064,7,True,0.9445425094370565,0.09682539682539683,rms,51.419840528729765,0.47263541905701034,0.6874848500563561,0.5033004771572342,0.7112999909433054,0.9963660511616168,0.9909182501868227,0.17647058823529413,0.15821530270886416,0.01,0.000984948333477393,0.0,1.0,0.3791374912479575,0.9986247285681876,0.9920025557363917,0.9802191132176372,0.2765639589169001,0.1670101102666919,1.679093012246845
r5_final_inverse_map_complete_2026-08-31,har,svm,1,RidgeAIME,0.01,1.0,0.1,0.5,90,100,561,661,1.2316631249850616,0.9688888888888889,0.07737551742231202,X ~= Y A^T,SVD normal-system solve,1.4763588376610801,1.4762975722349851,77.74328892834782,77.75328892834771,114.7769916782051,114.78699167820508,77.75328892834774,1.1478699167820515e-10,48.35903454920672,1,True,1.0,0.0,rms,25.709920264364882,0.49182992240320633,0.701305869363152,0.483128690894831,0.6986721214489598,0.9781814372281372,0.9577452996536785,0.05263157894736842,0.1577859934779221,0.01,0.0009470450887238503,0.0,0.0873015873015873,1.0,1.0,0.9742445748031885,0.943383694110735,0.2160818713450292,0.16917390555892087,1.6844776219212105
r5_final_inverse_map_complete_2026-08-31,har,svm,1,HuberRidgeAIME,0.01,0.5,0.1,0.5,90,100,561,661,1.2316631249850616,0.9688888888888889,0.07737551742231202,X ~= Y A^T,SVD normal-system solve,2.1990334157491023,2.198762611261367,44.26671881566952,44.276718815669504,97.3439938812268,97.35399388122678,44.276718815669504,9.735399388122683e-11,45.67694485131539,11,True,0.7495682318195905,0.7206349206349206,rms,12.854960132182441,0.46775459065339786,0.683925866343274,0.5084298116112382,0.7137916000156365,0.9959440276886286,0.987729340458428,0.25,0.15908888950169425,0.01,0.0008675646562759501,0.0,1.0,0.09456497722803692,0.8122207170413914,0.9949873118225161,0.9914587395775379,0.33964719491035283,0.3421783434197028,1.6596970479832502
r5_final_inverse_map_complete_2026-08-31,har,svm,1,HuberRidgeAIME,0.01,1.0,0.1,0.5,90,100,561,661,1.2316631249850616,0.9688888888888889,0.07737551742231202,X ~= Y A^T,SVD normal-system solve,1.5601855614664484,1.5601027362681412,67.62467796188548,67.63467796188546,105.50704615495206,105.51704615495206,67.63467796188549,1.0551704615495214e-10,46.481200517219,8,True,0.9118589105613756,0.15555555555555556,rms,25.709920264364882,0.4684181807905259,0.6844108274936377,0.5077324349628012,0.7135367474970808,0.9979441215404571,0.994427037716371,0.25,0.15871838591692844,0.01,0.000920096249637592,0.0,1.0,0.1892582583769726,0.9809772338137965,0.9945130688553345,0.9890954214919097,0.29126984126984123,0.19315319856293714,1.6672773364922249
r5_final_inverse_map_complete_2026-08-31,har,svm,1,HuberRidgeAIME,0.01,2.0,0.1,0.5,90,100,561,661,1.2316631249850616,0.9688888888888889,0.07737551742231202,X ~= Y A^T,SVD normal-system solve,1.4689689104986126,1.4689047485764686,73.08146840083549,73.09146840083542,107.3544050144141,107.36440501441406,73.09146840083545,1.0736440501441408e-10,47.75828613097159,7,True,0.9445422506633723,0.09682539682539683,rms,51.419840528729765,0.4726290840590286,0.6874802426681283,0.503307134699915,0.7113003543679841,0.9963660336412771,0.9909280561439665,0.17647058823529413,0.15821537746632505,0.01,0.0009849493558950935,0.0,1.0,0.37913748079192805,0.99862444604238,0.9920026257634035,0.9802198361990128,0.2765639589169001,0.1669936347903686,1.6790487331712058
r5_final_inverse_map_complete_2026-08-31,har,svm,1,RidgeAIME,0.1,1.0,0.1,0.5,90,100,561,661,1.2316631249850616,0.9688888888888889,0.07737551742231202,X ~= Y A^T,SVD normal-system solve,1.4763588376610801,1.4757468917319987,77.74328892834782,77.84328892834773,114.7769916782051,114.87699167820507,77.84328892834775,1.1487699167820512e-10,48.31304658214209,1,True,1.0,0.0,rms,25.709920264364882,0.49174143732169745,0.701242780584369,0.4832216811701935,0.6986745790072733,0.9781810334487625,0.9577597177347332,0.05263157894736842,0.15778654949850837,0.01,0.0009470535855162426,0.0,0.0873015873015873,1.0,1.0,0.9742458105881298,0.9433839932754422,0.2160818713450292,0.16901187716847352,1.684064424613302
r5_final_inverse_map_complete_2026-08-31,har,svm,1,HuberRidgeAIME,0.1,0.5,0.1,0.5,90,100,561,661,1.2316631249850616,0.9688888888888889,0.07737551742231202,X ~= Y A^T,SVD normal-system solve,2.1983954763430327,2.1956952212724925,44.28082496042259,44.38082496042253,97.34676528173067,97.4467652817307,44.380824960422515,9.744676528173071e-11,45.60715411981745,11,True,0.7496249164392176,0.7206349206349206,rms,12.854960132182441,0.4677417028159247,0.6839164443233725,0.5084433556294503,0.7137881416147862,0.9959204072833745,0.9876659341423196,0.25,0.15909162422158363,0.01,0.0008677276657414318,0.0,1.0,0.09456523105164465,0.8122827993893333,0.9949888063380492,0.9914663017965257,0.33964719491035283,0.34157205667711427,1.6590329731701163
r5_final_inverse_map_complete_2026-08-31,har,svm,1,HuberRidgeAIME,0.1,1.0,0.1,0.5,90,100,561,661,1.2316631249850616,0.9688888888888889,0.07737551742231202,X ~= Y A^T,SVD normal-system solve,1.5602336854997745,1.5594064384971127,67.62266127240686,67.72266127240678,105.50715402035023,105.60715402035021,67.72266127240684,1.0560715402035025e-10,46.431057953244384,8,True,0.9118508281514648,0.15555555555555556,rms,25.709920264364882,0.4683866718774456,0.6843878081011128,0.5077655481436192,0.713538156890607,0.9979416317660857,0.9944132221199713,0.25,0.15871933300656385,0.01,0.0009201391294096044,0.0,1.0,0.18925846016810538,0.9809683590020469,0.9945139560444582,0.989088914659528,0.29126984126984123,0.1929593230089318,1.6668085793806167
r5_final_inverse_map_complete_2026-08-31,har,svm,1,HuberRidgeAIME,0.1,2.0,0.1,0.5,90,100,561,661,1.2316631249850616,0.9688888888888889,0.07737551742231202,X ~= Y A^T,SVD normal-system solve,1.4689890751900123,1.4683482085663917,73.08044939521236,73.18044939521229,107.35438177154349,107.45438177154345,73.18044939521234,1.0745438177154349e-10,47.70964763495395,7,True,0.9445396663354179,0.09682539682539683,rms,51.419840528729765,0.4725664159693592,0.6874346630548676,0.5033729935183215,0.7113039738692922,0.9963658584076134,0.9909052448284074,0.17647058823529413,0.15821612400235147,0.01,0.0009849595570436767,0.0,1.0,0.37913737178586016,0.9986216249445059,0.9920033210750242,0.9802145592659828,0.2765639589169001,0.1668290577098421,1.678606209039324
r5_final_inverse_map_complete_2026-08-31,har,svm,1,RidgeAIME,1.0,1.0,0.1,0.5,90,100,561,661,1.2316631249850616,0.9688888888888889,0.07737551742231202,X ~= Y A^T,SVD normal-system solve,1.4763588376610801,1.4703093210083724,77.74328892834782,78.74328892834775,114.7769916782051,115.77699167820508,78.74328892834778,1.157769916782051e-10,47.85810107604198,1,True,1.0,0.0,rms,25.709920264364882,0.49091912870516646,0.7006562129212631,0.48408585740623467,0.6986981286217192,0.9781770568102393,0.9576711109397784,0.05263157894736842,0.15779204294572116,0.01,0.0009471370628260789,0.0,0.0873015873015873,1.0,1.0,0.9742577420740058,0.9434183972167711,0.2160818713450292,0.16740871044569788,1.67995546259005
r5_final_inverse_map_complete_2026-08-31,har,svm,1,HuberRidgeAIME,1.0,0.5,0.1,0.5,90,100,561,661,1.2316631249850616,0.9688888888888889,0.07737551742231202,X ~= Y A^T,SVD normal-system solve,2.1929874136667444,2.1667111533169026,44.40171994733689,45.401719947336936,97.37241298966542,98.37241298966543,45.4017199473369,9.837241298966538e-11,44.924770452608975,11,True,0.7501263240387313,0.7206349206349206,rms,12.854960132182441,0.4677418436611057,0.6839165472929469,0.5084432076131753,0.7137431931282854,0.9956819683489044,0.9868854464347309,0.25,0.1591178983187672,0.01,0.0008692708568882053,0.0,1.0,0.09456746684259107,0.8128319538574925,0.9950021360806807,0.9916243937240232,0.3782918835550414,0.33580101889628855,1.6524858667176847
r5_final_inverse_map_complete_2026-08-31,har,svm,1,HuberRidgeAIME,1.0,1.0,0.1,0.5,90,100,561,661,1.2316631249850616,0.9688888888888889,0.07737551742231202,X ~= Y A^T,SVD normal-system solve,1.5609186026028516,1.5527411915665854,67.59366615120105,68.59366615120099,105.50821091353642,106.50821091353639,68.593666151201,1.065082109135364e-10,45.93716537898274,8,True,0.9117545188008603,0.15555555555555556,rms,25.709920264364882,0.4681400176588359,0.6842075837484088,0.5080247606946697,0.7135499056600841,0.9979183556225697,0.9943312426562216,0.3333333333333333,0.1587281187376611,0.01,0.0009205343120409203,0.0,1.0,0.18926017809185583,0.9808626731295476,0.994521699875777,0.98910565126287,0.29126984126984123,0.19109907424676129,1.6621641928997668
r5_final_inverse_map_complete_2026-08-31,har,svm,1,HuberRidgeAIME,1.0,2.0,0.1,0.5,90,100,561,661,1.2316631249850616,0.9688888888888889,0.07737551742231202,X ~= Y A^T,SVD normal-system solve,1.4691879518219173,1.4628536002153574,73.07039914488186,74.07039914488185,107.35415005847896,108.35415005847894,74.07039914488193,1.0835415005847894e-10,47.22885361261705,7,True,0.9445141596472977,0.09682539682539683,rms,51.419840528729765,0.47200644455901675,0.6870272516858532,0.5039614757206873,0.7113387235812746,0.9963641035477898,0.990868638691781,0.25,0.15822348689749008,0.01,0.000985059303160729,0.0,1.0,0.37913584736579536,0.998593824300311,0.9920097876758295,0.9802210744084953,0.2765639589169001,0.16520086488126876,1.674207404061627
r5_final_inverse_map_complete_2026-08-31,har,mlp,1,RidgeAIME,0.0,1.0,0.1,0.5,90,100,561,661,0.23316270799841732,0.9533333333333334,0.14132980849021132,X ~= Y A^T,SVD normal-system solve,1.450922627697641,1.450922627697641,80.12620943257554,80.12620943257554,116.25693033736401,116.25693033736401,80.12620943257548,1.1625693033736396e-10,46.588531363990015,1,True,1.0,0.0,rms,25.709920264364882,0.5048166744931287,0.710504521092673,0.47538851397591275,0.6916794193394418,0.9737837896888827,0.9537762969490208,0.1111111111111111,0.1452837475737621,0.0,0.0011760879116528024,0.0,0.09206349206349207,1.0,1.0,0.9732918405456573,0.9470864307614448,0.24385964912280697,0.16164425374724986,1.668279020159143
r5_final_inverse_map_complete_2026-08-31,har,mlp,1,HuberRidgeAIME,0.0,0.5,0.1,0.5,90,100,561,661,0.23316270799841732,0.9533333333333334,0.14132980849021132,X ~= Y A^T,SVD normal-system solve,1.9501196832813144,1.9501196832813144,49.938821377912454,49.938821377912454,97.38667852893677,97.38667852893677,49.938821377912475,9.738667852893688e-11,43.74744289644477,12,True,0.7586856941458897,0.7047619047619048,rms,12.854960132182441,0.48406008045247834,0.6957442636863622,0.4969590131187903,0.7057498188913638,0.9955414969529387,0.9892933906228792,0.3333333333333333,0.14576652651052746,0.01,0.0009397374653478865,0.0,1.0000000000000002,0.09390194910786737,0.8260938361252697,0.9949026689997567,0.9920350222150571,0.49743589743589733,0.29006126582078506,1.6409526729373194
r5_final_inverse_map_complete_2026-08-31,har,mlp,1,HuberRidgeAIME,0.0,1.0,0.1,0.5,90,100,561,661,0.23316270799841732,0.9533333333333334,0.14132980849021132,X ~= Y A^T,SVD normal-system solve,1.45296329758518,1.45296329758518,73.43031459156086,73.43031459156086,106.69155203167142,106.69155203167142,73.4303145915608,1.066915520316714e-10,44.47443882986393,7,True,0.9123549620465946,0.1523809523809524,rms,25.709920264364882,0.48274343676371917,0.6947974069926565,0.49832728488362,0.7066455487748499,0.9976400956426722,0.9951876226550108,0.42857142857142855,0.14594045804105965,0.0,0.0011107704831968541,0.0,1.0,0.18797350843104382,0.9858062283222975,0.9942757059096126,0.9903167364786902,0.3904761904761905,0.16225464399000497,1.6481104769441344
r5_final_inverse_map_complete_2026-08-31,har,mlp,1,HuberRidgeAIME,0.0,2.0,0.1,0.5,90,100,561,661,0.23316270799841732,0.9533333333333334,0.14132980849021132,X ~= Y A^T,SVD normal-system solve,1.4549804687236085,1.4549804687236085,75.10900986276457,75.10900986276457,109.28214237549133,109.28214237549133,75.10900986276455,1.0928214237549133e-10,45.355100385806885,6,True,0.9424237931542936,0.09523809523809523,rms,51.419840528729765,0.48378511714531736,0.6955466318984783,0.4972447582545203,0.7059759901026481,0.9954068722022856,0.991015603396942,0.25,0.14599652685264858,0.0,0.0012040153723161294,0.0,1.0000000000000002,0.3766471747200879,0.9997927509675525,0.9913597424906726,0.9839545003720863,0.3767399267399267,0.16285716350577947,1.656626132517604
r5_final_inverse_map_complete_2026-08-31,har,mlp,1,RidgeAIME,1e-06,1.0,0.1,0.5,90,100,561,661,0.23316270799841732,0.9533333333333334,0.14132980849021132,X ~= Y A^T,SVD normal-system solve,1.450922627697641,1.4509226220699865,80.12620943257554,80.12621043257546,116.25693033736401,116.2569313373639,80.12621043257552,1.1625693133736401e-10,46.58853089270556,1,True,1.0,0.0,rms,25.709920264364882,0.5048166738813367,0.7105045206621395,0.4753885146116944,0.6916794193294011,0.9737837897226018,0.9537762969490208,0.1111111111111111,0.14528374756736326,0.0,0.001176087911008968,0.0,0.09206349206349207,1.0,1.0,0.9732918405894356,0.9470864307614448,0.24385964912280697,0.16164425206276353,1.6682790157658678
r5_final_inverse_map_complete_2026-08-31,har,mlp,1,HuberRidgeAIME,1e-06,0.5,0.1,0.5,90,100,561,661,0.23316270799841732,0.9533333333333334,0.14132980849021132,X ~= Y A^T,SVD normal-system solve,1.9501196795603324,1.9501196605346618,49.938821486800336,49.93882248680032,97.38667855545971,97.38667955545978,49.93882248680035,9.738667955545972e-11,43.74744222075459,12,True,0.7586856946897867,0.7047619047619048,rms,12.854960132182441,0.48406008100266007,0.695744264081753,0.4969590125470349,0.7057498186312946,0.9955414967561419,0.9892933906228792,0.3333333333333333,0.14576652649228714,0.01,0.0009397374658149755,0.0,1.0000000000000002,0.09390194910539154,0.8260938367245682,0.9949026690254378,0.9920350222150571,0.49743589743589733,0.2900612607550725,1.6409526662295326
r5_final_inverse_map_complete_2026-08-31,har,mlp,1,HuberRidgeAIME,1e-06,1.0,0.1,0.5,90,100,561,661,0.23316270799841732,0.9533333333333334,0.14132980849021132,X ~= Y A^T,SVD normal-system solve,1.4529632976282973,1.4529632914596837,73.43031459228267,73.43031559228264,106.6915520358863,106.69155303588632,73.4303155922827,1.0669155303588624e-10,44.474438332879465,7,True,0.9123549619581907,0.1523809523809524,rms,25.709920264364882,0.48274343686555937,0.6947974070659442,0.49832728477778643,0.7066455487141314,0.9976400956371367,0.9951876226550108,0.42857142857142855,0.14594045803782524,0.0,0.001110770482713896,0.0,1.0,0.18797350842626614,0.9858062282254136,0.9942757059274083,0.9903167364786902,0.3904761904761905,0.16225464215907828,1.6481104720910633
r5_final_inverse_map_complete_2026-08-31,har,mlp,1,HuberRidgeAIME,1e-06,2.0,0.1,0.5,90,100,561,661,0.23316270799841732,0.9533333333333334,0.14132980849021132,X ~= Y A^T,SVD normal-system solve,1.454980468723726,1.4549804626661247,75.1090098626813,75.10901086268127,109.28214237537901,109.28214337537898,75.1090108626813,1.0928214337537897e-10,45.355099902234464,6,True,0.9424237931441027,0.09523809523809523,rms,51.419840528729765,0.4837851170184802,0.6955466318073004,0.497244758386331,0.7059759900718807,0.9954068722101285,0.991015603396942,0.25,0.14599652684934195,0.0,0.0012040153713580863,0.0,1.0000000000000002,0.3766471747037779,0.9997927509579819,0.9913597425142223,0.9839545003720863,0.3767399267399267,0.1628571616976921,1.656626127887191
r5_final_inverse_map_complete_2026-08-31,har,mlp,1,RidgeAIME,1e-05,1.0,0.1,0.5,90,100,561,661,0.23316270799841732,0.9533333333333334,0.14132980849021132,X ~= Y A^T,SVD normal-system solve,1.450922627697641,1.4509225714211025,80.12620943257554,80.12621943257552,116.25693033736401,116.25694033736399,80.12621943257554,1.1625694033736401e-10,46.58852665114586,1,True,1.0,0.0,rms,25.709920264364882,0.5048166683752136,0.7105045167873414,0.4753885203337229,0.6916794192390345,0.9737837900260743,0.9537762969490208,0.1111111111111111,0.1452837475097736,0.0,0.0011760879052144597,0.0,0.09206349206349207,1.0,1.0,0.9732918409834417,0.9470864307614448,0.24385964912280697,0.1616442369023884,1.6682789762263928
r5_final_inverse_map_complete_2026-08-31,har,mlp,1,HuberRidgeAIME,1e-05,0.5,0.1,0.5,90,100,561,661,0.23316270799841732,0.9533333333333334,0.14132980849021132,X ~= Y A^T,SVD normal-system solve,1.9501196460715207,1.9501194558148405,49.93882246679031,49.938832466790345,97.38667879416563,97.38668879416568,49.93883246679039,9.738668879416559e-11,43.74743613954413,12,True,0.7586856995848547,0.7047619047619048,rms,12.854960132182441,0.4840600859543051,0.6957442676402767,0.49695900740122656,0.7057498162906714,0.9955414949849707,0.9892933906228792,0.3333333333333333,0.14576652632812487,0.01,0.0009397374700187743,0.0,1.0000000000000002,0.09390194908310903,0.8260938421182483,0.9949026692565683,0.9920350222150571,0.49743589743589733,0.29006121516366845,1.6409526058594583
r5_final_inverse_map_complete_2026-08-31,har,mlp,1,HuberRidgeAIME,1e-05,1.0,0.1,0.5,90,100,561,661,0.23316270799841732,0.9533333333333334,0.14132980849021132,X ~= Y A^T,SVD normal-system solve,1.4529632980163538,1.4529632363302176,73.43031459877916,73.43032459877915,106.69155207382059,106.69156207382055,73.43032459877911,1.0669156207382054e-10,44.474433860019786,7,True,0.9123549611625529,0.1523809523809524,rms,25.709920264364882,0.4827434377821247,0.694797407725536,0.4983272838252809,0.7066455481676645,0.9976400955873174,0.9951876226550108,0.42857142857142855,0.14594045800871536,0.0,0.0011107704783672782,0.0,1.0,0.18797350838326696,0.9858062273534597,0.99427570608757,0.9903167364786902,0.3904761904761905,0.16225462568073812,1.6481104284134263
r5_final_inverse_map_complete_2026-08-31,har,mlp,1,HuberRidgeAIME,1e-05,2.0,0.1,0.5,90,100,561,661,0.23316270799841732,0.9533333333333334,0.14132980849021132,X ~= Y A^T,SVD normal-system solve,1.4549804687247783,1.454980408148769,75.10900986193202,75.10901986193203,109.28214237436785,109.28215237436785,75.10901986193197,1.092821523743679e-10,45.355095550083426,6,True,0.9424237930523846,0.09523809523809523,rms,51.419840528729765,0.4837851158769505,0.6955466309867013,0.49724475957262215,0.705975989794973,0.9954068722807136,0.991015603396942,0.25,0.14599652681958222,0.0,0.0012040153627356953,0.0,1.0000000000000002,0.37664717455698815,0.9997927508718476,0.9913597427261693,0.9839545003720863,0.3767399267399267,0.16285714542490506,1.6566260862134814
r5_final_inverse_map_complete_2026-08-31,har,mlp,1,RidgeAIME,0.0001,1.0,0.1,0.5,90,100,561,661,0.23316270799841732,0.9533333333333334,0.14132980849021132,X ~= Y A^T,SVD normal-system solve,1.450922627697641,1.4509220649328878,80.12620943257554,80.12630943257551,116.25693033736401,116.25703033736399,80.12630943257554,1.1625703033736401e-10,46.588484235592475,1,True,1.0,0.0,rms,25.709920264364882,0.5048166133145032,0.7105044780397258,0.4753885775534673,0.6916794183353648,0.9737837930607951,0.9537762969490208,0.1111111111111111,0.14528374693387747,0.0,0.001176087847269441,0.0,0.09206349206349207,1.0,1.0,0.9732918449234923,0.9470864307614448,0.24385964912280697,0.1616440852987953,1.6682785808318505
r5_final_inverse_map_complete_2026-08-31,har,mlp,1,HuberRidgeAIME,0.0001,0.5,0.1,0.5,90,100,561,661,0.23316270799841732,0.9533333333333334,0.14132980849021132,X ~= Y A^T,SVD normal-system solve,1.9501193111880326,1.950117408625707,49.93883226656193,49.93893226656195,97.38668118120245,97.3867811812025,49.93893226656194,9.73867811812025e-11,43.74737532755507,12,True,0.758685748534989,0.7047619047619048,rms,12.854960132182441,0.4840601354716073,0.6957443032261258,0.4969589559422577,0.7057497928844292,0.9955414772732376,0.9892933906228792,0.3333333333333333,0.14576652468650775,0.01,0.0009397375120566293,0.0,1.0000000000000002,0.09390194886028315,0.8260938960544522,0.9949026715678546,0.9920350222150571,0.49743589743589733,0.2900607592513867,1.6409520021594026
r5_final_inverse_map_complete_2026-08-31,har,mlp,1,HuberRidgeAIME,0.0001,1.0,0.1,0.5,90,100,561,661,0.23316270799841732,0.9533333333333334,0.14132980849021132,X ~= Y A^T,SVD normal-system solve,1.4529633018969053,1.4529626850362982,73.43031466374421,73.43041466374417,106.69155245316253,106.6916524531625,73.43041466374423,1.0669165245316249e-10,44.47438913147305,7,True,0.9123549532061803,0.1523809523809524,rms,25.709920264364882,0.48274344694828586,0.6947974143218193,0.49832727429969725,0.7066455427029947,0.9976400950891248,0.9951876226550108,0.42857142857142855,0.14594045771761657,0.0,0.001110770434901133,0.0,1.0,0.18797350795327447,0.9858062186339227,0.9942757076891786,0.9903167364786902,0.3904761904761905,0.16225446089752368,1.6481099916373032
r5_final_inverse_map_complete_2026-08-31,har,mlp,1,HuberRidgeAIME,0.0001,2.0,0.1,0.5,90,100,561,661,0.23316270799841732,0.9533333333333334,0.14132980849021132,X ~= Y A^T,SVD normal-system solve,1.4549804687353103,1.4549798629759423,75.10900985443878,75.10910985443883,109.28214236425637,109.2822423642564,75.10910985443884,1.0928224236425641e-10,45.355052028620086,6,True,0.9424237921352021,0.09523809523809523,rms,51.419840528729765,0.4837851044621565,0.6955466227810732,0.4972447714350118,0.7059759870258918,0.9954068729865658,0.991015603396942,0.25,0.145996526521985,0.0,0.0012040152765118914,0.0,1.0000000000000002,0.3766471730890887,0.9997927500105073,0.9913597448456342,0.9839545003720863,0.3767399267399267,0.1628569826972193,1.656625669476614
r5_final_inverse_map_complete_2026-08-31,har,mlp,1,RidgeAIME,0.001,1.0,0.1,0.5,90,100,561,661,0.23316270799841732,0.9533333333333334,0.14132980849021132,X ~= Y A^T,SVD normal-system solve,1.450922627697641,1.450917000113318,80.12620943257554,80.12720943257551,116.25693033736401,116.25793033736403,80.1272094325755,1.1625793033736401e-10,46.588060084423944,1,True,1.0,0.0,rms,25.709920264364882,0.5048160627595796,0.7105040906001735,0.4753891496966852,0.6916794092982718,0.9737838234076533,0.9537762969490208,0.1111111111111111,0.14528374117497067,0.0,0.0011760872678257318,0.0,0.09206349206349207,1.0,1.0,0.9732918843230275,0.9470864307614448,0.24385964912280697,0.16164256927868412,1.668274626907323
r5_final_inverse_map_complete_2026-08-31,har,mlp,1,HuberRidgeAIME,0.001,0.5,0.1,0.5,90,100,561,661,0.23316270799841732,0.9533333333333334,0.14132980849021132,X ~= Y A^T,SVD normal-system solve,1.9501159628184828,1.9500969376424773,49.938930251418086,49.93993025141805,97.38670504936924,97.38770504936925,49.939930251418055,9.738770504936921e-11,43.746767219238905,12,True,0.7586862379819841,0.7047619047619048,rms,12.854960132182441,0.4840606307298227,0.6957446591457406,0.496958441264036,0.705749558820968,0.9955413001537874,0.9892933906228792,0.3333333333333333,0.1457665082709142,0.01,0.0009397379324221986,0.0,1.0000000000000002,0.09390194663193677,0.8260944353566394,0.9949026946788088,0.9920355540634255,0.49743589743589733,0.29005620030448453,1.6409459652275937
r5_final_inverse_map_complete_2026-08-31,har,mlp,1,HuberRidgeAIME,0.001,1.0,0.1,0.5,90,100,561,661,0.23316270799841732,0.9533333333333334,0.14132980849021132,X ~= Y A^T,SVD normal-system solve,1.4529633407020168,1.4529571721710728,73.43031531338158,73.4313153133816,106.69155624653337,106.69255624653333,73.4313153133816,1.066925562465333e-10,44.473941851027526,7,True,0.9123548736426788,0.1523809523809524,rms,25.709920264364882,0.4827435386605932,0.6947974803211315,0.49832717899117784,0.7066454880560923,0.9976400901071563,0.9951876226550108,0.42857142857142855,0.14594045480664083,0.0,0.0011107700002431374,0.0,1.0,0.18797350365323903,0.9858061314388105,0.9942757237045532,0.9903167364786902,0.3904761904761905,0.16225281308405012,1.6481056239009508
r5_final_inverse_map_complete_2026-08-31,har,mlp,1,HuberRidgeAIME,0.001,2.0,0.1,0.5,90,100,561,661,0.23316270799841732,0.9533333333333334,0.14132980849021132,X ~= Y A^T,SVD normal-system solve,1.454980468840624,1.4549744113195264,75.1090097795059,75.11000977950592,109.2821422631405,109.28314226314049,75.1100097795059,1.092831422631405e-10,45.35461681868982,6,True,0.942423782963455,0.09523809523809523,rms,51.419840528729765,0.48378499036447586,0.6955465407609155,0.49724489000667715,0.7059759593348365,0.9954068800449811,0.991015603396942,0.25,0.14599652354604636,0.0,0.0012040144142844342,0.0,1.0000000000000002,0.376647158409957,0.9997927413972012,0.9913597660395442,0.9839545003720863,0.3767399267399267,0.16285535543845472,1.6566215021309805
r5_final_inverse_map_complete_2026-08-31,har,mlp,1,RidgeAIME,0.01,1.0,0.1,0.5,90,100,561,661,0.23316270799841732,0.9533333333333334,0.14132980849021132,X ~= Y A^T,SVD normal-system solve,1.450922627697641,1.4508663581746766,80.12620943257554,80.13620943257551,116.25693033736401,116.266930337364,80.13620943257554,1.1626693033736402e-10,46.583819009214984,1,True,1.0,0.0,rms,25.709920264364882,0.504810562427263,0.7105002198643312,0.4753948657073799,0.6916793188876447,0.9737841268411745,0.9537745518210545,0.1111111111111111,0.1452836835913344,0.0,0.0011760814740358265,0.0,0.09206349206349207,1.0,1.0,0.9732922782211124,0.9470849681784319,0.24385964912280697,0.16162741065945482,1.6682350897512674
r5_final_inverse_map_complete_2026-08-31,har,mlp,1,HuberRidgeAIME,0.01,0.5,0.1,0.5,90,100,561,661,0.23316270799841732,0.9533333333333334,0.14132980849021132,X ~= Y A^T,SVD normal-system solve,1.9500825256319787,1.94989231857291,49.93990881454011,49.94990881454011,97.3869435108891,97.39694351088905,49.94990881454013,9.739694351088907e-11,43.74068729316702,12,True,0.758691127018679,0.7047619047619048,rms,12.854960132182441,0.4840655918280049,0.6957482244519241,0.4969532856318607,0.7057472180825936,0.9955395287475256,0.9892965484734849,0.3333333333333333,0.14576634417272624,0.01,0.0009397421347798023,0.0,1.0000000000000002,0.09390192433970697,0.8260998223952183,0.9949029255974894,0.9920363767663704,0.49743589743589733,0.29001062841848757,1.640885602782204
r5_final_inverse_map_complete_2026-08-31,har,mlp,1,HuberRidgeAIME,0.01,1.0,0.1,0.5,90,100,561,661,0.23316270799841732,0.9533333333333334,0.14132980849021132,X ~= Y A^T,SVD normal-system solve,1.4529637287122845,1.4529020509149164,73.4303218084346,73.4403218084346,106.69159417532612,106.70159417532611,73.44032180843465,1.0670159417532613e-10,44.46946954869928,7,True,0.9123540780301133,0.1523809523809524,rms,25.709920264364882,0.48274446085211026,0.6947981439613309,0.4983262206387964,0.7066449415666515,0.9976400402832825,0.9951895963116395,0.42857142857142855,0.14594042569807492,0.0,0.0011107656540084731,0.0,1.0,0.1879734606418863,0.9858052595135349,0.9942758837869599,0.9903177420045116,0.3904761904761905,0.1622363368162413,1.6480619490251252
r5_final_inverse_map_complete_2026-08-31,har,mlp,1,HuberRidgeAIME,0.01,2.0,0.1,0.5,90,100,561,661,0.23316270799841732,0.9533333333333334,0.14132980849021132,X ~= Y A^T,SVD normal-system solve,1.4549804698946975,1.454919901940492,75.10900903003773,75.11900903003772,109.28214125184937,109.2921412518494,75.1190090300377,1.0929214125184935e-10,45.35026518966434,6,True,0.942423691253679,0.09523809523809523,rms,51.419840528729765,0.48378385441257493,0.6955457241710101,0.49724607050138914,0.7059756823996897,0.995406950618469,0.9910165798375896,0.25,0.14599649379000731,0.0,0.0012040057930676107,0.0,1.0000000000000002,0.3766470116049019,0.9997926552740096,0.9913599779051084,0.9839552233534621,0.3767399267399267,0.16283908466021957,1.6565798309787192
r5_final_inverse_map_complete_2026-08-31,har,mlp,1,RidgeAIME,0.1,1.0,0.1,0.5,90,100,561,661,0.23316270799841732,0.9533333333333334,0.14132980849021132,X ~= Y A^T,SVD normal-system solve,1.450922627697641,1.4503605637152008,80.12620943257554,80.2262094325755,116.25693033736401,116.35693033736396,80.22620943257552,1.1635693033736401e-10,46.54145185824432,1,True,1.0,0.0,rms,25.709920264364882,0.5047560797804613,0.710461877781251,0.4754514847212622,0.6916784108214354,0.9737871576745282,0.9537755698123681,0.1111111111111111,0.14528310829762553,0.0,0.0011760236007824364,0.0,0.09206349206349207,1.0,1.0,0.9732962074926335,0.9471001341670613,0.24385964912280697,0.16147598248725936,1.6678399269564947
r5_final_inverse_map_complete_2026-08-31,har,mlp,1,HuberRidgeAIME,0.1,0.5,0.1,0.5,90,100,561,661,0.23316270799841732,0.9533333333333334,0.14132980849021132,X ~= Y A^T,SVD normal-system solve,1.9497527830611183,1.9478551586642434,49.94956642765581,50.049566427655805,97.38930615501812,97.48930615501808,50.0495664276558,9.748930615501806e-11,43.680003408501356,12,True,0.7587394757727707,0.7047619047619048,rms,12.854960132182441,0.4841160511077476,0.6957844861074064,0.4969008477488289,0.7057238003862333,0.9955217936707959,0.9892740280125867,0.3333333333333333,0.14576470894853685,0.01,0.0009397840287053673,0.0,1.0000000000000002,0.09390170054408668,0.8261530963379169,0.9949052122124087,0.9920406897242326,0.5164835164835164,0.2895566598672596,1.640282663586179
r5_final_inverse_map_complete_2026-08-31,har,mlp,1,HuberRidgeAIME,0.1,1.0,0.1,0.5,90,100,561,661,0.23316270799841732,0.9533333333333334,0.14132980849021132,X ~= Y A^T,SVD normal-system solve,1.4529676047342943,1.452351576959231,73.43038662701233,73.53038662701233,106.69197297216326,106.79197297216331,73.53038662701236,1.0679197297216327e-10,44.42479668050178,7,True,0.9123461241614643,0.1523809523809524,rms,25.709920264364882,0.4827541884621932,0.6948051442398748,0.49831611159082134,0.7066394746419389,0.997639541627489,0.9951894093336431,0.42857142857142855,0.14594013473191503,0.0,0.001110722093810433,0.0,1.0,0.18797302943143307,0.9857965428578661,0.9942774774921228,0.990322661601919,0.3904761904761905,0.16207176061404482,1.6476254488411388
r5_final_inverse_map_complete_2026-08-31,har,mlp,1,HuberRidgeAIME,0.1,2.0,0.1,0.5,90,100,561,661,0.23316270799841732,0.9533333333333334,0.14132980849021132,X ~= Y A^T,SVD normal-system solve,1.4549804805286675,1.4543755257076696,75.10900152148375,75.20900152148376,109.28213112575683,109.38213112575686,75.20900152148378,1.0938213112575691e-10,45.30679587473493,6,True,0.9424227749248532,0.09523809523809523,rms,51.419840528729765,0.4837729963119441,0.6955379186729823,0.4972573543685733,0.7059729105980528,0.9954076552887772,0.9910260949400724,0.25,0.1459961965640271,0.0,0.0012039196865480794,0.0,1.0000000000000002,0.3766455421850614,0.999791795027839,0.991362089221591,0.9839647716937003,0.3767399267399267,0.16267655761363195,1.6561633496846841
r5_final_inverse_map_complete_2026-08-31,har,mlp,1,RidgeAIME,1.0,1.0,0.1,0.5,90,100,561,661,0.23316270799841732,0.9533333333333334,0.14132980849021132,X ~= Y A^T,SVD normal-system solve,1.450922627697641,1.4453643422698916,80.12620943257554,81.12620943257552,116.25693033736401,117.256930337364,81.12620943257551,1.17256930337364e-10,46.12209444173233,1,True,1.0,0.0,rms,25.709920264364882,0.5042623208158918,0.7101143012331831,0.4759646049037535,0.6916689435986898,0.9738171198624372,0.9537575991493822,0.1111111111111111,0.14527740912675635,0.0,0.0011754512600004982,0.0,0.09206349206349207,1.0,1.0,0.9733345463269254,0.9471958668733673,0.24385964912280697,0.15997733629146252,1.6639090207352756
r5_final_inverse_map_complete_2026-08-31,har,mlp,1,HuberRidgeAIME,1.0,0.5,0.1,0.5,90,100,561,661,0.23316270799841732,0.9533333333333334,0.14132980849021132,X ~= Y A^T,SVD normal-system solve,1.946897631768501,1.9283433255124274,50.03384727513462,51.03384727513465,97.41077876822645,98.41077876822648,51.033847275134626,9.841077876822654e-11,43.084381659944874,12,True,0.75917046465748,0.7063492063492064,rms,12.854960132182441,0.48470228975569263,0.6962056375494906,0.4962916215805927,0.705488652643353,0.9953424932576641,0.9890075843677342,0.3333333333333333,0.14574891595290002,0.01,0.0009401843749463429,0.0,1.0000000000000002,0.09389937840476024,0.826628022354434,0.994926176821789,0.9921063813078568,0.4945054945054944,0.2851843589762301,1.6343198644023786
r5_final_inverse_map_complete_2026-08-31,har,mlp,1,HuberRidgeAIME,1.0,1.0,0.1,0.5,90,100,561,661,0.23316270799841732,0.9533333333333334,0.14132980849021132,X ~= Y A^T,SVD normal-system solve,1.4530060031555208,1.4469197503270042,73.43101953191766,74.43101953191766,106.69571219770665,107.69571219770667,74.4310195319177,1.0769571219770663e-10,43.983392545670505,7,True,0.9122603853780019,0.15079365079365079,rms,25.709920264364882,0.48289891967608517,0.6949092888111982,0.49816570519374626,0.7065860266738244,0.9976348760741548,0.9951910090342789,0.3333333333333333,0.1459373524221677,0.0,0.0011102813444127757,0.0,1.0,0.18796861542285626,0.9857025578559713,0.9942921476712874,0.9903421737889335,0.4534798534798535,0.1604444447633867,1.6432887245027339
r5_final_inverse_map_complete_2026-08-31,har,mlp,1,HuberRidgeAIME,1.0,2.0,0.1,0.5,90,100,561,661,0.23316270799841732,0.9533333333333334,0.14132980849021132,X ~= Y A^T,SVD normal-system solve,1.4549805959270385,1.449002576983516,75.10892508462936,76.10892508462938,109.28202857907333,110.28202857907333,76.10892508462933,1.1028202857907328e-10,44.87674846676069,6,True,0.9424136880984502,0.09523809523809523,rms,51.419840528729765,0.4837135022780865,0.695495148996804,0.49731918127542607,0.7059449563393643,0.9954145971774438,0.9910332001039355,0.25,0.1459932573975293,0.0,0.0012030690611049256,0.0,1.0000000000000002,0.37663071552246463,0.9997832902127983,0.9913824829239004,0.9840340948044648,0.3767399267399267,0.16106915784434625,1.6520213826932961
r5_final_inverse_map_complete_2026-08-31,har,lgbm,2,RidgeAIME,0.0,1.0,0.1,0.5,90,100,561,661,11.498501874972135,0.98,0.07126490177054959,X ~= Y A^T,SVD normal-system solve,1.3863222363517613,1.3863222363517613,85.83892742594855,85.83892742594855,119.00041383517754,119.00041383517754,85.83892742594848,1.190004138351775e-10,46.47585150214321,1,True,1.0,0.0,rms,25.709920264364882,0.5598081432073668,0.7482032766617417,0.4585895027225654,0.6785184738805051,0.977340300931569,0.9585972752818861,0.17647058823529413,0.14645734399860597,0.01,0.0011519997318749624,0.0,0.0873015873015873,1.0,1.0,0.9777724098674987,0.9605256490108243,0.2519607843137255,0.14186418929724207,1.6672273553948658
r5_final_inverse_map_complete_2026-08-31,har,lgbm,2,HuberRidgeAIME,0.0,0.5,0.1,0.5,90,100,561,661,11.498501874972135,0.98,0.07126490177054959,X ~= Y A^T,SVD normal-system solve,1.9653528823101605,1.9653528823101605,49.5099709884608,49.5099709884608,97.30456418526386,97.30456418526386,49.509970988460815,9.73045641852638e-11,44.32188301081313,11,True,0.7619886032822165,0.7476190476190476,rms,12.854960132182441,0.539122569279589,0.7342496641331129,0.47859526184307666,0.6924968961176844,0.9977675158094199,0.9940183245916001,0.6666666666666666,0.1479087910420813,0.01,0.0008115156731426981,0.0,1.0,0.09525927599048559,0.8257627128492516,0.9951855690226241,0.994273463965819,0.4564102564102564,0.29344053999422537,1.646618203070409
r5_final_inverse_map_complete_2026-08-31,har,lgbm,2,HuberRidgeAIME,0.0,1.0,0.1,0.5,90,100,561,661,11.498501874972135,0.98,0.07126490177054959,X ~= Y A^T,SVD normal-system solve,1.4578625256817652,1.4578625256817652,76.305033642611,76.305033642611,111.24224906844893,111.24224906844893,76.305033642611,1.112422490684489e-10,44.965861747779726,7,True,0.9193052003155149,0.13968253968253969,rms,25.709920264364882,0.5365747090059775,0.7325125998957134,0.4810593887309531,0.6941786305312401,0.9986346626578072,0.9968324888645678,0.25,0.14734386000954333,0.01,0.0010071367770497128,0.0,1.0,0.19067537439572552,0.9890002271426254,0.9947123013544678,0.9930570020953995,0.35238095238095235,0.16371657257404054,1.652882920861217
r5_final_inverse_map_complete_2026-08-31,har,lgbm,2,HuberRidgeAIME,0.0,2.0,0.1,0.5,90,100,561,661,11.498501874972135,0.98,0.07126490177054959,X ~= Y A^T,SVD normal-system solve,1.402734946911225,1.402734946911225,80.8166662915848,80.8166662915848,113.36436210006838,113.36436210006838,80.81666629158478,1.1336436210006841e-10,45.62176065933158,6,True,0.9458244284632958,0.08888888888888889,rms,51.419840528729765,0.5391259940377681,0.7342519962776867,0.47859194963683016,0.6923842210724788,0.9961396036424798,0.9910422581490936,0.25,0.1468317303706661,0.01,0.0011430894481657319,0.0,1.0,0.38206570794344447,0.9997491756434556,0.9924035763683546,0.9869932160247578,0.37912087912087916,0.1469756168811315,1.659172041788443
r5_final_inverse_map_complete_2026-08-31,har,lgbm,2,RidgeAIME,1e-06,1.0,0.1,0.5,90,100,561,661,11.498501874972135,0.98,0.07126490177054959,X ~= Y A^T,SVD normal-system solve,1.3863222363517613,1.3863222318512134,85.83892742594855,85.83892842594852,119.00041383517754,119.00041483517752,85.83892842594858,1.1900041483517745e-10,46.4758510352015,1,True,1.0,0.0,rms,25.709920264364882,0.5598081427451862,0.7482032763528814,0.4585895031695567,0.6785184738854239,0.9773403009243338,0.9585972752818861,0.17647058823529413,0.14645734399101443,0.01,0.0011519997321169102,0.0,0.0873015873015873,1.0,1.0,0.9777724098849688,0.9605256490108243,0.2519607843137255,0.14186418788735117,1.66722735103152
r5_final_inverse_map_complete_2026-08-31,har,lgbm,2,HuberRidgeAIME,1e-06,0.5,0.1,0.5,90,100,561,661,11.498501874972135,0.98,0.07126490177054959,X ~= Y A^T,SVD normal-system solve,1.9653528776938078,1.9653528581956592,49.50997111525268,49.50997211525265,97.30456420589917,97.30456520589918,49.509972115252666,9.730456520589913e-11,44.32188231299042,11,True,0.7619886037690327,0.7476190476190476,rms,12.854960132182441,0.5391225696936897,0.7342496644151019,0.47859526144258524,0.6924968960200255,0.9977675156792368,0.9940183245916001,0.6666666666666666,0.14790879105267069,0.01,0.0008115156750651317,0.0,1.0,0.09525927598890745,0.8257627133827837,0.9951855690500337,0.994273463965819,0.4564102564102564,0.2934405346655157,1.6466181962326907
r5_final_inverse_map_complete_2026-08-31,har,lgbm,2,HuberRidgeAIME,1e-06,1.0,0.1,0.5,90,100,561,661,11.498501874972135,0.98,0.07126490177054959,X ~= Y A^T,SVD normal-system solve,1.457862526659117,1.457862520658694,76.30503359183412,76.3050345918341,111.24224906900008,111.2422500690001,76.30503459183412,1.1124225006900009e-10,44.965861246220925,7,True,0.9193052001912928,0.13968253968253969,rms,25.709920264364882,0.5365747091132242,0.7325125999689182,0.48105938862723097,0.6941786305269584,0.9986346626522424,0.9968324888645678,0.25,0.14734386000949243,0.01,0.0010071367774975156,0.0,1.0,0.19067537439273252,0.9890002270068071,0.9947123013725505,0.9930570020953995,0.35238095238095235,0.16371657107767715,1.652882916017004
r5_final_inverse_map_complete_2026-08-31,har,lgbm,2,HuberRidgeAIME,1e-06,2.0,0.1,0.5,90,100,561,661,11.498501874972135,0.98,0.07126490177054959,X ~= Y A^T,SVD normal-system solve,1.4027349469638957,1.40273494198058,80.81666628851833,80.81666728851836,113.36436210002363,113.36436310002362,80.8166672885183,1.1336436310002368e-10,45.62176017354014,6,True,0.9458244284575567,0.08888888888888889,rms,51.419840528729765,0.5391259939589104,0.7342519962239874,0.47859194971309627,0.6923842210828496,0.9961396036423887,0.9910422581490936,0.25,0.1468317303682076,0.01,0.0011430894484601175,0.0,1.0,0.38206570793117783,0.9997491756383409,0.9924035763882447,0.9869932160247578,0.37912087912087916,0.1469756153545766,1.6591720371639713
r5_final_inverse_map_complete_2026-08-31,har,lgbm,2,RidgeAIME,1e-05,1.0,0.1,0.5,90,100,561,661,11.498501874972135,0.98,0.07126490177054959,X ~= Y A^T,SVD normal-system solve,1.3863222363517613,1.386322191346285,85.83892742594855,85.83893742594847,119.00041383517754,119.00042383517753,85.83893742594849,1.1900042383517753e-10,46.475846832726006,1,True,1.0,0.0,rms,25.709920264364882,0.5598081385855653,0.7482032735731415,0.45858950719247504,0.6785184739296917,0.9773403008592171,0.9585972752818861,0.17647058823529413,0.1464573439226908,0.01,0.0011519997342944442,0.0,0.0873015873015873,1.0,1.0,0.9777724100422025,0.9605256490108243,0.2519607843137255,0.14186417519833364,1.6672273117614054
r5_final_inverse_map_complete_2026-08-31,har,lgbm,2,HuberRidgeAIME,1e-05,0.5,0.1,0.5,90,100,561,661,11.498501874972135,0.98,0.07126490177054959,X ~= Y A^T,SVD normal-system solve,1.965352836146699,1.9653526411652442,49.50997225637774,49.50998225637773,97.30456439161638,97.30457439161636,49.50998225637775,9.730457439161643e-11,44.32187603258716,11,True,0.7619886081503714,0.7476190476190476,rms,12.854960132182441,0.5391225734206062,0.7342496669530101,0.4785952578381507,0.6924968951410941,0.997767514507587,0.9940183245916001,0.6666666666666666,0.1479087911479753,0.01,0.0008115156923670274,0.0,1.0,0.09525927597470377,0.8257627181845656,0.9951855692967188,0.994273463965819,0.4564102564102564,0.29344048670714706,1.6466181346932314
r5_final_inverse_map_complete_2026-08-31,har,lgbm,2,HuberRidgeAIME,1e-05,1.0,0.1,0.5,90,100,561,661,11.498501874972135,0.98,0.07126490177054959,X ~= Y A^T,SVD normal-system solve,1.457862535455287,1.457862475451057,76.3050331348421,76.30504313484211,111.2422490739606,111.2422590739606,76.3050431348421,1.1124225907396061e-10,44.965856732192194,7,True,0.9193051990732931,0.13968253968253969,rms,25.709920264364882,0.5365747100784505,0.7325126006277642,0.48105938769372614,0.6941786304884235,0.9986346626021588,0.9968324888645678,0.25,0.14734386000903443,0.01,0.001007136781527741,0.0,1.0,0.1906753743657957,0.9890002257844449,0.9947123015352979,0.9930570020953995,0.35238095238095235,0.16371655761040757,1.6528828724190874
r5_final_inverse_map_complete_2026-08-31,har,lgbm,2,HuberRidgeAIME,1e-05,2.0,0.1,0.5,90,100,561,661,11.498501874972135,0.98,0.07126490177054959,X ~= Y A^T,SVD normal-system solve,1.402734947437928,1.4027348976047793,80.81666626092056,80.81667626092056,113.36436209962098,113.36437209962101,80.81667626092062,1.1336437209962098e-10,45.62175580141781,6,True,0.9458244284059046,0.08888888888888889,rms,51.419840528729765,0.5391259932491952,0.7342519957406961,0.4785919503994872,0.692384221176186,0.9961396036415661,0.9910422581490936,0.25,0.14683173034608077,0.01,0.0011430894511095908,0.0,1.0,0.38206570782077803,0.9997491755923081,0.9924035765672554,0.9869932160247578,0.37912087912087916,0.14697560161558354,1.6591719955437294
r5_final_inverse_map_complete_2026-08-31,har,lgbm,2,RidgeAIME,0.0001,1.0,0.1,0.5,90,100,561,661,11.498501874972135,0.98,0.07126490177054959,X ~= Y A^T,SVD normal-system solve,1.3863222363517613,1.3863217862974595,85.83892742594855,85.8390274259485,119.00041383517754,119.00051383517754,85.83902742594846,1.190005138351775e-10,46.47580480801456,1,True,1.0,0.0,rms,25.709920264364882,0.5598080969898597,0.748203245776079,0.4585895474211711,0.6785184743723643,0.9773403002080508,0.9585972752818861,0.17647058823529413,0.14645734323945545,0.01,0.00115199975606975,0.0,0.0873015873015873,1.0,1.0,0.9777724116145319,0.9605256490108243,0.2519607843137255,0.1418640483082812,1.6672269190604698
r5_final_inverse_map_complete_2026-08-31,har,lgbm,2,HuberRidgeAIME,0.0001,0.5,0.1,0.5,90,100,561,661,11.498501874972135,0.98,0.07126490177054959,X ~= Y A^T,SVD normal-system solve,1.9653524206811952,1.9653504708714808,49.50998366747017,49.510083667470184,97.30456624874894,97.30466624874894,49.51008366747017,9.730466624874897e-11,44.32181322868087,11,True,0.7619886519631789,0.7476190476190476,rms,12.854960132182441,0.5391226106907709,0.7342496923327724,0.4785952217928401,0.6924968863517089,0.997767502791038,0.9940183245916001,0.6666666666666666,0.14790879210101607,0.01,0.0008115158653855649,0.0,1.0,0.09525927583266616,0.8257627662017496,0.9951855717635482,0.994273463965819,0.4564102564102564,0.29344000712546475,1.6466175192993964
r5_final_inverse_map_complete_2026-08-31,har,lgbm,2,HuberRidgeAIME,0.0001,1.0,0.1,0.5,90,100,561,661,11.498501874972135,0.98,0.07126490177054959,X ~= Y A^T,SVD normal-system solve,1.4578626234169547,1.4578620233752109,76.30502856492397,76.30512856492398,111.24224912356573,111.24234912356567,76.30512856492399,1.1124234912356573e-10,44.96581159195468,7,True,0.9193051878933014,0.13968253968253969,rms,25.709920264364882,0.5365747197312353,0.7325126072165825,0.48105937835817236,0.6941786301030667,0.9986346621013231,0.9968324888645678,0.25,0.1473438600044548,0.01,0.001007136821829913,0.0,1.0,0.19067537409642607,0.9890002135608288,0.9947123031627612,0.9930570020953995,0.35238095238095235,0.16371642293784475,1.6528824364401618
r5_final_inverse_map_complete_2026-08-31,har,lgbm,2,HuberRidgeAIME,0.0001,2.0,0.1,0.5,90,100,561,661,11.498501874972135,0.98,0.07126490177054959,X ~= Y A^T,SVD normal-system solve,1.4027349521782488,1.4027344538473054,80.81666598494294,80.81676598494295,113.36436209559446,113.36446209559443,80.81676598494293,1.1336446209559443e-10,45.62171208024192,6,True,0.9458244278893856,0.08888888888888889,rms,51.419840528729765,0.5391259861525517,0.7342519909081293,0.47859195726290527,0.6923842221095455,0.99613960363334,0.9910422581490936,0.25,0.14683173012481265,0.01,0.0011430894776042811,0.0,1.0,0.3820657067167772,0.9997491751319829,0.9924035783573574,0.9869932160247578,0.37912087912087916,0.14697546422579377,1.6591715793415427
r5_final_inverse_map_complete_2026-08-31,har,lgbm,2,RidgeAIME,0.001,1.0,0.1,0.5,90,100,561,661,11.498501874972135,0.98,0.07126490177054959,X ~= Y A^T,SVD normal-system solve,1.3863222363517613,1.3863177358559202,85.83892742594855,85.83992742594856,119.00041383517754,119.00141383517752,85.83992742594855,1.1900141383517752e-10,46.47538456517856,1,True,1.0,0.0,rms,25.709920264364882,0.559807681083105,0.7482029678390115,0.45858994965948363,0.6785184787985594,0.9773402936964641,0.9585972752818861,0.17647058823529413,0.14645733640717315,0.01,0.0011519999738196546,0.0,0.0873015873015873,1.0,1.0,0.9777724273371723,0.9605256490108243,0.2519607843137255,0.14186277942035275,1.6672229920715638
r5_final_inverse_map_complete_2026-08-31,har,lgbm,2,HuberRidgeAIME,0.001,0.5,0.1,0.5,90,100,561,661,11.498501874972135,0.98,0.07126490177054959,X ~= Y A^T,SVD normal-system solve,1.9653482665876685,1.9653287689737955,49.510097762547254,49.511097762547266,97.30458481620825,97.30558481620825,49.51109776254728,9.730558481620819e-11,44.32118520222064,11,True,0.7619890900332446,0.7476190476190476,rms,12.854960132182441,0.5391229834923127,0.7342499461983724,0.4785948612431222,0.692496798450734,0.9977673856204268,0.9940183245916001,0.6666666666666666,0.14790880163089043,0.01,0.0008115175955293877,0.0,1.0,0.09525927441213539,0.8257632463100463,0.9951855964296176,0.9942735886177803,0.4564102564102564,0.2934352115093198,1.6466113654365757
r5_final_inverse_map_complete_2026-08-31,har,lgbm,2,HuberRidgeAIME,0.001,1.0,0.1,0.5,90,100,561,661,11.498501874972135,0.98,0.07126490177054959,X ~= Y A^T,SVD normal-system solve,1.4578635030304083,1.4578575026686298,76.3049828659359,76.30598286593593,111.2422496196086,111.2432496196086,76.30598286593592,1.1124324961960856e-10,44.96536019457566,7,True,0.9193050760939117,0.13968253968253969,rms,25.709920264364882,0.5365748163113832,0.7325126731404605,0.48105928495205363,0.6941786262486059,0.9986346570928777,0.9968324888645678,0.25,0.1473438599586498,0.01,0.0010071372248435955,0.0,1.0,0.19067537140256494,0.9890000913252579,0.9947123194365497,0.9930570020953995,0.35238095238095235,0.16371507622537468,1.652878076675089
r5_final_inverse_map_complete_2026-08-31,har,lgbm,2,HuberRidgeAIME,0.001,2.0,0.1,0.5,90,100,561,661,11.498501874972135,0.98,0.07126490177054959,X ~= Y A^T,SVD normal-system solve,1.4027349995809637,1.40273001632627,80.8166632251941,80.81766322519414,113.36436205532755,113.36536205532755,80.81766322519417,1.1336536205532748e-10,45.62127487320095,6,True,0.9458244227242263,0.08888888888888889,rms,51.419840528729765,0.5391259152368822,0.73425194261703,0.4785920258479881,0.6923842314424512,0.9961396035510738,0.9910422581490936,0.25,0.14683172791214802,0.01,0.0011430897425471348,0.0,1.0,0.3820656956765201,0.9997491705287895,0.9924035962576158,0.9869932160247578,0.37912087912087916,0.1469740903421324,1.6591674173426496
r5_final_inverse_map_complete_2026-08-31,har,lgbm,2,RidgeAIME,0.01,1.0,0.1,0.5,90,100,561,661,11.498501874972135,0.98,0.07126490177054959,X ~= Y A^T,SVD normal-system solve,1.3863222363517613,1.3862772361114633,85.83892742594855,85.84892742594853,119.00041383517754,119.01041383517752,85.84892742594857,1.190104138351775e-10,46.47118256464078,1,True,1.0,0.0,rms,25.709920264364882,0.5598035270447379,0.7482001918235105,0.45859396717870937,0.6785185230072255,0.9773402285883288,0.9585976907885447,0.17647058823529413,0.14645726809149479,0.01,0.0011520021510035559,0.0,0.0873015873015873,1.0,1.0,0.9777725844982458,0.9605229482183288,0.2519607843137255,0.1418500918004766,1.6671837242275946
r5_final_inverse_map_complete_2026-08-31,har,lgbm,2,HuberRidgeAIME,0.01,0.5,0.1,0.5,90,100,561,661,11.498501874972135,0.98,0.07126490177054959,X ~= Y A^T,SVD normal-system solve,1.9653067817722272,1.9651118539316217,49.5112371292841,49.52123712928412,97.30477010411494,97.31477010411497,49.5212371292841,9.7314770104115e-11,44.31490619745935,11,True,0.7619934649348445,0.7476190476190476,rms,12.854960132182441,0.5391267214930093,0.7342524916491665,0.4785912460888224,0.6924959187290719,0.9977662134024627,0.9940141903003467,0.6666666666666666,0.1479088968763242,0.01,0.0008115348928135086,0.0,1.0,0.09525926019140382,0.825768041040739,0.9951858428679656,0.9942716357370527,0.4564102564102564,0.293387275404953,1.646549834358633
r5_final_inverse_map_complete_2026-08-31,har,lgbm,2,HuberRidgeAIME,0.01,1.0,0.1,0.5,90,100,561,661,11.498501874972135,0.98,0.07126490177054959,X ~= Y A^T,SVD normal-system solve,1.457872298843098,1.4578123007898485,76.30452589540913,76.31452589540912,111.24225457927281,111.25225457927284,76.31452589540912,1.1125225457927279e-10,44.96084672030572,7,True,0.9193039581525411,0.13968253968253969,rms,25.709920264364882,0.5365757873417524,0.7325133359480579,0.4810583458338191,0.694178587614804,0.9986346069997883,0.9968350857811842,0.25,0.14734385949978346,0.01,0.0010071412541767747,0.0,1.0,0.19067534444744974,0.9889988690286804,0.9947124820899995,0.9930580242414825,0.35238095238095235,0.1637016104162459,1.6528344814420965
r5_final_inverse_map_complete_2026-08-31,har,lgbm,2,HuberRidgeAIME,0.01,2.0,0.1,0.5,90,100,561,661,11.498501874972135,0.98,0.07126490177054959,X ~= Y A^T,SVD normal-system solve,1.40273547355875,1.4026856464849862,80.81663563045171,80.82663563045175,113.36436165250663,113.37436165250664,80.82663563045176,1.1337436165250667e-10,45.61690327456165,6,True,0.9458243710759429,0.08888888888888889,rms,51.419840528729765,0.5391252111556549,0.7342514631620797,0.4785927067901502,0.6923843247025596,0.9961396027279273,0.9910437539730649,0.25,0.14683170578719243,0.01,0.0011430923915704658,0.0,1.0,0.38206558524900097,0.9997491245028677,0.9924037751844388,0.9869936813920799,0.37912087912087916,0.14696035292882179,1.659125799651325
r5_final_inverse_map_complete_2026-08-31,har,lgbm,2,RidgeAIME,0.1,1.0,0.1,0.5,90,100,561,661,11.498501874972135,0.98,0.07126490177054959,X ~= Y A^T,SVD normal-system solve,1.3863222363517613,1.3858727052161945,85.83892742594855,85.93892742594852,119.00041383517754,119.10041383517749,85.93892742594855,1.1910041383517744e-10,46.42920529656805,1,True,1.0,0.0,rms,25.709920264364882,0.5597624885980548,0.7481727665439679,0.45863365692973534,0.6785189597758953,0.9773395782790536,0.9585946160392707,0.17647058823529413,0.1464565856483907,0.01,0.001152023891369247,0.0,0.0873015873015873,1.0,1.0,0.9777741495887835,0.9605182280640594,0.2519607843137255,0.14172334141500684,1.666791250147566
r5_final_inverse_map_complete_2026-08-31,har,lgbm,2,HuberRidgeAIME,0.1,0.5,0.1,0.5,90,100,561,661,11.498501874972135,0.98,0.07126490177054959,X ~= Y A^T,SVD normal-system solve,1.9648975191784785,1.9629530422910555,49.52247303732434,49.62247303732433,97.30658441462168,97.40658441462168,49.622473037324355,9.740658441462169e-11,44.25224173003509,11,True,0.7620366358749697,0.7476190476190476,rms,12.854960132182441,0.5391650958150028,0.734278622741397,0.4785541329081635,0.6924870506974645,0.9977544403723142,0.9939761922164141,0.6666666666666666,0.1479098440189706,0.01,0.0008117074516456756,0.0,1.0,0.09525911644823085,0.8258153551244838,0.9951882851270005,0.9942730650795426,0.4564102564102564,0.2929099105435612,1.645935276080718
r5_final_inverse_map_complete_2026-08-31,har,lgbm,2,HuberRidgeAIME,0.1,1.0,0.1,0.5,90,100,561,661,11.498501874972135,0.98,0.07126490177054959,X ~= Y A^T,SVD normal-system solve,1.4579602246178918,1.4573607999116454,76.29995813410179,76.39995813410177,111.24230409953077,111.34230409953076,76.39995813410174,1.113423040995307e-10,44.91576187418171,7,True,0.9192927840068013,0.13968253968253969,rms,25.709920264364882,0.5365860193665811,0.7325203201048972,0.48104845007628527,0.6941781923743,0.9986341052068113,0.9968260900620247,0.25,0.1473438548295377,0.01,0.001007181467261694,0.0,1.0,0.19067507324999053,0.9889866519922353,0.9947141001977677,0.9930555145819943,0.35238095238095235,0.16356708369363118,1.6523987707085108
r5_final_inverse_map_complete_2026-08-31,har,lgbm,2,HuberRidgeAIME,0.1,2.0,0.1,0.5,90,100,561,661,11.498501874972135,0.98,0.07126490177054959,X ~= Y A^T,SVD normal-system solve,1.4027402084046627,1.4022424843243697,80.81635995738104,80.91635995738102,113.36435760912292,113.46435760912291,80.91635995738106,1.1346435760912282e-10,45.573234412738515,6,True,0.945823854923886,0.08888888888888889,rms,51.419840528729765,0.5391186768041023,0.7342470134798659,0.47859902639547647,0.6923852504227525,0.9961395944480643,0.9910448135150444,0.25,0.1468314847065993,0.01,0.0011431188413395152,0.0,1.0,0.38206447848573594,0.9997486648440568,0.9924055568915001,0.9870019416620511,0.37912087912087916,0.14682312097593753,1.6587098523208024
r5_final_inverse_map_complete_2026-08-31,har,lgbm,2,RidgeAIME,1.0,1.0,0.1,0.5,90,100,561,661,11.498501874972135,0.98,0.07126490177054959,X ~= Y A^T,SVD normal-system solve,1.3863222363517613,1.3818735144731862,85.83892742594855,86.83892742594857,119.00041383517754,120.0004138351775,86.83892742594855,1.2000041383517748e-10,46.01366193954713,1,True,1.0,0.0,rms,25.709920264364882,0.5594013317466467,0.7479313683398008,0.45898294465069567,0.6785228059066735,0.9773331515057876,0.9586053776617295,0.17647058823529413,0.14644983184589505,0.01,0.0011522381885555638,0.0,0.0873015873015873,1.0,1.0,0.977789161092096,0.960505048196681,0.2519607843137255,0.14046829305245373,1.6628867974215729
r5_final_inverse_map_complete_2026-08-31,har,lgbm,2,HuberRidgeAIME,1.0,0.5,0.1,0.5,90,100,561,661,11.498501874972135,0.98,0.07126490177054959,X ~= Y A^T,SVD normal-system solve,1.9613384442582942,1.9423470456529646,49.61967600366876,50.619676003668765,97.32097813763629,98.32097813763629,50.61967600366876,9.832097813763631e-11,43.63776780190555,11,True,0.7624123125297898,0.7476190476190476,rms,12.854960132182441,0.5396442348241913,0.7346048154104295,0.4780907404184731,0.6923916444991145,0.9976319385493535,0.9936443685988245,0.6666666666666666,0.1479188028612624,0.01,0.0008133932832691292,0.0,1.0,0.09525753168260732,0.8262271176543029,0.995210614126006,0.994306189260735,0.47545787545787543,0.2883268293549028,1.639862527065041
r5_final_inverse_map_complete_2026-08-31,har,lgbm,2,HuberRidgeAIME,1.0,1.0,0.1,0.5,90,100,561,661,11.498501874972135,0.98,0.07126490177054959,X ~= Y A^T,SVD normal-system solve,1.458836085322975,1.4528968043085284,76.25448319534365,77.25448319534364,111.2427917530217,112.24279175302168,77.25448319534365,1.122427917530217e-10,44.46984822470491,7,True,0.9191815839576701,0.13968253968253969,rms,25.709920264364882,0.5367393631254912,0.7326249812322067,0.48090014583710394,0.6941733664519942,0.998629002650068,0.9968148921575742,0.25,0.14734380003460254,0.01,0.0010075756895149605,0.0,1.0,0.1906722005931784,0.9888650901925342,0.9947294479114663,0.9930716944065756,0.35238095238095235,0.16223476852310295,1.648065647207297
r5_final_inverse_map_complete_2026-08-31,har,lgbm,2,HuberRidgeAIME,1.0,2.0,0.1,0.5,90,100,561,661,11.498501874972135,0.98,0.07126490177054959,X ~= Y A^T,SVD normal-system solve,1.4027870678385312,1.3978638409181685,80.81363044075403,81.81363044075401,113.36431568737201,114.36431568737198,81.81363044075403,1.14364315687372e-10,45.14120639209735,6,True,0.9458187264103176,0.08888888888888889,rms,51.419840528729765,0.5391029109208464,0.7342362773119062,0.47861427414561586,0.6923938330825476,0.9961395069648954,0.9910521264322363,0.25,0.14682929070152806,0.01,0.0011433793480807232,0.0,1.0,0.38205316869332456,0.9997441275832475,0.9924226327904135,0.9870089138617553,0.4010989010989011,0.14546487096778718,1.6545731613529497
r5_final_inverse_map_complete_2026-08-31,har,svm,2,RidgeAIME,0.0,1.0,0.1,0.5,90,100,561,661,1.1983753750100732,0.9722222222222222,0.08254814904093359,X ~= Y A^T,SVD normal-system solve,1.4405764265925733,1.4405764265925733,80.72563631960088,80.72563631960088,116.29144870370229,116.29144870370229,80.72563631960088,1.1629144870370225e-10,46.256953203799064,1,True,1.0,0.0,rms,25.709920264364882,0.6509372374260464,0.8068068154310835,0.42461406878404917,0.6523254053558383,0.9724041295850016,0.9592418507614338,0.1111111111111111,0.14759160831817253,0.01,0.0012615297987059275,0.0,0.10317460317460317,1.0,1.0,0.9720019658771244,0.9546472702674741,0.20947712418300654,0.15853630375975356,1.6651770238009156
r5_final_inverse_map_complete_2026-08-31,har,svm,2,HuberRidgeAIME,0.0,0.5,0.1,0.5,90,100,561,661,1.1983753750100732,0.9722222222222222,0.08254814904093359,X ~= Y A^T,SVD normal-system solve,2.141055797824975,2.141055797824975,47.152547750983544,47.152547750983544,100.9562357444623,100.9562357444623,47.15254775098353,1.0095623574446229e-10,43.61318918821768,11,True,0.7508405569004388,0.719047619047619,rms,12.854960132182441,0.6316377966022593,0.7947564385409276,0.44167351183304737,0.666388751953142,0.9958605698118356,0.9915299175390061,0.42857142857142855,0.1483589605760731,0.0,0.0010105953472672104,0.0,0.9999999999999996,0.0959309079367161,0.8261841448343185,0.994705062034072,0.9911087999714132,0.501098901098901,0.3306279855437253,1.6396178453572856
r5_final_inverse_map_complete_2026-08-31,har,svm,2,HuberRidgeAIME,0.0,1.0,0.1,0.5,90,100,561,661,1.1983753750100732,0.9722222222222222,0.08254814904093359,X ~= Y A^T,SVD normal-system solve,1.509001722837947,1.509001722837947,71.96319393500141,71.96319393500141,108.59258362883844,108.59258362883844,71.96319393500147,1.0859258362883844e-10,44.24323240955823,7,True,0.9013749474162857,0.16666666666666666,rms,25.709920264364882,0.6287084095397618,0.7929113503663331,0.44426289834519717,0.6680183137000829,0.9976473692355281,0.9953775507486751,0.3333333333333333,0.14813201186248456,0.0,0.0012055982633339397,0.0,1.0,0.19201227385688602,0.9829830426045353,0.994121020954208,0.9888920642821855,0.44340659340659344,0.17868973561295665,1.6458468490007943
r5_final_inverse_map_complete_2026-08-31,har,svm,2,HuberRidgeAIME,0.0,2.0,0.1,0.5,90,100,561,661,1.1983753750100732,0.9722222222222222,0.08254814904093359,X ~= Y A^T,SVD normal-system solve,1.4514645519659728,1.4514645519659728,76.13030126600661,76.13030126600661,110.50043361809881,110.50043361809881,76.13030126600664,1.1050043361809889e-10,45.09872744436272,6,True,0.9361327369691098,0.10634920634920635,rms,51.419840528729765,0.6293146212764441,0.7932935278170647,0.44372704683053465,0.6671442142223266,0.9949554353395295,0.9905062961101144,0.25,0.14800187961976144,0.0,0.0013087388271787043,0.0,0.9999999999999998,0.3847254096390888,0.9995689781663689,0.9911065805213811,0.9828036469839836,0.35793650793650794,0.16180643384763763,1.6541642875167988
r5_final_inverse_map_complete_2026-08-31,har,svm,2,RidgeAIME,1e-06,1.0,0.1,0.5,90,100,561,661,1.1983753750100732,0.9722222222222222,0.08254814904093359,X ~= Y A^T,SVD normal-system solve,1.4405764265925733,1.4405764211348722,80.72563631960088,80.72563731960084,116.29144870370229,116.29144970370224,80.7256373196009,1.162914497037023e-10,46.25695272256053,1,True,1.0,0.0,rms,25.709920264364882,0.6509372373835779,0.8068068154047646,0.4246140688215886,0.6523254053055642,0.9724041295880576,0.9592418507614338,0.1111111111111111,0.14759160831184195,0.01,0.0012615297987659617,0.0,0.10317460317460317,1.0,1.0,0.9720019658802037,0.9546472702674741,0.20947712418300654,0.15853630211440556,1.6651770192826922
r5_final_inverse_map_complete_2026-08-31,har,svm,2,HuberRidgeAIME,1e-06,0.5,0.1,0.5,90,100,561,661,1.1983753750100732,0.9722222222222222,0.08254814904093359,X ~= Y A^T,SVD normal-system solve,2.141055792863749,2.141055768664509,47.15254787073597,47.15254887073602,100.95623576692448,100.95623676692453,47.15254887073602,1.009562367669245e-10,43.61318847983388,11,True,0.7508405574066257,0.719047619047619,rms,12.854960132182441,0.631637798071034,0.7947564394649684,0.44167351053474657,0.6663887515246392,0.995860569604914,0.9915299175390061,0.42857142857142855,0.14835896057525885,0.0,0.0010105953489179555,0.0,0.9999999999999996,0.09593090793433,0.8261841453990137,0.9947050620750633,0.9911087999714132,0.501098901098901,0.33062797962877927,1.6396178383032916
r5_final_inverse_map_complete_2026-08-31,har,svm,2,HuberRidgeAIME,1e-06,1.0,0.1,0.5,90,100,561,661,1.1983753750100732,0.9722222222222222,0.08254814904093359,X ~= Y A^T,SVD normal-system solve,1.5090017235304694,1.5090017164573861,71.96319390206688,71.96319490206683,108.59258362897629,108.59258462897627,71.9631949020668,1.0859258462897626e-10,44.2432318939056,7,True,0.901374947310264,0.16666666666666666,rms,25.709920264364882,0.6287084102499942,0.7929113508141968,0.44426289771739824,0.6680183135914294,0.9976473692225115,0.9953775507486751,0.3333333333333333,0.14813201185734126,0.0,0.0012055982635160402,0.0,1.0,0.19201227385301897,0.9829830424867613,0.9941210209744256,0.9888920642821855,0.44340659340659344,0.17868973377661518,1.645846843939114
r5_final_inverse_map_complete_2026-08-31,har,svm,2,HuberRidgeAIME,1e-06,2.0,0.1,0.5,90,100,561,661,1.1983753750100732,0.9722222222222222,0.08254814904093359,X ~= Y A^T,SVD normal-system solve,1.4514645520281748,1.451464546098019,76.13030126270523,76.13030226270523,110.50043361804244,110.50043461804243,76.13030226270519,1.105004346180424e-10,45.09872694406297,6,True,0.9361327369591225,0.10634920634920635,rms,51.419840528729765,0.6293146217343397,0.7932935281056689,0.443727046425785,0.6671442141573125,0.9949554353415824,0.9905062961101144,0.25,0.14800187961345304,0.0,0.0013087388272029622,0.0,0.9999999999999998,0.3847254096250142,0.9995689781568516,0.9911065805430035,0.9828036469839836,0.35793650793650794,0.16180643209187998,1.6541642826989815
r5_final_inverse_map_complete_2026-08-31,har,svm,2,RidgeAIME,1e-05,1.0,0.1,0.5,90,100,561,661,1.1983753750100732,0.9722222222222222,0.08254814904093359,X ~= Y A^T,SVD normal-system solve,1.4405764265925733,1.4405763720155658,80.72563631960088,80.72564631960084,116.29144870370229,116.29145870370229,80.72564631960083,1.1629145870370227e-10,46.25694839141419,1,True,1.0,0.0,rms,25.709920264364882,0.6509372370013659,0.8068068151678974,0.424614069159439,0.6523254048530982,0.9724041296155609,0.9592418507614338,0.1111111111111111,0.1475916082548664,0.01,0.0012615297993062732,0.0,0.10317460317460317,1.0,1.0,0.9720019659079189,0.9546472702674741,0.20947712418300654,0.15853628730627475,1.6651769786186854
r5_final_inverse_map_complete_2026-08-31,har,svm,2,HuberRidgeAIME,1e-05,0.5,0.1,0.5,90,100,561,661,1.1983753750100732,0.9722222222222222,0.08254814904093359,X ~= Y A^T,SVD normal-system solve,2.141055748212792,2.1410555062204635,47.152548948506244,47.15255894850628,100.95623596908432,100.95624596908436,47.15255894850622,1.009562459690843e-10,43.61318210438121,11,True,0.7508405619623016,0.719047619047619,rms,12.854960132182441,0.6316378112900137,0.7947564477813399,0.4416734988500334,0.6663887476681152,0.9958605677426171,0.9915299175390061,0.42857142857142855,0.14835896056793088,0.0,0.001010595363774657,0.0,0.9999999999999996,0.09593090791285483,0.8261841504812645,0.9947050624439825,0.9911087999714132,0.501098901098901,0.33062792639429117,1.639617774817355
r5_final_inverse_map_complete_2026-08-31,har,svm,2,HuberRidgeAIME,1e-05,1.0,0.1,0.5,90,100,561,661,1.1983753750100732,0.9722222222222222,0.08254814904093359,X ~= Y A^T,SVD normal-system solve,1.5090017297631704,1.5090016590323392,71.96319360565606,71.963203605656,108.59258363021691,108.59259363021692,71.96320360565606,1.085925936302169e-10,44.243227253032416,7,True,0.9013749463560702,0.16666666666666666,rms,25.709920264364882,0.6287084166420901,0.7929113548449727,0.4442628920672037,0.6680183126135506,0.9976473691053622,0.9953775507486751,0.3333333333333333,0.14813201181105112,0.0,0.0012055982651549397,0.0,1.0,0.1920122738182158,0.9829830414267967,0.9941210211563856,0.9888920642821855,0.44340659340659344,0.17868971724954222,1.6458467983839944
r5_final_inverse_map_complete_2026-08-31,har,svm,2,HuberRidgeAIME,1e-05,2.0,0.1,0.5,90,100,561,661,1.1983753750100732,0.9722222222222222,0.08254814904093359,X ~= Y A^T,SVD normal-system solve,1.4514645525879972,1.451464493286447,76.13030123299231,76.13031123299227,110.50043361753464,110.50044361753464,76.1303112329923,1.1050044361753462e-10,45.09872244136569,6,True,0.9361327368692351,0.10634920634920635,rms,51.419840528729765,0.6293146258554035,0.7932935307031084,0.4437270427830342,0.667144213572185,0.9949554353600586,0.9905062961101144,0.25,0.14800187955667757,0.0,0.001308738827421284,0.0,0.9999999999999998,0.38472540949834255,0.9995689780711964,0.9911065807376035,0.9828036469839836,0.35793650793650794,0.1618064162900647,1.6541642393386293
r5_final_inverse_map_complete_2026-08-31,har,svm,2,RidgeAIME,0.0001,1.0,0.1,0.5,90,100,561,661,1.1983753750100732,0.9722222222222222,0.08254814904093359,X ~= Y A^T,SVD normal-system solve,1.4405764265925733,1.4405758808230993,80.72563631960088,80.72573631960087,116.29144870370229,116.29154870370228,80.72573631960088,1.1629154870370228e-10,46.25690507999665,1,True,1.0,0.0,rms,25.709920264364882,0.6509372331797049,0.8068068127995108,0.42461407253753736,0.6523254003284377,0.9724041298905951,0.9592418507614338,0.1111111111111111,0.1475916076851113,0.01,0.001261529804709376,0.0,0.10317460317460317,1.0,1.0,0.9720019661850643,0.9546472702674741,0.20947712418300654,0.158536139225119,1.6651765719788376
r5_final_inverse_map_complete_2026-08-31,har,svm,2,HuberRidgeAIME,0.0001,0.5,0.1,0.5,90,100,561,661,1.1983753750100732,0.9722222222222222,0.08254814904093359,X ~= Y A^T,SVD normal-system solve,2.1410553017101,2.1410528817929433,47.152559726051315,47.152659726051354,100.95623799066432,100.95633799066431,47.152659726051304,1.0095633799066431e-10,43.61311834998565,11,True,0.7508406075184795,0.719047619047619,rms,12.854960132182441,0.6316379434804935,0.7947565309454798,0.44167338200229767,0.6663887091028823,0.9958605491196102,0.9915299175390061,0.42857142857142855,0.14835896049465003,0.0,0.0010105955123413078,0.0,0.9999999999999996,0.09593090769810222,0.8261842013031244,0.9947050661331387,0.9911087999714132,0.501098901098901,0.33062739405167535,1.6396171399587849
r5_final_inverse_map_complete_2026-08-31,har,svm,2,HuberRidgeAIME,0.0001,1.0,0.1,0.5,90,100,561,661,1.1983753750100732,0.9722222222222222,0.08254814904093359,X ~= Y A^T,SVD normal-system solve,1.5090017920901775,1.5090010847826203,71.96319064154815,71.96329064154826,108.59258364262325,108.5926836426233,71.96329064154816,1.0859268364262324e-10,44.24318084435498,7,True,0.9013749368141347,0.16666666666666666,rms,25.709920264364882,0.6287084805634976,0.792911395153013,0.44426283556486146,0.6680183028347602,0.9976473679338673,0.9953775507486751,0.3333333333333333,0.14813201134815054,0.0,0.001205598281543836,0.0,1.0,0.19201227347018282,0.9829830308271555,0.9941210229759763,0.9888920642821855,0.44340659340659344,0.1786895519789939,1.6458463428330696
r5_final_inverse_map_complete_2026-08-31,har,svm,2,HuberRidgeAIME,0.0001,2.0,0.1,0.5,90,100,561,661,1.1983753750100732,0.9722222222222222,0.08254814904093359,X ~= Y A^T,SVD normal-system solve,1.4514645581862162,1.4514639651714,76.13030093586329,76.13040093586322,110.50043361245649,110.5005336124565,76.13040093586329,1.1050053361245645e-10,45.09867741444352,6,True,0.9361327359703655,0.10634920634920635,rms,51.419840528729765,0.6293146670664886,0.7932935566777841,0.44372700635513107,0.6671442077209095,0.9949554355448198,0.9905062961101144,0.25,0.14800187898892345,0.0,0.0013087388296044904,0.0,0.9999999999999998,0.3847254082316245,0.9995689772146453,0.9911065826835973,0.9828036469839836,0.35793650793650794,0.16180625827208112,1.6541638057353578
r5_final_inverse_map_complete_2026-08-31,har,svm,2,RidgeAIME,0.001,1.0,0.1,0.5,90,100,561,661,1.1983753750100732,0.9722222222222222,0.08254814904093359,X ~= Y A^T,SVD normal-system solve,1.4405764265925733,1.4405709689586785,80.72563631960088,80.72663631960086,116.29144870370229,116.29244870370226,80.72663631960097,1.1629244870370228e-10,46.25647197041579,1,True,1.0,0.0,rms,25.709920264364882,0.6509371950088919,0.8068067891440255,0.42461410627803875,0.6523253550817665,0.9724041326409474,0.9592418507614338,0.1111111111111111,0.14759160198761342,0.01,0.001261529858739028,0.0,0.10317460317460317,1.0,1.0,0.9720019689560943,0.9546461982606065,0.20947712418300654,0.1585346584289465,1.6651725056025573
r5_final_inverse_map_complete_2026-08-31,har,svm,2,HuberRidgeAIME,0.001,0.5,0.1,0.5,90,100,561,661,1.1983753750100732,0.9722222222222222,0.08254814904093359,X ~= Y A^T,SVD normal-system solve,2.141050837369782,2.1410266388100885,47.15266748578499,47.153667485784986,100.95625820465884,100.95725820465879,47.15366748578495,1.0095725820465878e-10,43.61248081918377,11,True,0.7508410630221951,0.719047619047619,rms,12.854960132182441,0.6316392654535481,0.7947573626293424,0.4416722134646057,0.6663883234512553,0.9958603628855639,0.9915299175390061,0.42857142857142855,0.14835895976172586,0.0,0.0010105969979712763,0.0,0.9999999999999996,0.09593090555046664,0.8261847094569957,0.9947051030209361,0.9911095728135735,0.501098901098901,0.33062207085177314,1.6396107914530265
r5_final_inverse_map_complete_2026-08-31,har,svm,2,HuberRidgeAIME,0.001,1.0,0.1,0.5,90,100,561,661,1.1983753750100732,0.9722222222222222,0.08254814904093359,X ~= Y A^T,SVD normal-system solve,1.5090024153587636,1.5089953423600893,71.96316100055127,71.96416100055129,108.59258376668343,108.59358376668347,71.96416100055129,1.0859358376668342e-10,44.242716763025015,7,True,0.901374841395256,0.16666666666666666,rms,25.709920264364882,0.6287091198224181,0.7929117982615835,0.44426227050179834,0.6680182050467837,0.99764735621882,0.9953775507486751,0.3333333333333333,0.14813200671919535,0.0,0.001205598445422771,0.0,1.0,0.1920122699897128,0.9829829248312919,0.9941210411709633,0.9888920642821855,0.44340659340659344,0.17868789929153836,1.6458417873509823
r5_final_inverse_map_complete_2026-08-31,har,svm,2,HuberRidgeAIME,0.001,2.0,0.1,0.5,90,100,561,661,1.1983753750100732,0.9722222222222222,0.08254814904093359,X ~= Y A^T,SVD normal-system solve,1.4514646141677139,1.4514586840886772,76.13029796460849,76.1312979646084,110.50043356167356,110.50143356167348,76.13129796460844,1.1050143356167351e-10,45.09822715031159,6,True,0.9361327269817521,0.10634920634920635,rms,51.419840528729765,0.629315079221896,0.7932938164525777,0.44372664203671563,0.667144149208117,0.9949554373923807,0.9905062961101144,0.25,0.14800187331144168,0.0,0.0013087388514351538,0.0,0.9999999999999998,0.38472539556424745,0.9995689686492526,0.9911066021427507,0.9828037965663372,0.35793650793650794,0.161804678109354,1.6541594697278452
r5_final_inverse_map_complete_2026-08-31,har,svm,2,RidgeAIME,0.01,1.0,0.1,0.5,90,100,561,661,1.1983753750100732,0.9722222222222222,0.08254814904093359,X ~= Y A^T,SVD normal-system solve,1.4405764265925733,1.4405218563375193,80.72563631960088,80.73563631960087,116.29144870370229,116.30144870370229,80.73563631960084,1.1630144870370222e-10,46.25214133400609,1,True,1.0,0.0,rms,25.709920264364882,0.6509368178795893,0.8068065554267574,0.4246144396356689,0.6523249026084205,0.9724041601455277,0.9592459642773543,0.1111111111111111,0.14759154501792202,0.01,0.00126153039889869,0.0,0.10317460317460317,1.0,1.0,0.9720019966242408,0.9546490486354557,0.20947712418300654,0.15851985200537275,1.6651318440591603
r5_final_inverse_map_complete_2026-08-31,har,svm,2,HuberRidgeAIME,0.01,0.5,0.1,0.5,90,100,561,661,1.1983753750100732,0.9722222222222222,0.08254814904093359,X ~= Y A^T,SVD normal-system solve,2.141006262594032,2.1407643381457966,47.15374351209873,47.16374351209871,100.95646016415608,100.9664601641561,47.163743512098705,1.0096646016415605e-10,43.60610682607226,11,True,0.7508456122550358,0.719047619047619,rms,12.854960132182441,0.6316524920068479,0.7947656837124059,0.4416605220568176,0.6663844670052785,0.9958585001474828,0.991531745768304,0.42857142857142855,0.14835895242093444,0.0,0.0010106118506184813,0.0,0.9999999999999996,0.09593088406316069,0.8261897845248974,0.9947054715226656,0.9911125478403842,0.501098901098901,0.3305688614672623,1.6395473143865964
r5_final_inverse_map_complete_2026-08-31,har,svm,2,HuberRidgeAIME,0.01,1.0,0.1,0.5,90,100,561,661,1.1983753750100732,0.9722222222222222,0.08254814904093359,X ~= Y A^T,SVD normal-system solve,1.5090086478988005,1.508937925599398,71.96286459868088,71.97286459868086,108.59258500697989,108.60258500697984,71.97286459868083,1.0860258500697991e-10,44.238076494091175,7,True,0.901373887254092,0.16666666666666666,rms,25.709920264364882,0.628715516895102,0.7929158321632265,0.4442566159080654,0.6680172271597644,0.997647239058223,0.9953775507486751,0.3333333333333333,0.14813196043470483,0.0,0.0012056000832096584,0.0,1.0,0.1920122351709983,0.9829818649273684,0.9941212230288927,0.98889299501683,0.44340659340659344,0.1786713742194934,1.6457962352459394
r5_final_inverse_map_complete_2026-08-31,har,svm,2,HuberRidgeAIME,0.01,2.0,0.1,0.5,90,100,561,661,1.1983753750100732,0.9722222222222222,0.08254814904093359,X ~= Y A^T,SVD normal-system solve,1.4514651739144306,1.4514058800369256,76.13026825556017,76.1402682555602,110.50043305370889,110.51043305370894,76.14026825556017,1.1051043305370891e-10,45.09372501787754,6,True,0.9361326371041904,0.10634920634920635,rms,51.419840528729765,0.629319205230602,0.793296417003507,0.4437229949149579,0.667143564076403,0.994955455862881,0.9905062961101144,0.25,0.14800181654262154,0.0,0.0013087390696019513,0.0,0.9999999999999998,0.38472526887089864,0.9995688830071353,0.9911067966560502,0.9828053921114422,0.35793650793650794,0.16178887819324095,1.6541161121725974
r5_final_inverse_map_complete_2026-08-31,har,svm,2,RidgeAIME,0.1,1.0,0.1,0.5,90,100,561,661,1.1983753750100732,0.9722222222222222,0.08254814904093359,X ~= Y A^T,SVD normal-system solve,1.4405764265925733,1.440031331686236,80.72563631960088,80.82563631960087,116.29144870370229,116.39144870370227,80.82563631960085,1.1639144870370223e-10,46.20888085928268,1,True,1.0,0.0,rms,25.709920264364882,0.6509335035102959,0.8068045014192075,0.42461736932128646,0.652320377218082,0.9724044352965266,0.9592529240138866,0.1111111111111111,0.14759097584930014,0.01,0.0012615357868325239,0.0,0.10317460317460317,1.0,1.0,0.9720022691000587,0.9546574335573885,0.20947712418300654,0.1583719414219232,1.6647254503944102
r5_final_inverse_map_complete_2026-08-31,har,svm,2,HuberRidgeAIME,0.1,0.5,0.1,0.5,90,100,561,661,1.1983753750100732,0.9722222222222222,0.08254814904093359,X ~= Y A^T,SVD normal-system solve,2.140567342965226,2.1381541765802794,47.164347376958865,47.26434737695885,100.95846174738575,101.05846174738573,47.26434737695886,1.0105846174738578e-10,43.542497955511735,11,True,0.7508905261446297,0.719047619047619,rms,12.854960132182441,0.6317854368545598,0.7948493170749785,0.4415430075091732,0.6663459095705649,0.9958398332685676,0.9915140659599788,0.42857142857142855,0.14835887786492566,0.0,0.0010107600131493602,0.0,0.9999999999999996,0.09593066809960389,0.8262398903444998,0.9947091191738633,0.9911249133149486,0.501098901098901,0.3300390178156561,1.6389133401202405
r5_final_inverse_map_complete_2026-08-31,har,svm,2,HuberRidgeAIME,0.1,1.0,0.1,0.5,90,100,561,661,1.1983753750100732,0.9722222222222222,0.08254814904093359,X ~= Y A^T,SVD normal-system solve,1.5090709585747148,1.5083645033219193,71.95990139647569,72.05990139647567,108.59259737932152,108.6925973793215,72.05990139647561,1.0869259737932151e-10,44.19172817646442,7,True,0.901364350616676,0.16666666666666666,rms,25.709920264364882,0.6287799348364314,0.7929564520428795,0.44419967466238497,0.6680074475767789,0.9976460664435692,0.9953832847405644,0.3333333333333333,0.14813149809521697,0.0,0.0012056163610320168,0.0,1.0,0.19201188558618554,0.9829712713723959,0.9941230324339223,0.9888977733420148,0.44340659340659344,0.17850630350498994,1.6453409855592762
r5_final_inverse_map_complete_2026-08-31,har,svm,2,HuberRidgeAIME,0.1,2.0,0.1,0.5,90,100,561,661,1.1983753750100732,0.9722222222222222,0.08254814904093359,X ~= Y A^T,SVD normal-system solve,1.4514707645614975,1.4508785161904285,76.12997151475395,76.22997151475398,110.50042796056493,110.6004279605649,76.22997151475393,1.1060042796056497e-10,45.04875452259202,6,True,0.9361317391848724,0.10634920634920635,rms,51.419840528729765,0.629360909730928,0.7933227021401367,0.4436861308651292,0.6671377123882,0.9949556400580898,0.990510700480696,0.25,0.14800124945348017,0.0,0.0013087412373136843,0.0,0.9999999999999998,0.38472399998553,0.9995680277653276,0.9911087339825302,0.982810062404927,0.35793650793650794,0.16163104995882854,1.6536827884018115
r5_final_inverse_map_complete_2026-08-31,har,svm,2,RidgeAIME,1.0,1.0,0.1,0.5,90,100,561,661,1.1983753750100732,0.9722222222222222,0.08254814904093359,X ~= Y A^T,SVD normal-system solve,1.4405764265925733,1.435185505867654,80.72563631960088,81.72563631960087,116.29144870370229,117.29144870370229,81.72563631960091,1.1729144870370224e-10,45.78081511038139,1,True,1.0,0.0,rms,25.709920264364882,0.6509451083731151,0.8068116932550712,0.4246071113817862,0.6522750640303088,0.9724071967728948,0.9592610887197288,0.1111111111111111,0.14758533652060501,0.01,0.0012615883231248777,0.0,0.10317460317460317,1.0,1.0,0.9720045827900474,0.9546961089059256,0.20947712418300654,0.15690803972350947,1.6606835208590431
r5_final_inverse_map_complete_2026-08-31,har,svm,2,HuberRidgeAIME,1.0,0.5,0.1,0.5,90,100,561,661,1.1983753750100732,0.9722222222222222,0.08254814904093359,X ~= Y A^T,SVD normal-system solve,2.136820056145334,2.113261666290012,47.25542251091237,48.255422510912396,100.97633458293924,101.97633458293929,48.2554225109124,1.0197633458293927e-10,42.91911030922858,11,True,0.7512795134326975,0.719047619047619,rms,12.854960132182441,0.6331799689643143,0.7957260640222327,0.44031033235948525,0.6659610305908201,0.9956494868733,0.9912481416984495,0.42857142857142855,0.14835802400538337,0.0,0.0010122287184302526,0.0,0.9999999999999996,0.09592840382695104,0.8266738888740665,0.9947422065342726,0.9912693849381373,0.501098901098901,0.3249532751829502,1.6326507106891277
r5_final_inverse_map_complete_2026-08-31,har,svm,2,HuberRidgeAIME,1.0,1.0,0.1,0.5,90,100,561,661,1.1983753750100732,0.9722222222222222,0.08254814904093359,X ~= Y A^T,SVD normal-system solve,1.5096924589197465,1.5027037031076433,71.9303573659085,72.93035736590853,108.59271808271451,109.59271808271454,72.93035736590852,1.0959271808271456e-10,43.733618054733,7,True,0.9012694730135564,0.16666666666666666,rms,25.709920264364882,0.6294677224904364,0.7933900191522681,0.4435917153738008,0.6679095927724773,0.9976342428393836,0.9953685758048485,0.3333333333333333,0.14812692452817178,0.0,0.0012057693312916332,0.0,1.0,0.19200825363798515,0.9828658964815424,0.994140295235001,0.9889428890418877,0.42435897435897435,0.1768733566409155,1.64081540774064
r5_final_inverse_map_complete_2026-08-31,har,svm,2,HuberRidgeAIME,1.0,2.0,0.1,0.5,90,100,561,661,1.1983753750100732,0.9722222222222222,0.08254814904093359,X ~= Y A^T,SVD normal-system solve,1.4515259964637501,1.4456716812446322,76.12703869946368,77.12703869946371,110.50037570607348,111.50037570607351,77.12703869946365,1.1150037570607357e-10,44.60407371158186,6,True,0.9361228448676234,0.10634920634920635,rms,51.419840528729765,0.629821364226715,0.7936128553814605,0.44327911921545216,0.667079166149076,0.994957431982459,0.9905260950023985,0.25,0.14799563785721825,0.0,0.0013087615458740479,0.0,0.9999999999999998,0.3847111217870957,0.9995595917706931,0.9911273433004076,0.9828523443502123,0.35793650793650794,0.16006967386195337,1.6493745248481935
r5_final_inverse_map_complete_2026-08-31,har,mlp,2,RidgeAIME,0.0,1.0,0.1,0.5,90,100,561,661,0.24895733396988362,0.9577777777777777,0.10735670836301978,X ~= Y A^T,SVD normal-system solve,1.4279261120372633,1.4279261120372633,80.33759808688808,80.33759808688808,114.71615408662237,114.71615408662237,80.3375980868881,1.1471615408662245e-10,45.79999695185202,1,True,1.0,0.0,rms,25.709920264364882,0.5309365226878813,0.7286539114613201,0.47040901696614557,0.6867824733512152,0.9716503876439425,0.9515678582830182,0.0,0.13391260163354454,0.01,0.0013144152305992244,0.0,0.10634920634920635,1.0,1.0,0.967922583218306,0.9468901704033863,0.1797385620915033,0.15470573547607533,1.6608654491000725
r5_final_inverse_map_complete_2026-08-31,har,mlp,2,HuberRidgeAIME,0.0,0.5,0.1,0.5,90,100,561,661,0.24895733396988362,0.9577777777777777,0.10735670836301978,X ~= Y A^T,SVD normal-system solve,2.0121204977744043,2.0121204977744043,47.17796520283045,47.17796520283045,94.92775082790273,94.92775082790273,47.17796520283049,9.492775082790276e-11,43.029387466532995,12,True,0.7436096008628509,0.7317460317460317,rms,12.854960132182441,0.5121155943501898,0.7156225222491183,0.4891822478780209,0.7007796678414949,0.995519288531738,0.9875226051204218,0.42857142857142855,0.13256093111597084,0.0,0.0010552051533572176,0.0,1.0000000000000002,0.0947595465006685,0.8208262147922758,0.9952024539409903,0.993556008827021,0.49816849816849806,0.30365398530611265,1.6337651638423016
r5_final_inverse_map_complete_2026-08-31,har,mlp,2,HuberRidgeAIME,0.0,1.0,0.1,0.5,90,100,561,661,0.24895733396988362,0.9577777777777777,0.10735670836301978,X ~= Y A^T,SVD normal-system solve,1.4471287282965168,1.4471287282965168,71.11553483533017,71.11553483533017,102.91333348837799,102.91333348837799,71.11553483533021,1.0291333348837803e-10,43.861667586502264,8,True,0.8996517879954821,0.1619047619047619,rms,25.709920264364882,0.5084015142716246,0.7130228006674293,0.4928869154528114,0.7030756012767906,0.997405500901713,0.9931534682569748,0.3333333333333333,0.13293889660920297,0.0,0.0012233435576905283,0.0,1.0000000000000002,0.18965490878771993,0.9841451999083065,0.994338589141696,0.9911665886206888,0.3357142857142857,0.1605071651910691,1.6420851391939584
r5_final_inverse_map_complete_2026-08-31,har,mlp,2,HuberRidgeAIME,0.0,2.0,0.1,0.5,90,100,561,661,0.24895733396988362,0.9577777777777777,0.10735670836301978,X ~= Y A^T,SVD normal-system solve,1.394226554595745,1.394226554595745,76.05178838426205,76.05178838426205,106.03342288983438,106.03342288983438,76.05178838426205,1.0603342288983444e-10,44.8087363991064,6,True,0.9336975929848143,0.10952380952380952,rms,51.419840528729765,0.5086137778715132,0.7131716328286714,0.4926751897874565,0.7026142929855439,0.9951519249017219,0.9880909143527762,0.17647058823529413,0.13356317505936008,0.0,0.0012986578162192369,0.0,1.0000000000000002,0.37996385062782057,0.9995948589491457,0.990448638964241,0.9835871427318972,0.33066149536737777,0.14433335010080087,1.6513626970343769
r5_final_inverse_map_complete_2026-08-31,har,mlp,2,RidgeAIME,1e-06,1.0,0.1,0.5,90,100,561,661,0.24895733396988362,0.9577777777777777,0.10735670836301978,X ~= Y A^T,SVD normal-system solve,1.4279261120372633,1.4279261067106652,80.33759808688808,80.33759908688808,114.71615408662237,114.71615508662238,80.33759908688812,1.1471615508662233e-10,45.79999648739091,1,True,1.0,0.0,rms,25.709920264364882,0.5309365224501473,0.7286539112981878,0.470409017203277,0.6867824733316518,0.9716503876643946,0.9515678582830182,0.0,0.1339126016253285,0.01,0.0013144152299221809,0.0,0.10634920634920635,1.0,1.0,0.9679225832497419,0.9468901704033863,0.1797385620915033,0.154705733856025,1.6608654446958604
r5_final_inverse_map_complete_2026-08-31,har,mlp,2,HuberRidgeAIME,1e-06,0.5,0.1,0.5,90,100,561,661,0.24895733396988362,0.9577777777777777,0.10735670836301978,X ~= Y A^T,SVD normal-system solve,2.0121204926923673,2.012120471239119,47.17796533377512,47.177966333775146,94.92775085161901,94.92775185161895,47.17796633377514,9.492775185161887e-11,43.02938679122915,12,True,0.7436096013782819,0.7317460317460317,rms,12.854960132182441,0.5121155955073567,0.715622523057622,0.4891822467237865,0.7007796674609316,0.9955192882813843,0.9875226051204218,0.42857142857142855,0.1325609310958757,0.0,0.0010552051536812331,0.0,1.0000000000000002,0.09475954649990737,0.8208262153691364,0.9952024539733365,0.993556008827021,0.49816849816849806,0.3036539795787579,1.6337651570264777
r5_final_inverse_map_complete_2026-08-31,har,mlp,2,HuberRidgeAIME,1e-06,1.0,0.1,0.5,90,100,561,661,0.24895733396988362,0.9577777777777777,0.10735670836301978,X ~= Y A^T,SVD normal-system solve,1.447128728953199,1.4471287226658434,71.11553480396273,71.11553580396267,102.91333348968558,102.91333448968555,71.11553580396274,1.0291333448968563e-10,43.861667087802566,8,True,0.8996517879000286,0.1619047619047619,rms,25.709920264364882,0.5084015147373641,0.7130228009940244,0.4928869149882522,0.7030756011987676,0.9974055008876898,0.9931534682569748,0.3333333333333333,0.13293889660112893,0.0,0.0012233435574940453,0.0,1.0000000000000002,0.18965490878591995,0.9841451998017078,0.9943385891561414,0.9911665886206888,0.3357142857142857,0.16050716350126062,1.642085134256104
r5_final_inverse_map_complete_2026-08-31,har,mlp,2,HuberRidgeAIME,1e-06,2.0,0.1,0.5,90,100,561,661,0.24895733396988362,0.9577777777777777,0.10735670836301978,X ~= Y A^T,SVD normal-system solve,1.3942265546674475,1.39422654948379,76.05178838025127,76.05178938025122,106.03342288969554,106.0334238896956,76.05178938025125,1.0603342388969556e-10,44.808735915055195,6,True,0.9336975929765727,0.10952380952380952,rms,51.419840528729765,0.5086137780844376,0.7131716329779513,0.4926751895750716,0.7026142929502199,0.9951519249052965,0.9880909143527762,0.17647058823529413,0.1335631750525599,0.0,0.001298657815548844,0.0,1.0000000000000002,0.3799638506181265,0.9995948589410769,0.9904486389821978,0.9835871427318972,0.33066149536737777,0.14433334850845286,1.651362692342864
r5_final_inverse_map_complete_2026-08-31,har,mlp,2,RidgeAIME,1e-05,1.0,0.1,0.5,90,100,561,661,0.24895733396988362,0.9577777777777777,0.10735670836301978,X ~= Y A^T,SVD normal-system solve,1.4279261120372633,1.4279260587712872,80.33759808688808,80.33760808688812,114.71615408662237,114.71616408662246,80.33760808688807,1.1471616408662232e-10,45.79999230724131,1,True,1.0,0.0,rms,25.709920264364882,0.530936520310547,0.7286539098300009,0.47040901933745494,0.6867824731555805,0.971650387848462,0.9515678582830182,0.0,0.13391260155138401,0.01,0.00131441522382879,0.0,0.10634920634920635,1.0,1.0,0.9679225835326666,0.9468901704033863,0.1797385620915033,0.15470571927557328,1.6608654050579537
r5_final_inverse_map_complete_2026-08-31,har,mlp,2,HuberRidgeAIME,1e-05,0.5,0.1,0.5,90,100,561,661,0.24895733396988362,0.9577777777777777,0.10735670836301978,X ~= Y A^T,SVD normal-system solve,2.0121204469540688,2.0121202324216694,47.177966512275894,47.17797651227592,94.92775106506467,94.92776106506467,47.17797651227591,9.492776106506472e-11,43.029380713495634,12,True,0.7436096060171554,0.7317460317460317,rms,12.854960132182441,0.512115605921866,0.7156225303341601,0.4891822363356706,0.7007796640358601,0.9955192860282004,0.9875226051204218,0.42857142857142855,0.13256093091501883,0.0,0.001055205156597374,0.0,1.0000000000000002,0.0947595464930571,0.8208262205608758,0.995202454264452,0.993556008827021,0.49816849816849806,0.3036539280325864,1.633765095684067
r5_final_inverse_map_complete_2026-08-31,har,mlp,2,HuberRidgeAIME,1e-05,1.0,0.1,0.5,90,100,561,661,0.24895733396988362,0.9577777777777777,0.10735670836301978,X ~= Y A^T,SVD normal-system solve,1.4471287348633615,1.4471286719898013,71.11553452165474,71.11554452165483,102.91333350145393,102.91334350145394,71.11554452165477,1.029133435014539e-10,43.86166259950584,8,True,0.899651787040948,0.1619047619047619,rms,25.709920264364882,0.5084015189290245,0.7130228039333837,0.4928869108072146,0.7030756004965603,0.9974055007614797,0.9931534682569748,0.3333333333333333,0.13293889652846205,0.0,0.0012233435557256974,0.0,1.0000000000000002,0.18965490876972033,0.9841451988423198,0.9943385892861472,0.9911665886206888,0.3357142857142857,0.16050714829298962,1.6420850898154173
r5_final_inverse_map_complete_2026-08-31,har,mlp,2,HuberRidgeAIME,1e-05,2.0,0.1,0.5,90,100,561,661,0.24895733396988362,0.9577777777777777,0.10735670836301978,X ~= Y A^T,SVD normal-system solve,1.3942265553127726,1.3942265034761874,76.05178834415419,76.05179834415424,106.03342288844617,106.03343288844626,76.05179834415415,1.0603343288844622e-10,44.80873155859488,6,True,0.9336975929023987,0.10952380952380952,rms,51.419840528729765,0.5086137800007631,0.7131716343214746,0.49267518766360274,0.7026142926323037,0.9951519249374674,0.9880909143527762,0.17647058823529413,0.13356317499135872,0.0,0.0012986578095153033,0.0,1.0000000000000002,0.3799638505308791,0.9995948588684587,0.9904486391438109,0.9835871427318972,0.33066149536737777,0.1443333341773183,1.65136265011925
r5_final_inverse_map_complete_2026-08-31,har,mlp,2,RidgeAIME,0.0001,1.0,0.1,0.5,90,100,561,661,0.24895733396988362,0.9577777777777777,0.10735670836301978,X ~= Y A^T,SVD normal-system solve,1.4279261120372633,1.427925579378098,80.33759808688808,80.33769808688811,114.71615408662237,114.71625408662243,80.33769808688808,1.1471625408662237e-10,45.799950505788345,1,True,1.0,0.0,rms,25.709920264364882,0.5309364989150098,0.728653895148451,0.47040904067877,0.6867824713948665,0.9716503896891344,0.9515678582830182,0.0,0.13391260081193979,0.01,0.0013144151628949456,0.0,0.10634920634920635,1.0,1.0,0.9679225863619063,0.9468901704033863,0.1797385620915033,0.1547055734712087,1.6608650086790957
r5_final_inverse_map_complete_2026-08-31,har,mlp,2,HuberRidgeAIME,0.0001,0.5,0.1,0.5,90,100,561,661,0.24895733396988362,0.9577777777777777,0.10735670836301978,X ~= Y A^T,SVD normal-system solve,2.0121199895765387,2.01211784425815,47.17797829714997,47.17807829715,94.92775319950357,94.92785319950367,47.17807829715,9.492785319950368e-11,43.02931993628265,12,True,0.7436096524053285,0.7317460317460317,rms,12.854960132182441,0.5121157100676441,0.7156226031000168,0.4891821324538266,0.7007796297851687,0.9955192634963604,0.9875226051204218,0.42857142857142855,0.1325609291064591,0.0,0.001055205185758626,0.0,1.0000000000000002,0.09475954642455323,0.8208262724776411,0.9952024571755882,0.993556008827021,0.49816849816849806,0.30365341257290507,1.633764482260717
r5_final_inverse_map_complete_2026-08-31,har,mlp,2,HuberRidgeAIME,0.0001,1.0,0.1,0.5,90,100,561,661,0.24895733396988362,0.9577777777777777,0.10735670836301978,X ~= Y A^T,SVD normal-system solve,1.4471287939649355,1.4471281652300358,71.11553169857761,71.11563169857769,102.91333361913776,102.9134336191377,71.11563169857766,1.0291343361913765e-10,43.861617716589684,8,True,0.8996517784501455,0.1619047619047619,rms,25.709920264364882,0.5084015608460927,0.7130228333273014,0.4928868689963759,0.7030755934744882,0.997405499499381,0.9931534682569748,0.3333333333333333,0.13293889580179435,0.0,0.001223343538042189,0.0,1.0000000000000002,0.1896549086077226,0.9841451892484449,0.9943385905862014,0.9911665886206888,0.3357142857142857,0.1605069962104467,1.6420846454088072
r5_final_inverse_map_complete_2026-08-31,har,mlp,2,HuberRidgeAIME,0.0001,2.0,0.1,0.5,90,100,561,661,0.24895733396988362,0.9577777777777777,0.10735670836301978,X ~= Y A^T,SVD normal-system solve,1.3942265617660088,1.3942260434007552,76.05178798318418,76.05188798318417,106.03342287595235,106.0335228759523,76.05188798318414,1.0603352287595232e-10,44.80868799403928,6,True,0.9336975921606596,0.10952380952380952,rms,51.419840528729765,0.50861379916448,0.7131716477570319,0.49267516854845195,0.7026142894531406,0.9951519252591774,0.9880909143527762,0.17647058823529413,0.13356317437934714,0.0,0.0012986577491799726,0.0,1.0000000000000002,0.37996384965840274,0.9995948581422781,0.9904486407599361,0.9835871427318972,0.33066149536737777,0.14433319086613183,1.6513622278833455
r5_final_inverse_map_complete_2026-08-31,har,mlp,2,RidgeAIME,0.001,1.0,0.1,0.5,90,100,561,661,0.24895733396988362,0.9577777777777777,0.10735670836301978,X ~= Y A^T,SVD normal-system solve,1.4279261120372633,1.4279207855052813,80.33759808688808,80.33859808688814,114.71615408662237,114.7171540866224,80.33859808688814,1.1471715408662238e-10,45.79953249557271,1,True,1.0,0.0,rms,25.709920264364882,0.5309362850062366,0.728653748364912,0.4704092540454393,0.6867824537874023,0.971650408095659,0.9515678582830182,0.0,0.13391259341757825,0.01,0.0013144145535628159,0.0,0.10634920634920635,1.0,1.0,0.9679226146538644,0.9468904446377012,0.1797385620915033,0.15470411544283794,1.6608610449115269
r5_final_inverse_map_complete_2026-08-31,har,mlp,2,HuberRidgeAIME,0.001,0.5,0.1,0.5,90,100,561,661,0.24895733396988362,0.9577777777777777,0.10735670836301978,X ~= Y A^T,SVD normal-system solve,2.0121154163439723,2.0120939637198365,47.178096132545804,47.17909613254584,94.92777454205336,94.92877454205336,47.17909613254581,9.49287745420534e-11,43.028712176348904,12,True,0.7436101162309458,0.7317460317460317,rms,12.854960132182441,0.5121167515939943,0.7156233308060842,0.4891810935669916,0.7007792872804974,0.9955190381779353,0.9875226051204218,0.42857142857142855,0.13256091102171175,0.0,0.0010552054773560239,0.0,1.0000000000000002,0.09475954573939847,0.8208267915825153,0.9952024862853841,0.9935560337574131,0.49816849816849806,0.3036482581791955,1.6337583481026594
r5_final_inverse_map_complete_2026-08-31,har,mlp,2,HuberRidgeAIME,0.001,1.0,0.1,0.5,90,100,561,661,0.24895733396988362,0.9577777777777777,0.10735670836301978,X ~= Y A^T,SVD normal-system solve,1.4471293849766784,1.4471230976964675,71.11550346799801,71.11650346799802,102.9133347959508,102.91433479595086,71.11650346799804,1.0291433479595084e-10,43.861168892554375,8,True,0.8996516925426518,0.1619047619047619,rms,25.709920264364882,0.5084019800631685,0.7130231272989457,0.4928864508417118,0.7030755232537411,0.9974054868784484,0.9931534682569748,0.3333333333333333,0.13293888853519345,0.0,0.0012233433612040263,0.0,1.0000000000000002,0.18965490698760146,0.9841450933103043,0.9943386035863103,0.9911665886206888,0.3357142857142857,0.16050547540132154,1.642080201368452
r5_final_inverse_map_complete_2026-08-31,har,mlp,2,HuberRidgeAIME,0.001,2.0,0.1,0.5,90,100,561,661,0.24895733396988362,0.9577777777777777,0.10735670836301978,X ~= Y A^T,SVD normal-system solve,1.3942266262977134,1.3942214427054278,76.0517843735185,76.05278437351852,106.03342275101187,106.0344227510118,76.05278437351853,1.0603442275101182e-10,44.80825235324821,6,True,0.9336975847433162,0.10952380952380952,rms,51.419840528729765,0.5086139908478537,0.7131717821449849,0.49267497735085675,0.7026142576613488,0.9951519284762433,0.9880902910927883,0.17647058823529413,0.13356316825930736,0.0,0.0012986571458339564,0.0,1.0000000000000002,0.37996384093342866,0.9995948508805497,0.9904486569207943,0.9835877743018347,0.33066149536737777,0.14433175777004265,1.6513580055479047
r5_final_inverse_map_complete_2026-08-31,har,mlp,2,RidgeAIME,0.01,1.0,0.1,0.5,90,100,561,661,0.24895733396988362,0.9577777777777777,0.10735670836301978,X ~= Y A^T,SVD normal-system solve,1.4279261120372633,1.4278728526838762,80.33759808688808,80.3475980868881,114.71615408662237,114.72615408662246,80.34759808688807,1.147261540866224e-10,45.795352824792715,1,True,1.0,0.0,rms,25.709920264364882,0.5309341505774303,0.7286522837248438,0.47041138306501407,0.686782277680498,0.9716505921408137,0.9515678582830182,0.0,0.133912519481995,0.01,0.0013144084608724793,0.0,0.10634920634920635,1.0,1.0,0.9679228975294489,0.9468913836824766,0.1797385620915033,0.15468953668647273,1.66082140933688
r5_final_inverse_map_complete_2026-08-31,har,mlp,2,HuberRidgeAIME,0.01,0.5,0.1,0.5,90,100,561,661,0.24895733396988362,0.9577777777777777,0.10735670836301978,X ~= Y A^T,SVD normal-system solve,2.012069738267034,2.0118552679710024,47.17927315251403,47.189273152514005,94.9279877836078,94.9379877836079,47.18927315251403,9.493798778360783e-11,43.02263579623759,12,True,0.7436147488774568,0.7317460317460317,rms,12.854960132182441,0.5121271737114912,0.71563061261484,0.48917069786201617,0.7007758624579998,0.995516784991268,0.9875221272877643,0.42857142857142855,0.1325607302591725,0.0,0.001055208391817596,0.0,1.0000000000000002,0.0947595388762438,0.8208319763553986,0.9952027772265282,0.9935566403969585,0.49816849816849806,0.3035967345437194,1.6336970140638825
r5_final_inverse_map_complete_2026-08-31,har,mlp,2,HuberRidgeAIME,0.01,1.0,0.1,0.5,90,100,561,661,0.24895733396988362,0.9577777777777777,0.10735670836301978,X ~= Y A^T,SVD normal-system solve,1.4471352946971905,1.4470724287704113,71.11522118132108,71.12522118132105,102.91334656168696,102.92334656168696,71.12522118132104,1.0292334656168695e-10,43.85668116477947,8,True,0.8996508335205136,0.1619047619047619,rms,25.709920264364882,0.5084061768722137,0.7130260702612589,0.4928822646685388,0.7030748210437745,0.997405360674816,0.9931533436049772,0.3333333333333333,0.13293881587674738,0.0,0.001223341592514488,0.0,1.0000000000000002,0.18965489077199707,0.9841441339896978,0.9943387335442064,0.9911672451210185,0.3357142857142857,0.16049026894081037,1.6420357635394502
r5_final_inverse_map_complete_2026-08-31,har,mlp,2,HuberRidgeAIME,0.01,2.0,0.1,0.5,90,100,561,661,0.24895733396988362,0.9577777777777777,0.10735670836301978,X ~= Y A^T,SVD normal-system solve,1.3942272715486734,1.3941754416498768,76.05174828034751,76.0617482803476,106.03342150141542,106.04342150141538,76.06174828034753,1.0604342150141545e-10,44.80389642177141,6,True,0.9336975105746631,0.10952380952380952,rms,51.419840528729765,0.5086159123010379,0.7131731292617788,0.4926730607671652,0.7026139397273018,0.9951519606434829,0.9880927010314083,0.17647058823529413,0.13356310706641536,0.0,0.0012986511131029058,0.0,1.0000000000000002,0.37996375366259333,0.9995947782711262,0.9904488184900394,0.983589162093671,0.33066149536737777,0.14431742838622974,1.6513157845537367
r5_final_inverse_map_complete_2026-08-31,har,mlp,2,RidgeAIME,0.1,1.0,0.1,0.5,90,100,561,661,0.24895733396988362,0.9577777777777777,0.10735670836301978,X ~= Y A^T,SVD normal-system solve,1.4279261120372633,1.4273941144115068,80.33759808688808,80.43759808688814,114.71615408662237,114.81615408662242,80.43759808688807,1.1481615408662234e-10,45.75359920839897,1,True,1.0,0.0,rms,25.709920264364882,0.5309132712476329,0.7286379562221782,0.4704322094808284,0.6867805133943342,0.9716524305857034,0.9515823386900717,0.0,0.13391178092854722,0.01,0.0013143475970000952,0.0,0.10634920634920635,1.0,1.0,0.9679257218918295,0.9468775888654222,0.1797385620915033,0.15454390169380106,1.6604252635361059
r5_final_inverse_map_complete_2026-08-31,har,mlp,2,HuberRidgeAIME,0.1,0.5,0.1,0.5,90,100,561,661,0.24895733396988362,0.9577777777777777,0.10735670836301978,X ~= Y A^T,SVD normal-system solve,2.011618357064458,2.009479217964702,47.19091049670043,47.29091049670047,94.93010184174841,95.03010184174839,47.29091049670044,9.503010184174842e-11,42.96199353338169,12,True,0.7436605161545254,0.7317460317460317,rms,12.854960132182441,0.5122320773901314,0.7157039034336277,0.4890660600382446,0.7007416366633704,0.9954942530393533,0.9875199666531395,0.42857142857142855,0.13255893108899283,0.0,0.00105523712334488,0.0,1.0000000000000002,0.09475946908823862,0.8208831984874584,0.9952056698095255,0.99357216372121,0.49816849816849806,0.30308351907748216,1.6330844254023875
r5_final_inverse_map_complete_2026-08-31,har,mlp,2,HuberRidgeAIME,0.1,1.0,0.1,0.5,90,100,561,661,0.24895733396988362,0.9577777777777777,0.10735670836301978,X ~= Y A^T,SVD normal-system solve,1.447194352164372,1.4465663795771153,71.1124002287022,71.21240022870212,102.91346397983021,103.01346397983016,71.21240022870214,1.0301346397983035e-10,43.811855085119774,8,True,0.8996422485845793,0.1619047619047619,rms,25.709920264364882,0.508448607684146,0.7130558236801282,0.49283994138799214,0.7030677987039405,0.9974040992087218,0.9931608019494995,0.3333333333333333,0.13293809004822402,0.0,0.0012233238749076146,0.0,1.0000000000000002,0.18965472717998802,0.9841345468689623,0.994340028811424,0.9911726965667942,0.3357142857142857,0.1603383672080671,1.6415916424996595
r5_final_inverse_map_complete_2026-08-31,har,mlp,2,HuberRidgeAIME,0.1,2.0,0.1,0.5,90,100,561,661,0.24895733396988362,0.9577777777777777,0.10735670836301978,X ~= Y A^T,SVD normal-system solve,1.394233717454878,1.3937160201030931,76.05138769697567,76.15138769697566,106.03340898635656,106.13340898635657,76.1513876969756,1.0613340898635658e-10,44.760384696668545,6,True,0.9336967693663407,0.10952380952380952,rms,51.419840528729765,0.5086355877504736,0.7131869234292463,0.49265343518074756,0.7026107587819119,0.9951522819745057,0.9881002009265968,0.17647058823529413,0.13356249588724467,0.0,0.0012985908586144374,0.0,1.0000000000000002,0.37996287885016894,0.9995940529624039,0.9904504302549955,0.9835905748158996,0.33066149536737777,0.14417429207896743,1.6508938104506465
r5_final_inverse_map_complete_2026-08-31,har,mlp,2,RidgeAIME,1.0,1.0,0.1,0.5,90,100,561,661,0.24895733396988362,0.9577777777777777,0.10735670836301978,X ~= Y A^T,SVD normal-system solve,1.4279261120372633,1.4226650012827997,80.33759808688808,81.33759808688804,114.71615408662237,115.71615408662241,81.33759808688811,1.1571615408662233e-10,45.340326548332776,1,True,1.0,0.0,rms,25.709920264364882,0.5307500537713441,0.7285259458463673,0.47059501331899434,0.6867625577368665,0.9716706165371642,0.9515724080809302,0.0,0.13390447475994083,0.01,0.0013137451961027725,0.0,0.10634920634920635,1.0,1.0,0.9679535321318138,0.9469432472085233,0.1797385620915033,0.1531026476442176,1.6564846436605538
r5_final_inverse_map_complete_2026-08-31,har,mlp,2,HuberRidgeAIME,1.0,0.5,0.1,0.5,90,100,561,661,0.24895733396988362,0.9577777777777777,0.10735670836301978,X ~= Y A^T,SVD normal-system solve,2.007620352211704,1.986756280473445,47.29452107202635,48.29452107202634,94.9494430523054,95.94944305230547,48.29452107202636,9.594944305230546e-11,42.36735579147619,12,True,0.7440639950047914,0.7317460317460317,rms,12.854960132182441,0.513346585053967,0.7164820898347474,0.48795437684436416,0.7004016264955222,0.9952690677475693,0.987202145609946,0.3333333333333333,0.1325417483970443,0.0,0.0010555033052212438,0.0,1.0000000000000002,0.09475865966011307,0.821334789797142,0.995232988514506,0.9936705473592274,0.49816849816849806,0.2981445945695903,1.6270313598941755
r5_final_inverse_map_complete_2026-08-31,har,mlp,2,HuberRidgeAIME,1.0,1.0,0.1,0.5,90,100,561,661,0.24895733396988362,0.9577777777777777,0.10735670836301978,X ~= Y A^T,SVD normal-system solve,1.447780998468069,1.4415690979239115,71.08437985849758,72.08437985849766,102.91461444701912,103.91461444701905,72.08437985849763,1.0391461444701907e-10,43.3685575308413,8,True,0.8995531647502127,0.1634920634920635,rms,25.709920264364882,0.5089183359519694,0.7133851245659454,0.4923714035412152,0.702997458382931,0.9973915072158027,0.993154008415631,0.3333333333333333,0.1329309344315987,0.0,0.001223146186313841,0.0,1.0,0.1896529538515485,0.9840350726191479,0.9943525399516855,0.9912111475418012,0.3357142857142857,0.15883546401722393,1.6371749774447264
r5_final_inverse_map_complete_2026-08-31,har,mlp,2,HuberRidgeAIME,1.0,2.0,0.1,0.5,90,100,561,661,0.24895733396988362,0.9577777777777777,0.10735670836301978,X ~= Y A^T,SVD normal-system solve,1.3942975206964843,1.3891799516503167,76.0478164807343,77.04781648073438,106.03328197346906,107.03328197346907,77.04781648073427,1.070332819734691e-10,44.329973313092616,6,True,0.9336894051013355,0.10952380952380952,rms,51.419840528729765,0.5088774239180661,0.71335644941226,0.49241221189273543,0.7025787965775946,0.9951554615255798,0.9880900002381273,0.17647058823529413,0.13355645819508516,0.0,0.0012979955081539943,0.0,1.0000000000000002,0.379953925652873,0.9995868777888078,0.9904661614935962,0.9836231588385929,0.33066149536737777,0.1427585070383314,1.6466974698515542
