pipeline_version,experiment_mode,dataset,learner,repeat,method,outlier_rate,clone_frac,n_outlier_rows,n_clones,d_original,d_total,model_fit_time_sec,model_test_accuracy,model_test_log_loss,n_explanation_fit,n_explanation_val,explain_time_sec,orientation,solver,cond_raw,cond_reg,lambda_min_raw,lambda_min_reg,lambda_max_raw,lambda_max_reg,system_min_singular_value,solver_svd_tolerance,coef_fro_norm,mean_iter,converged,mean_huber_weight,frac_downweighted,ridge_lambda,huber_delta,residual_mode,effective_delta_on_l2_norm,clean_target_reconstruction_mse,clean_target_reconstruction_rmse,clean_target_reconstruction_r2,clean_target_reconstruction_cosine,observed_target_reconstruction_mse,observed_target_reconstruction_rmse,observed_target_reconstruction_r2,observed_target_reconstruction_cosine,operator_cosine_flat,operator_spearman_global,operator_topk_jaccard,clone_mass_ratio,clone_topk_infiltration,irrelevant_decoy_mass_ratio,irrelevant_decoy_topk_infiltration,outlier_weight_ap,mean_weight_outlier_rows,mean_weight_nonoutlier_rows,bootstrap_cosine_flat,bootstrap_spearman_global,bootstrap_topk_jaccard,error,log10_cond_reg,log10_coef_norm
r5_final_inverse_map_complete_2026-08-31,end_to_end_original_stress,breast_cancer,lgbm,0,RidgeAIME,0.05,0.0,28,0,30,30,1.1202997079817578,0.9649122807017544,0.08293158639134421,119,52,0.00014433299656957388,X ~= Y A^T,SVD normal-system solve,1.975255419462614,1.9750018042683493,38.444140032520934,38.45414003252094,75.9369959458166,75.94699594581661,38.45414003252094,7.59469959458166e-11,4.776561781122865,1,True,1.0,0.0,0.01,1.0,rms,5.477225575051661,0.5209633859869913,0.7217779339845403,0.23169383676954247,0.5155172028836466,1.1996833287758046,1.095300565495976,0.13275266438072542,0.3892123079792379,0.9687638334639095,0.9074527252502781,0.8181818181818182,0.0,0.0,0.0332444344450389,0.0,0.04201680672268908,1.0,1.0,0.9496979341565641,0.8479644048943271,0.5948717948717949,,0.29556749671358284,0.67911539938047
r5_final_inverse_map_complete_2026-08-31,end_to_end_original_stress,breast_cancer,lgbm,0,HuberRidgeAIME,0.05,0.0,28,0,30,30,1.1202997079817578,0.9649122807017544,0.08293158639134421,119,52,0.0005966250319033861,X ~= Y A^T,SVD normal-system solve,2.123233460636557,2.122903919445082,34.07476662987196,34.08476662987196,72.34868467192611,72.35868467192611,34.08476662987195,7.235868467192613e-11,4.532105679661003,9,True,0.9311228195238435,0.17647058823529413,0.01,1.0,rms,5.477225575051661,0.4975455507286389,0.7053690882996212,0.2662299820005951,0.5350651797694478,1.178287638062855,1.0854895845022443,0.14821954244718483,0.4026677960335722,0.9942524042339537,0.9839822024471635,0.8181818181818182,0.0,0.0,0.02698987854737661,0.0,0.9666666666666666,0.21264070562507528,0.9626351929404563,0.9786275498516257,0.9418909899888765,0.793939393939394,,0.32693033886733075,0.6563000281901495
r5_final_inverse_map_complete_2026-08-31,end_to_end_original_stress,breast_cancer,svm,0,RidgeAIME,0.05,0.0,28,0,30,30,0.006353916949592531,0.9532163742690059,0.13387813509707822,119,52,0.00013529101852327585,X ~= Y A^T,SVD normal-system solve,1.9913974170092603,1.9911124954279158,34.78544835927259,34.7954483592726,69.27165201216445,69.28165201216444,34.7954483592726,6.928165201216446e-11,4.6089974391226916,1,True,1.0,0.0,0.01,1.0,rms,5.477225575051661,0.6479072905033995,0.8049268851910709,0.2561306381688816,0.512118489840726,0.6479072905033995,0.8049268851910709,0.2561306381688816,0.512118489840726,0.9718524949722973,0.9724137931034482,0.8181818181818182,0.0,0.0,0.048312025171202214,0.0,0.1092436974789916,1.0,1.0,0.9569838658409002,0.8971301446051168,0.7876123876123877,,0.29909579782921814,0.6636064668194231
r5_final_inverse_map_complete_2026-08-31,end_to_end_original_stress,breast_cancer,svm,0,HuberRidgeAIME,0.05,0.0,28,0,30,30,0.006353916949592531,0.9532163742690059,0.13387813509707822,119,52,0.0005411249585449696,X ~= Y A^T,SVD normal-system solve,1.8974377736660824,1.897168934041747,33.37190104537589,33.38190104537588,63.32110562254284,63.33110562254284,33.38190104537588,6.333110562254285e-11,4.325469058928559,8,True,0.8975706537615353,0.226890756302521,0.01,1.0,rms,5.477225575051661,0.6221841827332207,0.7887865254511012,0.28566361617635083,0.54098724989586,0.6221841827332207,0.7887865254511012,0.28566361617635083,0.54098724989586,0.9959833662294023,0.9897664071190211,1.0,0.0,0.0,0.031344805383939786,0.0,0.8944721944721943,0.3427351650369715,0.9656165155862461,0.9813848026159674,0.9584427141268075,0.8939393939393939,,0.2781060045078188,0.6360332097566023
r5_final_inverse_map_complete_2026-08-31,end_to_end_original_stress,breast_cancer,mlp,0,RidgeAIME,0.05,0.0,28,0,30,30,0.018792124930769205,0.8888888888888888,0.4724726693642598,119,52,0.00012770795729011297,X ~= Y A^T,SVD normal-system solve,6.87891697039719,6.872163026814626,8.694421200044536,8.704421200044537,59.80820154076746,59.81820154076746,8.70442120004454,5.981820154076746e-11,11.59723358131023,1,True,1.0,0.0,0.01,1.0,rms,5.477225575051661,0.8110694954559793,0.9005939681432357,0.28582336880178705,0.540430395606647,1.3877918154720548,1.1780457611960813,0.20441073982467328,0.46324893349792395,0.9260565450698938,0.8398220244716351,0.6666666666666666,0.0,0.0,0.02738291948865934,0.0,0.08403361344537816,1.0,1.0,0.9362768283971719,0.804582869855395,0.6638694638694639,,0.8370934536180319,1.0643544044289222
r5_final_inverse_map_complete_2026-08-31,end_to_end_original_stress,breast_cancer,mlp,0,HuberRidgeAIME,0.05,0.0,28,0,30,30,0.018792124930769205,0.8888888888888888,0.4724726693642598,119,52,0.0005789999850094318,X ~= Y A^T,SVD normal-system solve,7.99257026559795,7.982515577336944,6.944537111526725,6.954537111526726,55.50470082592997,55.514700825929964,6.954537111526728,5.551470082592997e-11,12.461856976660096,9,True,0.924549886365893,0.17647058823529413,0.01,1.0,rms,5.477225575051661,0.7463509262172666,0.8639160411852917,0.34281045808799815,0.591255490580933,1.3347678724714427,1.155321545056372,0.23480815182345094,0.49487587536281197,0.9954781489015099,0.9799777530589545,1.0,0.0,0.0,0.016698965140661104,0.0,0.9107512370670264,0.3751062151168858,0.9749575626272697,0.9870148005822216,0.939933259176863,0.7682983682983683,,0.9021397747084918,1.0955827625981087
r5_final_inverse_map_complete_2026-08-31,end_to_end_original_stress,breast_cancer,lgbm,0,RidgeAIME,0.05,0.25,28,8,30,38,1.0885013330262154,0.9707602339181286,0.14237911473991993,119,52,0.0001953750615939498,X ~= Y A^T,SVD normal-system solve,1.4763379538243238,1.4762386016810753,47.93440645656457,47.944406456564565,70.76738354586799,70.77738354586799,47.944406456564565,7.077738354586798e-11,5.62270052904066,1,True,1.0,0.0,0.01,1.0,rms,6.164414002968976,0.9955994949679715,0.9977973215878921,0.1905722307236305,0.4498831950979672,1.2612916740570952,1.1230724260069318,0.14742955431178606,0.4013317881710154,0.9770943561448695,0.9809607178028231,0.8181818181818182,0.1705807636397547,0.125,0.014926113223150383,0.0,0.03361344537815126,1.0,1.0,0.9677484402016752,0.931655542181858,0.7727272727272727,,0.16915655736424845,0.7499449531432996
r5_final_inverse_map_complete_2026-08-31,end_to_end_original_stress,breast_cancer,lgbm,0,HuberRidgeAIME,0.05,0.25,28,8,30,38,1.0885013330262154,0.9707602339181286,0.14237911473991993,119,52,0.0006218339549377561,X ~= Y A^T,SVD normal-system solve,1.6271144532273596,1.626966965836359,42.50986891731739,42.5198689173174,69.16842212016762,69.17842212016761,42.519868917317396,6.917842212016761e-11,5.157996768623669,9,True,0.9409546495928379,0.16806722689075632,0.01,1.0,rms,6.164414002968976,0.9884235360971083,0.9941949185633109,0.1964063240619851,0.4526706162719635,1.2540253560504155,1.119832735746913,0.15234122391913385,0.403279867753037,0.9933378109569149,0.9899332530911478,0.6666666666666666,0.18386191918682282,0.125,0.014419598414811849,0.0,0.9166666666666666,0.24387212533281963,0.9652009982627515,0.9835559654119036,0.956406609038188,0.7606060606060606,,0.21137873505079252,0.7124810657256587
r5_final_inverse_map_complete_2026-08-31,end_to_end_original_stress,breast_cancer,svm,0,RidgeAIME,0.05,0.25,28,8,30,38,0.00586241704877466,0.935672514619883,0.16664476479092424,119,52,0.0001361669274047017,X ~= Y A^T,SVD normal-system solve,2.24589015915134,2.245523236311052,33.9450996109478,33.9550996109478,76.23696516763964,76.24696516763964,33.95509961094779,7.624696516763965e-11,6.041067218423233,1,True,1.0,0.0,0.01,1.0,rms,6.164414002968976,0.5418231791301324,0.7360863937950032,0.31050995319447394,0.5778319815069883,1.7352347056665822,1.3172830772717694,0.09379778807266903,0.34319039566662174,0.9402962357332763,0.7358573148046833,0.5384615384615384,0.18932482398367817,0.0,0.033678293012057034,0.0,0.07563025210084033,1.0,1.0,0.9399838110715516,0.7692088849983587,0.49010989010989003,,0.3513175534310014,0.7811136681128268
r5_final_inverse_map_complete_2026-08-31,end_to_end_original_stress,breast_cancer,svm,0,HuberRidgeAIME,0.05,0.25,28,8,30,38,0.00586241704877466,0.935672514619883,0.16664476479092424,119,52,0.0005807919660583138,X ~= Y A^T,SVD normal-system solve,2.4502282455785784,2.4497411123549306,29.760670017504484,29.770670017504486,72.92043428423301,72.93043428423302,29.770670017504496,7.2930434284233e-11,5.299841583004334,8,True,0.8992933897999782,0.226890756302521,0.01,1.0,rms,6.164414002968976,0.5091009498001114,0.7135131041544447,0.3521502009752331,0.6078770978697576,1.686159367804888,1.2985219935776553,0.11942670131196742,0.37207923016279015,0.9908251001098459,0.9551373235583762,0.6666666666666666,0.20142876781226776,0.125,0.02061999084829776,0.0,0.9888888888888892,0.2039246723535276,0.9561871939546878,0.9787880441451453,0.9297953824269614,0.6603396603396604,,0.3891201907251695,0.7242628883450744
r5_final_inverse_map_complete_2026-08-31,end_to_end_original_stress,breast_cancer,mlp,0,RidgeAIME,0.05,0.25,28,8,30,38,0.027923832996748388,0.9590643274853801,0.1998025309280534,119,52,0.0001415829174220562,X ~= Y A^T,SVD normal-system solve,2.4574316687301763,2.4568715063278126,26.00802017732415,26.01802017732414,63.912932424729775,63.92293242472978,26.01802017732414,6.392293242472978e-11,7.50523733565742,1,True,1.0,0.0,0.01,1.0,rms,6.164414002968976,0.6292443889969751,0.7932492603192108,0.3272517893028547,0.5760954668179541,2.452037070323698,1.5658981672904846,0.10939806550693121,0.3454582421132967,0.9963541341987666,0.9971550497866287,0.8181818181818182,0.20039976883585522,0.125,0.016447777837897668,0.0,0.01680672268907563,1.0,1.0,0.9864750039245689,0.9509793194003722,0.7001665001665003,,0.3903824435976902,0.875364430348327
r5_final_inverse_map_complete_2026-08-31,end_to_end_original_stress,breast_cancer,mlp,0,HuberRidgeAIME,0.05,0.25,28,8,30,38,0.027923832996748388,0.9590643274853801,0.1998025309280534,119,52,0.0005685409996658564,X ~= Y A^T,SVD normal-system solve,2.4997463662123742,2.4991364468353385,24.57925593582281,24.589255935822816,61.441905709777004,61.451905709776995,24.58925593582282,6.1451905709777e-11,7.257117167237476,8,True,0.9559136873435317,0.13445378151260504,0.01,1.0,rms,6.164414002968976,0.6249018765588373,0.7905073538929523,0.331894528314551,0.5794516842443652,2.4426469732531704,1.5628969810109592,0.11280863328231383,0.3501185088530858,0.9985445947486028,0.9967173651384177,1.0,0.20004976089010776,0.125,0.013716683525233073,0.0,1.0,0.2703940664622185,0.967631971461161,0.9898238078370486,0.9616807090491302,0.8034632034632034,,0.39778996820726487,0.8607641348872359
r5_final_inverse_map_complete_2026-08-31,end_to_end_original_stress,breast_cancer,lgbm,0,RidgeAIME,0.05,0.5,28,15,30,45,1.1443800000706688,0.9649122807017544,0.15690642916458644,119,52,0.0001479999627918005,X ~= Y A^T,SVD normal-system solve,1.7235274164341303,1.723358658365029,42.86364866657306,42.87364866657305,73.87667364523892,73.88667364523894,42.87364866657305,7.388667364523894e-11,6.718012413183289,1,True,1.0,0.0,0.01,1.0,rms,6.708203932499369,0.7795860159796791,0.8829416832269723,0.3520781893538386,0.6007909401456019,2.849610266833591,1.6880788686650843,0.13815475052078463,0.3905825211746518,0.9859022709497738,0.8873517786561264,0.5384615384615384,0.369822473818163,0.4,0.014334920324666985,0.0,0.025210084033613446,1.0,1.0,0.9762999872862503,0.9049670619235834,0.6766899766899768,,0.23637567044819105,0.8272408019724548
r5_final_inverse_map_complete_2026-08-31,end_to_end_original_stress,breast_cancer,lgbm,0,HuberRidgeAIME,0.05,0.5,28,15,30,45,1.1443800000706688,0.9649122807017544,0.15690642916458644,119,52,0.000648624962195754,X ~= Y A^T,SVD normal-system solve,1.8519298425762858,1.8517106755074657,38.86125229010253,38.87125229010253,71.9683128359269,71.97831283592689,38.87125229010253,7.197831283592689e-11,6.2038388926676475,9,True,0.949105008609378,0.18487394957983194,0.01,1.0,rms,6.708203932499369,0.7713705637107516,0.8782770426868458,0.35890613469951205,0.6106962088615729,2.8412680745649097,1.6856061445559902,0.14067778985029766,0.39827569984423017,0.9982480524014558,0.9765480895915678,1.0,0.36013649587341723,0.26666666666666666,0.014472623750783536,0.0,1.0,0.26439751109720505,0.9668129611312446,0.98495042010306,0.9308168642951251,0.7895104895104895,,0.26757313037698416,0.7926605111057959
r5_final_inverse_map_complete_2026-08-31,end_to_end_original_stress,breast_cancer,svm,0,RidgeAIME,0.05,0.5,28,15,30,45,0.00713920802809298,0.9707602339181286,0.09711057067256908,119,52,0.00015108298975974321,X ~= Y A^T,SVD normal-system solve,1.8034011986626157,1.8031988388004132,39.69160830895589,39.70160830895589,71.5798940012181,71.5898940012181,39.70160830895588,7.15898940012181e-11,7.2076563170330274,1,True,1.0,0.0,0.01,1.0,rms,6.708203932499369,0.662619468138004,0.8140144151905444,0.29430993770624847,0.5633004904954767,0.6986336734189882,0.8358430913867675,0.2768792779702942,0.5486961239695898,0.984847834526821,0.978129117259552,0.8181818181818182,0.35584057304562333,0.26666666666666666,0.017098711068269223,0.0,0.025210084033613446,1.0,1.0,0.9740026057081244,0.9614756258234518,0.7272727272727273,,0.2560436190310379,0.8577940699834095
r5_final_inverse_map_complete_2026-08-31,end_to_end_original_stress,breast_cancer,svm,0,HuberRidgeAIME,0.05,0.5,28,15,30,45,0.00713920802809298,0.9707602339181286,0.09711057067256908,119,52,0.0007064579986035824,X ~= Y A^T,SVD normal-system solve,1.916061946718198,1.9158079055238173,36.049582736230875,36.05958273623088,69.07323367596128,69.08323367596128,36.059582736230865,6.908323367596129e-11,6.589360045430025,10,True,0.927240350580713,0.23529411764705882,0.01,1.0,rms,6.708203932499369,0.6424668247774786,0.8015402826916926,0.3157725128829726,0.5712244586576879,0.6772751559398154,0.8229672872841395,0.2989864096025838,0.5570419392612596,0.9964150409553557,0.9926218708827402,0.8181818181818182,0.3564129269808269,0.3333333333333333,0.013582157880271945,0.0,0.8666666666666667,0.2217504178342785,0.9454857798758795,0.9881504759253547,0.9652173913043477,0.665001665001665,,0.2823519610299299,0.8188432382307161
r5_final_inverse_map_complete_2026-08-31,end_to_end_original_stress,breast_cancer,mlp,0,RidgeAIME,0.05,0.5,28,15,30,45,0.020217625075019896,0.9415204678362573,0.3598977800047317,119,52,0.00013574992772191763,X ~= Y A^T,SVD normal-system solve,5.21753110697921,5.214044951407131,12.087942905244002,12.097942905244004,63.06921812749923,63.07921812749922,12.097942905243997,6.307921812749922e-11,14.401742654814539,1,True,1.0,0.0,0.01,1.0,rms,6.708203932499369,0.5303651009832298,0.7282616981437577,0.4053806187912823,0.6447885648848264,1.4545607176200706,1.2060517060309108,0.1869290482313991,0.4545046961489725,0.9851674042757514,0.9127799736495388,0.42857142857142855,0.32282057025481303,0.2,0.017263881782452695,0.0,0.058823529411764705,1.0,1.0,0.9753857765373655,0.8929380764163373,0.5174408924408924,,0.7171747709949334,1.1584150462326719
r5_final_inverse_map_complete_2026-08-31,end_to_end_original_stress,breast_cancer,mlp,0,HuberRidgeAIME,0.05,0.5,28,15,30,45,0.020217625075019896,0.9415204678362573,0.3598977800047317,119,52,0.0006439579883590341,X ~= Y A^T,SVD normal-system solve,5.87047662336163,5.8655710173878015,9.91838937604472,9.92838937604472,58.225672973468875,58.235672973468866,9.928389376044718,5.823567297346888e-11,13.776773258175066,9,True,0.9199293686038843,0.18487394957983194,0.01,1.0,rms,6.708203932499369,0.5061244339562017,0.7114242292445497,0.43255806768634786,0.6624976276340204,1.42894163467583,1.1953834676269495,0.201249613815622,0.46628948009219023,0.9958634407438326,0.9166007905138339,0.5384615384615384,0.3367011270467446,0.3333333333333333,0.0131906314524396,0.0,0.9571428571428571,0.28279898522998864,0.9597500175647529,0.991169548902036,0.9305665349143609,0.5570429570429571,,0.7683102973772458,1.1391475107307973
r5_final_inverse_map_complete_2026-08-31,end_to_end_original_stress,breast_cancer,lgbm,0,RidgeAIME,0.1,0.0,57,0,30,30,1.1932921250117943,0.9766081871345029,0.10780544733380135,119,52,0.00014016707427799702,X ~= Y A^T,SVD normal-system solve,1.7800915813141143,1.7799055355779292,41.920097260622626,41.93009726062263,74.6216122215032,74.63161222150319,41.93009726062264,7.463161222150319e-11,5.295569825191437,1,True,1.0,0.0,0.01,1.0,rms,5.477225575051661,0.8095396473057722,0.8997442121546391,0.32401371004977897,0.576629057209427,2.3915925918492005,1.5464774786104065,0.12684557903302007,0.37606436274489546,0.9555979706342725,0.9025583982202448,0.8181818181818182,0.0,0.0,0.021847049510828293,0.0,0.08403361344537816,1.0,1.0,0.9556352931593638,0.8943715239154615,0.720945720945721,,0.25039695373255333,0.7239126988384635
r5_final_inverse_map_complete_2026-08-31,end_to_end_original_stress,breast_cancer,lgbm,0,HuberRidgeAIME,0.1,0.0,57,0,30,30,1.1932921250117943,0.9766081871345029,0.10780544733380135,119,52,0.00060224998742342,X ~= Y A^T,SVD normal-system solve,1.8591488771002334,1.8589187405361403,37.32213279187784,37.33213279187784,69.38740127100549,69.39740127100549,37.33213279187785,6.939740127100548e-11,5.062558417792255,9,True,0.9153680599424429,0.23529411764705882,0.01,1.0,rms,5.477225575051661,0.7726147089634245,0.8789850447894005,0.3548469770302859,0.6068665206111667,2.368527988613743,1.539002270503115,0.13526631103876585,0.3887025885954295,0.9960265902349932,0.9830923248053391,1.0,0.0,0.0,0.018047324374327777,0.0,0.8468706293706293,0.4073376997995498,0.9619763498638091,0.9809194172009548,0.9336151279199111,0.7731601731601732,,0.26926040574388443,0.7043700476555039
r5_final_inverse_map_complete_2026-08-31,end_to_end_original_stress,breast_cancer,svm,0,RidgeAIME,0.1,0.0,57,0,30,30,0.006558625027537346,0.9590643274853801,0.12472584868206867,119,52,0.00012458302080631256,X ~= Y A^T,SVD normal-system solve,1.7929245160999057,1.7927236453209723,39.46435860555017,39.474358605550165,70.75661605604918,70.76661605604919,39.474358605550165,7.07666160560492e-11,5.55676935404396,1,True,1.0,0.0,0.01,1.0,rms,5.477225575051661,0.6738604320939391,0.8208900243601083,0.28989860288104485,0.5539023852127364,1.939733405791443,1.392743122686823,0.09534663271693622,0.3413886676575554,0.9889929744758631,0.9764182424916574,0.6666666666666666,0.0,0.0,0.025844922710993434,0.0,0.10084033613445378,1.0,1.0,0.9729707289181275,0.9549721913236929,0.790909090909091,,0.25351334669415443,0.7448223708100679
r5_final_inverse_map_complete_2026-08-31,end_to_end_original_stress,breast_cancer,svm,0,HuberRidgeAIME,0.1,0.0,57,0,30,30,0.006558625027537346,0.9590643274853801,0.12472584868206867,119,52,0.0006290839519351721,X ~= Y A^T,SVD normal-system solve,1.9222566843100903,1.9219883658025405,34.36171340624954,34.37171340624954,66.05203327951082,66.06203327951083,34.37171340624953,6.606203327951082e-11,5.206219990955069,10,True,0.883042670735319,0.31932773109243695,0.01,1.0,rms,5.477225575051661,0.6627029690337843,0.8140657031430475,0.30165612673906306,0.5578542430952795,1.9348829996186576,1.3910007187700004,0.09760876640180227,0.33958096006484995,0.9949623636981398,0.9879866518353726,0.8181818181818182,0.0,0.0,0.021033453512313536,0.0,0.8489782820665174,0.3611795569695238,0.9415693750828847,0.9849266061806645,0.9634260289210234,0.790909090909091,,0.2837507544651746,0.7165225154519084
r5_final_inverse_map_complete_2026-08-31,end_to_end_original_stress,breast_cancer,mlp,0,RidgeAIME,0.1,0.0,57,0,30,30,0.03139437502250075,0.9122807017543859,0.28230305315746446,119,52,0.00013529194984585047,X ~= Y A^T,SVD normal-system solve,2.1168765527610924,2.1165404295362444,33.21818746801141,33.228187468011406,70.31880217625572,70.32880217625572,33.22818746801141,7.03288021762557e-11,6.570116843902782,1,True,1.0,0.0,0.01,1.0,rms,5.477225575051661,0.5909879483318029,0.7687574053833907,0.3122768238538466,0.5801142275773982,3.321770795039822,1.8225725760692828,0.08117655098342802,0.3184087587406126,0.9726469843106713,0.8411568409343715,0.6666666666666666,0.0,0.0,0.03303204635812494,0.0,0.12605042016806722,1.0,1.0,0.9563740773183078,0.8552614015572859,0.5385947385947386,,0.32562656865543366,0.8175730931839809
r5_final_inverse_map_complete_2026-08-31,end_to_end_original_stress,breast_cancer,mlp,0,HuberRidgeAIME,0.1,0.0,57,0,30,30,0.03139437502250075,0.9122807017543859,0.28230305315746446,119,52,0.0005840410012751818,X ~= Y A^T,SVD normal-system solve,2.233597041685536,2.2331516977749652,27.689874465660267,27.69987446566027,61.848021691142634,61.85802169114264,27.699874465660265,6.185802169114264e-11,5.896668444490683,9,True,0.8714753109654343,0.2689075630252101,0.01,1.0,rms,5.477225575051661,0.5500836265562328,0.7416762275792805,0.3598765256227322,0.6066163041745936,3.2936266485407963,1.8148351574015742,0.08896140531307539,0.3266278433755718,0.9938214992217744,0.9652947719688543,0.8181818181818182,0.0,0.0,0.02525910308032935,0.0,0.9236283015230384,0.2970707258379098,0.9543221261280583,0.9867676569693714,0.9344160177975527,0.7123543123543123,,0.3489182256549004,0.7706067091282818
r5_final_inverse_map_complete_2026-08-31,end_to_end_original_stress,breast_cancer,lgbm,0,RidgeAIME,0.1,0.25,57,8,30,38,1.1701606250135228,0.9473684210526315,0.19325091041135434,119,52,0.0001438329927623272,X ~= Y A^T,SVD normal-system solve,1.9271650548466521,1.9269307122775765,39.55451695920065,39.564516959200645,76.22808284511075,76.23808284511075,39.56451695920065,7.623808284511075e-11,5.976093107102329,1,True,1.0,0.0,0.01,1.0,rms,6.164414002968976,0.5728421209560891,0.7568633436467175,0.21491487972533307,0.5162693703633516,1.7557036553522747,1.3250296809325723,0.05167033487533146,0.3007883995091164,0.929083456324569,0.7680271364481891,0.42857142857142855,0.25801850290145356,0.375,0.028812221985251497,0.06666666666666667,0.10084033613445378,1.0,1.0,0.9373488768770006,0.8515154830944305,0.6598049009813717,,0.2848660987672796,0.7764173551369561
r5_final_inverse_map_complete_2026-08-31,end_to_end_original_stress,breast_cancer,lgbm,0,HuberRidgeAIME,0.1,0.25,57,8,30,38,1.1701606250135228,0.9473684210526315,0.19325091041135434,119,52,0.000596500001847744,X ~= Y A^T,SVD normal-system solve,1.9474738928447572,1.9472042306267898,35.12558183959281,35.13558183959281,68.40615360358892,68.41615360358892,35.13558183959281,6.841615360358894e-11,4.827445572913367,8,True,0.8944629913946975,0.19327731092436976,0.01,1.0,rms,6.164414002968976,0.5218456038596767,0.722388817645786,0.2848060509461292,0.5486059916976129,1.7027505089912605,1.3048948267930487,0.08027256475777844,0.3179231952286677,0.9943727587332418,0.9680490206805996,0.8181818181818182,0.23082031064537728,0.25,0.019510787125547498,0.0,1.0,0.20343793684669997,0.9719611283533514,0.9787416715366716,0.9367326841011051,0.7909090909090909,,0.2894115044643966,0.6837173860212635
r5_final_inverse_map_complete_2026-08-31,end_to_end_original_stress,breast_cancer,svm,0,RidgeAIME,0.1,0.25,57,8,30,38,0.006512416992336512,0.9415204678362573,0.11648921713278652,119,52,0.00013399997260421515,X ~= Y A^T,SVD normal-system solve,1.8181969422618791,1.8179773435884574,37.24873792905774,37.25873792905773,67.72554140572686,67.73554140572688,37.25873792905773,6.773554140572688e-11,6.665012089450675,1,True,1.0,0.0,0.01,1.0,rms,6.164414002968976,0.6276887380341538,0.7922680973219569,0.19077649506520045,0.5013466448874978,2.4787799578263385,1.5744141633719948,0.028011819011790617,0.24829740795651756,0.9374296276347281,0.762556078345552,0.3333333333333333,0.24662460391814137,0.5,0.02696263384711457,0.0,0.13445378151260504,1.0,1.0,0.9603400570576299,0.8806215122004595,0.6680319680319681,,0.25958846655601203,0.8238009415033597
r5_final_inverse_map_complete_2026-08-31,end_to_end_original_stress,breast_cancer,svm,0,HuberRidgeAIME,0.1,0.25,57,8,30,38,0.006512416992336512,0.9415204678362573,0.11648921713278652,119,52,0.000680082943290472,X ~= Y A^T,SVD normal-system solve,1.8724998541524724,1.872238094268945,33.322069161806574,33.33206916180657,62.39556964554141,62.405569645541405,33.332069161806565,6.240556964554141e-11,5.673294457514798,10,True,0.87268507075624,0.24369747899159663,0.01,1.0,rms,6.164414002968976,0.5626009779249446,0.7500673155957034,0.27468838032362897,0.5394702337102881,2.3888231575825984,1.5455818184692127,0.06328600555681452,0.2815944364325424,0.9963277725524701,0.976802713644819,0.6666666666666666,0.21920288307772906,0.25,0.018631407811562188,0.0,0.9749627976190476,0.28369270554024595,0.964179030401443,0.9833808755812802,0.9352007878323668,0.7501165501165502,,0.2723610775495047,0.7538353250692152
r5_final_inverse_map_complete_2026-08-31,end_to_end_original_stress,breast_cancer,mlp,0,RidgeAIME,0.1,0.25,57,8,30,38,0.018364832969382405,0.8187134502923976,0.5379943348027661,119,52,0.00014158396515995264,X ~= Y A^T,SVD normal-system solve,10.63811990171423,10.621488202468795,5.785030176702828,5.795030176702828,61.541844654799746,61.551844654799744,5.795030176702832,6.155184465479974e-11,20.134447465291075,1,True,1.0,0.0,0.01,1.0,rms,6.164414002968976,0.7729691549009748,0.8791866439505179,0.19398469675171692,0.4610430569068548,0.9200680913833759,0.9592017990930667,0.16352680612930326,0.42335266136636973,0.8743334702094084,0.8209869788817157,0.8181818181818182,0.22744236211277044,0.375,0.011749540599832454,0.0,0.10084033613445378,1.0,1.0,0.9523931098565634,0.8978662873399715,0.7501165501165501,,1.0261853710617814,1.303939716085607
r5_final_inverse_map_complete_2026-08-31,end_to_end_original_stress,breast_cancer,mlp,0,HuberRidgeAIME,0.1,0.25,57,8,30,38,0.018364832969382405,0.8187134502923976,0.5379943348027661,119,52,0.0006631670985370874,X ~= Y A^T,SVD normal-system solve,15.335432637612541,15.296703929258161,3.691500320237396,3.7015003202373955,56.61075449272571,56.62075449272571,3.701500320237398,5.6620754492725696e-11,19.19194979361938,10,True,0.9132952982323773,0.21008403361344538,0.01,1.0,rms,6.164414002968976,0.7027791256468853,0.8383192265759418,0.2671755056676155,0.5219285588365311,0.8533372801823155,0.9237625669956082,0.22419463636674464,0.47960395776498743,0.9843877603948972,0.9028340080971659,0.8181818181818182,0.2190448767665178,0.375,0.012273221004560044,0.0,0.8810316510974405,0.39713593757938354,0.9711823293336476,0.986751935526996,0.9464055148265675,0.6682900432900434,,1.1845978609125534,1.2831190988414656
r5_final_inverse_map_complete_2026-08-31,end_to_end_original_stress,breast_cancer,lgbm,0,RidgeAIME,0.1,0.5,57,15,30,45,1.1566429579397663,0.9181286549707602,0.36004228541330274,119,52,0.0001504160463809967,X ~= Y A^T,SVD normal-system solve,1.957727825697728,1.9574845618998498,39.35992820334773,39.36992820334772,77.05602666115863,77.06602666115865,39.36992820334772,7.706602666115864e-11,5.9282601939584305,1,True,1.0,0.0,0.01,1.0,rms,6.708203932499369,1.0197486639780888,1.00982605629786,0.14727150212704132,0.4069466565501004,2.5436844775134553,1.5948932495667085,0.07053254201880621,0.2934144710055306,0.9549928373806124,0.8571805006587614,0.42857142857142855,0.36906039492358444,0.2,0.018091285057183867,0.0,0.08403361344537816,1.0,1.0,0.960469155625732,0.8629380764163372,0.6084498834498835,,0.29169834559172036,0.7729272567662291
r5_final_inverse_map_complete_2026-08-31,end_to_end_original_stress,breast_cancer,lgbm,0,HuberRidgeAIME,0.1,0.5,57,15,30,45,1.1566429579397663,0.9181286549707602,0.36004228541330274,119,52,0.000517000094987452,X ~= Y A^T,SVD normal-system solve,1.920150844940743,1.919897862772592,36.3621621830203,36.3721621830203,69.82083643959876,69.83083643959877,36.3721621830203,6.983083643959876e-11,5.256516874658523,7,True,0.9093237436420112,0.19327731092436976,0.01,1.0,rms,6.708203932499369,0.9974067003834173,0.9987025084495469,0.16595417338575646,0.41682976848293074,2.5348809450458636,1.5921309446920073,0.07374937060593745,0.2950506048139602,0.9961889774315728,0.9747035573122529,0.5384615384615384,0.37389908245359793,0.26666666666666666,0.0145547580624325,0.0,1.0,0.21513026065070756,0.9730112191458005,0.9829469644199499,0.9376416337285903,0.6180819180819181,,0.28327812515452,0.7206980629397168
r5_final_inverse_map_complete_2026-08-31,end_to_end_original_stress,breast_cancer,svm,0,RidgeAIME,0.1,0.5,57,15,30,45,0.0075960420072078705,0.9766081871345029,0.07241509726314282,119,52,0.00015320791862905025,X ~= Y A^T,SVD normal-system solve,1.850592057803535,1.8503709687000762,38.46281681889704,38.47281681889704,71.17898332580309,71.1889833258031,38.47281681889704,7.118898332580309e-11,6.351266010627571,1,True,1.0,0.0,0.01,1.0,rms,6.708203932499369,0.5211583303739715,0.7219129659273142,0.35863007839395644,0.6035514530472468,1.4839396092563724,1.2181705994056713,0.15509283325743006,0.40618190564538853,0.9946208423432422,0.9877470355731225,0.8181818181818182,0.3683723863971702,0.26666666666666666,0.01346920588568506,0.0,0.058823529411764705,1.0,1.0,0.9815820647924905,0.9503425559947299,0.5719280719280719,,0.2672588059751299,0.8028603027136194
r5_final_inverse_map_complete_2026-08-31,end_to_end_original_stress,breast_cancer,svm,0,HuberRidgeAIME,0.1,0.5,57,15,30,45,0.0075960420072078705,0.9766081871345029,0.07241509726314282,119,52,0.0006569160614162683,X ~= Y A^T,SVD normal-system solve,1.8120207193314635,1.8117980860203646,36.463460117915865,36.473460117915856,66.07254523218003,66.08254523218005,36.473460117915856,6.608254523218005e-11,6.067597161941549,9,True,0.9235228352719838,0.21008403361344538,0.01,1.0,rms,6.708203932499369,0.5073909559135572,0.7123138043822801,0.3755730674315888,0.6158213713884407,1.4655155309322843,1.2105847888240973,0.16558290692319677,0.4179851494848052,0.9970991088111374,0.9868247694334649,0.5384615384615384,0.3687689413118338,0.26666666666666666,0.013447935267775584,0.0,0.8126984126984127,0.3983920096806413,0.9563435118714426,0.9880425654680088,0.9589986824769433,0.5871794871794872,,0.2581097965343586,0.7830167395251441
r5_final_inverse_map_complete_2026-08-31,end_to_end_original_stress,breast_cancer,mlp,0,RidgeAIME,0.1,0.5,57,15,30,45,0.016875208006240427,0.8771929824561403,0.5272922489854939,119,52,0.00013429101090878248,X ~= Y A^T,SVD normal-system solve,9.31100839212787,9.298024760325715,6.391143007419875,6.401143007419874,59.50798617737581,59.5179861773758,6.401143007419874,5.951798617737581e-11,15.897387659096736,1,True,1.0,0.0,0.01,1.0,rms,6.708203932499369,0.6769243408215821,0.8227541192978508,0.3106679570471925,0.5702463096268245,5.247034086547189,2.2906405406669963,0.02901431058494086,0.21116623542999755,0.8918236282451204,0.6864295125164689,0.5384615384615384,0.3323585393840232,0.26666666666666666,0.016474686285483695,0.06666666666666667,0.058823529411764705,1.0,1.0,0.8649407571143305,0.7489855072463767,0.4506140917905623,,0.9683906983601367,1.201325764669536
r5_final_inverse_map_complete_2026-08-31,end_to_end_original_stress,breast_cancer,mlp,0,HuberRidgeAIME,0.1,0.5,57,15,30,45,0.016875208006240427,0.8771929824561403,0.5272922489854939,119,52,0.0007174579659476876,X ~= Y A^T,SVD normal-system solve,11.579637527964286,11.55768675254058,4.809710157727996,4.819710157727996,55.69470024105812,55.70470024105812,4.8197101577279975,5.570470024105813e-11,20.55806049829123,10,True,0.9340217968024637,0.15966386554621848,0.01,1.0,rms,6.708203932499369,0.5860461116757744,0.7655364861819287,0.40321194103361635,0.6397347447750371,5.187275514064367,2.2775591131877055,0.040072885342337994,0.23600094985856226,0.9963733713419199,0.9569169960474306,0.5384615384615384,0.3685478006267317,0.2,0.010357012151683899,0.0,0.9617346938775508,0.2384086572585247,0.97749761802396,0.9923781139521614,0.9206719367588931,0.49010989010989015,,1.062870919626242,1.312982139767712
r5_final_inverse_map_complete_2026-08-31,end_to_end_original_stress,breast_cancer,lgbm,1,RidgeAIME,0.05,0.0,28,0,30,30,1.1203259590547532,0.9707602339181286,0.1062420718553062,119,52,0.00014025007840245962,X ~= Y A^T,SVD normal-system solve,1.6183820755203933,1.618244381683237,44.89993121321065,44.90993121321064,72.66524386755874,72.67524386755876,44.90993121321065,7.267524386755874e-11,4.999809727870792,1,True,1.0,0.0,0.01,1.0,rms,5.477225575051661,0.6740213999394404,0.8209880632137354,0.26733885836660287,0.529994987419452,2.804885077809001,1.6747791131397003,0.06814905276216687,0.2951271417548558,0.966138194284271,0.9283648498331479,0.6666666666666666,0.0,0.0,0.030272574031230053,0.0,0.05042016806722689,1.0,1.0,0.9642913533461981,0.9070522803114569,0.7174825174825175,,0.20904410788326114,0.6989534771943964
r5_final_inverse_map_complete_2026-08-31,end_to_end_original_stress,breast_cancer,lgbm,1,HuberRidgeAIME,0.05,0.0,28,0,30,30,1.1203259590547532,0.9707602339181286,0.1062420718553062,119,52,0.0005787080153822899,X ~= Y A^T,SVD normal-system solve,1.69004126645025,1.6898696426162256,40.196610601080245,40.206610601080236,67.9339306872572,67.94393068725721,40.206610601080236,6.79439306872572e-11,4.674357154697342,9,True,0.9197336344219215,0.21008403361344538,0.01,1.0,rms,5.477225575051661,0.659855193100081,0.8123147130885178,0.2827375226767753,0.5406706299729362,2.7928088810064984,1.671169913864685,0.07216105864378852,0.30007268316172475,0.99139262950819,0.9657397107897663,0.8181818181818182,0.0,0.0,0.026242809019565504,0.0,0.9583333333333333,0.27240068055304245,0.9541052956892957,0.9793445963330372,0.9364182424916574,0.7902097902097902,,0.22785320421368013,0.6697218925637638
r5_final_inverse_map_complete_2026-08-31,end_to_end_original_stress,breast_cancer,svm,1,RidgeAIME,0.05,0.0,28,0,30,30,0.00652795797213912,0.9649122807017544,0.08051036633801233,119,52,0.0001313330139964819,X ~= Y A^T,SVD normal-system solve,1.7972311087534578,1.7970274979651484,39.144659503641705,39.1546595036417,70.35199980150657,70.36199980150657,39.154659503641696,7.036199980150658e-11,4.904594274419901,1,True,1.0,0.0,0.01,1.0,rms,5.477225575051661,0.7366065682546927,0.8582578681577541,0.27099695309528693,0.5244275615991355,0.7366065682546927,0.8582578681577541,0.27099695309528693,0.5244275615991355,0.9875713387157802,0.9492769744160177,1.0,0.0,0.0,0.020691759692580993,0.0,0.025210084033613446,1.0,1.0,0.9708466613436684,0.884582869855395,0.6508158508158509,,0.2545547226978206,0.6906030868090293
r5_final_inverse_map_complete_2026-08-31,end_to_end_original_stress,breast_cancer,svm,1,HuberRidgeAIME,0.05,0.0,28,0,30,30,0.00652795797213912,0.9649122807017544,0.08051036633801233,119,52,0.0005931250052526593,X ~= Y A^T,SVD normal-system solve,1.8748968447736907,1.8746562808721634,36.358583948735784,36.36858394873578,68.16859432592408,68.17859432592408,36.368583948735775,6.81785943259241e-11,4.762887813022961,9,True,0.948753316764086,0.16806722689075632,0.01,1.0,rms,5.477225575051661,0.726159692289156,0.8521500409488671,0.28133599260121567,0.532588475715249,0.726159692289156,0.8521500409488671,0.28133599260121567,0.532588475715249,0.9980752526112582,0.9942157953281423,1.0,0.0,0.0,0.020659225086312807,0.0,0.8666666666666667,0.31513230921827184,0.9651400669592363,0.9800713387089175,0.9309454949944383,0.7326340326340327,,0.27292165126130646,0.6778703520849947
r5_final_inverse_map_complete_2026-08-31,end_to_end_original_stress,breast_cancer,mlp,1,RidgeAIME,0.05,0.0,28,0,30,30,0.024216333054937422,0.935672514619883,0.22648906699608312,119,52,0.00012808293104171753,X ~= Y A^T,SVD normal-system solve,2.569108139770431,2.568519169394429,26.63154605570234,26.641546055702342,68.419321746376,68.429321746376,26.641546055702342,6.842932174637602e-11,7.776970274852666,1,True,1.0,0.0,0.01,1.0,rms,5.477225575051661,0.8154761046140432,0.9030371557217584,0.35750547418580925,0.6069282378865,3.055815626796393,1.7480891358270014,0.13979959664369335,0.3881230456088391,0.98631105266098,0.9621802002224694,1.0,0.0,0.0,0.03231827822162778,0.0,0.07563025210084033,1.0,1.0,0.9785461360147792,0.9287208008898775,0.8272727272727274,,0.40968281130277595,0.8908104389972831
r5_final_inverse_map_complete_2026-08-31,end_to_end_original_stress,breast_cancer,mlp,1,HuberRidgeAIME,0.05,0.0,28,0,30,30,0.024216333054937422,0.935672514619883,0.22648906699608312,119,52,0.0005245000356808305,X ~= Y A^T,SVD normal-system solve,2.6456340281890642,2.64492969874475,23.354549664574286,23.36454966457429,61.78759130562923,61.797591305629226,23.364549664574287,6.179759130562922e-11,6.9993218281181155,8,True,0.9029252558137161,0.20168067226890757,0.01,1.0,rms,5.477225575051661,0.7740788471597676,0.8798175078729495,0.3901214038833214,0.6298294092315923,3.0080118042784862,1.734362074158244,0.15325618972191724,0.4056753261333851,0.9959116095557725,0.9884315906562846,0.6666666666666666,0.0,0.0,0.019468641672512003,0.0,0.9202380952380953,0.26501916805336656,0.9551175720850175,0.9878263752354147,0.9610233592880979,0.7727272727272727,,0.4224141331375639,0.845055962789384
r5_final_inverse_map_complete_2026-08-31,end_to_end_original_stress,breast_cancer,lgbm,1,RidgeAIME,0.05,0.25,28,8,30,38,1.110866165952757,0.9590643274853801,0.16591305847556648,119,52,0.00014979206025600433,X ~= Y A^T,SVD normal-system solve,1.724408329576687,1.7242399943886202,43.023684038077675,43.03368403807767,74.1903991243367,74.2003991243367,43.03368403807768,7.42003991243367e-11,5.156725673692704,1,True,1.0,0.0,0.01,1.0,rms,6.164414002968976,0.7775759635434958,0.8818026783490146,0.07775982569024797,0.3693916936027051,1.5170528255592624,1.2316869835957764,0.01235367710211921,0.2536541851952802,0.9676245417904079,0.9420067841120472,0.8181818181818182,0.20774928077841,0.25,0.028455396080479374,0.0,0.07563025210084033,1.0,1.0,0.9542273775100021,0.8669876354086881,0.7023310023310023,,0.23659771449602723,0.7123740285231794
r5_final_inverse_map_complete_2026-08-31,end_to_end_original_stress,breast_cancer,lgbm,1,HuberRidgeAIME,0.05,0.25,28,8,30,38,1.110866165952757,0.9590643274853801,0.16591305847556648,119,52,0.0005721669876947999,X ~= Y A^T,SVD normal-system solve,1.7351842954532508,1.734998018139481,39.457194397980935,39.46719439798092,68.4655040620225,68.47550406202252,39.467194397980926,6.847550406202253e-11,4.834568911081645,8,True,0.9183993880110025,0.20168067226890757,0.01,1.0,rms,6.164414002968976,0.7544499883810116,0.8685908060652102,0.10518827559723798,0.38519189209447896,1.4884135324499534,1.2200055460734405,0.03099870518106962,0.2686212469210175,0.990559545018031,0.9715504978662874,0.6666666666666666,0.20497080443485022,0.25,0.01666933683771683,0.0,0.9138278388278389,0.32410714076146496,0.9670232991496012,0.9782625236131903,0.9367545683335157,0.7575757575757576,,0.23929898303952718,0.6843577549680999
r5_final_inverse_map_complete_2026-08-31,end_to_end_original_stress,breast_cancer,svm,1,RidgeAIME,0.05,0.25,28,8,30,38,0.00621412496548146,0.9590643274853801,0.1619407218267682,119,52,0.00015166704542934895,X ~= Y A^T,SVD normal-system solve,1.840219585093077,1.840005182593788,39.178889489496086,39.18888948949608,72.097759760768,72.107759760768,39.18888948949608,7.2107759760768e-11,5.791355468081178,1,True,1.0,0.0,0.01,1.0,rms,6.164414002968976,0.6630436102323348,0.8142748984417577,0.2956532918539674,0.5523357286794789,2.855667662704062,1.6898720847164916,0.07863127492350341,0.29867317276749983,0.9893056366721984,0.9741766057555531,1.0,0.2086731889372526,0.125,0.01800067968661801,0.0,0.03361344537815126,1.0,1.0,0.9806815394257585,0.9587482219061167,0.8356643356643356,,0.2648190462534029,0.7627802223480289
r5_final_inverse_map_complete_2026-08-31,end_to_end_original_stress,breast_cancer,svm,1,HuberRidgeAIME,0.05,0.25,28,8,30,38,0.00621412496548146,0.9590643274853801,0.1619407218267682,119,52,0.0006234589964151382,X ~= Y A^T,SVD normal-system solve,1.9071898115547468,1.9069418941487937,36.58242109547506,36.59242109547506,69.76962079529548,69.77962079529549,36.59242109547507,6.977962079529548e-11,5.468408019661412,9,True,0.9384268146259209,0.16806722689075632,0.01,1.0,rms,6.164414002968976,0.6626324371300762,0.814022381221841,0.29609007823812783,0.5517912650771144,2.8607132383673917,1.6913643127272704,0.07700334192663727,0.2960161166816692,0.9960214957316648,0.9903709377393588,1.0,0.20226199395857308,0.125,0.01762563295075128,0.0,0.8928571428571428,0.2873821618685888,0.9610718460261759,0.989136835036757,0.9748987854251011,0.9636363636363636,,0.2803374599914665,0.7378609115425424
r5_final_inverse_map_complete_2026-08-31,end_to_end_original_stress,breast_cancer,mlp,1,RidgeAIME,0.05,0.25,28,8,30,38,0.02626070799306035,0.935672514619883,0.2777575341981006,119,52,0.0001325419871136546,X ~= Y A^T,SVD normal-system solve,1.6272455436093791,1.627083974894776,38.81221537434375,38.82221537434374,63.1570045055083,63.1670045055083,38.82221537434374,6.31670045055083e-11,7.179400872562341,1,True,1.0,0.0,0.01,1.0,rms,6.164414002968976,0.855635484579104,0.9250056673226948,0.27850260251365766,0.5364532659313188,1.683617696619924,1.29754294596361,0.15366467138945283,0.41074732255344387,0.9667088765224225,0.8636612320822847,0.42857142857142855,0.22644159523225282,0.25,0.017100001555243154,0.0,0.05042016806722689,1.0,1.0,0.9571813106587262,0.8976912134806871,0.6501165501165501,,0.2114099677446567,0.8560882034906712
r5_final_inverse_map_complete_2026-08-31,end_to_end_original_stress,breast_cancer,mlp,1,HuberRidgeAIME,0.05,0.25,28,8,30,38,0.02626070799306035,0.935672514619883,0.2777575341981006,119,52,0.0005625409539788961,X ~= Y A^T,SVD normal-system solve,1.6622553231049508,1.6620722308937552,36.16058960500148,36.170589605001474,60.10813255752727,60.118132557527275,36.170589605001474,6.011813255752728e-11,6.684928422196785,8,True,0.9438067464821851,0.14285714285714285,0.01,1.0,rms,6.164414002968976,0.8342581241911051,0.9133773175370106,0.29652863131102103,0.5501968440673537,1.6674745361038996,1.2913072973169089,0.1617796532452338,0.4174648079155168,0.9975455606228052,0.992778203304519,1.0,0.21833280149851725,0.125,0.013538520464284364,0.0,0.9484126984126984,0.27201408706050517,0.9794771531771415,0.9896251611304562,0.9628624575992998,0.7811188811188812,,0.22064989357380715,0.8250967614841085
r5_final_inverse_map_complete_2026-08-31,end_to_end_original_stress,breast_cancer,lgbm,1,RidgeAIME,0.05,0.5,28,15,30,45,1.119919457938522,0.9473684210526315,0.2627498919264226,119,52,0.0001448750263080001,X ~= Y A^T,SVD normal-system solve,1.7294501074701067,1.7292806260325553,43.03011802163493,43.040118021634925,74.4184422369679,74.42844223696791,43.040118021634925,7.442844223696791e-11,5.9880446655698165,1,True,1.0,0.0,0.01,1.0,rms,6.708203932499369,0.7106201989767218,0.8429829173694576,0.28527076730861467,0.5426502242324022,1.6996602452980847,1.3037101845494974,0.11514662662499708,0.3641743667147708,0.9823302179555253,0.983399209486166,0.8181818181818182,0.3540548378357644,0.26666666666666666,0.011170642176437382,0.0,0.04201680672268908,1.0,1.0,0.9719051646982211,0.9396442687747035,0.6531468531468532,,0.23786547589280968,0.7772850311396446
r5_final_inverse_map_complete_2026-08-31,end_to_end_original_stress,breast_cancer,lgbm,1,HuberRidgeAIME,0.05,0.5,28,15,30,45,1.119919457938522,0.9473684210526315,0.2627498919264226,119,52,0.0005940420087426901,X ~= Y A^T,SVD normal-system solve,1.7346862771366698,1.734503644562922,40.21755974270862,40.227559742708635,69.76484898560082,69.77484898560081,40.22755974270863,6.977484898560082e-11,5.91840622442113,8,True,0.9354484979256166,0.17647058823529413,0.01,1.0,rms,6.708203932499369,0.6974629627634547,0.835142480516621,0.2985040828780131,0.554738937367169,1.683562645597995,1.2975217322257053,0.12352713410422367,0.3748366141122381,0.9967782123991168,0.9913043478260868,1.0,0.356687541852884,0.3333333333333333,0.011228987242766192,0.0,1.0,0.2683942757015666,0.9647052620582505,0.9889189018699251,0.9597233201581027,0.6153180153180153,,0.23917521672457795,0.7722047707215095
r5_final_inverse_map_complete_2026-08-31,end_to_end_original_stress,breast_cancer,svm,1,RidgeAIME,0.05,0.5,28,15,30,45,0.007204124936833978,0.9532163742690059,0.10136358245531053,119,52,0.00013370905071496964,X ~= Y A^T,SVD normal-system solve,1.9261113005220916,1.9258551723149309,36.14811435950417,36.15811435950417,69.62529156040587,69.63529156040588,36.15811435950417,6.963529156040586e-11,5.677870134993518,1,True,1.0,0.0,0.01,1.0,rms,6.708203932499369,0.6067796314668031,0.7789606097016737,0.3557740223874072,0.6003468483838597,2.787149669468373,1.6694758666924099,0.08985214602378389,0.31676173477051633,0.970506060634048,0.9521739130434782,0.6666666666666666,0.36069892411928195,0.3333333333333333,0.028777290581878563,0.06666666666666667,0.08403361344537816,1.0,1.0,0.9415383899156309,0.8604347826086955,0.5829733991498698,,0.2846236243101108,0.7541854550618545
r5_final_inverse_map_complete_2026-08-31,end_to_end_original_stress,breast_cancer,svm,1,HuberRidgeAIME,0.05,0.5,28,15,30,45,0.007204124936833978,0.9532163742690059,0.10136358245531053,119,52,0.000522000016644597,X ~= Y A^T,SVD normal-system solve,1.9247071598962908,1.924433488923331,33.779011304127465,33.78901130412746,65.01470491127188,65.02470491127188,33.78901130412746,6.502470491127188e-11,5.35648927328212,7,True,0.901044420875356,0.20168067226890757,0.01,1.0,rms,6.708203932499369,0.5912007961294542,0.7688958291793851,0.37231427836305353,0.6184395479519426,2.7646344993558065,1.662719007937242,0.0972045081822791,0.3307705702440461,0.993089902872818,0.9865612648221342,0.8181818181818182,0.36503819239946783,0.3333333333333333,0.016675344799853827,0.0,0.9999999999999999,0.19951726580914186,0.965404710330972,0.9790412714058595,0.9403030303030302,0.6659673659673659,,0.284302905873459,0.7288802395464099
r5_final_inverse_map_complete_2026-08-31,end_to_end_original_stress,breast_cancer,mlp,1,RidgeAIME,0.05,0.5,28,15,30,45,0.015755915897898376,0.9005847953216374,0.5030031154593704,119,52,0.00013695808593183756,X ~= Y A^T,SVD normal-system solve,9.852027397642711,9.837394414445232,6.039366201119078,6.049366201119073,59.500001277822534,59.51000127782254,6.049366201119073,5.951000127782253e-11,17.37233859333396,1,True,1.0,0.0,0.01,1.0,rms,6.708203932499369,0.6052234040674602,0.7779610556239047,0.3548324028708304,0.5979255606608906,1.5568885905323733,1.247753417359525,0.10046586571821559,0.3517818089362846,0.9039417484877321,0.7299077733860341,0.5384615384615384,0.33131570675203426,0.26666666666666666,0.015542947468798946,0.0,0.07563025210084033,1.0,1.0,0.9101002857020453,0.7663768115942029,0.5642357642357643,,0.992880084074121,1.2398582853334978
r5_final_inverse_map_complete_2026-08-31,end_to_end_original_stress,breast_cancer,mlp,1,HuberRidgeAIME,0.05,0.5,28,15,30,45,0.015755915897898376,0.9005847953216374,0.5030031154593704,119,52,0.0005235419375821948,X ~= Y A^T,SVD normal-system solve,11.519151889587313,11.49718310635073,4.778226901922106,4.7882269019221075,55.04112144615296,55.051121446152955,4.788226901922107,5.505112144615297e-11,18.261086179724476,7,True,0.9250452758625429,0.15126050420168066,0.01,1.0,rms,6.708203932499369,0.5161683388355915,0.7184485638064785,0.44976502124231366,0.6731189696028802,1.495512861859871,1.2229116328908933,0.13592733887247277,0.3926978325558711,0.9940337580029872,0.9303030303030301,0.8181818181818182,0.35392980436359467,0.3333333333333333,0.011058381008972981,0.0,0.8849465712210811,0.35789609566193586,0.9714483906062288,0.986351718692638,0.9085770750988142,0.7111555111555112,,1.0605914480734402,1.2615266060477477
r5_final_inverse_map_complete_2026-08-31,end_to_end_original_stress,breast_cancer,lgbm,1,RidgeAIME,0.1,0.0,57,0,30,30,1.1411967080784962,0.9532163742690059,0.26935507851844137,119,52,0.00014070793986320496,X ~= Y A^T,SVD normal-system solve,1.8979455882246696,1.8977235806495247,40.436619338734566,40.44661933873456,76.74650327667163,76.75650327667165,40.446619338734564,7.675650327667164e-11,5.1725340936075135,1,True,1.0,0.0,0.01,1.0,rms,5.477225575051661,0.7632778569628029,0.8736577458952693,0.23490462311360616,0.5004051580583918,2.9665410870789466,1.7223649691859582,0.049075808085986106,0.26720418258038287,0.9581873192038003,0.7895439377085651,0.5384615384615384,0.0,0.0,0.024024788489013692,0.0,0.09243697478991597,1.0,1.0,0.9587414465296581,0.8837819799777531,0.6841491841491842,,0.278232954065387,0.7137033619026468
r5_final_inverse_map_complete_2026-08-31,end_to_end_original_stress,breast_cancer,lgbm,1,HuberRidgeAIME,0.1,0.0,57,0,30,30,1.1411967080784962,0.9532163742690059,0.26935507851844137,119,52,0.0005996659165248275,X ~= Y A^T,SVD normal-system solve,1.903955321568911,1.9037055887536265,36.18689789421245,36.19689789421245,68.89823681675661,68.90823681675661,36.196897894212455,6.890823681675661e-11,4.737581036322887,9,True,0.8956867358050038,0.226890756302521,0.01,1.0,rms,5.477225575051661,0.7252125881421401,0.8515941452018914,0.27306053308656675,0.5320370975118948,2.93834142978104,1.7141591028201086,0.058115202970844604,0.2778571684785762,0.9927721152345662,0.9764182424916574,1.0,0.0,0.0,0.023299916159550335,0.0,1.0,0.2590442342304115,0.9605299535579715,0.986119001592032,0.9681423804226919,0.9272727272727274,,0.27959978487504533,0.6755566516467079
r5_final_inverse_map_complete_2026-08-31,end_to_end_original_stress,breast_cancer,svm,1,RidgeAIME,0.1,0.0,57,0,30,30,0.00641195906791836,0.9649122807017544,0.08938974304430672,119,52,0.00013737508561462164,X ~= Y A^T,SVD normal-system solve,1.9288682128245427,1.928616422384735,36.880527437548984,36.89052743754898,71.13767704649162,71.14767704649162,36.89052743754899,7.114767704649163e-11,4.778344701909401,1,True,1.0,0.0,0.01,1.0,rms,5.477225575051661,0.6499916709886889,0.8062206093797708,0.313346820138937,0.5636381734837502,1.151908959862747,1.0732702175420443,0.20721935674019354,0.46281576560441257,0.9493511684869876,0.9074527252502781,0.8181818181818182,0.0,0.0,0.03719452920286115,0.0,0.08403361344537816,1.0,1.0,0.9458660116126071,0.8953503893214684,0.8265734265734267,,0.2852458605072902,0.6792774758318985
r5_final_inverse_map_complete_2026-08-31,end_to_end_original_stress,breast_cancer,svm,1,HuberRidgeAIME,0.1,0.0,57,0,30,30,0.00641195906791836,0.9649122807017544,0.08938974304430672,119,52,0.0006220000796020031,X ~= Y A^T,SVD normal-system solve,1.934157228670373,1.9338833001891953,34.09223079592091,34.10223079592091,65.93973463542913,65.94973463542914,34.10223079592091,6.594973463542915e-11,4.279077160641332,10,True,0.9018026131357518,0.2184873949579832,0.01,1.0,rms,5.477225575051661,0.6132281844729687,0.7830888739300085,0.3521838792052491,0.6005148966176541,1.1177067522032413,1.0572165115070997,0.23075841159088173,0.4927308374779857,0.990505796561702,0.9790878754171303,1.0,0.0,0.0,0.0258041622180325,0.0,0.9669230769230769,0.24107722383077962,0.9624196213288685,0.9769274928837082,0.9416240266963293,0.8575757575757577,,0.28643026312183234,0.6313501177853157
r5_final_inverse_map_complete_2026-08-31,end_to_end_original_stress,breast_cancer,mlp,1,RidgeAIME,0.1,0.0,57,0,30,30,0.01862887491006404,0.9181286549707602,0.41071155398629355,119,52,0.0001277910778298974,X ~= Y A^T,SVD normal-system solve,8.494584711874133,8.484369973137234,7.327030251005426,7.337030251005426,62.24007915362998,62.250079153629976,7.337030251005431,6.225007915362997e-11,13.753506065845182,1,True,1.0,0.0,0.01,1.0,rms,5.477225575051661,0.5586979436396898,0.7474609980726017,0.42135435181393976,0.6547491144109326,1.8197774676738068,1.3489912778345925,0.20135706434061906,0.45903778711061244,0.981322647567589,0.8825361512791992,0.6666666666666666,0.0,0.0,0.015710062419143557,0.0,0.05042016806722689,1.0,1.0,0.9772069194776023,0.9232925472747497,0.8272727272727272,,0.9286195982920278,1.1384134233265104
r5_final_inverse_map_complete_2026-08-31,end_to_end_original_stress,breast_cancer,mlp,1,HuberRidgeAIME,0.1,0.0,57,0,30,30,0.01862887491006404,0.9181286549707602,0.41071155398629355,119,52,0.0005866250721737742,X ~= Y A^T,SVD normal-system solve,8.911544686682628,8.899621760801677,6.625573151825534,6.635573151825535,59.04409121737791,59.0540912173779,6.635573151825541,5.905409121737789e-11,13.086037909976508,9,True,0.9478787300989456,0.15126050420168066,0.01,1.0,rms,5.477225575051661,0.5378209636133401,0.7333627776301032,0.44297672178511927,0.6675150516915292,1.8049770825988587,1.343494355253813,0.2078524865530148,0.4658381198006884,0.9955271605481915,0.9750834260289211,0.8181818181818182,0.0,0.0,0.013841010804786846,0.0,0.841736694677871,0.4069262562640013,0.9766018703025708,0.989790748222981,0.9247163515016685,0.7470862470862472,,0.9493715492643119,1.1168081741061433
r5_final_inverse_map_complete_2026-08-31,end_to_end_original_stress,breast_cancer,lgbm,1,RidgeAIME,0.1,0.25,57,8,30,38,1.1545069169951603,0.9473684210526315,0.17791393366011077,119,52,0.00014429097063839436,X ~= Y A^T,SVD normal-system solve,1.7432260520401008,1.7430504424309607,42.31263004730934,42.32263004730934,73.76047902880441,73.77047902880442,42.32263004730934,7.377047902880441e-11,5.150957637225749,1,True,1.0,0.0,0.01,1.0,rms,6.164414002968976,0.7812567944749542,0.8838873200102795,0.2857939720410574,0.5381389214402957,2.8887665877610313,1.6996371929800287,0.07249447788891583,0.2951961641305988,0.9233085842258315,0.817485501696028,0.5384615384615384,0.21614119975916976,0.25,0.031037854728544107,0.0,0.12605042016806722,1.0,1.0,0.9318853909160977,0.7997592734434839,0.4883347045111751,,0.24130995541316796,0.7118879781479542
r5_final_inverse_map_complete_2026-08-31,end_to_end_original_stress,breast_cancer,lgbm,1,HuberRidgeAIME,0.1,0.25,57,8,30,38,1.1545069169951603,0.9473684210526315,0.17791393366011077,119,52,0.0005800829967483878,X ~= Y A^T,SVD normal-system solve,1.770124310571529,1.7699144986121258,36.69545343354766,36.70545343354765,64.9555142101682,64.96551421016822,36.70545343354765,6.49655142101682e-11,4.617719258942173,8,True,0.8742899934252201,0.2773109243697479,0.01,1.0,rms,6.164414002968976,0.7492986589706879,0.8656203896458816,0.3150093250221667,0.574544178773235,2.859913237222708,1.6911278003813632,0.08175851537435486,0.3132736657258214,0.9910418857503163,0.9807418754787175,1.0,0.21227924385877575,0.375,0.018610745908268382,0.0,0.9815204678362572,0.29136117811503826,0.9583662648641886,0.9698641517591007,0.9143669985775249,0.6876123876123877,,0.24795228688279908,0.6644275258097269
r5_final_inverse_map_complete_2026-08-31,end_to_end_original_stress,breast_cancer,svm,1,RidgeAIME,0.1,0.25,57,8,30,38,0.006526708952151239,0.935672514619883,0.14443498749623204,119,52,0.00012987502850592136,X ~= Y A^T,SVD normal-system solve,2.073390795803966,2.0730778286695037,34.2872369173977,34.29723691739769,71.09084143808234,71.10084143808234,34.2972369173977,7.110084143808235e-11,5.683926804281905,1,True,1.0,0.0,0.01,1.0,rms,6.164414002968976,0.6020339504527734,0.7759084678315951,0.29017105655314956,0.5532019402255497,5.501849775790296,2.3456022202816693,0.03943072448401663,0.2135728110999113,0.9689303358780205,0.9719881825144984,0.8181818181818182,0.2266116481232629,0.375,0.02819935892350751,0.0,0.12605042016806722,1.0,1.0,0.9458291083649177,0.8656745814640552,0.6201298701298702,,0.3166156069309141,0.754648476591613
r5_final_inverse_map_complete_2026-08-31,end_to_end_original_stress,breast_cancer,svm,1,HuberRidgeAIME,0.1,0.25,57,8,30,38,0.006526708952151239,0.935672514619883,0.14443498749623204,119,52,0.0005854580085724592,X ~= Y A^T,SVD normal-system solve,2.031915507751003,2.031591723347214,31.860451314905866,31.87045131490586,64.73774511070307,64.74774511070308,31.870451314905853,6.474774511070309e-11,5.305485033788275,8,True,0.8894903407897286,0.20168067226890757,0.01,1.0,rms,6.164414002968976,0.5764777050691166,0.7592612890626761,0.3203031822339466,0.5777127931908556,5.4936028055516495,2.343843596648814,0.04087056500132702,0.21714759121323265,0.99521547207646,0.9901520954152532,1.0,0.222907504246362,0.375,0.01523256881032147,0.0,0.9765079365079364,0.3108825254284674,0.9729433910822182,0.9766772256867361,0.9285260969471494,0.7405844155844157,,0.3078364348555384,0.7247250937733949
r5_final_inverse_map_complete_2026-08-31,end_to_end_original_stress,breast_cancer,mlp,1,RidgeAIME,0.1,0.25,57,8,30,38,0.017504749936051667,0.9064327485380117,0.46791864350305734,119,52,0.000132917077280581,X ~= Y A^T,SVD normal-system solve,8.627514646972886,8.616554907159472,6.949576392169819,6.959576392169822,59.9575721137021,59.9675721137021,6.959576392169817,5.99675721137021e-11,16.104429196376795,1,True,1.0,0.0,0.01,1.0,rms,6.164414002968976,0.5214197503340711,0.7220940038070328,0.3495890809606139,0.6002983027740821,2.572268615033164,1.6038293596992057,0.1093944909703598,0.3569904123283038,0.9607442022591505,0.7647445015866068,0.42857142857142855,0.21655793669262302,0.25,0.019621414518384502,0.0,0.10084033613445378,1.0,1.0,0.9553331515065798,0.817244775139512,0.5880452880452881,,0.9353336598067739,1.2069453363424862
r5_final_inverse_map_complete_2026-08-31,end_to_end_original_stress,breast_cancer,mlp,1,HuberRidgeAIME,0.1,0.25,57,8,30,38,0.017504749936051667,0.9064327485380117,0.46791864350305734,119,52,0.0005842499667778611,X ~= Y A^T,SVD normal-system solve,9.904602087250396,9.88859711007339,5.553645601472991,5.5636456014729925,55.00664981619837,55.01664981619836,5.563645601472991,5.5016649816198354e-11,17.63806887355513,7,True,0.9192876538669581,0.15966386554621848,0.01,1.0,rms,6.164414002968976,0.48947083264053626,0.6996219212121189,0.389441665957734,0.6325509863543715,2.553106802785065,1.5978444238363962,0.11602895187052065,0.3688295988450101,0.9963973189067226,0.9520735310208993,0.6666666666666666,0.22411338337917186,0.375,0.012887744417222116,0.0,0.9935897435897437,0.33331554715270423,0.9850041518162203,0.9891724997029747,0.9379363168836852,0.6713286713286715,,0.9951346828438916,1.2464510341138832
r5_final_inverse_map_complete_2026-08-31,end_to_end_original_stress,breast_cancer,lgbm,1,RidgeAIME,0.1,0.5,57,15,30,45,1.1457298749592155,0.9649122807017544,0.15174034023086247,119,52,0.0001525420229882002,X ~= Y A^T,SVD normal-system solve,1.617932810317417,1.6177943666273393,44.624234320764586,44.634234320764584,72.19901284285758,72.20901284285759,44.634234320764584,7.220901284285759e-11,6.468898296871233,1,True,1.0,0.0,0.01,1.0,rms,6.708203932499369,0.6251014115017773,0.7906335507058737,0.23642903734980236,0.5173193262387266,1.800782191681466,1.341932260466774,0.05491134591349778,0.30062324307179844,0.9212307094485976,0.761528326745718,0.3333333333333333,0.3778704335104523,0.2,0.01508841566734032,0.0,0.11764705882352941,1.0,1.0,0.9418663846136983,0.8244005270092224,0.45672660672660664,,0.2089233188124185,0.8108303232760851
r5_final_inverse_map_complete_2026-08-31,end_to_end_original_stress,breast_cancer,lgbm,1,HuberRidgeAIME,0.1,0.5,57,15,30,45,1.1457298749592155,0.9649122807017544,0.15174034023086247,119,52,0.0006516659632325172,X ~= Y A^T,SVD normal-system solve,1.7604104612755163,1.760209120014339,37.757244370305486,37.76724437030547,66.46824797842187,66.47824797842189,37.767244370305484,6.647824797842188e-11,5.692561119049072,9,True,0.8902505358685797,0.23529411764705882,0.01,1.0,rms,6.708203932499369,0.578140214857324,0.7603553214499942,0.2937928593940732,0.5490138746809464,1.7554003378205418,1.324915219106695,0.07872870449439473,0.31534584233805046,0.9912549624940966,0.9579710144927535,0.8181818181818182,0.3695449156691774,0.2,0.013718806139174654,0.0,0.9089238934440171,0.33658870161776694,0.9640721137686881,0.9821961492889288,0.9370092226613964,0.6305361305361306,,0.2455642668330112,0.7553077021810329
r5_final_inverse_map_complete_2026-08-31,end_to_end_original_stress,breast_cancer,svm,1,RidgeAIME,0.1,0.5,57,15,30,45,0.0071605409029871225,0.9415204678362573,0.12051295672955362,119,52,0.00014933408237993717,X ~= Y A^T,SVD normal-system solve,1.8246293777114304,1.8244179269748895,38.98865241426729,38.99865241426729,71.13984059245179,71.1498405924518,38.9986524142673,7.114984059245181e-11,7.424062753057312,1,True,1.0,0.0,0.01,1.0,rms,6.708203932499369,0.8805736513137947,0.9383888593295397,0.169428437466018,0.44784207627392497,5.985359956808752,2.4464995313322158,0.006134007310205969,0.18160646588293297,0.9948024924790535,0.9777338603425558,0.6666666666666666,0.3676242785450045,0.26666666666666666,0.013817189553951944,0.0,0.058823529411764705,1.0,1.0,0.9794474434394722,0.91965744400527,0.6523456935221641,,0.26112433102561,0.8706416341686897
r5_final_inverse_map_complete_2026-08-31,end_to_end_original_stress,breast_cancer,svm,1,HuberRidgeAIME,0.1,0.5,57,15,30,45,0.0071605409029871225,0.9415204678362573,0.12051295672955362,119,52,0.0006879579741507769,X ~= Y A^T,SVD normal-system solve,1.860744707854294,1.8605063157048738,36.09625223800519,36.10625223800519,67.16591032524188,67.17591032524189,36.10625223800519,6.717591032524188e-11,7.03440224759272,10,True,0.9221332419944149,0.24369747899159663,0.01,1.0,rms,6.708203932499369,0.8771936137152451,0.9365861485817762,0.17261654456581876,0.4448835426466632,5.9823185931904845,2.4458778778161605,0.006639024200319921,0.1803443455095596,0.997749990300524,0.9943346508563898,0.6666666666666666,0.3670010236436007,0.2,0.013198797660439725,0.0,0.8255625327053897,0.37966553126159874,0.9560374739152159,0.987578580982216,0.9456126482213438,0.5862137862137862,,0.26963114862313764,0.8472271989133987
r5_final_inverse_map_complete_2026-08-31,end_to_end_original_stress,breast_cancer,mlp,1,RidgeAIME,0.1,0.5,57,15,30,45,0.024707208038307726,0.9298245614035088,0.2710419496227358,119,52,0.00017312506679445505,X ~= Y A^T,SVD normal-system solve,2.782723996895511,2.782005818878348,24.81287057381059,24.822870573810594,69.0473703776052,69.0573703776052,24.822870573810594,6.90573703776052e-11,8.02879093165057,1,True,1.0,0.0,0.01,1.0,rms,6.708203932499369,0.633244410813796,0.7957665554757852,0.4095418150569682,0.6491482602327843,1.737036454431622,1.3179667880609214,0.17698311478069695,0.43347875214945636,0.9745655180267656,0.9201581027667983,0.5384615384615384,0.36213405613924815,0.2,0.021393597626778553,0.0,0.08403361344537816,1.0,1.0,0.9658689264593268,0.8799999999999999,0.5481185481185481,,0.4443580340327762,0.9046501491083679
r5_final_inverse_map_complete_2026-08-31,end_to_end_original_stress,breast_cancer,mlp,1,HuberRidgeAIME,0.1,0.5,57,15,30,45,0.024707208038307726,0.9298245614035088,0.2710419496227358,119,52,0.000582000007852912,X ~= Y A^T,SVD normal-system solve,2.698665699143638,2.6979355715892224,23.255327939870522,23.265327939870517,62.75835583366526,62.76835583366527,23.265327939870513,6.276835583366526e-11,7.929292484059207,8,True,0.9170541678809458,0.17647058823529413,0.01,1.0,rms,6.708203932499369,0.6144354287431204,0.7838593169332877,0.42707993655385545,0.664963897902582,1.7189763530623352,1.3110973850413763,0.18554008451945747,0.44432448595025165,0.9980452756834398,0.9841897233201581,0.8181818181818182,0.37128909640791097,0.13333333333333333,0.013871795777945211,0.0,0.9909090909090909,0.2539200122439638,0.9778921638109443,0.9888345331034489,0.9398682476943344,0.6603396603396604,,0.4310315742323359,0.8992344377618519
r5_final_inverse_map_complete_2026-08-31,end_to_end_original_stress,breast_cancer,lgbm,2,RidgeAIME,0.05,0.0,28,0,30,30,1.1695324170868844,0.9707602339181286,0.12066189829760171,119,52,0.00014433404430747032,X ~= Y A^T,SVD normal-system solve,1.6666565879235233,1.666505764052368,44.19099967040312,44.20099967040312,73.65122072760362,73.66122072760362,44.200999670403135,7.366122072760362e-11,5.455975181618809,1,True,1.0,0.0,0.01,1.0,rms,5.477225575051661,0.9220669734897398,0.960243184557818,0.2349198814260426,0.49937232581198937,5.756064095434263,2.399179879757719,0.020513007188126875,0.22865506970036653,0.9628855808940588,0.8794215795328141,0.6666666666666666,0.0,0.0,0.022121879491230144,0.0,0.06722689075630252,1.0,1.0,0.9473017464123341,0.886896551724138,0.8636363636363636,,0.22180682012184597,0.7368723861149702
r5_final_inverse_map_complete_2026-08-31,end_to_end_original_stress,breast_cancer,lgbm,2,HuberRidgeAIME,0.05,0.0,28,0,30,30,1.1695324170868844,0.9707602339181286,0.12066189829760171,119,52,0.0005696669686585665,X ~= Y A^T,SVD normal-system solve,1.7065672837023151,1.7063937197387176,40.69933096111917,40.70933096111917,69.45614668681868,69.46614668681869,40.70933096111918,6.946614668681869e-11,5.0473525136578505,8,True,0.935343868440357,0.14285714285714285,0.01,1.0,rms,5.477225575051661,0.889752357468876,0.9432668537952958,0.26173276049852945,0.5201033038613065,5.7155276576790826,2.3907169756537647,0.027410934809819154,0.24109521304358228,0.9980055093364271,0.9635150166852057,0.8181818181818182,0.0,0.0,0.019627923190677455,0.0,0.9704861111111112,0.2423686941180691,0.9852880251482695,0.9874628638608028,0.9640934371523915,0.9666666666666666,,0.23207924405421865,0.7030636374838558
r5_final_inverse_map_complete_2026-08-31,end_to_end_original_stress,breast_cancer,svm,2,RidgeAIME,0.05,0.0,28,0,30,30,0.006102334009483457,0.9473684210526315,0.0977713679468898,119,52,0.000124832964502275,X ~= Y A^T,SVD normal-system solve,1.8686060664262196,1.868376405064122,37.81116671654259,37.82116671654258,70.65417550518464,70.66417550518464,37.82116671654258,7.066417550518464e-11,4.789920798861864,1,True,1.0,0.0,0.01,1.0,rms,5.477225575051661,0.6385232577003418,0.7990765030335593,0.3058896612057548,0.5599503505738127,2.540267116848729,1.59382154485649,0.08574522665272155,0.3259470445441658,0.971171101810948,0.9492769744160177,0.6666666666666666,0.0,0.0,0.02186371463951311,0.0,0.05042016806722689,1.0,1.0,0.9596315987033979,0.9196440489432703,0.7272727272727273,,0.2714643741289351,0.6803283324330132
r5_final_inverse_map_complete_2026-08-31,end_to_end_original_stress,breast_cancer,svm,2,HuberRidgeAIME,0.05,0.0,28,0,30,30,0.006102334009483457,0.9473684210526315,0.0977713679468898,119,52,0.0005476659862324595,X ~= Y A^T,SVD normal-system solve,1.8984113322986278,1.8981589163365054,35.58249283378743,35.592492833787425,67.55020762709677,67.56020762709677,35.59249283378743,6.756020762709677e-11,4.431419258230724,8,True,0.9304019656138659,0.19327731092436976,0.01,1.0,rms,5.477225575051661,0.6223345821970298,0.7888818556647311,0.32348765298244175,0.5761618862805132,2.539881521835985,1.593700574711569,0.08588400421616826,0.3272712681909037,0.9975736421750772,0.9951056729699665,1.0,0.0,0.0,0.022945499313759773,0.0,0.9305555555555556,0.25916421613981067,0.9660429080638157,0.9797922631575604,0.9503003337041157,0.7750582750582751,,0.2783325693130193,0.6465428407385456
r5_final_inverse_map_complete_2026-08-31,end_to_end_original_stress,breast_cancer,mlp,2,RidgeAIME,0.05,0.0,28,0,30,30,0.02556424995418638,0.9181286549707602,0.2406980784602382,119,52,0.00013175001367926598,X ~= Y A^T,SVD normal-system solve,2.720725307606543,2.7200301538825733,24.743162477197757,24.753162477197755,67.31934834193254,67.32934834193254,24.75316247719776,6.732934834193253e-11,7.467561513734507,1,True,1.0,0.0,0.01,1.0,rms,5.477225575051661,0.9551640849381413,0.9773249638365641,0.24442920112713762,0.5123940008044636,5.417627340875067,2.3275797174049844,0.05438436394791457,0.27359012505499714,0.9654967041497421,0.9314794215795328,1.0,0.0,0.0,0.018899180733876874,0.0,0.05042016806722689,1.0,1.0,0.9637387038139147,0.9373526140155729,0.8242424242424242,,0.43457371859016225,0.8731788087740467
r5_final_inverse_map_complete_2026-08-31,end_to_end_original_stress,breast_cancer,mlp,2,HuberRidgeAIME,0.05,0.0,28,0,30,30,0.02556424995418638,0.9181286549707602,0.2406980784602382,119,52,0.000553040998056531,X ~= Y A^T,SVD normal-system solve,2.8339997109635986,2.8331775712154843,22.29763948795927,22.307639487959275,63.19150386404709,63.20150386404708,22.30763948795927,6.320150386404709e-11,6.703448853999108,8,True,0.9359654715526837,0.15966386554621848,0.01,1.0,rms,5.477225575051661,0.9204947692394994,0.9594241862906623,0.2718539368054006,0.5323908938344786,5.382493641310413,2.3200201812291232,0.060516748767009076,0.2871862927338738,0.9976662915765733,0.9911012235817575,0.8181818181818182,0.0,0.0,0.020890182899021736,0.0,1.0,0.20701883955036163,0.974670602455462,0.9887553112191098,0.9722358175750834,0.8393939393939395,,0.4522737950577697,0.8262983001469053
r5_final_inverse_map_complete_2026-08-31,end_to_end_original_stress,breast_cancer,lgbm,2,RidgeAIME,0.05,0.25,28,8,30,38,1.1465949160046875,0.9590643274853801,0.2529187081155712,119,52,0.0001427079550921917,X ~= Y A^T,SVD normal-system solve,1.8339455637006985,1.8337452961015939,41.631561961499706,41.641561961499704,76.35001836922314,76.36001836922314,41.641561961499704,7.636001836922314e-11,4.696342902431752,1,True,1.0,0.0,0.01,1.0,rms,6.164414002968976,0.7491584220629102,0.8655393821559537,0.2159927285737412,0.47067552776555427,2.0643032057123145,1.43676832012413,0.09483198454714759,0.32867047587810083,0.9518743313657346,0.9168399168399168,0.6666666666666666,0.1766607315863493,0.0,0.025394373609445332,0.0,0.05042016806722689,1.0,1.0,0.9287318650114331,0.8385600175073857,0.6195471195471196,,0.26333901280649036,0.6717597993121954
r5_final_inverse_map_complete_2026-08-31,end_to_end_original_stress,breast_cancer,lgbm,2,HuberRidgeAIME,0.05,0.25,28,8,30,38,1.1465949160046875,0.9590643274853801,0.2529187081155712,119,52,0.0006129159592092037,X ~= Y A^T,SVD normal-system solve,1.9563908456593553,1.9561327814646297,37.050191425431,37.060191425431,72.48465533463995,72.49465533463996,37.060191425431,7.249465533463995e-11,4.579608731055607,9,True,0.9288537724280953,0.20168067226890757,0.01,1.0,rms,6.164414002968976,0.7237698961250891,0.850746669770202,0.24256226094479205,0.4965162519172435,2.034652778948718,1.426412555661481,0.10783328100237155,0.3486445656764059,0.996116143351056,0.9798665061822956,0.8181818181818182,0.18020240178405264,0.125,0.019900866018193387,0.0,1.0,0.22644108809840136,0.9661500211535657,0.9768922286967905,0.938286464602254,0.7360972360972362,,0.29139833117763725,0.6608283746845937
r5_final_inverse_map_complete_2026-08-31,end_to_end_original_stress,breast_cancer,svm,2,RidgeAIME,0.05,0.25,28,8,30,38,0.006546125048771501,0.9415204678362573,0.10911001238431285,119,52,0.0001497080083936453,X ~= Y A^T,SVD normal-system solve,1.6015365518315756,1.6013958813389952,42.752098916201,42.762098916201,68.46904908181499,68.47904908181499,42.76209891620101,6.847904908181498e-11,5.893549690009367,1,True,1.0,0.0,0.01,1.0,rms,6.164414002968976,0.6329395802000873,0.7955749997329524,0.3303095811535022,0.581833550608797,2.011364356910216,1.4182257778330698,0.12552327429610333,0.3754357186420117,0.9882828429729661,0.9665171244118612,0.6666666666666666,0.19169661574531985,0.125,0.02006387407159426,0.0,0.05042016806722689,1.0,1.0,0.9824000723626277,0.9100995732574682,0.6785214785214786,,0.2044987072022195,0.7703769495296405
r5_final_inverse_map_complete_2026-08-31,end_to_end_original_stress,breast_cancer,svm,2,HuberRidgeAIME,0.05,0.25,28,8,30,38,0.006546125048771501,0.9415204678362573,0.10911001238431285,119,52,0.0005724170478060842,X ~= Y A^T,SVD normal-system solve,1.641199976233871,1.6410399989320645,40.07068450921557,40.080684509215565,65.76400646419953,65.77400646419953,40.08068450921557,6.577400646419951e-11,5.767420640569288,8,True,0.9323612998117788,0.20168067226890757,0.01,1.0,rms,6.164414002968976,0.6214049435873749,0.7882924226372945,0.34251396189702854,0.5915963512485823,2.0032424346214475,1.4153594718732931,0.1290544256686046,0.3801591124335882,0.9979219582350545,0.9914651493598862,1.0,0.19047587633620727,0.0,0.014161271260855524,0.0,1.0,0.22906173913927017,0.9697046393165137,0.9893899875624543,0.9462304409672828,0.7906426906426907,,0.21511916673485465,0.7609816273630547
r5_final_inverse_map_complete_2026-08-31,end_to_end_original_stress,breast_cancer,mlp,2,RidgeAIME,0.05,0.25,28,8,30,38,0.018009499995969236,0.9181286549707602,0.47662836835600175,119,52,0.000134333036839962,X ~= Y A^T,SVD normal-system solve,7.8948308182916564,7.8857092002292175,7.5487804390542514,7.558780439054249,59.59634445076273,59.606344450762734,7.558780439054256,5.960634445076273e-11,16.399208924132427,1,True,1.0,0.0,0.01,1.0,rms,6.164414002968976,0.8398217623948077,0.9164178972471062,0.19759618184122263,0.46750946049928327,2.988848073694882,1.7288285264001408,0.07450059805492704,0.3078595476145156,0.9556018139568927,0.8634423897581792,0.5384615384615384,0.19963866265802038,0.25,0.00953343616668345,0.0,0.03361344537815126,1.0,1.0,0.9583623674032842,0.8844512528723056,0.5680319680319681,,0.8968407576390054,1.2148228987690177
r5_final_inverse_map_complete_2026-08-31,end_to_end_original_stress,breast_cancer,mlp,2,HuberRidgeAIME,0.05,0.25,28,8,30,38,0.018009499995969236,0.9181286549707602,0.47662836835600175,119,52,0.0006542910123243928,X ~= Y A^T,SVD normal-system solve,8.839212822276163,8.826849708485307,6.330807789113585,6.340807789113585,55.95935738489861,55.969357384898615,6.340807789113588,5.59693573848986e-11,16.06780429739465,10,True,0.9380134778961217,0.17647058823529413,0.01,1.0,rms,6.164414002968976,0.8098744830034391,0.899930265633643,0.2262091714100798,0.4885427592500493,2.9569211392350216,1.7195700448760503,0.08438680104015017,0.31979585867488675,0.9967389031255265,0.9704562862457599,0.6666666666666666,0.1843818877326484,0.25,0.008264658721947826,0.0,0.95,0.22797443039662657,0.9627104882439301,0.9893871878932717,0.9329467118940803,0.6323676323676324,,0.9458057320783121,1.2059565334729279
r5_final_inverse_map_complete_2026-08-31,end_to_end_original_stress,breast_cancer,lgbm,2,RidgeAIME,0.05,0.5,28,15,30,45,1.2031434170203283,0.9590643274853801,0.19777985534464176,119,52,0.00014829193241894245,X ~= Y A^T,SVD normal-system solve,1.5401993159625922,1.54008230525368,46.15665611047476,46.166656110474754,71.09045016847384,71.10045016847386,46.166656110474754,7.110045016847386e-11,6.104541865983974,1,True,1.0,0.0,0.01,1.0,rms,6.708203932499369,0.7181507452634754,0.8474377530317347,0.2427595489148674,0.5128809045267592,1.2011395545608523,1.095965124700988,0.15479322795568218,0.42344464868693543,0.977180177255556,0.9036890645586297,0.8181818181818182,0.3565689782178059,0.13333333333333333,0.018340468197256196,0.0,0.06722689075630252,1.0,1.0,0.9659033527983615,0.9192621870882739,0.6328671328671329,,0.1875439310717561,0.7856530765461074
r5_final_inverse_map_complete_2026-08-31,end_to_end_original_stress,breast_cancer,lgbm,2,HuberRidgeAIME,0.05,0.5,28,15,30,45,1.2031434170203283,0.9590643274853801,0.19777985534464176,119,52,0.0005815830081701279,X ~= Y A^T,SVD normal-system solve,1.6424330092987671,1.6422780895542013,41.45876249367219,41.46876249367219,68.09324004428487,68.10324004428487,41.46876249367218,6.810324004428487e-11,5.455321431491308,8,True,0.9329326928857284,0.15966386554621848,0.01,1.0,rms,6.708203932499369,0.7048692202788364,0.839564899384697,0.25676400137390754,0.5224258906335356,1.1894076692655537,1.0905996833236078,0.16304861248846336,0.4304912271647022,0.9954328713339641,0.9691699604743081,1.0,0.34200728054526425,0.13333333333333333,0.01418197793000452,0.0,1.0,0.3466778148664493,0.9751852967069378,0.9817523648034339,0.9566403162055336,0.7713286713286713,,0.21544669878401024,0.7368203446237847
r5_final_inverse_map_complete_2026-08-31,end_to_end_original_stress,breast_cancer,svm,2,RidgeAIME,0.05,0.5,28,15,30,45,0.007705416996032,0.9707602339181286,0.0882256672511233,119,52,0.00013337493874132633,X ~= Y A^T,SVD normal-system solve,1.8538859180203262,1.853660768906148,37.915350989514835,37.92535098951483,70.2907352762596,70.3007352762596,37.92535098951483,7.03007352762596e-11,5.93666796567329,1,True,1.0,0.0,0.01,1.0,rms,6.708203932499369,0.8835378307862283,0.9399669306875792,0.25017117620131246,0.5209852522126311,0.8835378307862283,0.9399669306875792,0.25017117620131246,0.5209852522126311,0.9853892053738372,0.9696969696969696,1.0,0.32926741271804827,0.13333333333333333,0.013833420027781002,0.0,0.05042016806722689,1.0,1.0,0.9736236802700067,0.9222134387351778,0.7501165501165501,,0.26803025857216856,0.773542759771882
r5_final_inverse_map_complete_2026-08-31,end_to_end_original_stress,breast_cancer,svm,2,HuberRidgeAIME,0.05,0.5,28,15,30,45,0.007705416996032,0.9707602339181286,0.0882256672511233,119,52,0.0005894589703530073,X ~= Y A^T,SVD normal-system solve,1.8363102111443663,1.836080354974323,36.374066217842575,36.38406621784257,66.79406921666566,66.80406921666567,36.38406621784258,6.680406921666566e-11,5.888997651548665,8,True,0.9341175504172542,0.18487394957983194,0.01,1.0,rms,6.708203932499369,0.8822588171173225,0.9392863339351438,0.25125663206020266,0.5222319120075658,0.8822588171173225,0.9392863339351438,0.25125663206020266,0.5222319120075658,0.9958922814103018,0.9873517786561263,1.0,0.3329722665313747,0.13333333333333333,0.014595392277588215,0.0,0.9444444444444444,0.32196201287705334,0.9666213842689464,0.9845516903351017,0.9574044795783925,0.8326340326340327,,0.26389168392311674,0.770041381129032
r5_final_inverse_map_complete_2026-08-31,end_to_end_original_stress,breast_cancer,mlp,2,RidgeAIME,0.05,0.5,28,15,30,45,0.01979837496764958,0.935672514619883,0.31063581914781313,119,52,0.00013695808593183756,X ~= Y A^T,SVD normal-system solve,3.1320867734015865,3.130980375485386,19.260524123192845,19.27052412319284,60.3256328550345,60.335632855034504,19.270524123192843,6.03356328550345e-11,11.515873860452775,1,True,1.0,0.0,0.01,1.0,rms,6.708203932499369,0.7649700823335391,0.8746256812680149,0.3847244148435609,0.628548659194206,1.2294752854331108,1.1088170658107273,0.27864035963850287,0.5388431367224152,0.9725053100233886,0.8802371541501975,0.3333333333333333,0.3571033510540807,0.26666666666666666,0.010404921684638463,0.0,0.03361344537815126,1.0,1.0,0.9693887628378919,0.9189855072463768,0.5847485847485847,,0.49568034553287926,1.0612968991715415
r5_final_inverse_map_complete_2026-08-31,end_to_end_original_stress,breast_cancer,mlp,2,HuberRidgeAIME,0.05,0.5,28,15,30,45,0.01979837496764958,0.935672514619883,0.31063581914781313,119,52,0.0006500419694930315,X ~= Y A^T,SVD normal-system solve,3.4980884684681266,3.4965541228698283,16.27113295490407,16.281132954904066,56.917862558461636,56.92786255846164,16.281132954904074,5.692786255846163e-11,10.375690299899501,9,True,0.9366410141603188,0.16806722689075632,0.01,1.0,rms,6.708203932499369,0.7516902830380543,0.867000739929358,0.3954055335840019,0.634984280280485,1.2214769122742914,1.105204466275038,0.2833331775045329,0.5426704786181724,0.9955710389048293,0.9819499341238472,0.6666666666666666,0.35036769524464983,0.13333333333333333,0.008601787451720471,0.0,1.0,0.22555907394051292,0.9613742990375294,0.9896279394053483,0.9549670619235835,0.6736596736596737,,0.543640255036373,1.0160170001758688
r5_final_inverse_map_complete_2026-08-31,end_to_end_original_stress,breast_cancer,lgbm,2,RidgeAIME,0.1,0.0,57,0,30,30,1.1525967919733375,0.9649122807017544,0.14729259815669135,119,52,0.00014191691298037767,X ~= Y A^T,SVD normal-system solve,1.6348342847553774,1.6346910594876853,44.31418210731415,44.32418210731415,72.44634420993047,72.45634420993048,44.32418210731415,7.245634420993048e-11,5.307755654607176,1,True,1.0,0.0,0.01,1.0,rms,5.477225575051661,0.8493600438183668,0.9216073154106182,0.16364666085337687,0.4555646349455237,3.1049002386280407,1.762072710936765,0.01805323749157406,0.22719264352314658,0.9047564313666615,0.692992213570634,0.5384615384615384,0.0,0.0,0.04204857930668077,0.0,0.12605042016806722,1.0,1.0,0.9208966985756856,0.7574193548387097,0.6177156177156178,,0.21343568737095323,0.724910921671987
r5_final_inverse_map_complete_2026-08-31,end_to_end_original_stress,breast_cancer,lgbm,2,HuberRidgeAIME,0.1,0.0,57,0,30,30,1.1525967919733375,0.9649122807017544,0.14729259815669135,119,52,0.0005861659301444888,X ~= Y A^T,SVD normal-system solve,1.6979078278105457,1.6977259332757793,38.35881788144177,38.36881788144177,65.12973714645912,65.13973714645914,38.36881788144177,6.51397371464591e-11,4.587922150857518,9,True,0.8870193077022068,0.23529411764705882,0.01,1.0,rms,5.477225575051661,0.7598824553370649,0.8717123696134321,0.25175403116090633,0.5186555662987898,3.009574698981435,1.7348125832439178,0.0482006167457667,0.26088134047512235,0.9924210006908828,0.9599555061179088,0.8181818181818182,0.0,0.0,0.02549866480624145,0.0,0.9958333333333333,0.25505876816278694,0.9781674624434693,0.9814733311045611,0.9440711902113458,0.8242424242424242,,0.22986758268488253,0.661616040061871
r5_final_inverse_map_complete_2026-08-31,end_to_end_original_stress,breast_cancer,svm,2,RidgeAIME,0.1,0.0,57,0,30,30,0.006453583016991615,0.9473684210526315,0.1256235015093326,119,52,0.00012329197488725185,X ~= Y A^T,SVD normal-system solve,2.0343512142380202,2.034052404741775,34.6057410401726,34.6157410401726,70.40023130468163,70.41023130468163,34.615741040172594,7.041023130468163e-11,5.032703200082045,1,True,1.0,0.0,0.01,1.0,rms,5.477225575051661,0.8926480406876356,0.9448005295762887,0.26292783282048615,0.5334634480180416,3.6833693512065064,1.9192106062666772,0.06224109857426696,0.28634190135323045,0.9639706047931084,0.9652947719688543,1.0,0.0,0.0,0.0486986985078267,0.06666666666666667,0.13445378151260504,1.0,1.0,0.9541174239176868,0.8853837597330367,0.7501165501165501,,0.30836213776912336,0.701801318959156
r5_final_inverse_map_complete_2026-08-31,end_to_end_original_stress,breast_cancer,svm,2,HuberRidgeAIME,0.1,0.0,57,0,30,30,0.006453583016991615,0.9473684210526315,0.1256235015093326,119,52,0.0005709999240934849,X ~= Y A^T,SVD normal-system solve,1.9348697683579934,1.9345852764304101,32.85102970650155,32.86102970650155,63.562464238540215,63.57246423854021,32.86102970650154,6.357246423854021e-11,4.8296366242481374,9,True,0.8829200552960333,0.24369747899159663,0.01,1.0,rms,5.477225575051661,0.9085258279399486,0.9531662121266934,0.24981731834373622,0.5217653680879534,3.709003870423464,1.9258774287122906,0.05571473743929223,0.2749403884665233,0.991646179491878,0.986206896551724,1.0,0.0,0.0,0.028079011447355074,0.0,0.96875,0.3209911002885981,0.9702099900544697,0.9781874701410829,0.9372191323692991,0.731934731934732,,0.2865878781600806,0.6839144562130994
r5_final_inverse_map_complete_2026-08-31,end_to_end_original_stress,breast_cancer,mlp,2,RidgeAIME,0.1,0.0,57,0,30,30,0.017311374889686704,0.9239766081871345,0.528478261796416,119,52,0.00012741598766297102,X ~= Y A^T,SVD normal-system solve,13.694715516365738,13.666051260616051,4.418761600240193,4.428761600240193,60.513683049930464,60.523683049930455,4.428761600240188,6.052368304993046e-11,18.127654122994436,1,True,1.0,0.0,0.01,1.0,rms,5.477225575051661,0.9300194636937268,0.9643751675015937,0.2633626532916322,0.5282974246344505,2.29373039314458,1.5145066500826532,0.0875952949209784,0.33457160059327296,0.8939556314808416,0.6307007786429366,0.42857142857142855,0.0,0.0,0.018187173826766895,0.0,0.08403361344537816,1.0,1.0,0.94457622191849,0.8415127919911012,0.6888111888111889,,1.135643045404738,1.258341606226959
r5_final_inverse_map_complete_2026-08-31,end_to_end_original_stress,breast_cancer,mlp,2,HuberRidgeAIME,0.1,0.0,57,0,30,30,0.017311374889686704,0.9239766081871345,0.528478261796416,119,52,0.000590041046962142,X ~= Y A^T,SVD normal-system solve,18.91969362842179,18.85761748493463,2.8767279153913567,2.8867279153913574,54.426810811532945,54.43681081153295,2.8867279153913574,5.443681081153294e-11,18.747019312570206,9,True,0.9040435697903093,0.19327731092436976,0.01,1.0,rms,5.477225575051661,0.8461528442705953,0.9198656664266774,0.32979060068521615,0.5829216689181325,2.2187727874804533,1.489554560088503,0.1174120825843471,0.3694019200219047,0.982051874671916,0.8611790878754171,0.6666666666666666,0.0,0.0,0.01784360093388635,0.0,0.9733333333333334,0.25317143361313177,0.9637566098065641,0.9870959160446822,0.9243159065628477,0.7209457209457211,,1.2754868220965792,1.2729322267833663
r5_final_inverse_map_complete_2026-08-31,end_to_end_original_stress,breast_cancer,lgbm,2,RidgeAIME,0.1,0.25,57,8,30,38,1.1410630840109661,0.9532163742690059,0.2367095236867462,119,52,0.00013637507800012827,X ~= Y A^T,SVD normal-system solve,1.9009960368408862,1.9007751418267975,40.778427957821656,40.78842795782165,77.51962993642056,77.52962993642056,40.788427957821646,7.752962993642058e-11,6.206186511756975,1,True,1.0,0.0,0.01,1.0,rms,6.164414002968976,0.5254910047629519,0.7249075836014904,0.1365861563301427,0.5100241271216314,1.8809668869606038,1.3714834621535192,0.04421647156210007,0.309201171533946,0.9295045289439308,0.8413393150235257,0.42857142857142855,0.23227423677512743,0.5,0.030487299148767556,0.0,0.13445378151260504,1.0,1.0,0.8877062730984713,0.6837728416675786,0.37857142857142856,,0.27893074367249854,0.7928248231027567
r5_final_inverse_map_complete_2026-08-31,end_to_end_original_stress,breast_cancer,lgbm,2,HuberRidgeAIME,0.1,0.25,57,8,30,38,1.1410630840109661,0.9532163742690059,0.2367095236867462,119,52,0.0005758339539170265,X ~= Y A^T,SVD normal-system solve,2.034480548528366,2.034172984605452,33.62465190342192,33.63465190342192,68.4087002485492,68.41870024854921,33.63465190342192,6.841870024854921e-11,5.3910113113393,8,True,0.8623864987226505,0.24369747899159663,0.01,1.0,rms,6.164414002968976,0.44796444050330414,0.6693014571202607,0.26396704054553677,0.5570080182111664,1.8212757906067574,1.3495465129467592,0.07454755664653456,0.3287550042175159,0.9931866075990324,0.9689243899770216,0.5384615384615384,0.2206968997486895,0.5,0.02490328844731165,0.0,0.9924172794117647,0.22413417356837034,0.9615324909796261,0.973379430127058,0.9203195097931941,0.6211102622867329,,0.3083878822470847,0.7316702430597783
r5_final_inverse_map_complete_2026-08-31,end_to_end_original_stress,breast_cancer,svm,2,RidgeAIME,0.1,0.25,57,8,30,38,0.007524874992668629,0.9707602339181286,0.09618104534152169,119,52,0.0001431669807061553,X ~= Y A^T,SVD normal-system solve,1.6194300115321432,1.619280054807437,41.29725132506785,41.307251325067845,66.87800818960044,66.88800818960044,41.307251325067845,6.688800818960045e-11,6.097086759775067,1,True,1.0,0.0,0.01,1.0,rms,6.164414002968976,0.6963483396168267,0.8344748885477782,0.2522548828575736,0.5229461006441997,2.4184755991049642,1.5551448804227097,0.07132061635516374,0.300102807502931,0.9695473709656504,0.9761461866725024,0.8181818181818182,0.21639698400344715,0.375,0.029498172037790576,0.0,0.11764705882352941,1.0,1.0,0.9615387940258048,0.9152861363387679,0.6218781218781219,,0.2093219665663764,0.785122374950324
r5_final_inverse_map_complete_2026-08-31,end_to_end_original_stress,breast_cancer,svm,2,HuberRidgeAIME,0.1,0.25,57,8,30,38,0.007524874992668629,0.9707602339181286,0.09618104534152169,119,52,0.0006348330061882734,X ~= Y A^T,SVD normal-system solve,1.6435808358902255,1.6434111324513065,37.91385351692634,37.92385351692633,62.314483055169354,62.32448305516936,37.92385351692633,6.232448305516936e-11,5.886784075317827,9,True,0.8938688208603432,0.23529411764705882,0.01,1.0,rms,6.164414002968976,0.6743142180997633,0.8211663766252021,0.27591532094230153,0.5374526709801513,2.3884257587146824,1.5454532534873653,0.08285956562659769,0.312779528956568,0.9946754732782632,0.9735200787832368,0.6666666666666666,0.21667869845044804,0.5,0.023049231666148588,0.0,0.9623156448814343,0.2976742314168965,0.9733614327861363,0.9868590725580757,0.9595141700404859,0.6365301365301365,,0.2157462245542395,0.7698781063714072
r5_final_inverse_map_complete_2026-08-31,end_to_end_original_stress,breast_cancer,mlp,2,RidgeAIME,0.1,0.25,57,8,30,38,0.017671875073574483,0.8830409356725146,0.48475093877245023,119,52,0.00012745894491672516,X ~= Y A^T,SVD normal-system solve,8.09238498832492,8.082884850791102,7.455560328026156,7.465560328026156,60.33326447806968,60.34326447806967,7.465560328026148,6.034326447806967e-11,20.7154740559306,1,True,1.0,0.0,0.01,1.0,rms,6.164414002968976,0.689299893009354,0.8302408644540173,0.15239814339561375,0.4840809208958318,1.624122123718263,1.2744105004739497,0.049754560828989325,0.3413830591814437,0.8822133859026575,0.7054382317540212,0.3333333333333333,0.29021121880588036,0.5,0.016379539937795302,0.0,0.12605042016806722,1.0,1.0,0.917304328799521,0.8463289200131305,0.6836144247908954,,0.9075663918602568,1.3162948762063165
r5_final_inverse_map_complete_2026-08-31,end_to_end_original_stress,breast_cancer,mlp,2,HuberRidgeAIME,0.1,0.25,57,8,30,38,0.017671875073574483,0.8830409356725146,0.48475093877245023,119,52,0.0006262080278247595,X ~= Y A^T,SVD normal-system solve,10.68197080581887,10.662525994993846,4.969205451236961,4.979205451236964,53.0809075582292,53.09090755822919,4.979205451236966,5.309090755822919e-11,17.570971611457338,9,True,0.8820078473187621,0.25210084033613445,0.01,1.0,rms,6.164414002968976,0.5440589869393905,0.7376035431987773,0.33099451761285714,0.5881204024294163,1.4519189244602133,1.2049559844493132,0.15050763987146443,0.4136330530571725,0.9913220088130432,0.9511981617244775,0.5384615384615384,0.23230406721167196,0.5,0.013084955165174258,0.0,0.9666178266178265,0.2582133398145954,0.9719782089780169,0.9881496715671017,0.9347193347193347,0.6088245088245088,,1.027860102976857,1.244795777080251
r5_final_inverse_map_complete_2026-08-31,end_to_end_original_stress,breast_cancer,lgbm,2,RidgeAIME,0.1,0.5,57,15,30,45,1.1397782909916714,0.9766081871345029,0.08652854334320031,119,52,0.0001503749517723918,X ~= Y A^T,SVD normal-system solve,1.791960684841404,1.7917691932776332,41.34747127683676,41.357471276836755,74.09304294570067,74.10304294570068,41.35747127683676,7.410304294570067e-11,5.857887487846996,1,True,1.0,0.0,0.01,1.0,rms,6.708203932499369,0.6375927020625394,0.7984940213066967,0.33657090881620355,0.5841517873015379,5.708733046018268,2.3892955124928075,0.03631865715904292,0.2268341178527687,0.9684462138162386,0.8898550724637679,0.42857142857142855,0.3751006926867375,0.26666666666666666,0.01956036484753575,0.0,0.10084033613445378,1.0,1.0,0.9381158055753023,0.8930434782608696,0.5377289377289377,,0.2532820652916663,0.7677410259532187
r5_final_inverse_map_complete_2026-08-31,end_to_end_original_stress,breast_cancer,lgbm,2,HuberRidgeAIME,0.1,0.5,57,15,30,45,1.1397782909916714,0.9766081871345029,0.08652854334320031,119,52,0.0006445409962907434,X ~= Y A^T,SVD normal-system solve,1.730684453653112,1.7304930398080232,38.16301999825773,38.17301999825773,66.04814541543747,66.05814541543748,38.173019998257715,6.605814541543749e-11,5.648592468091677,8,True,0.9036451415824063,0.20168067226890757,0.01,1.0,rms,6.708203932499369,0.6311331299407646,0.7944388774101911,0.3432922342773047,0.5901698721487866,5.703890474682186,2.388281908544757,0.0371361232430828,0.22848342658351464,0.9969138691238719,0.9895915678524374,1.0,0.3853980504364353,0.2,0.015408253724540504,0.0,0.9642857142857143,0.3180231916491412,0.9693223696123053,0.9810459510593139,0.9310276679841895,0.5972027972027971,,0.23816985686386657,0.7519402425990492
r5_final_inverse_map_complete_2026-08-31,end_to_end_original_stress,breast_cancer,svm,2,RidgeAIME,0.1,0.5,57,15,30,45,0.006702041020616889,0.9473684210526315,0.12842346278713404,119,52,0.00015079195145517588,X ~= Y A^T,SVD normal-system solve,1.6463373051992884,1.6461801646494012,41.12115969518758,41.131159695187584,67.69929923924471,67.70929923924471,41.131159695187584,6.770929923924469e-11,6.2269195020633505,1,True,1.0,0.0,0.01,1.0,rms,6.708203932499369,0.7744213751046549,0.8800121448620212,0.23259690166237068,0.48994761643236007,4.13324699364192,2.03303885689426,0.039588441098282745,0.23457462408389682,0.9843281297825879,0.9826086956521738,0.8181818181818182,0.38626496659645,0.26666666666666666,0.0217010635508151,0.06666666666666667,0.06722689075630252,1.0,1.0,0.9646248225625754,0.9342819499341237,0.6736596736596737,,0.21647736443105903,0.7942732514551947
r5_final_inverse_map_complete_2026-08-31,end_to_end_original_stress,breast_cancer,svm,2,HuberRidgeAIME,0.1,0.5,57,15,30,45,0.006702041020616889,0.9473684210526315,0.12842346278713404,119,52,0.0006062500178813934,X ~= Y A^T,SVD normal-system solve,1.6103908586619782,1.6102348397758621,39.112882739347015,39.12288273934702,62.9870288193623,62.99702881936229,39.122882739347006,6.29970288193623e-11,5.954751445536467,8,True,0.919967363602344,0.16806722689075632,0.01,1.0,rms,6.708203932499369,0.7618050589535311,0.8728144470352969,0.2450988810953003,0.49957965301916085,4.111871674233934,2.0277750551365243,0.0445552635180958,0.2435854977674372,0.9969489156668282,0.9957839262187087,1.0,0.39063273358621936,0.26666666666666666,0.018043432440001155,0.0,0.9040178571428572,0.29623695802482486,0.9649209063466697,0.9879209007891564,0.9773122529644267,0.8811188811188811,,0.20688921900156693,0.7748636385165644
r5_final_inverse_map_complete_2026-08-31,end_to_end_original_stress,breast_cancer,mlp,2,RidgeAIME,0.1,0.5,57,15,30,45,0.023567457916215062,0.8947368421052632,0.33700981505434124,119,52,0.00013562501408159733,X ~= Y A^T,SVD normal-system solve,2.086122565719138,2.0857465379213536,28.87410304019339,28.884103040193384,60.23491791704699,60.244917917047,28.884103040193384,6.024491791704699e-11,9.332205288775285,1,True,1.0,0.0,0.01,1.0,rms,6.708203932499369,0.685915956979988,0.8282004328542626,0.3854927585885166,0.6237254231460138,6.125349700925987,2.4749443834005618,0.07564143647062238,0.3015565596019345,0.9341638930994862,0.7644268774703556,0.1111111111111111,0.3916588694686878,0.3333333333333333,0.022049935281916688,0.0,0.10084033613445378,1.0,1.0,0.9551677359357548,0.8908695652173911,0.4846447669977082,,0.3192615313818814,0.9699842837867039
r5_final_inverse_map_complete_2026-08-31,end_to_end_original_stress,breast_cancer,mlp,2,HuberRidgeAIME,0.1,0.5,57,15,30,45,0.023567457916215062,0.8947368421052632,0.33700981505434124,119,52,0.0005851250607520342,X ~= Y A^T,SVD normal-system solve,2.2437621373569514,2.243263487060402,24.93257290060417,24.942572900604176,55.94276306126762,55.95276306126761,24.94257290060418,5.595276306126761e-11,8.420246430936658,8,True,0.9188137536156797,0.15126050420168066,0.01,1.0,rms,6.708203932499369,0.6400247243951439,0.8000154525977257,0.42660638840527865,0.6624793433345477,6.10604456918929,2.4710411913177994,0.07855471729737762,0.3139514868184184,0.9952663055206049,0.9613965744400526,0.5384615384615384,0.3795009698397687,0.26666666666666666,0.015670408078301962,0.0,0.9791666666666667,0.2915337387235279,0.9891629141643322,0.9895376968612479,0.9560606060606058,0.7367965367965368,,0.3508802875177699,0.9253248019545003
r5_final_inverse_map_complete_2026-08-31,end_to_end_original_stress,credit_approval,lgbm,0,RidgeAIME,0.05,0.0,34,0,42,42,1.246077417046763,0.8647342995169082,0.5214287548296535,144,63,0.00015512504614889622,X ~= Y A^T,SVD normal-system solve,1.4562619312143703,1.4561749012584835,52.41584884263287,52.42584884263285,76.33120526181305,76.34120526181307,52.42584884263285,7.634120526181305e-11,2.847848160155255,1,True,1.0,0.0,0.01,1.0,rms,6.48074069840786,1.2322490209432335,1.1100671245214109,-0.016944574173943128,0.13359742071901443,2.7080760477960277,1.6456233006967385,-0.01708061393677296,0.08297993441104318,0.911994374280577,0.8843410862816463,0.6666666666666666,0.0,0.0,0.04421635371101288,0.2,0.05555555555555555,1.0,1.0,0.8772680785961109,0.7617310192278466,0.6090576090576091,,0.16321354124731746,0.45451683013173083
r5_final_inverse_map_complete_2026-08-31,end_to_end_original_stress,credit_approval,lgbm,0,HuberRidgeAIME,0.05,0.0,34,0,42,42,1.246077417046763,0.8647342995169082,0.5214287548296535,144,63,0.0005556659307330847,X ~= Y A^T,SVD normal-system solve,1.4133115294817316,1.4132290480980039,50.09967454735981,50.10967454735981,70.80644766106607,70.81644766106608,50.10967454735981,7.081644766106608e-11,2.4368214708741527,7,True,0.9316621806522787,0.1736111111111111,0.01,1.0,rms,6.48074069840786,1.2146489920780952,1.1021111523245264,-0.0024197065899487225,0.14817319238187449,2.689627138224679,1.6400082738281168,-0.010151699112330714,0.09261857470057105,0.988255787489248,0.9490193180525888,1.0,0.0,0.0,0.034244091904834996,0.06666666666666667,0.9861111111111112,0.22684202901065936,0.973122189572374,0.9338448344692294,0.8403357295925937,0.6778221778221778,,0.1502125555240735,0.3868237125846652
r5_final_inverse_map_complete_2026-08-31,end_to_end_original_stress,credit_approval,svm,0,RidgeAIME,0.05,0.0,34,0,42,42,0.020207917084917426,0.8309178743961353,0.39014566863055716,144,63,0.00015470909420400858,X ~= Y A^T,SVD normal-system solve,1.954339554541777,1.954081184123748,36.926873881452025,36.93687388145203,72.16765025209733,72.17765025209732,36.93687388145202,7.217765025209732e-11,3.236593729377608,1,True,1.0,0.0,0.01,1.0,rms,6.48074069840786,1.1801535931849894,1.0863487438134172,-0.008868585687854091,0.14401185512001832,3.704834022505388,1.9247945403355102,-0.02285460784696247,0.08576206733764485,0.9546157396861802,0.8966327713235202,0.8181818181818182,0.0,0.0,0.05601057478375624,0.06666666666666667,0.0763888888888889,1.0,1.0,0.8944390857145048,0.735139393136685,0.5564102564102564,,0.29094260292653235,0.5100881883853323
r5_final_inverse_map_complete_2026-08-31,end_to_end_original_stress,credit_approval,svm,0,HuberRidgeAIME,0.05,0.0,34,0,42,42,0.020207917084917426,0.8309178743961353,0.39014566863055716,144,63,0.0005551670910790563,X ~= Y A^T,SVD normal-system solve,1.8099923919209284,1.809769542563699,36.33708226189875,36.347082261898755,65.76984243864166,65.77984243864165,36.347082261898755,6.577984243864166e-11,3.085856267821014,7,True,0.9101356858712195,0.18055555555555555,0.01,1.0,rms,6.48074069840786,1.1711607493891258,1.0822018062215226,-0.0011809443045323054,0.15325274444199247,3.6948175361140048,1.922190816780167,-0.02008919131342113,0.09282102847147687,0.9906987997260459,0.9796993467579568,0.8181818181818182,0.0,0.0,0.03226040620238341,0.0,0.9649678604224059,0.23175572264298427,0.9662422993712991,0.9308658528962439,0.8567699747722335,0.6242091242091241,,0.25762327499892623,0.48937569374724527
r5_final_inverse_map_complete_2026-08-31,end_to_end_original_stress,credit_approval,mlp,0,RidgeAIME,0.05,0.0,34,0,42,42,0.0268382920185104,0.7922705314009661,0.5332678713522908,144,63,0.00014162494335323572,X ~= Y A^T,SVD normal-system solve,6.041203057126049,6.036988905527473,11.952557442947816,11.962557442947814,72.20782656481106,72.21782656481105,11.962557442947814,7.221782656481104e-11,7.237270280615436,1,True,1.0,0.0,0.01,1.0,rms,6.48074069840786,1.0139855373771725,1.0069684887707124,-0.002637803123655358,0.17357264169169476,2.216161917747029,1.4886779093366802,-0.012296183052786791,0.11373544517603965,0.9617341492610166,0.8857733360959937,0.6666666666666666,0.0,0.0,0.027178216549589868,0.0,0.04861111111111111,1.0,1.0,0.8774273411478207,0.7325024014696909,0.637029637029637,,0.780820377729798,0.8595747919417893
r5_final_inverse_map_complete_2026-08-31,end_to_end_original_stress,credit_approval,mlp,0,HuberRidgeAIME,0.05,0.0,34,0,42,42,0.0268382920185104,0.7922705314009661,0.5332678713522908,144,63,0.0005855420604348183,X ~= Y A^T,SVD normal-system solve,6.90549419730147,6.8994090725360655,9.69480380431557,9.704803804315572,66.94741141467739,66.95741141467738,9.704803804315567,6.69574114146774e-11,6.817315491051295,8,True,0.9267566847398775,0.20833333333333334,0.01,1.0,rms,6.48074069840786,0.9845796136127761,0.9922598518597717,0.02643903250678148,0.20982739303301404,2.1910381748576175,1.4802155839125657,-0.0008201853708098561,0.13484153552414535,0.8955423108590477,0.8398233377825053,0.5384615384615384,0.0,0.0,0.024317639742214688,0.0,0.6679138321995465,0.2830660677306365,0.95964598633889,0.9474576898472842,0.8381964233588157,0.790909090909091,,0.8388118954435149,0.8336133927005557
r5_final_inverse_map_complete_2026-08-31,end_to_end_original_stress,credit_approval,lgbm,0,RidgeAIME,0.05,0.25,34,10,42,52,1.2657377499854192,0.8599033816425121,0.4816620555403137,144,63,0.00017625000327825546,X ~= Y A^T,SVD normal-system solve,1.4536223583942622,1.4535390096169947,54.414596648121574,54.42459664812156,79.098274310715,79.10827431071502,54.424596648121565,7.9108274310715e-11,3.4871531732831507,1,True,1.0,0.0,0.01,1.0,rms,7.211102550927978,0.7998304701989079,0.8943324159387872,0.003779339238277224,0.19692560514727042,3.526831237174797,1.8779859523369171,-0.006550173537090309,0.11403672524971586,0.939000642218304,0.8150013891072072,0.5384615384615384,0.19901961615281108,0.1,0.041226933369971075,0.2,0.04861111111111111,1.0,1.0,0.8888077756707302,0.6953883237476381,0.5183150183150182,,0.16242669171983662,0.542471024190037
r5_final_inverse_map_complete_2026-08-31,end_to_end_original_stress,credit_approval,lgbm,0,HuberRidgeAIME,0.05,0.25,34,10,42,52,1.2657377499854192,0.8599033816425121,0.4816620555403137,144,63,0.0006500000599771738,X ~= Y A^T,SVD normal-system solve,1.4934419897225109,1.4933410708793908,48.88493126014774,48.894931260147736,73.00680900860321,73.01680900860322,48.894931260147736,7.301680900860323e-11,3.0038079229193664,8,True,0.9154830362232325,0.24305555555555555,0.01,1.0,rms,7.211102550927978,0.7740318872095753,0.8797908201439563,0.035912500389236546,0.2293495709075827,3.5019008287137865,1.8713366422730535,0.0005649122935780237,0.13227424525912976,0.9566129348567924,0.752929626509026,0.8181818181818182,0.21861355420515258,0.2,0.03121783563161159,0.0,0.6713512677798392,0.298134249860381,0.9470264048695094,0.9227425025391021,0.7710061901731339,0.6456876456876457,,0.17415900952280114,0.4776721584642129
r5_final_inverse_map_complete_2026-08-31,end_to_end_original_stress,credit_approval,svm,0,RidgeAIME,0.05,0.25,34,10,42,52,0.022556624957360327,0.855072463768116,0.35039763136048985,144,63,0.00014683394692838192,X ~= Y A^T,SVD normal-system solve,2.5591192804753136,2.5586071121785285,30.431542170052108,30.441542170052106,77.87794630197791,77.88794630197792,30.441542170052106,7.78879463019779e-11,3.910014596326188,1,True,1.0,0.0,0.01,1.0,rms,7.211102550927978,0.7891135865121309,0.8883206552321807,0.02212644251991458,0.2082905045723749,1.6289833192592096,1.2763163084671485,0.008387041234997561,0.1542086223163124,0.9784385075549631,0.9554023186993948,0.8181818181818182,0.2551197622172672,0.2,0.025674053378331462,0.0,0.020833333333333332,1.0,1.0,0.9233611914887465,0.8050247485657696,0.5975690975690976,,0.40800360276381664,0.59217837864704
r5_final_inverse_map_complete_2026-08-31,end_to_end_original_stress,credit_approval,svm,0,HuberRidgeAIME,0.05,0.25,34,10,42,52,0.022556624957360327,0.855072463768116,0.35039763136048985,144,63,0.0006418749690055847,X ~= Y A^T,SVD normal-system solve,2.487288521178409,2.4867777496613166,29.108470224092006,29.118470224092004,72.40116385744756,72.41116385744756,29.118470224092,7.241116385744757e-11,3.8240543939017377,8,True,0.926544290153234,0.2222222222222222,0.01,1.0,rms,7.211102550927978,0.7833379079766521,0.8850637875185337,0.029283692645734383,0.21685511402264324,1.631965129470576,1.2774839057579457,0.006571920348730109,0.14773029976219496,0.9886773464433991,0.9529258557710537,1.0,0.2579559723307342,0.3,0.024265877198219894,0.0,0.9166666666666665,0.24078127015795092,0.9411349927063251,0.9374558890064527,0.8475936562825466,0.6311688311688312,,0.3956369728820032,0.5825240611154027
r5_final_inverse_map_complete_2026-08-31,end_to_end_original_stress,credit_approval,mlp,0,RidgeAIME,0.05,0.25,34,10,42,52,0.040507041034288704,0.7922705314009661,0.5207737937093018,144,63,0.00014908402226865292,X ~= Y A^T,SVD normal-system solve,3.0137906617757526,3.0129753921467093,24.690915991890535,24.70091599189053,74.41325204704928,74.42325204704929,24.700915991890536,7.442325204704929e-11,5.078379233757252,1,True,1.0,0.0,0.01,1.0,rms,7.211102550927978,1.0786864885277292,1.0385983287718739,0.039368937916561486,0.235287244421599,2.5150580172534234,1.5858934444827695,0.015730594517508356,0.17084129759836109,0.9416067341662536,0.8225851258297899,0.3333333333333333,0.23189698363723563,0.1,0.03799410689464369,0.13333333333333333,0.027777777777777776,1.0,1.0,0.9126985319225952,0.7756204382105419,0.48058608058608054,,0.4789955846774933,0.7057251291841046
r5_final_inverse_map_complete_2026-08-31,end_to_end_original_stress,credit_approval,mlp,0,HuberRidgeAIME,0.05,0.25,34,10,42,52,0.040507041034288704,0.7922705314009661,0.5207737937093018,144,63,0.0006341669941321015,X ~= Y A^T,SVD normal-system solve,3.009297390368589,3.008437756724341,23.36388030137595,23.373880301375948,70.30886401981473,70.31886401981473,23.373880301375944,7.031886401981474e-11,4.539738637958808,8,True,0.9459969456897854,0.18055555555555555,0.01,1.0,rms,7.211102550927978,1.0655345269132448,1.0322473186757353,0.05108150036039727,0.2494008465184474,2.5076757559712144,1.5835642569757675,0.018619646727640493,0.175767625759816,0.9795093261054492,0.9072473101096713,0.8181818181818182,0.24951208226588772,0.2,0.02715523585148887,0.0,0.95,0.2045834279402035,0.9671801890540591,0.9561381907921606,0.8753151634285213,0.48827838827838815,,0.47834103055568145,0.6570308503549779
r5_final_inverse_map_complete_2026-08-31,end_to_end_original_stress,credit_approval,lgbm,0,RidgeAIME,0.05,0.5,34,21,42,63,1.3319860409246758,0.8647342995169082,0.46622506707343053,144,63,0.0001697920961305499,X ~= Y A^T,SVD normal-system solve,1.205238560060175,1.2052048220463216,60.82302975410873,60.83302975410872,73.30626079933919,73.31626079933919,60.83302975410873,7.331626079933918e-11,3.3850293906031292,1,True,1.0,0.0,0.01,1.0,rms,7.937253933193772,0.7076098186938264,0.8411954699674901,-0.03752225724124725,0.13915621290459615,2.6185345714345605,1.6181886699129246,-0.011649758989240366,0.0906642702273823,0.8802268831829035,0.7527152720150099,0.42857142857142855,0.2882312925146156,0.14285714285714285,0.026838051949931625,0.06666666666666667,0.04861111111111111,1.0,1.0,0.8633423484087428,0.7071493408928929,0.4990842490842491,,0.08106086062488368,0.5295624438103348
r5_final_inverse_map_complete_2026-08-31,end_to_end_original_stress,credit_approval,lgbm,0,HuberRidgeAIME,0.05,0.5,34,21,42,63,1.3319860409246758,0.8647342995169082,0.46622506707343053,144,63,0.0005861250683665276,X ~= Y A^T,SVD normal-system solve,1.1932366312947849,1.1932025213377746,56.641092006924886,56.651092006924884,67.58622581920102,67.59622581920102,56.651092006924884,6.759622581920102e-11,2.7284581270254677,7,True,0.9261788876737241,0.18055555555555555,0.01,1.0,rms,7.937253933193772,0.6767457329464416,0.8226455694565197,0.007731744422301956,0.18134547233586995,2.5973794072573373,1.6116387334813398,-0.003476631555776377,0.10379764324422341,0.953901757364268,0.8489408946396328,0.5384615384615384,0.2666538476281098,0.09523809523809523,0.022195133213977085,0.0,0.8214285714285714,0.2775329775857965,0.9593213794300418,0.9215799941732831,0.7752473479787609,0.554945054945055,,0.07671416239194062,0.43591729315991196
r5_final_inverse_map_complete_2026-08-31,end_to_end_original_stress,credit_approval,svm,0,RidgeAIME,0.05,0.5,34,21,42,63,0.025481416028924286,0.8357487922705314,0.3798111446212147,144,63,0.00016554200556129217,X ~= Y A^T,SVD normal-system solve,2.2641861542290194,2.263801361473707,32.84368907746352,32.85368907746352,74.36422606299578,74.37422606299577,32.85368907746352,7.437422606299577e-11,3.691418270304237,1,True,1.0,0.0,0.01,1.0,rms,7.937253933193772,0.8095822851268467,0.8997679062551891,0.002425610395200395,0.164329780435603,1.6497540329837457,1.284427511766914,-0.0027259221172806214,0.11186651036206727,0.9766135764018565,0.9364536459714798,1.0,0.28683273845302376,0.14285714285714285,0.026852584016213165,0.0,0.05555555555555555,1.0,1.0,0.9193338123967962,0.821679813819042,0.5421245421245421,,0.3548383167739405,0.5671932573856516
r5_final_inverse_map_complete_2026-08-31,end_to_end_original_stress,credit_approval,svm,0,HuberRidgeAIME,0.05,0.5,34,21,42,63,0.025481416028924286,0.8357487922705314,0.3798111446212147,144,63,0.0006075829733163118,X ~= Y A^T,SVD normal-system solve,2.121940659294247,2.121591263368442,32.10086839973379,32.11086839973378,68.11613785604898,68.12613785604898,32.11086839973378,6.8126137856049e-11,3.5634858002116694,7,True,0.9132435512667018,0.2361111111111111,0.01,1.0,rms,7.937253933193772,0.8010396191387165,0.8950081670793382,0.012951958322108714,0.17996589695178758,1.6432400609888036,1.281889254572642,0.001233291465280728,0.11955328554490248,0.9847076383814499,0.9273807386748704,1.0,0.28315243242937277,0.14285714285714285,0.025372978003394477,0.0,0.8363095238095238,0.32015964383671475,0.9481308399390538,0.941280339603632,0.8840120826975786,0.6564102564102563,,0.32666171832032,0.5518750325585363
r5_final_inverse_map_complete_2026-08-31,end_to_end_original_stress,credit_approval,mlp,0,RidgeAIME,0.05,0.5,34,21,42,63,0.04311683401465416,0.7874396135265701,0.48601302897288834,144,63,0.0001585839781910181,X ~= Y A^T,SVD normal-system solve,2.6953763406644193,2.694764420707493,27.695851418514668,27.705851418514662,74.65074264802153,74.66074264802154,27.70585141851467,7.466074264802154e-11,6.0166462827863985,1,True,1.0,0.0,0.01,1.0,rms,7.937253933193772,0.8975930715452893,0.9474138860842654,0.014767682604008403,0.21445945022110943,1.3810047859485772,1.1751615999293787,0.005178834680124589,0.17134849565007745,0.889775656339714,0.6587458750144115,0.42857142857142855,0.28825571763484276,0.14285714285714285,0.018864914243698058,0.0,0.04861111111111111,1.0,1.0,0.8925452738026742,0.7175302905933671,0.6596986346986347,,0.4305208046772223,0.7793544801721446
r5_final_inverse_map_complete_2026-08-31,end_to_end_original_stress,credit_approval,mlp,0,HuberRidgeAIME,0.05,0.5,34,21,42,63,0.04311683401465416,0.7874396135265701,0.48601302897288834,144,63,0.0005891249747946858,X ~= Y A^T,SVD normal-system solve,2.840910967175281,2.840155028387496,24.34264596715672,24.35264596715672,69.15528989816065,69.16528989816064,24.35264596715671,6.916528989816064e-11,4.9233616787641585,7,True,0.9269435222885485,0.2013888888888889,0.01,1.0,rms,7.937253933193772,0.8687941262916438,0.9320912650012572,0.04637850099185714,0.24081731703147102,1.3548480648589316,1.163979409121541,0.02402110084756215,0.18819337413492943,0.9521448440127319,0.7862946299725673,0.8181818181818182,0.2843627512988843,0.14285714285714285,0.023258479077236226,0.0,0.7398268398268399,0.2940341493812376,0.9592819574006007,0.9501720408519972,0.8600427541032385,0.765967365967366,,0.4533420464328346,0.692261740977275
r5_final_inverse_map_complete_2026-08-31,end_to_end_original_stress,credit_approval,lgbm,0,RidgeAIME,0.1,0.0,69,0,42,42,1.2308116249041632,0.9033816425120773,0.37813939675525676,144,63,0.0001538749784231186,X ~= Y A^T,SVD normal-system solve,1.3998495585186628,1.399775863608807,54.247418768663934,54.25741876866393,75.93822521409123,75.94822521409124,54.257418768663925,7.594822521409123e-11,3.124004239929626,1,True,1.0,0.0,0.01,1.0,rms,6.48074069840786,0.7542021618898511,0.868448134254344,-0.01134726402485664,0.18358862513592256,3.5699878511808327,1.8894411478479114,-0.015700257243376203,0.07635569128601001,0.8910350482719596,0.7309048232616437,0.42857142857142855,0.0,0.0,0.03457104058938407,0.0,0.125,1.0,1.0,0.843034460463407,0.6226042799918725,0.3768620268620268,,0.14605850068483942,0.49471161463445307
r5_final_inverse_map_complete_2026-08-31,end_to_end_original_stress,credit_approval,lgbm,0,HuberRidgeAIME,0.1,0.0,69,0,42,42,1.2308116249041632,0.9033816425120773,0.37813939675525676,144,63,0.0005607920465990901,X ~= Y A^T,SVD normal-system solve,1.355926177413567,1.355852537106665,48.323065462188374,48.33306546218838,65.52250943305064,65.53250943305063,48.33306546218838,6.553250943305062e-11,2.5814884443207164,7,True,0.874039673327873,0.2569444444444444,0.01,1.0,rms,6.48074069840786,0.7272267842867034,0.8527759285338109,0.024825364102620373,0.21547564594119045,3.5390552957744132,1.881237703155668,-0.006899609792124117,0.09334712557855858,0.9559273386695442,0.8531950304134146,0.8181818181818182,0.0,0.0,0.03242136330446905,0.0,0.8758670456554872,0.3067266364569029,0.9550843928808687,0.9199619592555173,0.794455912463564,0.641025641025641,,0.1322124581126339,0.41187018532785513
r5_final_inverse_map_complete_2026-08-31,end_to_end_original_stress,credit_approval,svm,0,RidgeAIME,0.1,0.0,69,0,42,42,0.01936866599135101,0.8164251207729468,0.42365678368498877,144,63,0.00014145905151963234,X ~= Y A^T,SVD normal-system solve,2.1606900796052715,2.160356575501004,34.79287243109025,34.80287243109026,75.17661430282845,75.18661430282845,34.80287243109025,7.518661430282844e-11,3.254758035717301,1,True,1.0,0.0,0.01,1.0,rms,6.48074069840786,0.8282039955110244,0.910057138596816,0.014744867911545168,0.1966616960057779,3.0559408150548104,1.7481249426327656,-0.01396326898849054,0.09044360018385637,0.9538946274646122,0.9514547401373511,0.8181818181818182,0.0,0.0,0.03924202922102722,0.0,0.06944444444444445,1.0,1.0,0.9116220887855248,0.8117701414276997,0.5810855810855811,,0.33452543911006727,0.5125187079092031
r5_final_inverse_map_complete_2026-08-31,end_to_end_original_stress,credit_approval,svm,0,HuberRidgeAIME,0.1,0.0,69,0,42,42,0.01936866599135101,0.8164251207729468,0.42365678368498877,144,63,0.0005478339735418558,X ~= Y A^T,SVD normal-system solve,2.0174346131009595,2.01713255653321,33.673578565544865,33.68357856554487,67.93424294510477,67.94424294510476,33.68357856554486,6.794424294510478e-11,3.0951875330327168,7,True,0.9032384390134544,0.25,0.01,1.0,rms,6.48074069840786,0.8125064180040107,0.9013913789270511,0.03341915454137312,0.2258765272949759,3.032656214863703,1.7414523291964392,-0.006237422594295161,0.11464021871419895,0.9876575257024182,0.9429451364138057,1.0,0.0,0.0,0.035863710834396725,0.06666666666666667,0.8829411764705882,0.3135363490392566,0.9472460576682452,0.9394567811149042,0.8579464982212182,0.7016317016317016,,0.3047344389560986,0.4906869674414125
r5_final_inverse_map_complete_2026-08-31,end_to_end_original_stress,credit_approval,mlp,0,RidgeAIME,0.1,0.0,69,0,42,42,0.04054724995512515,0.7874396135265701,0.5394690256797847,144,63,0.0001397499581798911,X ~= Y A^T,SVD normal-system solve,2.8993421112127944,2.8985968457830857,25.475444990413482,25.485444990413477,73.86203046259084,73.87203046259084,25.48544499041348,7.387203046259083e-11,6.9745786207544676,1,True,1.0,0.0,0.01,1.0,rms,6.48074069840786,0.9376935380728723,0.968345774025411,-0.025427427292086247,0.21219892517363242,2.2646876497045803,1.5048879193164455,-0.02822338314212325,0.10907849773338857,0.7615615506998094,0.4650107413100469,0.17647058823529413,0.0,0.0,0.032988738204716476,0.0,0.11805555555555555,1.0,1.0,0.8506620802439396,0.6800891956721646,0.41547619047619044,,0.46218781527658515,0.8435179742095494
r5_final_inverse_map_complete_2026-08-31,end_to_end_original_stress,credit_approval,mlp,0,HuberRidgeAIME,0.1,0.0,69,0,42,42,0.04054724995512515,0.7874396135265701,0.5394690256797847,144,63,0.0005956249078735709,X ~= Y A^T,SVD normal-system solve,3.413856673913198,3.4125785277814122,18.875607943284216,18.885607943284214,64.4386201513498,64.44862015134979,18.88560794328421,6.44486201513498e-11,5.08416580988232,8,True,0.8651864702781494,0.2569444444444444,0.01,1.0,rms,6.48074069840786,0.86187174303067,0.9283704772506879,0.05748852026001361,0.2644006267221165,2.1740336418180397,1.4744604578685858,0.012935745666059373,0.15610301963647708,0.9311132664669227,0.7687507654351872,0.5384615384615384,0.0,0.0,0.029179076330688926,0.0,0.944002438960097,0.19920391917030772,0.9543337408988842,0.9433835819888522,0.8647300316579252,0.6498501498501499,,0.5330826538333546,0.7062197057574009
r5_final_inverse_map_complete_2026-08-31,end_to_end_original_stress,credit_approval,lgbm,0,RidgeAIME,0.1,0.25,69,10,42,52,1.3341734999557957,0.8743961352657005,0.525613034122275,144,63,0.00016116700135171413,X ~= Y A^T,SVD normal-system solve,1.265758769038894,1.2657143596161227,59.83287848246002,59.842878482460016,75.73399061601232,75.74399061601233,59.842878482460016,7.574399061601234e-11,2.9355681246969523,1,True,1.0,0.0,0.01,1.0,rms,7.211102550927978,0.8778257155606422,0.9369235377343458,-0.00579375417692396,0.15378474101159773,5.235074048057459,2.2880284194164764,-0.007718930815354685,0.0683408337721354,0.8564493772221755,0.6533330500705411,0.42857142857142855,0.16771240882926078,0.1,0.03712348453212065,0.06666666666666667,0.05555555555555555,1.0,1.0,0.8278826900217613,0.6593003442123961,0.5166167166167166,,0.10233570723014307,0.46769216334991714
r5_final_inverse_map_complete_2026-08-31,end_to_end_original_stress,credit_approval,lgbm,0,HuberRidgeAIME,0.1,0.25,69,10,42,52,1.3341734999557957,0.8743961352657005,0.525613034122275,144,63,0.0006434581009671092,X ~= Y A^T,SVD normal-system solve,1.2854342499693363,1.2853814635052248,54.06337937330897,54.07337937330897,69.4949195155371,69.50491951553711,54.07337937330897,6.95049195155371e-11,2.430349650381954,8,True,0.9118678413136452,0.2361111111111111,0.01,1.0,rms,7.211102550927978,0.8550706171624207,0.924700285045063,0.020278546325226743,0.1860393925818456,5.214374000230562,2.2835003832341614,-0.0037343013960844385,0.0805514429752919,0.968069419698569,0.8671263011652398,0.8181818181818182,0.19531861323652142,0.2,0.028774594253929864,0.0,1.0,0.20746644839213757,0.9533032173678516,0.9122184148062834,0.7287818104648605,0.6411921411921412,,0.10903203265588023,0.3856687593216297
r5_final_inverse_map_complete_2026-08-31,end_to_end_original_stress,credit_approval,svm,0,RidgeAIME,0.1,0.25,69,10,42,52,0.020611000014469028,0.8115942028985508,0.43534095754798346,144,63,0.0001587079605087638,X ~= Y A^T,SVD normal-system solve,1.93555743440765,1.9353176944119688,39.013836291865815,39.02383629186582,75.51352087948386,75.52352087948387,39.02383629186582,7.552352087948387e-11,3.743387452799838,1,True,1.0,0.0,0.01,1.0,rms,7.211102550927978,0.8036777799250859,0.8964807749891159,-0.006014446198850942,0.184794059569421,2.300318207944259,1.516679995234413,-0.018471044625014033,0.09932980723705533,0.9199998740662753,0.9118657834230761,0.6666666666666666,0.19173412380436652,0.2,0.042195598604528525,0.13333333333333333,0.08333333333333333,1.0,1.0,0.8779819057154932,0.7375730577020889,0.4719280719280719,,0.28675226734194487,0.5732647803349649
r5_final_inverse_map_complete_2026-08-31,end_to_end_original_stress,credit_approval,svm,0,HuberRidgeAIME,0.1,0.25,69,10,42,52,0.020611000014469028,0.8115942028985508,0.43534095754798346,144,63,0.0006481659365817904,X ~= Y A^T,SVD normal-system solve,1.781274621580223,1.7810691332062063,38.01038073047328,38.02038073047328,67.706926551794,67.71692655179399,38.020380730473285,6.771692655179398e-11,3.45675679916244,8,True,0.8945380731653321,0.25,0.01,1.0,rms,7.211102550927978,0.7864080672956912,0.8867965196682333,0.015603148340708528,0.19993717073170686,2.2815163466388637,1.5104689161445408,-0.010146478372193846,0.10922155544043861,0.9864905500081641,0.9367542549462808,0.6666666666666666,0.20966656410906592,0.2,0.031172048495564375,0.06666666666666667,0.9735750360750363,0.21349423315418012,0.9564511495299823,0.9365262582446755,0.8562892195336289,0.6426573426573426,,0.2506807771764729,0.5386688257393564
r5_final_inverse_map_complete_2026-08-31,end_to_end_original_stress,credit_approval,mlp,0,RidgeAIME,0.1,0.25,69,10,42,52,0.031445583095774055,0.8405797101449275,0.42287812216915527,144,63,0.00015095795970410109,X ~= Y A^T,SVD normal-system solve,3.5168921971402045,3.515686589393125,20.866542998655913,20.876542998655914,73.38538225326354,73.39538225326353,20.876542998655907,7.339538225326353e-11,6.696775858835411,1,True,1.0,0.0,0.01,1.0,rms,7.211102550927978,0.8338973172158674,0.9131797836219697,-0.030407136941407398,0.18378007560974974,3.48823732644572,1.8676823408828709,-0.023997949777525784,0.07963745249889963,0.7602791288794015,0.6281457461276753,0.42857142857142855,0.19905743584010238,0.2,0.023904638155918145,0.06666666666666667,0.09722222222222222,1.0,1.0,0.8209233555823247,0.687631650801005,0.36164472782119844,,0.5460101523619387,0.825865763338155
r5_final_inverse_map_complete_2026-08-31,end_to_end_original_stress,credit_approval,mlp,0,HuberRidgeAIME,0.1,0.25,69,10,42,52,0.031445583095774055,0.8405797101449275,0.42287812216915527,144,63,0.0005709589459002018,X ~= Y A^T,SVD normal-system solve,3.8869165512408355,3.8851903415638116,16.714020202564235,16.724020202564237,64.96600176312063,64.97600176312064,16.724020202564237,6.497600176312063e-11,5.363217624024855,7,True,0.8769166865454889,0.2361111111111111,0.01,1.0,rms,7.211102550927978,0.7652542871369639,0.8747881384295079,0.054411780968932955,0.26203764828319526,3.409368556003788,1.8464475502986235,-0.0008454370107686682,0.12476144872538766,0.9747193848980858,0.8761766544464052,0.5384615384615384,0.21256372219970893,0.3,0.018099277043580043,0.0,0.9643525242264737,0.216506603945843,0.9480377723639123,0.9450431851289306,0.8337608780826633,0.552880452880453,,0.589412300425448,0.7294254197479956
r5_final_inverse_map_complete_2026-08-31,end_to_end_original_stress,credit_approval,lgbm,0,RidgeAIME,0.1,0.5,69,21,42,63,1.3130941250128672,0.855072463768116,0.5067914250762771,144,63,0.00016366702038794756,X ~= Y A^T,SVD normal-system solve,1.1782330739324325,1.1782039471100259,61.182076308504975,61.19207630850498,72.08674583853846,72.09674583853847,61.19207630850497,7.209674583853846e-11,4.252378433068711,1,True,1.0,0.0,0.01,1.0,rms,7.937253933193772,0.853706505612063,0.9239623940464584,0.024780481821227496,0.2358671934811861,3.097209369136201,1.7598890218238765,-0.010010210251467644,0.12451612688741447,0.900221137028433,0.7720132018204967,0.6666666666666666,0.39893207308431505,0.2857142857142857,0.03233684661731788,0.0,0.09027777777777778,1.0,1.0,0.8504543787390231,0.6927258531599361,0.43605365223012277,,0.07122047333566647,0.6286319068578936
r5_final_inverse_map_complete_2026-08-31,end_to_end_original_stress,credit_approval,lgbm,0,HuberRidgeAIME,0.1,0.5,69,21,42,63,1.3130941250128672,0.855072463768116,0.5067914250762771,144,63,0.000656000105664134,X ~= Y A^T,SVD normal-system solve,1.2022527958356437,1.2022150624825039,53.590536132656105,53.60053613265611,64.42937189581689,64.43937189581688,53.600536132656096,6.443937189581688e-11,3.5918031498776073,8,True,0.8831737048803462,0.25,0.01,1.0,rms,7.937253933193772,0.8280726538035775,0.9099849744933031,0.05406294885808627,0.256560864260638,3.069590408188269,1.7520246596975366,-0.001003575817280833,0.13728368990675352,0.9767018009001986,0.9215481554127644,1.0,0.43382772869753083,0.2857142857142857,0.028245019337365306,0.0,0.9520841149800423,0.23847008322751193,0.9471519268764289,0.9330795310130101,0.8402947932859528,0.5918414918414918,,0.07998216491695632,0.5553125269750676
r5_final_inverse_map_complete_2026-08-31,end_to_end_original_stress,credit_approval,svm,0,RidgeAIME,0.1,0.5,69,21,42,63,0.02525700000114739,0.8309178743961353,0.40206977336883426,144,63,0.00015558290760964155,X ~= Y A^T,SVD normal-system solve,2.4454859297964493,2.44500782146342,30.223439367994285,30.233439367994286,73.91099572448611,73.9209957244861,30.233439367994286,7.39209957244861e-11,5.064110200905799,1,True,1.0,0.0,0.01,1.0,rms,7.937253933193772,0.7608611643179816,0.8722735604831672,0.027238971133339507,0.2466558950485823,5.015669003087865,2.2395689324260295,-0.014000776815276783,0.0807002732492734,0.9383871118547696,0.7646204625417778,0.8181818181818182,0.4413535450477527,0.23809523809523808,0.034487354639017566,0.13333333333333333,0.1111111111111111,1.0,1.0,0.9208731822192442,0.7264544930875576,0.6626706626706628,,0.38828025274919753,0.7045031478632767
r5_final_inverse_map_complete_2026-08-31,end_to_end_original_stress,credit_approval,svm,0,HuberRidgeAIME,0.1,0.5,69,21,42,63,0.02525700000114739,0.8309178743961353,0.40206977336883426,144,63,0.000660583027638495,X ~= Y A^T,SVD normal-system solve,2.2020396024001485,2.201626017875956,29.053940551118473,29.06394055111847,63.97792769934247,63.98792769934247,29.063940551118467,6.398792769934247e-11,4.613862536978667,8,True,0.8626770636444284,0.2916666666666667,0.01,1.0,rms,7.937253933193772,0.726488692246774,0.8523430601857295,0.07118417804457633,0.28962047064163204,4.979770277253992,2.2315398892365765,-0.006743253270597993,0.09812248129609476,0.9793639784963653,0.8909210926866434,0.8181818181818182,0.4476688672939051,0.23809523809523808,0.02511148837319215,0.06666666666666667,0.9072125116992571,0.23432495776134712,0.9412210768798135,0.9513914671130026,0.8313172043010754,0.7878787878787878,,0.3427435488924414,0.6640646512338504
r5_final_inverse_map_complete_2026-08-31,end_to_end_original_stress,credit_approval,mlp,0,RidgeAIME,0.1,0.5,69,21,42,63,0.03604274999815971,0.8309178743961353,0.49898402783388,144,63,0.00015179195906966925,X ~= Y A^T,SVD normal-system solve,3.132790870792088,3.1318883154778874,23.620583491495356,23.630583491495354,73.99834832493896,74.00834832493896,23.630583491495354,7.400834832493896e-11,8.414863673458575,1,True,1.0,0.0,0.01,1.0,rms,7.937253933193772,0.8005133181036108,0.8947140985273513,0.04999627421343389,0.30715862148717293,4.413229730277813,2.1007688426568527,-0.0012797187021829082,0.14927122412175353,0.9286900476578183,0.8733932637753792,0.42857142857142855,0.4303747235454095,0.2857142857142857,0.01791456676389303,0.0,0.05555555555555555,1.0,1.0,0.9350530675819334,0.8701681308160261,0.5695970695970696,,0.49580626652878773,0.9250470845014727
r5_final_inverse_map_complete_2026-08-31,end_to_end_original_stress,credit_approval,mlp,0,HuberRidgeAIME,0.1,0.5,69,21,42,63,0.03604274999815971,0.8309178743961353,0.49898402783388,144,63,0.0009929999941959977,X ~= Y A^T,SVD normal-system solve,3.4286185362021016,3.4274036913465196,19.98118261925285,19.991182619252843,68.50785310360958,68.51785310360958,19.99118261925285,6.851785310360956e-11,7.10400240172334,8,True,0.9176539256781082,0.2152777777777778,0.01,1.0,rms,7.937253933193772,0.7751058962156425,0.8804009860374092,0.0801483590199441,0.3180094987358618,4.392359740796054,2.095795729739913,0.0034552936299980797,0.1513775960934877,0.9890087820850229,0.9567095947423541,1.0,0.438186720235206,0.2857142857142857,0.017351177913837706,0.0,0.875545634920635,0.25587692550287866,0.9565819845119452,0.9708709046200183,0.9340629377813772,0.9303030303030303,,0.5349652601342237,0.8515030995969829
r5_final_inverse_map_complete_2026-08-31,end_to_end_original_stress,credit_approval,lgbm,1,RidgeAIME,0.05,0.0,34,0,42,42,1.264284792006947,0.8743961352657005,0.39609711610975296,144,63,0.0001533749746158719,X ~= Y A^T,SVD normal-system solve,1.3856595292339706,1.3855884960275322,54.28285098756445,54.29285098756445,75.21754974490634,75.22754974490634,54.29285098756444,7.522754974490634e-11,2.897496678363533,1,True,1.0,0.0,0.01,1.0,rms,6.48074069840786,0.9144851568376885,0.9562871727873843,0.010348338298636794,0.19334813667916073,1.6798158898173396,1.296077115690783,0.0009740848698260862,0.1402502280227334,0.8979252853605132,0.8229859215565792,0.6666666666666666,0.0,0.0,0.03175470957608939,0.0,0.04861111111111111,1.0,1.0,0.8644236307636989,0.7948731862042251,0.5787545787545787,,0.1416342689194442,0.4620229467687776
r5_final_inverse_map_complete_2026-08-31,end_to_end_original_stress,credit_approval,lgbm,1,HuberRidgeAIME,0.05,0.0,34,0,42,42,1.264284792006947,0.8743961352657005,0.39609711610975296,144,63,0.0005590829532593489,X ~= Y A^T,SVD normal-system solve,1.4415866726632123,1.4414968959864578,49.17723755682781,49.187237556827796,70.89325026031577,70.90325026031579,49.1872375568278,7.090325026031579e-11,2.498460366171224,7,True,0.9240777802377698,0.2013888888888889,0.01,1.0,rms,6.48074069840786,0.8865017439956064,0.9415422157267334,0.04063185991970686,0.23863208932683988,1.6579433497041822,1.2876114902035405,0.013982197565524213,0.16374180174638162,0.9761141137095503,0.9216242775280542,0.8181818181818182,0.0,0.0,0.028946001078228804,0.0,0.9404761904761902,0.25621069413349695,0.958202375878134,0.9259177499577358,0.8108949541165517,0.6841491841491842,,0.15881371154739377,0.39767246448916843
r5_final_inverse_map_complete_2026-08-31,end_to_end_original_stress,credit_approval,svm,1,RidgeAIME,0.05,0.0,34,0,42,42,0.0199992919806391,0.8067632850241546,0.4147124836491217,144,63,0.00014058302622288465,X ~= Y A^T,SVD normal-system solve,2.250941650818666,2.2505704425484376,33.689185905624726,33.69918590562472,75.83239173714387,75.84239173714388,33.699185905624724,7.584239173714385e-11,3.358635799519514,1,True,1.0,0.0,0.01,1.0,rms,6.48074069840786,1.0267454740307533,1.013284498070879,0.01986733278008679,0.1999317903419051,3.837635903735782,1.9589884899446912,-0.006326388057198651,0.09852052712370354,0.9529971073914355,0.8806677807278284,0.8181818181818182,0.0,0.0,0.05005124367541343,0.06666666666666667,0.0625,1.0,1.0,0.9020838172609554,0.7993664687407469,0.6456876456876457,,0.3522926108453919,0.5261629127924151
r5_final_inverse_map_complete_2026-08-31,end_to_end_original_stress,credit_approval,svm,1,HuberRidgeAIME,0.05,0.0,34,0,42,42,0.0199992919806391,0.8067632850241546,0.4147124836491217,144,63,0.0005626250058412552,X ~= Y A^T,SVD normal-system solve,2.1357327333840157,2.1353805556904475,32.23885488558392,32.24885488558391,68.85357766595877,68.86357766595877,32.24885488558392,6.886357766595877e-11,3.1505064896810526,7,True,0.8988533978090754,0.2361111111111111,0.01,1.0,rms,6.48074069840786,1.0217502512409316,1.0108166259222944,0.024635779449859174,0.20292282936094236,3.841197889209068,1.959897418032145,-0.007260431844978266,0.09142021827999601,0.9679579810373528,0.8390939727299102,0.8181818181818182,0.0,0.0,0.030027400911766387,0.0,0.9797979797979799,0.24680603720517633,0.9423232218493354,0.9366688488230975,0.8782505139776807,0.7198135198135198,,0.3294752838146741,0.4983803785487548
r5_final_inverse_map_complete_2026-08-31,end_to_end_original_stress,credit_approval,mlp,1,RidgeAIME,0.05,0.0,34,0,42,42,0.0326612499775365,0.8115942028985508,0.47761731529667434,144,63,0.00014129106421023607,X ~= Y A^T,SVD normal-system solve,3.0805562228457264,3.079682992652094,23.815976678494135,23.825976678494133,73.3664551600838,73.37645516008381,23.82597667849413,7.33764551600838e-11,4.594217901401079,1,True,1.0,0.0,0.01,1.0,rms,6.48074069840786,1.0940373012855293,1.0459623804351328,0.017642133994587916,0.19582241345569848,2.205401695136168,1.4850594921201534,0.016047335493083903,0.16715950163005977,0.9174582332607082,0.7288128777580746,0.5384615384615384,0.0,0.0,0.03232698775600641,0.0,0.027777777777777776,1.0,1.0,0.8791298723053617,0.7320330836281194,0.5110536522301229,,0.48850601467335214,0.6622115897122606
r5_final_inverse_map_complete_2026-08-31,end_to_end_original_stress,credit_approval,mlp,1,HuberRidgeAIME,0.05,0.0,34,0,42,42,0.0326612499775365,0.8115942028985508,0.47761731529667434,144,63,0.0005672499537467957,X ~= Y A^T,SVD normal-system solve,3.228573347405588,3.227535092512028,21.45460720994667,21.46460720994667,69.26777301708958,69.27777301708957,21.464607209946667,6.927777301708957e-11,4.259035106949049,7,True,0.9398933200342667,0.1597222222222222,0.01,1.0,rms,6.48074069840786,1.0775181916893666,1.038035737192784,0.03247497125902854,0.22072344250807693,2.182998449488321,1.477497360230576,0.026042672531872646,0.19351137384848374,0.9610428658413984,0.8552668972556385,0.8181818181818182,0.0,0.0,0.029525900060409588,0.0,0.6791666666666667,0.20957604093970164,0.9607595280083973,0.9514171385418644,0.848709168971682,0.685014985014985,,0.5088709729838415,0.6293112199496373
r5_final_inverse_map_complete_2026-08-31,end_to_end_original_stress,credit_approval,lgbm,1,RidgeAIME,0.05,0.25,34,10,42,52,1.3070384580641985,0.855072463768116,0.5681806462438992,144,63,0.00016183301340788603,X ~= Y A^T,SVD normal-system solve,1.308018323139541,1.3079651998067465,57.971739272611835,57.98173927261183,75.82809719284441,75.83809719284442,57.98173927261184,7.583809719284442e-11,3.02579846419262,1,True,1.0,0.0,0.01,1.0,rms,7.211102550927978,0.8798105340907008,0.9379821608595234,-0.015300917046759954,0.1479288871866034,0.8798105340907008,0.9379821608595234,-0.015300917046759954,0.1479288871866034,0.7847455962431668,0.4853349311890873,0.25,0.1793166876546082,0.2,0.05042424180616849,0.06666666666666667,0.06944444444444445,1.0,1.0,0.8167013246677903,0.6630094066465844,0.47588881706528763,,0.11659618914653944,0.4808399981075732
r5_final_inverse_map_complete_2026-08-31,end_to_end_original_stress,credit_approval,lgbm,1,HuberRidgeAIME,0.05,0.25,34,10,42,52,1.3070384580641985,0.855072463768116,0.5681806462438992,144,63,0.0006405420135706663,X ~= Y A^T,SVD normal-system solve,1.289437969955681,1.2893842154705761,53.834431658249684,53.84443165824969,69.41616027113132,69.42616027113132,53.84443165824969,6.942616027113132e-11,2.2991231530213265,8,True,0.9167777863078072,0.1875,0.01,1.0,rms,7.211102550927978,0.8464706724970207,0.92003840816404,0.023173266585583052,0.19529865140096772,0.8464706724970207,0.92003840816404,0.023173266585583052,0.19529865140096772,0.9725687217608169,0.886777960567253,0.6666666666666666,0.13790409652509694,0.1,0.03249341205572214,0.0,0.9999999999999999,0.19678608293229802,0.9705085104403076,0.8986005553547599,0.7407265208978967,0.5522810522810523,,0.11038234931235387,0.3615622349687602
r5_final_inverse_map_complete_2026-08-31,end_to_end_original_stress,credit_approval,svm,1,RidgeAIME,0.05,0.25,34,10,42,52,0.022981708985753357,0.855072463768116,0.36837176376653863,144,63,0.00016141694504767656,X ~= Y A^T,SVD normal-system solve,1.9740255585722688,1.973762101823211,36.96098525860738,36.97098525860737,72.96192957050383,72.97192957050383,36.970985258607364,7.297192957050383e-11,3.154244205347049,1,True,1.0,0.0,0.01,1.0,rms,7.211102550927978,0.8760064699838241,0.9359521729147404,-0.00603859784736871,0.14710180279745375,1.6542533544996207,1.2861778082752091,-0.0035075096755301516,0.11894657242411419,0.9518386070782513,0.9250997905794972,1.0,0.1217951907682369,0.1,0.041947363973107187,0.13333333333333333,0.05555555555555555,1.0,1.0,0.8889934959463692,0.7688610567975808,0.46630036630036625,,0.29529480583531403,0.49889531389112046
r5_final_inverse_map_complete_2026-08-31,end_to_end_original_stress,credit_approval,svm,1,HuberRidgeAIME,0.05,0.25,34,10,42,52,0.022981708985753357,0.855072463768116,0.36837176376653863,144,63,0.0005821250379085541,X ~= Y A^T,SVD normal-system solve,1.8834512697020174,1.883205906363715,35.995838354323354,36.005838354323345,67.7964074524389,67.8064074524389,36.00583835432335,6.780640745243889e-11,3.0649407030956626,7,True,0.9249997358521713,0.19444444444444445,0.01,1.0,rms,7.211102550927978,0.8652696371262825,0.9301987084092744,0.006291982625994952,0.16717259363478396,1.641510167877711,1.2812143333095019,0.004222795623533893,0.1377318626207059,0.9906164135440155,0.9516104952380051,1.0,0.1217084361536598,0.1,0.029902574935501934,0.0,0.9861111111111112,0.21865730849373718,0.9665492904026673,0.9251659316927003,0.7914304468515498,0.5454212454212455,,0.2748978075942761,0.4864220767117066
r5_final_inverse_map_complete_2026-08-31,end_to_end_original_stress,credit_approval,mlp,1,RidgeAIME,0.05,0.25,34,10,42,52,0.02684175001922995,0.782608695652174,0.5573086703819958,144,63,0.00015599990729242563,X ~= Y A^T,SVD normal-system solve,7.525341004691633,7.518528062571066,9.56786062058253,9.577860620582527,72.00141385524405,72.01141385524406,9.577860620582529,7.201141385524405e-11,10.992894479653515,1,True,1.0,0.0,0.01,1.0,rms,7.211102550927978,0.8041705269349836,0.8967555558428303,-0.05436332459494575,0.16643123610639296,2.08963577574514,1.4455572543988495,-0.020180744882655643,0.11686425337817001,0.8094615079284314,0.8712135816516684,0.42857142857142855,0.16540466994765138,0.1,0.025970229826461765,0.0,0.027777777777777776,1.0,1.0,0.8789662398342978,0.8617828656229989,0.5862054612054612,,0.8761328250498985,1.0411120592144454
r5_final_inverse_map_complete_2026-08-31,end_to_end_original_stress,credit_approval,mlp,1,HuberRidgeAIME,0.05,0.25,34,10,42,52,0.02684175001922995,0.782608695652174,0.5573086703819958,144,63,0.0006509580416604877,X ~= Y A^T,SVD normal-system solve,8.801865435877586,8.791765346459341,7.71455085573829,7.724550855738286,67.90243853044271,67.91243853044271,7.72455085573828,6.791243853044271e-11,8.334860996622766,8,True,0.943016202195823,0.18055555555555555,0.01,1.0,rms,7.211102550927978,0.7444055034939838,0.8627893737720602,0.02399573818980849,0.2267325684145988,2.034317661839439,1.4262950823162222,0.006826102580844484,0.15233305400648395,0.9778208997018535,0.9178781138846035,0.6666666666666666,0.12211852030261586,0.2,0.01779536951791613,0.0,1.0,0.14960516758152453,0.9656850888990887,0.9525688888378149,0.8782799026493684,0.6713286713286715,,0.9440760881850162,0.9208983613442174
r5_final_inverse_map_complete_2026-08-31,end_to_end_original_stress,credit_approval,lgbm,1,RidgeAIME,0.05,0.5,34,21,42,63,1.3457012079888955,0.8260869565217391,0.5808237568741672,144,63,0.0001647499157115817,X ~= Y A^T,SVD normal-system solve,1.4273966649342795,1.4273179321226268,54.27444075076189,54.28444075076188,77.47115571881068,77.4811557188107,54.28444075076189,7.748115571881069e-11,3.35842094595013,1,True,1.0,0.0,0.01,1.0,rms,7.937253933193772,0.7446515433881741,0.8629319459773025,0.012695816187997644,0.19841212788132542,2.252421198790349,1.5008068492615394,-0.00799919850607278,0.11218585972602217,0.9028997846522403,0.8478709617919349,0.6666666666666666,0.3747514671837225,0.23809523809523808,0.028822672302186592,0.06666666666666667,0.027777777777777776,1.0,1.0,0.8590948085913535,0.6693331504136781,0.609057609057609,,0.1545207220895903,0.5261351298740423
r5_final_inverse_map_complete_2026-08-31,end_to_end_original_stress,credit_approval,lgbm,1,HuberRidgeAIME,0.05,0.5,34,21,42,63,1.3457012079888955,0.8260869565217391,0.5808237568741672,144,63,0.0006656249752268195,X ~= Y A^T,SVD normal-system solve,1.4185539950620385,1.4184719473640481,51.003496455467385,51.01349645546738,72.35121365903578,72.36121365903578,51.01349645546739,7.236121365903578e-11,3.084177189923383,8,True,0.9338173150576866,0.18055555555555555,0.01,1.0,rms,7.937253933193772,0.7240204351562496,0.8508939035839014,0.040049790882493386,0.23596926314587502,2.2272805728488922,1.4924076429879647,0.003251686014344224,0.13978843969172697,0.9649431681988261,0.830997071911408,1.0,0.3881661708009639,0.23809523809523808,0.025372121161773682,0.0,0.8166666666666667,0.2164608275285005,0.9543132147013776,0.9250314677676232,0.7949878550747828,0.8606060606060606,,0.1518207513229416,0.48913932086900336
r5_final_inverse_map_complete_2026-08-31,end_to_end_original_stress,credit_approval,svm,1,RidgeAIME,0.05,0.5,34,21,42,63,0.025404792046174407,0.8309178743961353,0.3822116351183196,144,63,0.00014958309475332499,X ~= Y A^T,SVD normal-system solve,2.100565467384465,2.100249810617068,34.85589172339964,34.86589172339963,73.21708248906526,73.22708248906527,34.86589172339963,7.322708248906526e-11,4.20102598633266,1,True,1.0,0.0,0.01,1.0,rms,7.937253933193772,0.7259518433378336,0.8520280766135783,0.043668869464756455,0.2492060878931734,1.4672023043647917,1.211281265588134,0.012623382194850374,0.16988986457443725,0.9496257579512245,0.9351095115571674,0.6666666666666666,0.35370332529766757,0.2857142857142857,0.03263564664662329,0.13333333333333333,0.04861111111111111,1.0,1.0,0.9081287038170203,0.7677730757821912,0.6936729936729937,,0.32227095421967994,0.6233553679664552
r5_final_inverse_map_complete_2026-08-31,end_to_end_original_stress,credit_approval,svm,1,HuberRidgeAIME,0.05,0.5,34,21,42,63,0.025404792046174407,0.8309178743961353,0.3822116351183196,144,63,0.0005885410355404019,X ~= Y A^T,SVD normal-system solve,2.00616405895274,2.0058663535483205,33.78730579353127,33.79730579353127,67.78287853182812,67.79287853182811,33.79730579353127,6.779287853182811e-11,3.880491628299215,7,True,0.9223817705266575,0.1875,0.01,1.0,rms,7.937253933193772,0.7066122867316896,0.8406023356687095,0.06914579359262452,0.2845005057380016,1.4457081923355444,1.20237606111214,0.02708817929544627,0.19784786959392928,0.9793138243948961,0.9040264032261905,0.8181818181818182,0.3657936813814371,0.23809523809523808,0.019315485796643567,0.0,0.947845804988662,0.19525318035254577,0.9595343262289843,0.9404035570038591,0.8653085860644261,0.7272727272727273,,0.3023019935647334,0.5888867508343618
r5_final_inverse_map_complete_2026-08-31,end_to_end_original_stress,credit_approval,mlp,1,RidgeAIME,0.05,0.5,34,21,42,63,0.02674987504724413,0.748792270531401,0.5413061480932133,144,63,0.00015070894733071327,X ~= Y A^T,SVD normal-system solve,3.9956279400551513,3.9940446446247595,18.910208336043087,18.920208336043082,75.5581567797576,75.5681567797576,18.920208336043085,7.55681567797576e-11,7.608057824147735,1,True,1.0,0.0,0.01,1.0,rms,7.937253933193772,0.6844454482388854,0.8273121830596268,0.0778001714474057,0.3261250350379953,1.4661948367935396,1.2108653256219453,0.03524706387189003,0.237150794794995,0.9198598121384411,0.8274446740418235,0.5384615384615384,0.4740986433946558,0.3333333333333333,0.020153532200747788,0.0,0.04861111111111111,1.0,1.0,0.927352189693376,0.8399480776856354,0.7432900432900433,,0.6014129150178626,0.8812738047459779
r5_final_inverse_map_complete_2026-08-31,end_to_end_original_stress,credit_approval,mlp,1,HuberRidgeAIME,0.05,0.5,34,21,42,63,0.02674987504724413,0.748792270531401,0.5413061480932133,144,63,0.0005994589300826192,X ~= Y A^T,SVD normal-system solve,4.075556978571748,4.073760280482103,17.10782851161611,17.117828511616104,69.72392987872576,69.73392987872576,17.117828511616104,6.973392987872575e-11,6.870472212476379,7,True,0.925086540151033,0.1875,0.01,1.0,rms,7.937253933193772,0.66101081988214,0.8130257190779022,0.10937523752227207,0.35535552099208273,1.4356004489712884,1.1981654514178284,0.055378102898809844,0.26659760213533146,0.9863938725767187,0.9068695696530088,1.0,0.46926244606654455,0.23809523809523808,0.0196293587547745,0.0,0.982142857142857,0.24743686528473527,0.9597109760931066,0.9672068592707912,0.8539511441819151,0.7811188811188812,,0.6099954694538119,0.8369865874562016
r5_final_inverse_map_complete_2026-08-31,end_to_end_original_stress,credit_approval,lgbm,1,RidgeAIME,0.1,0.0,69,0,42,42,1.2871285000583157,0.8405797101449275,0.5175397303000218,144,63,0.0001550000160932541,X ~= Y A^T,SVD normal-system solve,1.3319519629470788,1.3318919225603225,55.27811203266694,55.28811203266694,73.62778982991927,73.63778982991927,55.28811203266694,7.363778982991927e-11,2.9523804192090837,1,True,1.0,0.0,0.01,1.0,rms,6.48074069840786,0.8141728230202459,0.9023152570029201,-0.02669781131879656,0.15547173293203193,2.546221337304994,1.5956883584538033,-0.024711284595103855,0.07609901811002014,0.8409038249161729,0.8498723673960371,0.5384615384615384,0.0,0.0,0.04290735919186743,0.13333333333333333,0.0625,1.0,1.0,0.8241811528159182,0.6818031525794076,0.5299367299367299,,0.12446898508953255,0.4701723163348822
r5_final_inverse_map_complete_2026-08-31,end_to_end_original_stress,credit_approval,lgbm,1,HuberRidgeAIME,0.1,0.0,69,0,42,42,1.2871285000583157,0.8405797101449275,0.5175397303000218,144,63,0.0005398329813033342,X ~= Y A^T,SVD normal-system solve,1.2865292336438259,1.2864734101216102,51.31768809151464,51.327688091514645,66.02170593274921,66.0317059327492,51.32768809151464,6.603170593274921e-11,2.321341204198606,7,True,0.9068975492649233,0.20833333333333334,0.01,1.0,rms,6.48074069840786,0.7724400290778773,0.878885674634578,0.02592856847352243,0.2119506969185458,2.5048425043813403,1.5826694235946244,-0.008058625056431623,0.10442015244940694,0.9462608320658743,0.7920094065568294,0.5384615384615384,0.0,0.0,0.05504536273950615,0.13333333333333333,0.9467813051146385,0.16966858171256133,0.9560461471017473,0.90801121700687,0.7197664958920499,0.6346986346986347,,0.10940081428768028,0.36573898027053087
r5_final_inverse_map_complete_2026-08-31,end_to_end_original_stress,credit_approval,svm,1,RidgeAIME,0.1,0.0,69,0,42,42,0.020529708941467106,0.8357487922705314,0.40357829553811636,144,63,0.0001527089625597,X ~= Y A^T,SVD normal-system solve,2.276229601944144,2.275833583976992,32.21655808073056,32.226558080730555,73.33228317611172,73.34228317611172,32.226558080730555,7.334228317611172e-11,3.449474911604356,1,True,1.0,0.0,0.01,1.0,rms,6.48074069840786,0.7819213221300753,0.8842631520820458,0.016373599735612365,0.20883826508877296,5.53891164768294,2.3534892495363007,-0.013889129834377734,0.07715646364052448,0.8862264948300363,0.8740224546930734,0.5384615384615384,0.0,0.0,0.05359831286601564,0.13333333333333333,0.10416666666666667,1.0,1.0,0.844845762765632,0.6212098075901892,0.49313186813186816,,0.35714050192212765,0.5377529906244279
r5_final_inverse_map_complete_2026-08-31,end_to_end_original_stress,credit_approval,svm,1,HuberRidgeAIME,0.1,0.0,69,0,42,42,0.020529708941467106,0.8357487922705314,0.40357829553811636,144,63,0.0005749999545514584,X ~= Y A^T,SVD normal-system solve,2.087563791205319,2.087214079436786,31.08886166443598,31.098861664435976,64.89998192046768,64.90998192046769,31.09886166443599,6.490998192046767e-11,3.0244683264908097,7,True,0.878774221708982,0.2152777777777778,0.01,1.0,rms,6.48074069840786,0.75139264950173,0.8668290774436043,0.05477747428460933,0.25759565155134506,5.4990312654229285,2.3450013359106916,-0.006589088122396225,0.10561136038215939,0.96586847908851,0.8821265108330184,0.8181818181818182,0.0,0.0,0.04392089791494911,0.06666666666666667,0.9335286448444343,0.19822934805767148,0.9579073465521577,0.9219835681225612,0.8232884151043243,0.5201465201465201,,0.3195669956633991,0.4806490407520186
r5_final_inverse_map_complete_2026-08-31,end_to_end_original_stress,credit_approval,mlp,1,RidgeAIME,0.1,0.0,69,0,42,42,0.05309745797421783,0.8019323671497585,0.5643333876192221,144,63,0.00016016699373722076,X ~= Y A^T,SVD normal-system solve,2.490640843903846,2.490142852293132,29.923051317180285,29.93305131718028,74.5275737848,74.5375737848,29.933051317180283,7.453757378479998e-11,5.125933790324905,1,True,1.0,0.0,0.01,1.0,rms,6.48074069840786,0.7853290598323038,0.8861879370834969,-0.023624556564718846,0.2087742281842725,3.338536391757446,1.8271662189733713,-0.007295144650098173,0.12627900929872105,0.8029634654332511,0.6090198189168703,0.42857142857142855,0.0,0.0,0.027487146931276945,0.0,0.1111111111111111,1.0,1.0,0.8649406531562924,0.7364070982902521,0.5638694638694639,,0.39622426202869776,0.7097729922730698
r5_final_inverse_map_complete_2026-08-31,end_to_end_original_stress,credit_approval,mlp,1,HuberRidgeAIME,0.1,0.0,69,0,42,42,0.05309745797421783,0.8019323671497585,0.5643333876192221,144,63,0.0005457500228658319,X ~= Y A^T,SVD normal-system solve,2.6632190788464336,2.662543951295505,24.625627394550328,24.63562739455033,65.58344070572983,65.59344070572982,24.63562739455033,6.559344070572983e-11,3.9269858530598363,7,True,0.879211583962336,0.24305555555555555,0.01,1.0,rms,6.48074069840786,0.7189318336497341,0.8478984807450324,0.06291984206325685,0.28032229974559575,3.29581740781007,1.8154386268365201,0.005593924110936066,0.1425922090172084,0.9728470236162005,0.8839904437452059,1.0,0.0,0.0,0.03659869770212485,0.0,0.9930555555555556,0.23728158939101912,0.9594528332837505,0.9329652263966569,0.8470140183129405,0.6895104895104895,,0.4252967855163024,0.5940593367302819
r5_final_inverse_map_complete_2026-08-31,end_to_end_original_stress,credit_approval,lgbm,1,RidgeAIME,0.1,0.25,69,10,42,52,1.2544669170165434,0.893719806763285,0.4373186960229133,144,63,0.00016191694885492325,X ~= Y A^T,SVD normal-system solve,1.5398548022762728,1.5397506260774145,51.81131889933516,51.82131889933516,79.78190821940866,79.79190821940867,51.82131889933516,7.979190821940866e-11,3.311889296059182,1,True,1.0,0.0,0.01,1.0,rms,7.211102550927978,0.9280013468762559,0.9633282653780361,0.00939527099365478,0.18566034618330846,4.372869772440283,2.091140782549153,-0.021515983163240993,0.049530139278097886,0.883148551585295,0.6835589007097534,0.42857142857142855,0.18710359209963784,0.2,0.02126662234714689,0.0,0.0763888888888889,1.0,1.0,0.8695126064905206,0.7254258900107898,0.5365301365301365,,0.1874503893506414,0.5200758115324838
r5_final_inverse_map_complete_2026-08-31,end_to_end_original_stress,credit_approval,lgbm,1,HuberRidgeAIME,0.1,0.25,69,10,42,52,1.2544669170165434,0.893719806763285,0.4373186960229133,144,63,0.000625917105935514,X ~= Y A^T,SVD normal-system solve,1.5270441529670244,1.5269328221281986,47.330355873096934,47.34035587309693,72.27554319386114,72.28554319386114,47.34035587309693,7.228554319386113e-11,2.694338794795458,7,True,0.9059757199063225,0.25,0.01,1.0,rms,7.211102550927978,0.9026234677717789,0.9500649808154066,0.03648515306943856,0.21889702531497265,4.316033300167307,2.077506510258706,-0.008238806417806055,0.0886596063552246,0.982611301469793,0.9034709547698333,1.0,0.18293405182728492,0.2,0.01996253793095673,0.0,0.9841597796143251,0.26446681505337244,0.9590328473753634,0.9206160923051392,0.7968392684497266,0.5204129204129203,,0.1838199305594985,0.43045220440072196
r5_final_inverse_map_complete_2026-08-31,end_to_end_original_stress,credit_approval,svm,1,RidgeAIME,0.1,0.25,69,10,42,52,0.022740542073734105,0.8502415458937198,0.35748579399845487,144,63,0.00014037499204277992,X ~= Y A^T,SVD normal-system solve,2.2077814657735226,2.207418250713658,33.242516187531,33.25251618753099,73.39221111450725,73.40221111450725,33.25251618753099,7.340221111450725e-11,3.685324169855763,1,True,1.0,0.0,0.01,1.0,rms,7.211102550927978,0.8804509058979016,0.9383234548373507,-0.007298391279646266,0.17348805044053184,3.90694908573432,1.9766003859491479,-0.019373390716936445,0.07757733151542587,0.8856486483763277,0.8434871776480294,0.5384615384615384,0.18091967507671883,0.2,0.05328049067088623,0.13333333333333333,0.10416666666666667,1.0,1.0,0.8841397108441786,0.7498349843726427,0.6127206127206127,,0.343884628933021,0.5664756954481168
r5_final_inverse_map_complete_2026-08-31,end_to_end_original_stress,credit_approval,svm,1,HuberRidgeAIME,0.1,0.25,69,10,42,52,0.022740542073734105,0.8502415458937198,0.35748579399845487,144,63,0.0006265840493142605,X ~= Y A^T,SVD normal-system solve,2.0118999139695557,2.0115877564702984,32.40632561698199,32.416325616981986,65.19828372087547,65.20828372087546,32.41632561698198,6.520828372087547e-11,3.2295252177547185,8,True,0.8887806653032589,0.2638888888888889,0.01,1.0,rms,7.211102550927978,0.8438799198888209,0.9186293702515835,0.03454141503742425,0.22713109934456585,3.880330281090093,1.9698553959847136,-0.012428201375694448,0.09300020110408062,0.9766034575471664,0.8838321380609154,1.0,0.18363713403180418,0.2,0.029603058596755834,0.06666666666666667,0.9796825396825397,0.24235842596133697,0.9639460419709243,0.9286321357165843,0.8201506591212991,0.6906426906426907,,0.30353898362339227,0.5091386800818193
r5_final_inverse_map_complete_2026-08-31,end_to_end_original_stress,credit_approval,mlp,1,RidgeAIME,0.1,0.25,69,10,42,52,0.02183466695714742,0.7632850241545893,0.5995032459851092,144,63,0.0001539579825475812,X ~= Y A^T,SVD normal-system solve,20.77827859193298,20.721762097848757,3.4895586531700937,3.4995586531700926,72.50702185845864,72.51702185845866,3.499558653170095,7.251702185845864e-11,19.779460227278573,1,True,1.0,0.0,0.01,1.0,rms,7.211102550927978,1.1205580702673212,1.0585641550077733,-0.06259076663779539,0.12452393120805975,4.104134457605697,2.025866347419221,-0.08001555431376572,0.04523877545308156,0.5057453127924049,0.5055287579354313,0.25,0.14088021020900457,0.1,0.025625239621544754,0.0,0.06944444444444445,1.0,1.0,0.7781915986431311,0.7074164851090485,0.4199364361129067,,1.3164266833528095,1.2962144357185428
r5_final_inverse_map_complete_2026-08-31,end_to_end_original_stress,credit_approval,mlp,1,HuberRidgeAIME,0.1,0.25,69,10,42,52,0.02183466695714742,0.7632850241545893,0.5995032459851092,144,63,0.0007150410674512386,X ~= Y A^T,SVD normal-system solve,30.685320593185565,30.547930139373868,2.150653798688965,2.1606537986889642,65.99350129772326,66.00350129772325,2.160653798688968,6.600350129772324e-11,13.25142747429477,9,True,0.9085504529775673,0.2569444444444444,0.01,1.0,rms,7.211102550927978,1.0170276599225898,1.0084778926295757,0.03558393846453756,0.21418888034557187,3.88309378774316,1.9705567202552583,-0.021848024947112465,0.08205022013043999,0.8552795987647821,0.6643897078786574,0.42857142857142855,0.1082439962516691,0.0,0.021914899599621854,0.0,0.8821031746031746,0.2491876554225913,0.9577566318995805,0.923595821867654,0.7589617268257918,0.7444888444888446,,1.484981788735618,1.1222626639948772
r5_final_inverse_map_complete_2026-08-31,end_to_end_original_stress,credit_approval,lgbm,1,RidgeAIME,0.1,0.5,69,21,42,63,1.3210385830607265,0.8599033816425121,0.5693802831888132,144,63,0.00016491697169840336,X ~= Y A^T,SVD normal-system solve,1.1504903754777167,1.1504663330341893,62.58362751849374,62.59362751849375,72.00186112250942,72.01186112250943,62.593627518493754,7.201186112250944e-11,4.176311526066295,1,True,1.0,0.0,0.01,1.0,rms,7.937253933193772,1.1338033249265336,1.0648020120785524,-0.01633272194030644,0.1501286626985886,2.3784898771993697,1.5422353507812514,-0.02217861348417771,0.08721901393303715,0.8562985229797045,0.5728379074404096,0.3333333333333333,0.3145000862821165,0.14285714285714285,0.03507067172489277,0.06666666666666667,0.08333333333333333,1.0,1.0,0.8535422762036571,0.6858880220374413,0.48507326007326,,0.06087391410295848,0.6207928867866868
r5_final_inverse_map_complete_2026-08-31,end_to_end_original_stress,credit_approval,lgbm,1,HuberRidgeAIME,0.1,0.5,69,21,42,63,1.3210385830607265,0.8599033816425121,0.5693802831888132,144,63,0.0005950001068413258,X ~= Y A^T,SVD normal-system solve,1.1725438322089772,1.1725125615695424,55.167583614146515,55.177583614146506,64.68640990464053,64.69640990464053,55.177583614146506,6.469640990464053e-11,3.058408266441825,7,True,0.8939779950757768,0.2222222222222222,0.01,1.0,rms,7.937253933193772,1.0976615564667462,1.0476934458450842,0.016064485853075294,0.17421617116714114,2.3343637617198882,1.527862481285501,-0.0032149962867107362,0.10811249318088297,0.9506508433356122,0.7760735480143862,0.42857142857142855,0.3258073258357099,0.14285714285714285,0.03700023146284327,0.13333333333333333,0.9075066137566138,0.283875047256754,0.9494418994229609,0.9052640938991316,0.7125248682127603,0.4624042624042624,,0.0691175041727185,0.48549545884867046
r5_final_inverse_map_complete_2026-08-31,end_to_end_original_stress,credit_approval,svm,1,RidgeAIME,0.1,0.5,69,21,42,63,0.02375208307057619,0.821256038647343,0.4209532129684584,144,63,0.000165084027685225,X ~= Y A^T,SVD normal-system solve,1.8730307317495378,1.8728075361778946,39.10505615115019,39.11505615115019,73.2449719378956,73.25497193789559,39.115056151150185,7.32549719378956e-11,4.0699388630160716,1,True,1.0,0.0,0.01,1.0,rms,7.937253933193772,0.8463439912066794,0.9199695599348271,-0.023408911496606954,0.14365862113589958,4.293482071074459,2.0720719270996506,-0.019105331844918805,0.05270104403234436,0.9470710061117478,0.9013945920012447,0.8181818181818182,0.3268733318506852,0.09523809523809523,0.036521342628574996,0.06666666666666667,0.09027777777777778,1.0,1.0,0.8886056793336975,0.7569004408331279,0.5213786213786213,,0.2724931482931649,0.6095878854772637
r5_final_inverse_map_complete_2026-08-31,end_to_end_original_stress,credit_approval,svm,1,HuberRidgeAIME,0.1,0.5,69,21,42,63,0.02375208307057619,0.821256038647343,0.4209532129684584,144,63,0.0005987079348415136,X ~= Y A^T,SVD normal-system solve,1.698131843057985,1.697948601930083,38.08908021450577,38.09908021450576,64.68027998504212,64.69027998504214,38.09908021450577,6.469027998504214e-11,3.6973566548301036,7,True,0.8863870531833098,0.2222222222222222,0.01,1.0,rms,7.937253933193772,0.8238970343498497,0.9076877405528014,0.0037342075211179715,0.17013569447709928,4.268529732096688,2.0660420450941186,-0.013182618934210133,0.06693252594323587,0.9783734980291572,0.9170207171947794,1.0,0.31028373999029535,0.14285714285714285,0.03182676129828958,0.0,0.8554279054279055,0.285279420861112,0.9460389556274972,0.9401500109213039,0.8580435493248736,0.8424825174825175,,0.22992453971477034,0.5678913455565404
r5_final_inverse_map_complete_2026-08-31,end_to_end_original_stress,credit_approval,mlp,1,RidgeAIME,0.1,0.5,69,21,42,63,0.028851249953731894,0.8260869565217391,0.5113264759013407,144,63,0.0001593329943716526,X ~= Y A^T,SVD normal-system solve,5.419310353594701,5.4160873801865685,13.701904486842821,13.711904486842819,74.25487284951299,74.26487284951298,13.711904486842817,7.426487284951298e-11,12.862668322594288,1,True,1.0,0.0,0.01,1.0,rms,7.937253933193772,0.8339761698693342,0.9132229573709446,-0.06780856501823895,0.18223162336213403,1.322027089280077,1.1497943682589844,-0.04853358759318094,0.15039833058762522,0.7895527351598547,0.5640564060061458,0.25,0.3519831989596644,0.19047619047619047,0.019795703249576652,0.0,0.1388888888888889,1.0,1.0,0.8521409676570737,0.7605366743471582,0.4512051673816379,,0.7336856624028506,1.1093310710432254
r5_final_inverse_map_complete_2026-08-31,end_to_end_original_stress,credit_approval,mlp,1,HuberRidgeAIME,0.1,0.5,69,21,42,63,0.028851249953731894,0.8260869565217391,0.5113264759013407,144,63,0.0006597499595955014,X ~= Y A^T,SVD normal-system solve,6.788147184474225,6.781936477632779,9.309627108862042,9.319627108862042,63.19511904752679,63.20511904752679,9.319627108862042,6.320511904752677e-11,9.193958026673192,8,True,0.858966748548543,0.24305555555555555,0.01,1.0,rms,7.937253933193772,0.7421238726613677,0.86146611811572,0.049797516808577136,0.25493279479099223,1.2264955338242078,1.1074725882947207,0.027234938923962226,0.21060975033435914,0.962472663435412,0.8084488454084683,0.6666666666666666,0.3459605332433268,0.19047619047619047,0.015034683789727998,0.0,0.9156017696613674,0.26808405129979407,0.9542704093951155,0.9481990396464972,0.8675211213517665,0.5829170829170829,,0.8313537176828875,0.9635025167271221
r5_final_inverse_map_complete_2026-08-31,end_to_end_original_stress,credit_approval,lgbm,2,RidgeAIME,0.05,0.0,34,0,42,42,1.2407888339366764,0.8405797101449275,0.5143166292541729,144,63,0.00016204093117266893,X ~= Y A^T,SVD normal-system solve,1.3425221305875321,1.342459748762615,54.897359802689614,54.90735980268961,73.7009204459372,73.7109204459372,54.907359802689626,7.371092044593718e-11,3.092384501276049,1,True,1.0,0.0,0.01,1.0,rms,6.48074069840786,1.8489333594350903,1.3597548894690874,-0.03267211369058187,0.08988277951657168,2.1697713222877835,1.473014365947523,-0.0273832616774623,0.08719238357932999,0.7704032543908041,0.6368941669875516,0.25,0.0,0.0,0.04120766192321869,0.06666666666666667,0.06944444444444445,1.0,1.0,0.8832248678253827,0.7393304714783275,0.6451881451881453,,0.12790127302906068,0.4902934879631797
r5_final_inverse_map_complete_2026-08-31,end_to_end_original_stress,credit_approval,lgbm,2,HuberRidgeAIME,0.05,0.0,34,0,42,42,1.2407888339366764,0.8405797101449275,0.5143166292541729,144,63,0.0006270000012591481,X ~= Y A^T,SVD normal-system solve,1.3638590082425344,1.3637852498028022,49.321169363731364,49.33116936373136,67.26712113378073,67.27712113378072,49.33116936373136,6.727712113378072e-11,2.3317863679248294,8,True,0.9068450652838824,0.25,0.01,1.0,rms,6.48074069840786,1.7962285419079196,1.340234510042149,-0.0032352521402614354,0.13135424675330298,2.1143644734476172,1.4540854422789664,-0.0011482070908526154,0.13090224917941623,0.9707441891042294,0.8990112115329504,0.6666666666666666,0.0,0.0,0.04373318134183225,0.06666666666666667,0.9769230769230769,0.22810581860375617,0.9574972478719515,0.9000304666911443,0.7138057194870739,0.521978021978022,,0.13474598896541756,0.36768875900234194
r5_final_inverse_map_complete_2026-08-31,end_to_end_original_stress,credit_approval,svm,2,RidgeAIME,0.05,0.0,34,0,42,42,0.02138537506107241,0.8405797101449275,0.37785363642673275,144,63,0.00015454099047929049,X ~= Y A^T,SVD normal-system solve,1.8929826368752378,1.8927479403154024,38.03839054750975,38.048390547509754,72.00601284111512,72.01601284111511,38.04839054750974,7.201601284111513e-11,3.1031954727318674,1,True,1.0,0.0,0.01,1.0,rms,6.48074069840786,1.1142164858719017,1.0555645342052289,-0.0016461163454801753,0.14717180758288026,1.820039597094337,1.3490884319029413,-0.009103948352293445,0.10216942280680176,0.9604804625173614,0.9644579922033591,1.0,0.0,0.0,0.04347401655545702,0.13333333333333333,0.04861111111111111,1.0,1.0,0.9321970302212943,0.8031523653267998,0.5683982683982685,,0.2770927822581372,0.49180913299796736
r5_final_inverse_map_complete_2026-08-31,end_to_end_original_stress,credit_approval,svm,2,HuberRidgeAIME,0.05,0.0,34,0,42,42,0.02138537506107241,0.8405797101449275,0.37785363642673275,144,63,0.0005570000503212214,X ~= Y A^T,SVD normal-system solve,1.7987975656074515,1.7985856580692927,37.685571028187596,37.695571028187594,67.78871342403055,67.79871342403055,37.695571028187594,6.779871342403055e-11,3.022277111069571,7,True,0.9414941332923819,0.14583333333333334,0.01,1.0,rms,6.48074069840786,1.1048330699052482,1.0511103985334975,0.006789284027991727,0.1611456475250592,1.8099476378713426,1.345342944334768,-0.0035085558592991006,0.11422431983334334,0.9887758552022156,0.9737791678570601,0.8181818181818182,0.0,0.0,0.024678232807751103,0.0,0.8121315192743763,0.2338916742014603,0.9776490034649108,0.951345658182059,0.8565202795183453,0.6195387945387946,,0.25493112602495593,0.48033428207147294
r5_final_inverse_map_complete_2026-08-31,end_to_end_original_stress,credit_approval,mlp,2,RidgeAIME,0.05,0.0,34,0,42,42,0.02277116698678583,0.7922705314009661,0.5317598561965877,144,63,0.00015116692520678043,X ~= Y A^T,SVD normal-system solve,8.30311351152492,8.29476613253929,8.738989981282684,8.748989981282682,72.56082579066916,72.57082579066915,8.748989981282678,7.257082579066915e-11,10.698496627858157,1,True,1.0,0.0,0.01,1.0,rms,6.48074069840786,0.7789334979638295,0.8825720922190037,-0.034881718376415405,0.20785233749402565,1.1557595528564928,1.075062580902383,-0.026044186729849983,0.17381936119843222,0.8462250904963009,0.6609661404662108,0.5384615384615384,0.0,0.0,0.03281469927677414,0.0,0.0625,1.0,1.0,0.8875491082722503,0.742833237640184,0.6451881451881453,,0.9188041457817787,1.0293227541247345
r5_final_inverse_map_complete_2026-08-31,end_to_end_original_stress,credit_approval,mlp,2,HuberRidgeAIME,0.05,0.0,34,0,42,42,0.02277116698678583,0.7922705314009661,0.5317598561965877,144,63,0.0006116250297054648,X ~= Y A^T,SVD normal-system solve,9.262028486416437,9.25066166943216,7.258550639853694,7.268550639853694,67.22890279642117,67.23890279642117,7.268550639853698,6.723890279642117e-11,7.987551407951522,8,True,0.9270831548006018,0.1875,0.01,1.0,rms,6.48074069840786,0.7166467295076647,0.8465498978250867,0.04787173636719222,0.2580201591490356,1.0882114073247329,1.0431737186704488,0.03392276909236158,0.22380843712852136,0.9813469609181287,0.9366186044423706,0.5384615384615384,0.0,0.0,0.0246071449080149,0.0,1.0000000000000002,0.2388987565100184,0.9729621146866407,0.9609673185199501,0.8842259660669051,0.6993006993006994,,0.9661727975072543,0.9024136662985788
r5_final_inverse_map_complete_2026-08-31,end_to_end_original_stress,credit_approval,lgbm,2,RidgeAIME,0.05,0.25,34,10,42,52,1.2682810409460217,0.8743961352657005,0.43871353803037844,144,63,0.00015949993394315243,X ~= Y A^T,SVD normal-system solve,1.1921870354544648,1.1921553350679353,60.616085828798006,60.62608582879801,72.26571166508809,72.2757116650881,60.62608582879801,7.227571166508809e-11,2.859502068168806,1,True,1.0,0.0,0.01,1.0,rms,7.211102550927978,0.8501935737445838,0.922059419855675,0.006951525980339657,0.17176603873495275,2.561912071447406,1.600597410796171,-0.004170272724108637,0.11381951904058736,0.8779674602845113,0.6929940713459944,0.5384615384615384,0.20695376036481405,0.2,0.03276739503265265,0.06666666666666667,0.04861111111111111,1.0,1.0,0.8878771199514096,0.7681011264906111,0.4374542124542124,,0.07633284665224038,0.4562904149914428
r5_final_inverse_map_complete_2026-08-31,end_to_end_original_stress,credit_approval,lgbm,2,HuberRidgeAIME,0.05,0.25,34,10,42,52,1.2682810409460217,0.8743961352657005,0.43871353803037844,144,63,0.0005807500565424562,X ~= Y A^T,SVD normal-system solve,1.1852862469046608,1.1852536235448525,56.78557470358417,56.79557470358417,67.30716071873552,67.31716071873551,56.79557470358417,6.731716071873551e-11,2.4675822922542645,7,True,0.9348154940386121,0.18055555555555555,0.01,1.0,rms,7.211102550927978,0.8266856383156065,0.9092225460884736,0.03440941336742065,0.21215305489910274,2.5353860405538673,1.5922895592679955,0.00622690365579881,0.14397034107188691,0.9837087348715005,0.9223412960423155,1.0,0.20667439567957127,0.3,0.032014085196047065,0.0,0.9367346938775509,0.2787150164171363,0.9683388761068628,0.9170420767888452,0.7454266962787408,0.765967365967366,,0.0738112917135244,0.3922716450198857
r5_final_inverse_map_complete_2026-08-31,end_to_end_original_stress,credit_approval,svm,2,RidgeAIME,0.05,0.25,34,10,42,52,0.02282325003761798,0.8309178743961353,0.4119676050889292,144,63,0.00015704194083809853,X ~= Y A^T,SVD normal-system solve,2.319238938728609,2.3188419494883017,33.221100613827005,33.231100613826996,77.04767013100849,77.05767013100849,33.231100613827,7.705767013100848e-11,3.3750727714052724,1,True,1.0,0.0,0.01,1.0,rms,7.211102550927978,0.8285152837526407,0.9102281492860131,0.021973484619235317,0.1980618984606555,2.749995496030888,1.658311037179361,-0.007261057431434459,0.10618283673791817,0.93937408081491,0.819810016410631,0.5384615384615384,0.16417491938229037,0.2,0.05487865035838422,0.26666666666666666,0.041666666666666664,1.0,1.0,0.8742661955947773,0.7115311657965612,0.5805860805860806,,0.3652711484636534,0.5282831412793494
r5_final_inverse_map_complete_2026-08-31,end_to_end_original_stress,credit_approval,svm,2,HuberRidgeAIME,0.05,0.25,34,10,42,52,0.02282325003761798,0.8309178743961353,0.4119676050889292,144,63,0.0006455000257119536,X ~= Y A^T,SVD normal-system solve,2.2073901467837844,2.207020398485812,32.64438011228078,32.65438011228078,72.05888300771312,72.06888300771311,32.654380112280776,7.206888300771312e-11,3.2173300618884397,8,True,0.9336385484844413,0.1875,0.01,1.0,rms,7.211102550927978,0.8204685192337635,0.9057971733416723,0.03147234265700294,0.2101342736036999,2.744659816504124,1.6567014868418883,-0.00530671888433476,0.10934411005269178,0.9908193664583156,0.9472942737276888,0.8181818181818182,0.17528949322810264,0.2,0.03333821045174553,0.06666666666666667,0.976190476190476,0.177922644295493,0.9664957617100479,0.927039450728883,0.8118700000587863,0.5665667665667666,,0.3438063471665882,0.5074956169180843
r5_final_inverse_map_complete_2026-08-31,end_to_end_original_stress,credit_approval,mlp,2,RidgeAIME,0.05,0.25,34,10,42,52,0.04918208299204707,0.8502415458937198,0.6472633204058132,144,63,0.00014954200014472008,X ~= Y A^T,SVD normal-system solve,1.941570011884197,1.941316989094296,37.20285391939194,37.21285391939195,72.23194552639985,72.24194552639985,37.21285391939195,7.224194552639985e-11,5.307755685565549,1,True,1.0,0.0,0.01,1.0,rms,7.211102550927978,1.5873440154916219,1.259898414750817,0.017460293968066032,0.19895250577467138,2.0150390361962303,1.4195207065049211,0.003984831617471651,0.163634803865418,0.8035459884593605,0.7645903661739413,0.25,0.2511966473232721,0.2,0.028810335835272493,0.0,0.0625,1.0,1.0,0.9053092099959681,0.7684638696096753,0.6296620046620046,,0.2880964552102985,0.7249109242050823
r5_final_inverse_map_complete_2026-08-31,end_to_end_original_stress,credit_approval,mlp,2,HuberRidgeAIME,0.05,0.25,34,10,42,52,0.04918208299204707,0.8502415458937198,0.6472633204058132,144,63,0.0005617080023512244,X ~= Y A^T,SVD normal-system solve,2.055849399310033,2.0555274516472406,32.785684557956806,32.795684557956804,67.40242990444372,67.41242990444371,32.795684557956804,6.74124299044437e-11,3.7574185661068187,7,True,0.9256406345512441,0.1875,0.01,1.0,rms,7.211102550927978,1.5602975952891713,1.249118727459152,0.03420158098309378,0.21184201159715596,1.9727093853430133,1.4045317316967294,0.024907986734966303,0.189597815486461,0.9853944589943496,0.9491952432377707,0.6666666666666666,0.21021450464974126,0.2,0.02410289549291529,0.0,0.9888888888888892,0.224813935070991,0.9723624145165944,0.9389957276059278,0.8308315141609608,0.5967032967032967,,0.3129232811744106,0.5748895769705387
r5_final_inverse_map_complete_2026-08-31,end_to_end_original_stress,credit_approval,lgbm,2,RidgeAIME,0.05,0.5,34,21,42,63,1.36121279199142,0.8743961352657005,0.46891802896892204,144,63,0.00016287504695355892,X ~= Y A^T,SVD normal-system solve,1.3175374568243454,1.317483253355893,58.572497742186265,58.58249774218627,77.17145971508981,77.18145971508982,58.582497742186256,7.718145971508983e-11,3.2106494126827574,1,True,1.0,0.0,0.01,1.0,rms,7.937253933193772,0.8325488175607119,0.9124411310110433,0.013094265020179074,0.19822693846272618,1.486634959816859,1.2192764082917618,0.0005805585742384434,0.15222317068244778,0.8531528971188334,0.5904323003234527,0.42857142857142855,0.3299417709230889,0.14285714285714285,0.033329330042796756,0.06666666666666667,0.041666666666666664,1.0,1.0,0.8434623104521034,0.7091122261551195,0.5165750915750916,,0.11974510356477425,0.5065928853080393
r5_final_inverse_map_complete_2026-08-31,end_to_end_original_stress,credit_approval,lgbm,2,HuberRidgeAIME,0.05,0.5,34,21,42,63,1.36121279199142,0.8743961352657005,0.46891802896892204,144,63,0.0005953750805929303,X ~= Y A^T,SVD normal-system solve,1.3570141825282411,1.3569489996768098,54.76118209549421,54.7711820954942,74.31170075559723,74.32170075559725,54.771182095494204,7.432170075559725e-11,2.812178125991378,7,True,0.9480593515112624,0.1388888888888889,0.01,1.0,rms,7.937253933193772,0.8178396569641632,0.9043448772255877,0.03053054580429604,0.22509095479370064,1.471318354035468,1.2129791234953171,0.0108774465180429,0.17384320266859773,0.9923299138438542,0.9672595498062513,0.8181818181818182,0.305399615830275,0.14285714285714285,0.028676883336678498,0.0,1.0,0.20320291796628717,0.9804444138393049,0.9117985721001096,0.7746037354377628,0.7064935064935065,,0.13256352520198858,0.4490428258375045
r5_final_inverse_map_complete_2026-08-31,end_to_end_original_stress,credit_approval,svm,2,RidgeAIME,0.05,0.5,34,21,42,63,0.0248818330001086,0.8502415458937198,0.378789086046128,144,63,0.000142583972774446,X ~= Y A^T,SVD normal-system solve,2.188221687353964,2.187867991715474,33.58446818247409,33.59446818247409,73.49026163513896,73.50026163513897,33.59446818247409,7.350026163513897e-11,3.8686256061425515,1,True,1.0,0.0,0.01,1.0,rms,7.937253933193772,0.8405233043945385,0.9168005804942199,0.023568256936498333,0.2093007896992425,2.1548950026522853,1.4679560629161506,0.0033225632491634682,0.13225385395223005,0.9296924949353198,0.8898730250382697,0.6666666666666666,0.2838590208296805,0.09523809523809523,0.03137906474121753,0.06666666666666667,0.05555555555555555,1.0,1.0,0.882437055520197,0.7497423822306264,0.5972027972027971,,0.3400211146453693,0.587556702051582
r5_final_inverse_map_complete_2026-08-31,end_to_end_original_stress,credit_approval,svm,2,HuberRidgeAIME,0.05,0.5,34,21,42,63,0.0248818330001086,0.8502415458937198,0.378789086046128,144,63,0.0005301249912008643,X ~= Y A^T,SVD normal-system solve,2.1199384413107376,2.1195913591853808,32.25724626505542,32.26724626505542,68.3833763681182,68.39337636811821,32.26724626505541,6.83933763681182e-11,3.5712789350376966,7,True,0.9209756639429781,0.2361111111111111,0.01,1.0,rms,7.937253933193772,0.833159304784851,0.9127756048366165,0.03212297866427449,0.21945011145027865,2.1489698805350557,1.4659365199540721,0.00606303808295694,0.13693042350675527,0.9765787371160485,0.880439742087334,0.8181818181818182,0.2898588316156789,0.14285714285714285,0.022019456085437705,0.0,0.8338789682539683,0.19369371566063198,0.9637569550184102,0.9390787005118562,0.8687125995250586,0.6680319680319681,,0.32625214038288575,0.5528237721240995
r5_final_inverse_map_complete_2026-08-31,end_to_end_original_stress,credit_approval,mlp,2,RidgeAIME,0.05,0.5,34,21,42,63,0.026565666077658534,0.7198067632850241,0.6408617426402463,144,63,0.00013025000225752592,X ~= Y A^T,SVD normal-system solve,7.561733426939386,7.555013157494392,9.75409276540337,9.764092765403372,73.7578493136183,73.76784931361829,9.76409276540337,7.376784931361829e-11,11.600123544801592,1,True,1.0,0.0,0.01,1.0,rms,7.937253933193772,0.8976436032136091,0.9474405539207245,-0.03806160621471433,0.15314248464557573,1.8954915777012282,1.3767685272772718,-0.03347553028140271,0.10265691917224976,0.8127687133756903,0.8297729348077,0.3333333333333333,0.34102136518211373,0.14285714285714285,0.022498670009600763,0.0,0.04861111111111111,1.0,1.0,0.8860396782554769,0.7653649582799534,0.5564102564102563,,0.8782352250247774,1.0644626146182874
r5_final_inverse_map_complete_2026-08-31,end_to_end_original_stress,credit_approval,mlp,2,HuberRidgeAIME,0.05,0.5,34,21,42,63,0.026565666077658534,0.7198067632850241,0.6408617426402463,144,63,0.0005818750942125916,X ~= Y A^T,SVD normal-system solve,8.726011256023522,8.716122882689232,7.8032277118161435,7.813227711816147,68.09105284662235,68.10105284662235,7.8132277118161415,6.810105284662237e-11,9.021365464196057,8,True,0.9230983519980528,0.20833333333333334,0.01,1.0,rms,7.937253933193772,0.8447448621426045,0.919100028366121,0.02311206218365136,0.20378557956937998,1.8379129592170278,1.3556964849172648,-0.0020820416630062955,0.14001126636309158,0.956548234718524,0.8756900775409117,0.5384615384615384,0.33208823603082127,0.09523809523809523,0.020148412794111968,0.0,0.982142857142857,0.21397109112774068,0.9593311317505504,0.954830227809348,0.8723336116115448,0.7293373293373293,,0.940323344439943,0.9552722768639341
r5_final_inverse_map_complete_2026-08-31,end_to_end_original_stress,credit_approval,lgbm,2,RidgeAIME,0.1,0.0,69,0,42,42,1.2258681659586728,0.855072463768116,0.48485899121277726,144,63,0.00015516590792685747,X ~= Y A^T,SVD normal-system solve,1.4267532073331382,1.4266741741062876,53.98668270404228,53.99668270404228,77.02567270126877,77.03567270126878,53.99668270404228,7.703567270126877e-11,3.344492033387638,1,True,1.0,0.0,0.01,1.0,rms,6.48074069840786,0.9070101360579572,0.9523707975667656,-0.033134697185978945,0.1547380859115973,3.7027718052040632,1.9242587677347511,-0.025443016423880804,0.07748642282887401,0.798375435620011,0.45485493320617715,0.5384615384615384,0.0,0.0,0.029008457279545524,0.06666666666666667,0.1388888888888889,1.0,1.0,0.8013349043890974,0.6080909879487482,0.5180819180819181,,0.15432479964235682,0.524330165796229
r5_final_inverse_map_complete_2026-08-31,end_to_end_original_stress,credit_approval,lgbm,2,HuberRidgeAIME,0.1,0.0,69,0,42,42,1.2258681659586728,0.855072463768116,0.48485899121277726,144,63,0.0005604589823633432,X ~= Y A^T,SVD normal-system solve,1.4566429982417528,1.456546758833987,47.43865007374566,47.448650073745654,69.10117747596223,69.11117747596225,47.44865007374565,6.911117747596227e-11,2.6565989772105887,7,True,0.8877446853410389,0.2013888888888889,0.01,1.0,rms,6.48074069840786,0.8584147370713631,0.9265067388159479,0.022218149293609435,0.2130288239421249,3.6531588009267253,1.9113238346566825,-0.011703225954346141,0.10890297395036458,0.9794600752284485,0.890581968294632,0.8181818181818182,0.0,0.0,0.02816049384262827,0.06666666666666667,0.9906926406926411,0.25280104965262545,0.9901549491617506,0.9194035822741847,0.7580645327620865,0.6626706626706628,,0.16332443113850426,0.4243260011061473
r5_final_inverse_map_complete_2026-08-31,end_to_end_original_stress,credit_approval,svm,2,RidgeAIME,0.1,0.0,69,0,42,42,0.02082345902454108,0.821256038647343,0.39744965058936726,144,63,0.00014966598246246576,X ~= Y A^T,SVD normal-system solve,2.401551386247613,2.4010968304985103,30.82343218110012,30.83343218110012,74.02405628343028,74.03405628343027,30.833432181100115,7.403405628343027e-11,3.5464846507824603,1,True,1.0,0.0,0.01,1.0,rms,6.48074069840786,0.8970121670509845,0.9471072626957227,0.031022489772839612,0.22900339955204807,2.8164745225931247,1.6782355384728107,-0.0047282906886463305,0.11751299907762547,0.9487914346886549,0.8079915946422631,0.8181818181818182,0.0,0.0,0.059404656953183664,0.13333333333333333,0.1111111111111111,1.0,1.0,0.883226367643761,0.7363156733361105,0.5847485847485847,,0.38040967446903234,0.5497980845581845
r5_final_inverse_map_complete_2026-08-31,end_to_end_original_stress,credit_approval,svm,2,HuberRidgeAIME,0.1,0.0,69,0,42,42,0.02082345902454108,0.821256038647343,0.39744965058936726,144,63,0.0007136670174077153,X ~= Y A^T,SVD normal-system solve,2.239535241601188,2.2391157022878048,29.535151123186104,29.545151123186105,66.14501180639219,66.15501180639218,29.5451511231861,6.61550118063922e-11,3.301388826919852,7,True,0.8876584607228345,0.2638888888888889,0.01,1.0,rms,6.48074069840786,0.8873501856517053,0.9419926675148301,0.04145963101130701,0.24053079500918914,2.797954470885029,1.67270872266663,0.0018784155843465378,0.13324795154749156,0.9842012471438671,0.9337007894752604,0.8181818181818182,0.0,0.0,0.038535938457285965,0.0,0.9290063646149173,0.2689596875624837,0.9649958073678784,0.9424294050478158,0.8454652914617531,0.6508158508158509,,0.3500765355472549,0.5186966771449455
r5_final_inverse_map_complete_2026-08-31,end_to_end_original_stress,credit_approval,mlp,2,RidgeAIME,0.1,0.0,69,0,42,42,0.0379803340183571,0.7632850241545893,0.5964288237273807,144,63,0.00014820799697190523,X ~= Y A^T,SVD normal-system solve,3.1726791745714578,3.1717685375120426,23.848892542428054,23.85889254242806,75.66488470595404,75.67488470595403,23.858892542428052,7.567488470595402e-11,5.095285806849333,1,True,1.0,0.0,0.01,1.0,rms,6.48074069840786,0.8995325062987487,0.9484368752314245,-0.019951070946529148,0.17683148695521972,5.373897133469604,2.3181667613589845,-0.016404063232999144,0.0873654647227875,0.7555464883278086,0.31947483693538653,0.17647058823529413,0.0,0.0,0.03085978589927992,0.06666666666666667,0.08333333333333333,1.0,1.0,0.8565148435068645,0.6894995219793644,0.5522810522810523,,0.5013014867952921,0.7071685496488778
r5_final_inverse_map_complete_2026-08-31,end_to_end_original_stress,credit_approval,mlp,2,HuberRidgeAIME,0.1,0.0,69,0,42,42,0.0379803340183571,0.7632850241545893,0.5964288237273807,144,63,0.000550166005268693,X ~= Y A^T,SVD normal-system solve,3.2501128403437973,3.2490360738331225,20.886943005176562,20.896943005176563,67.8849216566534,67.8949216566534,20.89694300517656,6.789492165665338e-11,4.049985141388084,7,True,0.8979281848061831,0.24305555555555555,0.01,1.0,rms,6.48074069840786,0.8450336819641473,0.9192571359332204,0.041843398798783626,0.23685483371406837,5.318879058439492,2.306269511232261,-0.005998096460099855,0.11481045793486475,0.9757003349518646,0.9204149475076572,0.6666666666666666,0.0,0.0,0.02178228465615211,0.0,0.9935897435897437,0.21525992282666942,0.9599889358952297,0.9442421219750352,0.8260719043312873,0.4978021978021977,,0.5117545333147252,0.607453429875162
r5_final_inverse_map_complete_2026-08-31,end_to_end_original_stress,credit_approval,lgbm,2,RidgeAIME,0.1,0.25,69,10,42,52,1.2609217079589143,0.8695652173913043,0.4513858842284678,144,63,0.00016337493434548378,X ~= Y A^T,SVD normal-system solve,1.464280079076323,1.4641924341677375,52.96285222473221,52.97285222473221,77.5524494437385,77.5624494437385,52.972852224732215,7.756244944373848e-11,3.5590353928395335,1,True,1.0,0.0,0.01,1.0,rms,7.211102550927978,0.7169236186583042,0.8467134218012043,-0.02562155570099467,0.1830789712229367,4.686401959204572,2.1648099129495346,-0.017306384302286926,0.0720968120912107,0.8234615516540364,0.42573539178550135,0.17647058823529413,0.15011602908418514,0.1,0.03941352137882459,0.06666666666666667,0.11805555555555555,1.0,1.0,0.8227979518083887,0.6544298170542493,0.4927655677655677,,0.16559815841982106,0.5513323068682685
r5_final_inverse_map_complete_2026-08-31,end_to_end_original_stress,credit_approval,lgbm,2,HuberRidgeAIME,0.1,0.25,69,10,42,52,1.2609217079589143,0.8695652173913043,0.4513858842284678,144,63,0.000635292031802237,X ~= Y A^T,SVD normal-system solve,1.4543060704387405,1.454208505744253,46.5545972474013,46.564597247401295,67.70463338372639,67.7146333837264,46.564597247401295,6.77146333837264e-11,2.574998667944638,8,True,0.873760395654377,0.2708333333333333,0.01,1.0,rms,7.211102550927978,0.6731829903741431,0.820477294246552,0.03695321525172779,0.23539229292125932,4.664377106953684,2.1597169043542914,-0.012525312810087064,0.07113749077752238,0.9578488459896715,0.8267087972858451,0.8181818181818182,0.1535921073050787,0.1,0.03711142285067379,0.0,0.9116251155611017,0.2593751583252577,0.9560009392338652,0.9010326888337232,0.663496830790439,0.4329670329670329,,0.16262668052720444,0.41077700871529027
r5_final_inverse_map_complete_2026-08-31,end_to_end_original_stress,credit_approval,svm,2,RidgeAIME,0.1,0.25,69,10,42,52,0.02288487507030368,0.821256038647343,0.411517131635562,144,63,0.00015900004655122757,X ~= Y A^T,SVD normal-system solve,2.166376507303237,2.16603351076539,33.99548922815271,34.005489228152705,73.64702921815027,73.65702921815026,34.005489228152705,7.365702921815025e-11,4.096615347131701,1,True,1.0,0.0,0.01,1.0,rms,7.211102550927978,0.8145548295239874,0.9025269134624117,-0.03879011848539582,0.16215787879839041,3.9775641446899015,1.9943831489184574,-0.025349420411030055,0.06571362473601128,0.8329499571202099,0.6838296548718402,0.3333333333333333,0.16529982644119948,0.2,0.03930612705884691,0.2,0.1388888888888889,1.0,1.0,0.896465269294557,0.8113014944776067,0.5778804528804529,,0.335665171323426,0.6124251876630199
r5_final_inverse_map_complete_2026-08-31,end_to_end_original_stress,credit_approval,svm,2,HuberRidgeAIME,0.1,0.25,69,10,42,52,0.02288487507030368,0.821256038647343,0.411517131635562,144,63,0.0006382920546457171,X ~= Y A^T,SVD normal-system solve,1.92717934334338,1.9268974579449505,32.88206707791131,32.89206707791131,63.36964043898209,63.37964043898209,32.8920670779113,6.337964043898208e-11,3.22627872797369,8,True,0.8560732266414028,0.3055555555555556,0.01,1.0,rms,7.211102550927978,0.7718789614177956,0.8785664240214257,0.015633805454021044,0.19774016957927068,3.934423859504693,1.983538217303789,-0.01422857740210648,0.08006217766854191,0.9741249605072899,0.9027644410479528,0.6666666666666666,0.11423747255352414,0.0,0.041415946581709086,0.06666666666666667,0.9954545454545456,0.20473183431559955,0.9611282899197583,0.9256162344758698,0.8324585802581768,0.5427572427572428,,0.2848586037921425,0.508701884687114
r5_final_inverse_map_complete_2026-08-31,end_to_end_original_stress,credit_approval,mlp,2,RidgeAIME,0.1,0.25,69,10,42,52,0.037840374978259206,0.7922705314009661,0.5737071350558581,144,63,0.000147709040902555,X ~= Y A^T,SVD normal-system solve,6.980583756876421,6.974971970712457,10.647183973406788,10.65718397340679,74.32355950123838,74.33355950123837,10.657183973406786,7.433355950123837e-11,9.786483382014987,1,True,1.0,0.0,0.01,1.0,rms,7.211102550927978,0.9641259925959458,0.9818991763902981,-0.015739908444623474,0.18342878962674272,2.9918864969734225,1.7297070552476286,0.001150074389103306,0.15201343662028985,0.7903745325709135,0.5868163818784311,0.5384615384615384,0.18678217589794735,0.2,0.03732034454117624,0.13333333333333333,0.09027777777777778,1.0,1.0,0.8465062302399249,0.7117080114616581,0.5207375957375958,,0.8435424667141842,0.9906266629829992
r5_final_inverse_map_complete_2026-08-31,end_to_end_original_stress,credit_approval,mlp,2,HuberRidgeAIME,0.1,0.25,69,10,42,52,0.037840374978259206,0.7922705314009661,0.5737071350558581,144,63,0.0005757079925388098,X ~= Y A^T,SVD normal-system solve,8.407856872677376,8.398515939196551,7.920531662480484,7.930531662480488,66.59469657364531,66.6046965736453,7.930531662480482,6.660469657364533e-11,7.387172504547137,7,True,0.8995719988336093,0.1875,0.01,1.0,rms,7.211102550927978,0.9242403712209768,0.961374209775245,0.026280966124460625,0.20827102101148046,2.9155234991566092,1.7074904096821772,0.02664408118578776,0.20777220329960255,0.924758774073473,0.7693719911117649,0.5384615384615384,0.16207192034258042,0.2,0.03318292456864813,0.0,0.8694768906307366,0.2505971742569103,0.9639740806618312,0.9424656059202496,0.8368058979177636,0.6195471195471196,,0.9242025507810084,0.8684782407426845
r5_final_inverse_map_complete_2026-08-31,end_to_end_original_stress,credit_approval,lgbm,2,RidgeAIME,0.1,0.5,69,21,42,63,1.3077034170273691,0.8502415458937198,0.4250537192777079,144,63,0.00016662501730024815,X ~= Y A^T,SVD normal-system solve,1.2659352886531845,1.265889808802169,58.46321016168668,58.47321016168669,74.01064083162662,74.02064083162661,58.47321016168669,7.40206408316266e-11,5.106907534675638,1,True,1.0,0.0,0.01,1.0,rms,7.937253933193772,0.7902831554006337,0.8889787148186584,-0.04937659832229113,0.20368984425028783,2.395383509523035,1.5477026553970357,-0.007344445873801231,0.15018645468643552,0.8450427928487318,0.7812582531477249,0.6666666666666666,0.3818570639098316,0.23809523809523808,0.03630565425723238,0.13333333333333333,0.10416666666666667,1.0,1.0,0.8790804780352548,0.766249889893045,0.6603396603396604,,0.1023959035392082,0.7081579946200443
r5_final_inverse_map_complete_2026-08-31,end_to_end_original_stress,credit_approval,lgbm,2,HuberRidgeAIME,0.1,0.5,69,21,42,63,1.3077034170273691,0.8502415458937198,0.4250537192777079,144,63,0.0005936670349910855,X ~= Y A^T,SVD normal-system solve,1.4790222683158287,1.478920585453886,47.09943999465878,47.109439994658786,69.6611205773055,69.67112057730549,47.10943999465878,6.967112057730548e-11,3.594480836449076,7,True,0.8852174765462046,0.22916666666666666,0.01,1.0,rms,7.937253933193772,0.7207082862137901,0.8489453964854219,0.04300831341101763,0.2558440300011621,2.345587930772636,1.5315312372826864,0.013596376121451481,0.17381573327250882,0.9629714947496698,0.8404743066845147,0.8181818181818182,0.414879244882543,0.23809523809523808,0.030801402431997443,0.13333333333333333,0.9126519776519776,0.2327375918578825,0.9610872305797303,0.9441809069005203,0.8052860356726672,0.8242424242424242,,0.1699448540339847,0.5556361725638829
r5_final_inverse_map_complete_2026-08-31,end_to_end_original_stress,credit_approval,svm,2,RidgeAIME,0.1,0.5,69,21,42,63,0.024169374955818057,0.8309178743961353,0.3854599988908542,144,63,0.00016287504695355892,X ~= Y A^T,SVD normal-system solve,2.2469980720827163,2.2466138352130725,32.443889009636045,32.45388900963604,72.90135605551782,72.91135605551781,32.45388900963605,7.291135605551781e-11,4.65818573382559,1,True,1.0,0.0,0.01,1.0,rms,7.937253933193772,0.7061941501972575,0.8403535864130393,0.08350297022836539,0.3194636247856981,5.8959549455399305,2.4281587562471962,-0.0074916011099550595,0.09567040528652652,0.9197711075567669,0.8428746331351346,0.8181818181818182,0.3810811193247804,0.23809523809523808,0.028616644651829216,0.0,0.08333333333333333,1.0,1.0,0.9175140465850609,0.7653931993823264,0.8272727272727274,,0.3515284290507261,0.6682168009799867
r5_final_inverse_map_complete_2026-08-31,end_to_end_original_stress,credit_approval,svm,2,HuberRidgeAIME,0.1,0.5,69,21,42,63,0.024169374955818057,0.8309178743961353,0.3854599988908542,144,63,0.0005863748956471682,X ~= Y A^T,SVD normal-system solve,2.1728434835867083,2.172463902806692,30.888389627037746,30.898389627037748,67.11563611959625,67.12563611959624,30.898389627037744,6.712563611959623e-11,4.254499828443414,7,True,0.9118490609798661,0.2013888888888889,0.01,1.0,rms,7.937253933193772,0.6952248352414729,0.8338014363392959,0.09773892017612118,0.33537521710281476,5.882257804110435,2.4253366372754184,-0.005151054908890229,0.10238731316887774,0.9874905004901486,0.923381582288922,1.0,0.38961138359298614,0.23809523809523808,0.022073994992389292,0.0,0.9532679738562092,0.26658130635456895,0.9705097659458018,0.9539070420866853,0.8337183710700222,0.8272727272727272,,0.33695256903688064,0.6288485104805022
r5_final_inverse_map_complete_2026-08-31,end_to_end_original_stress,credit_approval,mlp,2,RidgeAIME,0.1,0.5,69,21,42,63,0.03255925001576543,0.8115942028985508,0.5510344152228703,144,63,0.00016129098366945982,X ~= Y A^T,SVD normal-system solve,5.203685922438832,5.20069765866501,14.057318819928671,14.06731881992867,73.14987205049728,73.15987205049727,14.067318819928673,7.315987205049728e-11,12.774496450642957,1,True,1.0,0.0,0.01,1.0,rms,7.937253933193772,0.9093062381715261,0.9535755020823081,-0.04912110931553948,0.22887866411515706,3.4410135898352583,1.8549969244813476,-0.006991024784331223,0.1524129138865085,0.8314094931450146,0.73406783512854,0.42857142857142855,0.37627825057067915,0.19047619047619047,0.02256895890693569,0.0,0.10416666666666667,1.0,1.0,0.8841525380906134,0.7706173195084486,0.6251748251748251,,0.7160616069011423,1.1063437899795687
r5_final_inverse_map_complete_2026-08-31,end_to_end_original_stress,credit_approval,mlp,2,HuberRidgeAIME,0.1,0.5,69,21,42,63,0.03255925001576543,0.8115942028985508,0.5510344152228703,144,63,0.0006787499878555536,X ~= Y A^T,SVD normal-system solve,6.465108901742786,6.459723101513061,10.137255131342357,10.14725513134236,65.5384583888792,65.5484583888792,10.147255131342359,6.55484583888792e-11,8.502853954356205,8,True,0.8889868651524431,0.20833333333333334,0.01,1.0,rms,7.937253933193772,0.8028845473022961,0.8960382510263142,0.07366397418336113,0.29886393469279343,3.3409005208512474,1.8278130431888397,0.022306436355698733,0.19209578156662402,0.9356744434448249,0.7944120420971211,0.5384615384615384,0.38579927973784134,0.19047619047619047,0.016419731282821908,0.0,0.9268402893402893,0.21661019115242322,0.9671701993384919,0.9585512816844334,0.8828821044546851,0.6323676323676324,,0.8102139021959686,0.9295647196667046
r5_final_inverse_map_complete_2026-08-31,end_to_end_original_stress,har,lgbm,0,RidgeAIME,0.05,0.0,150,0,561,561,10.916277833050117,0.9711111111111111,0.09235643861927165,630,270,0.0011890409514307976,X ~= Y A^T,SVD normal-system solve,1.4202477242064435,1.420197179251954,83.13335792022959,83.14335792022966,118.06996239184578,118.07996239184578,83.14335792022973,1.1807996239184576e-10,42.299846120561625,1,True,1.0,0.0,0.01,1.0,rms,23.68543856465402,0.517074939653122,0.7190792304420438,0.5034451875622674,0.7100201259710561,1.685542822041749,1.2982845689762121,0.23457520145242783,0.4862313248910611,0.9903269511678707,0.9806439177246125,0.05263157894736842,0.0,0.0,0.0009908464201365509,0.0,0.0380952380952381,1.0,1.0,0.9863361633311325,0.9778854236615382,0.3116946778711484,,0.15234864573243645,1.6263387874905857
r5_final_inverse_map_complete_2026-08-31,end_to_end_original_stress,har,lgbm,0,HuberRidgeAIME,0.05,0.0,150,0,561,561,10.916277833050117,0.9711111111111111,0.09235643861927165,630,270,0.004826541990041733,X ~= Y A^T,SVD normal-system solve,1.4466083531009233,1.4465518301817375,79.00367437174853,79.01367437174856,114.28737527183677,114.29737527183673,79.01367437174852,1.1429737527183671e-10,41.30906659933367,7,True,0.9556466762544413,0.1,0.01,1.0,rms,23.68543856465402,0.5090171528119274,0.713454380329904,0.511183201004336,0.715986931670995,1.6769536206693645,1.2949724401196205,0.23847565870819687,0.4905616060116054,0.9991886640922734,0.997497953022147,0.42857142857142855,0.0,0.0,0.0008648470654117575,0.0,0.9999999999999999,0.18200483510090523,0.9862859570922052,0.9953938473524275,0.9931237749062743,0.46343460461107516,,0.16033399910301951,1.6160453819691172
r5_final_inverse_map_complete_2026-08-31,end_to_end_original_stress,har,svm,0,RidgeAIME,0.05,0.0,150,0,561,561,1.088530374923721,0.9166666666666666,0.1927859375006774,630,270,0.001198083977214992,X ~= Y A^T,SVD normal-system solve,1.4865782134399206,1.4865150031046637,76.96763529727265,76.9776352972727,114.41840977291494,114.42840977291499,76.97763529727266,1.1442840977291497e-10,42.44865809115103,1,True,1.0,0.0,0.01,1.0,rms,23.68543856465402,0.4704260394842347,0.6858761108860949,0.5239046686048237,0.7244795304386339,2.5424185162764528,1.5944963205590825,0.15509155172507105,0.3975238857206936,0.9976202898742584,0.9990862937401428,0.8181818181818182,0.0,0.0,0.0010202992113426692,0.0,0.04126984126984127,1.0,1.0,0.993094569573621,0.9879630344535094,0.3833333333333333,,0.17216929681218804,1.6278639656560645
r5_final_inverse_map_complete_2026-08-31,end_to_end_original_stress,har,svm,0,HuberRidgeAIME,0.05,0.0,150,0,561,561,1.088530374923721,0.9166666666666666,0.1927859375006774,630,270,0.0053475829772651196,X ~= Y A^T,SVD normal-system solve,1.5122949441116038,1.512225116647186,73.35582365953104,73.36582365953099,110.93564124145117,110.94564124145113,73.36582365953102,1.1094564124145116e-10,41.481724791649356,8,True,0.9481782388347443,0.12063492063492064,0.01,1.0,rms,23.68543856465402,0.4686205611502793,0.6845586615844396,0.5257319054786025,0.7261413564393948,2.5408699192362545,1.5940106396245461,0.15560618875821908,0.3983358235348115,0.9988105616621956,0.9970185520399103,0.8181818181818182,0.0,0.0,0.0009833102632290532,0.0,0.9999999999999999,0.1835954599982585,0.9810907425594938,0.9952262500128393,0.9904907307471678,0.54995004995005,,0.17961644701193663,1.6178568058636424
r5_final_inverse_map_complete_2026-08-31,end_to_end_original_stress,har,mlp,0,RidgeAIME,0.05,0.0,150,0,561,561,0.3111965419957414,0.9366666666666666,0.39378791334191443,630,270,0.0011775830062106252,X ~= Y A^T,SVD normal-system solve,1.4346289220053126,1.4345757244546762,81.6909273582827,81.70092735828283,117.19616705362742,117.20616705362745,81.70092735828273,1.1720616705362748e-10,43.88045163317731,1,True,1.0,0.0,0.01,1.0,rms,23.68543856465402,0.49176620188700926,0.7012604379879199,0.4912269081621754,0.7030558054792325,2.4698847413630545,1.571586695465145,0.1609033555918249,0.40528981312377815,0.9884722420907017,0.9729257556148311,0.05263157894736842,0.0,0.0,0.001145145671359515,0.0,0.05396825396825397,1.0,1.0,0.9852739744413901,0.9659943411204663,0.3260450333979746,,0.15672347753484317,1.6422710888385752
r5_final_inverse_map_complete_2026-08-31,end_to_end_original_stress,har,mlp,0,HuberRidgeAIME,0.05,0.0,150,0,561,561,0.3111965419957414,0.9366666666666666,0.39378791334191443,630,270,0.005272499984130263,X ~= Y A^T,SVD normal-system solve,1.4942332006517154,1.494166477977722,74.06275084570329,74.07275084570325,110.66702124524576,110.67702124524575,74.07275084570331,1.1067702124524587e-10,41.749934146230444,8,True,0.9378137283990934,0.12698412698412698,0.01,1.0,rms,23.68543856465402,0.47572386004100115,0.6897273809564191,0.5078240468634402,0.713174014419731,2.453373672238244,1.5663248935767586,0.16651267916316448,0.4113835194429891,0.9973560985378676,0.9915197646623841,0.25,0.0,0.0,0.001062187332123355,0.0,1.0,0.18892955951509177,0.9805353085032142,0.9951452957698305,0.9919833468812953,0.5064518814518815,,0.17439898867022607,1.6206557947908475
r5_final_inverse_map_complete_2026-08-31,end_to_end_original_stress,har,lgbm,0,RidgeAIME,0.05,0.25,150,100,561,661,11.393979624961503,0.9733333333333334,0.07937484321340378,630,270,0.001332291983999312,X ~= Y A^T,SVD normal-system solve,1.4371790517861347,1.4371262814960974,82.8356791648594,82.84567916485939,119.0497028362131,119.05970283621309,82.84567916485935,1.1905970283621309e-10,44.715969291761205,1,True,1.0,0.0,0.01,1.0,rms,25.709920264364882,0.48126237763945034,0.6937307674014829,0.4843620385172427,0.6970021302502181,1.6044698250101381,1.2666766852713987,0.21986918994180815,0.4712744401367075,0.9862795128507945,0.9752491616841945,0.0,0.14439705760016863,0.0,0.0011157454478283838,0.0,0.049206349206349205,1.0,1.0,0.9826125699867335,0.971725586186236,0.25473856209150325,,0.1574949316326843,1.65046264923347
r5_final_inverse_map_complete_2026-08-31,end_to_end_original_stress,har,lgbm,0,HuberRidgeAIME,0.05,0.25,150,100,561,661,11.393979624961503,0.9733333333333334,0.07937484321340378,630,270,0.00526316708419472,X ~= Y A^T,SVD normal-system solve,1.4342456040763334,1.4341898914480158,77.93383736473757,77.94383736473756,111.77626364917477,111.78626364917476,77.94383736473752,1.1178626364917473e-10,43.8992912318168,7,True,0.947737006249937,0.11428571428571428,0.01,1.0,rms,25.709920264364882,0.46719344612287733,0.6835155054004828,0.49943588493554936,0.7073729979616634,1.5907223487241164,1.261238418667984,0.2265535349161376,0.47812726003828576,0.9991893463331044,0.9984746542808433,0.5384615384615384,0.14555847444572811,0.0,0.0009540239069100091,0.0,1.0,0.1840026159803282,0.9872624922238232,0.9947175993951328,0.9921330900681058,0.4758241758241758,,0.15660665715341485,1.6424575084745638
r5_final_inverse_map_complete_2026-08-31,end_to_end_original_stress,har,svm,0,RidgeAIME,0.05,0.25,150,100,561,661,1.2446812920970842,0.9266666666666666,0.18721806942848396,630,270,0.001342125004157424,X ~= Y A^T,SVD normal-system solve,1.5003904166083248,1.5003239915364286,75.321558148465,75.33155814846498,113.01174400996356,113.02174400996356,75.33155814846498,1.1302174400996361e-10,45.31603884851681,1,True,1.0,0.0,0.01,1.0,rms,25.709920264364882,0.5923088567711398,0.7696160450322873,0.457808006701919,0.6775045350169777,1.8778588933450757,1.370349916388174,0.19752694363793033,0.4470359359399377,0.9965231007258186,0.9981523249904036,0.5384615384615384,0.14506722130689606,0.0,0.0011908963373470866,0.0,0.06190476190476191,1.0,1.0,0.9917763808675891,0.988292060376424,0.3107142857142857,,0.1761850540840836,1.6562519404363645
r5_final_inverse_map_complete_2026-08-31,end_to_end_original_stress,har,svm,0,HuberRidgeAIME,0.05,0.25,150,100,561,661,1.2446812920970842,0.9266666666666666,0.18721806942848396,630,270,0.005286915926262736,X ~= Y A^T,SVD normal-system solve,1.5042124246266753,1.5041424763306908,72.0735893896611,72.08358938966106,108.41398864736954,108.42398864736948,72.08358938966107,1.0842398864736946e-10,44.426891256284975,7,True,0.9353538975860632,0.12698412698412698,0.01,1.0,rms,25.709920264364882,0.5921141391707099,0.7694895315536852,0.4579862487165376,0.6779179444487168,1.878390149996775,1.370543742460187,0.19729991957850135,0.44689778360789734,0.9987451087248078,0.9970654218974011,0.6666666666666666,0.14477049342422907,0.0,0.001131519947214954,0.0,1.0,0.18722008464449244,0.9847231339730704,0.994553573073417,0.9911726550161404,0.516941391941392,,0.1772889757194314,1.6476459248214124
r5_final_inverse_map_complete_2026-08-31,end_to_end_original_stress,har,mlp,0,RidgeAIME,0.05,0.25,150,100,561,661,0.26214179198723286,0.9288888888888889,0.32516027686598376,630,270,0.0013446249067783356,X ~= Y A^T,SVD normal-system solve,1.5065218352446048,1.506456869350935,77.95734665538708,77.96734665538715,117.4444449540736,117.45444495407361,77.96734665538717,1.1745444495407363e-10,46.39826307588961,1,True,1.0,0.0,0.01,1.0,rms,25.709920264364882,0.4747057557475971,0.6889889373187331,0.5046782645683869,0.7113256316610899,1.894644804041623,1.3764609707658344,0.20149122165680788,0.4516380762148949,0.9859057185387881,0.9730834578780331,0.17647058823529413,0.14617679216858714,0.01,0.001095688980776492,0.0,0.046031746031746035,1.0,1.0,0.9803923688793352,0.9535246422384833,0.2398692810457516,,0.17795670210892311,1.666501722997213
r5_final_inverse_map_complete_2026-08-31,end_to_end_original_stress,har,mlp,0,HuberRidgeAIME,0.05,0.25,150,100,561,661,0.26214179198723286,0.9288888888888889,0.32516027686598376,630,270,0.006049207993783057,X ~= Y A^T,SVD normal-system solve,1.545676429452413,1.5456016715421712,72.98246697562857,72.99246697562856,112.80727896751822,112.81727896751823,72.99246697562855,1.1281727896751824e-10,44.68151899949975,8,True,0.9459687058258918,0.11587301587301588,0.01,1.0,rms,25.709920264364882,0.46076140288172535,0.6787940798811708,0.5192282062477687,0.721218269716459,1.8818518681759235,1.3718060607009737,0.20688287689886253,0.4574932777709334,0.9979462577986971,0.9937944496039252,0.5384615384615384,0.14514353051291473,0.0,0.0010114244068148014,0.0,0.9999999999999999,0.18468466815958645,0.9827028773605387,0.9942206750308312,0.9900495616198274,0.3869694031458737,,0.18909757875383834,1.6501279290337039
r5_final_inverse_map_complete_2026-08-31,end_to_end_original_stress,har,lgbm,0,RidgeAIME,0.05,0.5,150,100,561,661,11.572882374981418,0.9766666666666667,0.07742053150062293,630,270,0.001327750040218234,X ~= Y A^T,SVD normal-system solve,1.4315199319858347,1.431468041884887,83.15035700600552,83.16035700600548,119.0313934058349,119.04139340583482,83.16035700600555,1.19041393405835e-10,45.660577055384465,1,True,1.0,0.0,0.01,1.0,rms,25.709920264364882,0.505565429861448,0.7110312439418173,0.4767189852841006,0.6916881947535729,1.5755918900367172,1.2552258322854566,0.22368304349079038,0.47576591534990775,0.9895617433819645,0.9791604814604896,0.0,0.14245754580723036,0.0,0.0007947122746490944,0.0,0.03650793650793651,1.0,1.0,0.9868370999199992,0.9732827471835203,0.32823924441571495,,0.15578165666221105,1.6595413957741378
r5_final_inverse_map_complete_2026-08-31,end_to_end_original_stress,har,lgbm,0,HuberRidgeAIME,0.05,0.5,150,100,561,661,11.572882374981418,0.9766666666666667,0.07742053150062293,630,270,0.00609566702041775,X ~= Y A^T,SVD normal-system solve,1.4968825161177506,1.4968179768208187,76.9791430056924,76.98914300569228,115.228733270949,115.23873327094901,76.98914300569238,1.1523873327094896e-10,44.398042374533325,8,True,0.9547623950531811,0.10634920634920635,0.01,1.0,rms,25.709920264364882,0.4948971508902816,0.7034892684968844,0.4877610928246303,0.6989751707696736,1.5642097174797944,1.2506837000136344,0.2292912048514375,0.48112496404640787,0.9989638497326041,0.9967570639846685,0.3333333333333333,0.14271056937107188,0.0,0.0007712554735904358,0.0,0.9999999999999999,0.18511105954318055,0.983925460484367,0.9949937835046659,0.9910934623705707,0.4752247752247752,,0.1751689904107142,1.6473638213605435
r5_final_inverse_map_complete_2026-08-31,end_to_end_original_stress,har,svm,0,RidgeAIME,0.05,0.5,150,100,561,661,1.266387457959354,0.9266666666666666,0.1791410968264963,630,270,0.0013235000660642982,X ~= Y A^T,SVD normal-system solve,1.5027971890179737,1.502730670073301,75.57706643410178,75.58706643410174,113.5770029913928,113.58700299139282,75.58706643410174,1.1358700299139281e-10,44.92677370819282,1,True,1.0,0.0,0.01,1.0,rms,25.709920264364882,0.5076595119104529,0.7125022890562899,0.4712876272893092,0.6874059157104279,1.7910426881985066,1.3382984301711285,0.19231887203599796,0.44151015849674463,0.9972045067020341,0.9992283418089499,0.8181818181818182,0.14198757342146595,0.0,0.001059834784785435,0.0,0.05714285714285714,1.0,1.0,0.9924532498604343,0.9905006646027072,0.3500646412411118,,0.17688115025935788,1.6525052320575724
r5_final_inverse_map_complete_2026-08-31,end_to_end_original_stress,har,svm,0,HuberRidgeAIME,0.05,0.5,150,100,561,661,1.266387457959354,0.9266666666666666,0.1791410968264963,630,270,0.00525879196356982,X ~= Y A^T,SVD normal-system solve,1.5321498033136167,1.5320761874620015,72.27739349414462,72.28739349414462,110.73979422607457,110.74979422607458,72.2873934941446,1.1074979422607456e-10,44.13128441103285,7,True,0.9423918844726766,0.10793650793650794,0.01,1.0,rms,25.709920264364882,0.5057620249378986,0.7111694769447706,0.47326380387205735,0.6886627162993351,1.7888222799757403,1.3374686089683527,0.1933201780516064,0.4425284595983654,0.9992789279238934,0.9983332365895754,0.8181818181818182,0.1418899213145935,0.0,0.0009452553632174829,0.0,1.0,0.18341815287163882,0.9883902924484972,0.9951338020559293,0.9924614981254424,0.42316849816849816,,0.18528036253654911,1.6447465674768007
r5_final_inverse_map_complete_2026-08-31,end_to_end_original_stress,har,mlp,0,RidgeAIME,0.05,0.5,150,100,561,661,0.3570321250008419,0.94,0.3215246695649896,630,270,0.0013942079385742545,X ~= Y A^T,SVD normal-system solve,1.5127013000139735,1.512635345013467,77.7250157040506,77.7350157040506,117.57473229912387,117.58473229912386,77.73501570405061,1.1758473229912385e-10,45.10142530391546,1,True,1.0,0.0,0.01,1.0,rms,25.709920264364882,0.4546381446619718,0.6742685997894101,0.4976773261581935,0.7067227396263975,2.280313690424182,1.5100707567608154,0.16309530474987277,0.4076456100866516,0.9845643704152016,0.9732644110278706,0.0,0.1423740603263034,0.01,0.000979717847346577,0.0,0.05396825396825397,1.0,1.0,0.9784692239700201,0.9588350681792329,0.25502973119072186,,0.17973424412631359,1.6541902667525616
r5_final_inverse_map_complete_2026-08-31,end_to_end_original_stress,har,mlp,0,HuberRidgeAIME,0.05,0.5,150,100,561,661,0.3570321250008419,0.94,0.3215246695649896,630,270,0.005878541967831552,X ~= Y A^T,SVD normal-system solve,1.5128271736846786,1.5127570934230326,73.16712029652898,73.17712029652903,110.68920780484481,110.69920780484485,73.17712029652897,1.1069920780484489e-10,43.60587180157361,8,True,0.9400536222397896,0.12222222222222222,0.01,1.0,rms,25.709920264364882,0.43986270002787853,0.6632214562481212,0.5140024870426099,0.7174962562446677,2.266715553496952,1.5055615409198495,0.16808599734135388,0.4133352142825978,0.998720629174751,0.9964921889111418,0.25,0.14211823499698872,0.0,0.0009186892192271423,0.0,1.0,0.18867555659162086,0.9829174716224031,0.9937372678732492,0.9890434405754076,0.42680456798103855,,0.17976919804621605,1.6395449736566994
r5_final_inverse_map_complete_2026-08-31,end_to_end_original_stress,har,lgbm,0,RidgeAIME,0.1,0.0,300,0,561,561,10.991367791895755,0.9788888888888889,0.07002593000885055,630,270,0.001191957970149815,X ~= Y A^T,SVD normal-system solve,1.4183879166855324,1.4183376945109238,83.29740752525811,83.30740752525814,118.14803632505664,118.15803632505661,83.3074075252582,1.1815803632505666e-10,43.26221496255502,1,True,1.0,0.0,0.01,1.0,rms,23.68543856465402,0.5259932861864051,0.7252539459985068,0.46130981466714605,0.6821996314194465,2.6217678096592323,1.6191873917676214,0.1426731437736164,0.3825313685787309,0.973201525250667,0.9467333752324587,0.25,0.0,0.0,0.0012004362701038317,0.0,0.10952380952380952,1.0,1.0,0.9714971702638747,0.9479106867593364,0.2625529699059111,,0.15177964509397612,1.6361087509188315
r5_final_inverse_map_complete_2026-08-31,end_to_end_original_stress,har,lgbm,0,HuberRidgeAIME,0.1,0.0,300,0,561,561,10.991367791895755,0.9788888888888889,0.07002593000885055,630,270,0.005240208934992552,X ~= Y A^T,SVD normal-system solve,1.4510754330385545,1.4510138375462123,73.22189017403666,73.23189017403668,106.25048599219173,106.26048599219172,73.23189017403668,1.0626048599219172e-10,41.309446156472156,8,True,0.8970107283955517,0.1746031746031746,0.01,1.0,rms,23.68543856465402,0.4970222664749402,0.7049980613270792,0.49098016291588786,0.7012888013562577,2.5925628597921917,1.610143738860662,0.15222326021165966,0.3933214957302677,0.9979300800253899,0.9941401411377736,0.42857142857142855,0.0,0.0,0.0010870224906920538,0.0,0.9999999999999998,0.18954444691000613,0.984025297776127,0.9941667498332917,0.9893186779726448,0.3488741650506356,,0.16167155409266898,1.616049372347673
r5_final_inverse_map_complete_2026-08-31,end_to_end_original_stress,har,svm,0,RidgeAIME,0.1,0.0,300,0,561,561,1.2758385409833863,0.8944444444444445,0.2528551853779774,630,270,0.0011864169500768185,X ~= Y A^T,SVD normal-system solve,1.5212730653746813,1.5212015612932248,72.89116238896804,72.90116238896805,110.8873620461891,110.89736204618912,72.90116238896805,1.1089736204618916e-10,42.099088132184484,1,True,1.0,0.0,0.01,1.0,rms,23.68543856465402,0.5039021267537418,0.7098606389663691,0.48001294741365064,0.6937756816068885,3.5967356132110613,1.8965061595499924,0.09849598559907857,0.31894035446270785,0.9951820844103609,0.9985127253146667,0.6666666666666666,0.0,0.0,0.0012949408745827127,0.0,0.09206349206349207,1.0,1.0,0.9911734496411129,0.9887405356837009,0.2975615887380593,,0.18218676248019974,1.6242726891029042
r5_final_inverse_map_complete_2026-08-31,end_to_end_original_stress,har,svm,0,HuberRidgeAIME,0.1,0.0,300,0,561,561,1.2758385409833863,0.8944444444444445,0.2528551853779774,630,270,0.0050916660111397505,X ~= Y A^T,SVD normal-system solve,1.472469928134002,1.4724024794770179,70.03882665775821,70.04882665775821,103.13006605533904,103.14006605533902,70.04882665775821,1.0314006605533906e-10,41.359284238960484,7,True,0.914136902858533,0.14444444444444443,0.01,1.0,rms,23.68543856465402,0.5001072039138251,0.7071825817381429,0.4839290069767118,0.6963414876931744,3.592164636007776,1.8953006716634109,0.0996416784555012,0.3205256159586941,0.9991323496847605,0.9983703696958539,0.8181818181818182,0.0,0.0,0.001127851520443516,0.0,1.0000000000000002,0.1842055154761931,0.9881509246560429,0.995172291666423,0.9916679625586889,0.4597716009480715,,0.16802654011277102,1.6165730142793195
r5_final_inverse_map_complete_2026-08-31,end_to_end_original_stress,har,mlp,0,RidgeAIME,0.1,0.0,300,0,561,561,0.22275274991989136,0.9011111111111111,0.37668128656470323,630,270,0.00120449997484684,X ~= Y A^T,SVD normal-system solve,1.7255007582143942,1.7253962607932674,69.41762322469982,69.42762322469974,119.78016150766068,119.79016150766074,69.42762322469979,1.1979016150766066e-10,42.97745263186765,1,True,1.0,0.0,0.01,1.0,rms,23.68543856465402,0.4639050351119934,0.6811057444420752,0.4938370319939578,0.7048569219734818,3.162963916791723,1.7784723548010868,0.12251455532752686,0.35446565251919476,0.9736421388563877,0.9470309321191439,0.05263157894736842,0.0,0.0,0.0014833752265856251,0.0,0.09365079365079365,1.0,1.0,0.9718240902217818,0.9415492932857387,0.26136249371543496,,0.23688885251801423,1.6332406703292435
r5_final_inverse_map_complete_2026-08-31,end_to_end_original_stress,har,mlp,0,HuberRidgeAIME,0.1,0.0,300,0,561,561,0.22275274991989136,0.9011111111111111,0.37668128656470323,630,270,0.005394208012148738,X ~= Y A^T,SVD normal-system solve,1.7347191591469147,1.7346006056044814,61.96361496331662,61.97361496331654,107.4894700468678,107.49947004686783,61.97361496331654,1.074994700468678e-10,41.1062239565125,8,True,0.908004448722672,0.1619047619047619,0.01,1.0,rms,23.68543856465402,0.43910095289410933,0.662646929287467,0.5209005620783838,0.7222654630867699,3.13899456299649,1.7717207914895874,0.1291642546686611,0.3630051305337298,0.9977077463852536,0.993924551726041,0.1111111111111111,0.0,0.0,0.0013485442765116434,0.0,0.9999999999999998,0.18801401696450232,0.9823992569078419,0.9930254689571074,0.9876705344059331,0.3295518207282913,,0.23919949368040466,1.613907584049395
r5_final_inverse_map_complete_2026-08-31,end_to_end_original_stress,har,lgbm,0,RidgeAIME,0.1,0.25,300,100,561,661,11.428575208061375,0.9688888888888889,0.13348987425288075,630,270,0.001402042107656598,X ~= Y A^T,SVD normal-system solve,1.396796394701667,1.396749223529619,84.10840908085679,84.11840908085688,117.48232256823371,117.4923225682337,84.11840908085686,1.1749232256823367e-10,46.63131207829716,1,True,1.0,0.0,0.01,1.0,rms,25.709920264364882,0.4893164480846684,0.6995115782348913,0.48097117103210896,0.6959252419635874,3.012352958795368,1.7356131362706864,0.1294714390600682,0.36415959523879604,0.9717694289123655,0.9397623376704177,0.1111111111111111,0.14980898517657695,0.01,0.0011077064826614136,0.0,0.10317460317460317,1.0,1.0,0.9702700340266255,0.9398508954789149,0.23905228758169933,,0.1451184386025292,1.668677635491968
r5_final_inverse_map_complete_2026-08-31,end_to_end_original_stress,har,lgbm,0,HuberRidgeAIME,0.1,0.25,300,100,561,661,11.428575208061375,0.9688888888888889,0.13348987425288075,630,270,0.0059965830296278,X ~= Y A^T,SVD normal-system solve,1.6068683527744307,1.6067804982885772,69.06653569214114,69.07653569214118,110.98083043946727,110.99083043946729,69.07653569214122,1.109908304394673e-10,44.00166430887233,8,True,0.90128641074985,0.1634920634920635,0.01,1.0,rms,25.709920264364882,0.4610804475691362,0.679029047662275,0.5109217241755373,0.7153451342346743,2.9859888317601375,1.7280013980781779,0.13709030905384045,0.3736316560419833,0.9972672031935489,0.9925099938700723,0.3333333333333333,0.14903310576422574,0.0,0.0010462080615103926,0.0,1.0,0.18851356615763715,0.9832868264993968,0.9938953833201263,0.9887329460535398,0.4341575091575091,,0.20595655200097307,1.6434691034518636
r5_final_inverse_map_complete_2026-08-31,end_to_end_original_stress,har,svm,0,RidgeAIME,0.1,0.25,300,100,561,661,1.487911417032592,0.8911111111111111,0.2647916387854587,630,270,0.001352249993942678,X ~= Y A^T,SVD normal-system solve,1.5392704834854987,1.539197346896154,73.7247049290141,73.7347049290141,113.48226220090925,113.49226220090927,73.73470492901406,1.1349226220090922e-10,45.69928109581247,1,True,1.0,0.0,0.01,1.0,rms,25.709920264364882,0.49843925226556257,0.7060023033004655,0.5034664040924943,0.7101830221397754,4.211237936124914,2.052130097270861,0.09119708612992394,0.30719071606271403,0.995471438732295,0.9987778494896525,0.6666666666666666,0.149327646185188,0.0,0.0010791353347289544,0.0,0.09206349206349207,1.0,1.0,0.9908302971279372,0.9873143984234021,0.41959706959706955,,0.18729430610398118,1.6599093681534955
r5_final_inverse_map_complete_2026-08-31,end_to_end_original_stress,har,svm,0,HuberRidgeAIME,0.1,0.25,300,100,561,661,1.487911417032592,0.8911111111111111,0.2647916387854587,630,270,0.005234624957665801,X ~= Y A^T,SVD normal-system solve,1.5183616739903205,1.5182885552261576,70.88311203840146,70.8931120384015,107.62620065227068,107.63620065227073,70.8931120384015,1.0763620065227076e-10,44.530804237127676,7,True,0.9106454978832176,0.1492063492063492,0.01,1.0,rms,25.709920264364882,0.49627075159397455,0.7044648689565538,0.5056266140504728,0.7120379345974184,4.210341135367252,2.0519115807868653,0.09139061951703853,0.3076283551291705,0.9987631111259624,0.9970700963473108,0.42857142857142855,0.14911288198601497,0.0,0.0010265400390976685,0.0,1.0000000000000002,0.1843690519327011,0.984288913731347,0.9947636688629571,0.9909742672646085,0.4772893772893772,,0.1813543183533795,1.648660538665754
r5_final_inverse_map_complete_2026-08-31,end_to_end_original_stress,har,mlp,0,RidgeAIME,0.1,0.25,300,100,561,661,0.23470975004602224,0.9011111111111111,0.3960947749285522,630,270,0.001323375036008656,X ~= Y A^T,SVD normal-system solve,1.6449128307080358,1.644821817567055,70.84930929875333,70.85930929875325,116.5409379123215,116.55093791232143,70.85930929875332,1.1655093791232153e-10,46.45171689481666,1,True,1.0,0.0,0.01,1.0,rms,25.709920264364882,0.4981711030208878,0.7058123709746719,0.4776965620009642,0.6930832126353664,3.7358485878058016,1.9328343404973438,0.10571709054754974,0.329780132166384,0.9766745490726445,0.9549678246186688,0.0,0.1487185546678361,0.02,0.0013325051838836565,0.0,0.08571428571428572,1.0,1.0,0.9743748097588076,0.9494000127145001,0.2942990016519428,,0.21611885800714337,1.6670017705183584
r5_final_inverse_map_complete_2026-08-31,end_to_end_original_stress,har,mlp,0,HuberRidgeAIME,0.1,0.25,300,100,561,661,0.23470975004602224,0.9011111111111111,0.3960947749285522,630,270,0.005262624938040972,X ~= Y A^T,SVD normal-system solve,1.6783528823326732,1.6782468338290264,63.95628514367843,63.96628514367843,107.34121551418302,107.35121551418301,63.96628514367841,1.0735121551418304e-10,44.50678868723332,7,True,0.9165601612611405,0.1523809523809524,0.01,1.0,rms,25.709920264364882,0.47735611838083447,0.690909631124675,0.49951986321910247,0.7072207453788351,3.7155910865145003,1.9275868557640925,0.11056630666732348,0.3364293366881129,0.9977849362384856,0.9948651479372407,0.17647058823529413,0.14926087405359256,0.0,0.0012299212973897519,0.0,1.0,0.19269725154322417,0.9844223090471951,0.9940093190542161,0.9901613702740806,0.45714285714285713,,0.22485583652022056,1.6484262596222767
r5_final_inverse_map_complete_2026-08-31,end_to_end_original_stress,har,lgbm,0,RidgeAIME,0.1,0.5,300,100,561,661,11.343909834045917,0.9744444444444444,0.10564539893447661,630,270,0.0013178749941289425,X ~= Y A^T,SVD normal-system solve,1.4522826288614235,1.4522282030845097,83.09081261401336,83.10081261401344,120.67134377731124,120.68134377731128,83.10081261401344,1.2068134377731129e-10,48.07416127144447,1,True,1.0,0.0,0.01,1.0,rms,25.709920264364882,0.5259993997861213,0.725258160785607,0.4595100127573877,0.6825699920429912,3.1435920041091134,1.7730177675672383,0.12148418013730744,0.3547985367969442,0.976507079595871,0.9513243506057224,0.0,0.14874258449806785,0.02,0.0011791996985786243,0.0,0.1,1.0,1.0,0.9699417206751739,0.9320744870260163,0.2299486461251167,,0.1620348667449882,1.6819117160335344
r5_final_inverse_map_complete_2026-08-31,end_to_end_original_stress,har,lgbm,0,HuberRidgeAIME,0.1,0.5,300,100,561,661,11.343909834045917,0.9744444444444444,0.10564539893447661,630,270,0.006128208013251424,X ~= Y A^T,SVD normal-system solve,1.6385261880937174,1.6384340538976299,69.29393004959121,69.30393004959117,113.53991906218938,113.54991906218943,69.30393004959119,1.135499190621894e-10,45.9782886151487,8,True,0.9040700976785341,0.17936507936507937,0.01,1.0,rms,25.709920264364882,0.5009135237503631,0.7077524452450611,0.4852869714840514,0.697833380428982,3.1182765146589695,1.7658642401552191,0.12855890800926018,0.3627950057019378,0.9980260247133541,0.9928657298958665,0.05263157894736842,0.14816733990934655,0.01,0.0010822414952465196,0.0,1.0,0.19274860989116036,0.983105818543798,0.9933241204037155,0.9843128539856011,0.25809990662931837,,0.21442896594742872,1.6625528021044316
r5_final_inverse_map_complete_2026-08-31,end_to_end_original_stress,har,svm,0,RidgeAIME,0.1,0.5,300,100,561,661,1.5882907500490546,0.8966666666666666,0.2510316138199728,630,270,0.0013701249845325947,X ~= Y A^T,SVD normal-system solve,1.5815297059827513,1.5814489764105948,72.02428563333052,72.03428563333053,113.90854728129892,113.91854728129897,72.03428563333053,1.1391854728129896e-10,46.38922260931434,1,True,1.0,0.0,0.01,1.0,rms,25.709920264364882,0.5139425068386437,0.716897835705091,0.4923373075294454,0.702181495591321,3.7137049309175434,1.927097540582091,0.10333024789034728,0.3255930829518116,0.9965106171278313,0.9987252463466688,0.8181818181818182,0.14732730701033944,0.01,0.0012617389244379607,0.0,0.08571428571428572,1.0,1.0,0.9917081186849683,0.9883130683869746,0.45443722943722936,,0.1990551844776076,1.6664170946719405
r5_final_inverse_map_complete_2026-08-31,end_to_end_original_stress,har,svm,0,HuberRidgeAIME,0.1,0.5,300,100,561,661,1.5882907500490546,0.8966666666666666,0.2510316138199728,630,270,0.006317457999102771,X ~= Y A^T,SVD normal-system solve,1.5267008062920002,1.5266262932597254,70.67572975979586,70.68572975979586,107.90069360955584,107.91069360955582,70.68572975979589,1.0791069360955587e-10,45.25690680439574,8,True,0.9171797752440318,0.1492063492063492,0.01,1.0,rms,25.709920264364882,0.512062383979938,0.7155853436033595,0.494194457346644,0.7036337375945614,3.713086640572387,1.9269371138084364,0.10347953337770721,0.32596435081932185,0.9984760734558958,0.9966661199984485,0.8181818181818182,0.14701819214718112,0.01,0.0011414903770536977,0.0,0.9996632996632995,0.1882966157833781,0.985512571443468,0.9948934360726721,0.991499687746837,0.4886446886446886,,0.18373273801366025,1.6556848676989375
r5_final_inverse_map_complete_2026-08-31,end_to_end_original_stress,har,mlp,0,RidgeAIME,0.1,0.5,300,100,561,661,0.18753116705920547,0.8877777777777778,0.4785190732010287,630,270,0.0013517499901354313,X ~= Y A^T,SVD normal-system solve,2.487310515166593,2.48699735751013,47.483985361090504,47.493985361090566,118.10741609065698,118.11741609065703,47.493985361090544,1.18117416090657e-10,48.38074847220861,1,True,1.0,0.0,0.01,1.0,rms,25.709920264364882,0.4588533265060949,0.6773871319312871,0.5060516816604813,0.7130355033810799,4.143737701548716,2.0356172777682735,0.10110075641517857,0.32284805503978536,0.9729200660679039,0.9537757983410304,0.25,0.14939439369679378,0.0,0.0014886437084170674,0.0,0.08888888888888889,1.0,1.0,0.9724043065076791,0.940364424164032,0.21584967320261436,,0.3956753238226587,1.6846725828112195
r5_final_inverse_map_complete_2026-08-31,end_to_end_original_stress,har,mlp,0,HuberRidgeAIME,0.1,0.5,300,100,561,661,0.18753116705920547,0.8877777777777778,0.4785190732010287,630,270,0.00588591699488461,X ~= Y A^T,SVD normal-system solve,2.4244798116033572,2.424153137496128,43.59553163166909,43.6055316316691,105.69648631709727,105.7064863170973,43.605531631669095,1.057064863170973e-10,46.013253837936844,8,True,0.9125903947592853,0.16507936507936508,0.01,1.0,rms,25.709920264364882,0.4386537268172611,0.6623093890450754,0.5277962299094923,0.7269166197653878,4.123868569602876,2.030731043147486,0.10541095869225026,0.3289043736605712,0.9978959764115853,0.9953341095275143,0.3333333333333333,0.14773317111352613,0.01,0.0013720328881244566,0.0,1.0,0.18735105004387262,0.9833454527803009,0.9938694180142962,0.9898636224441674,0.4195970695970696,,0.38456005141373245,1.6628829455859244
r5_final_inverse_map_complete_2026-08-31,end_to_end_original_stress,har,lgbm,1,RidgeAIME,0.05,0.0,150,0,561,561,11.56734524993226,0.9722222222222222,0.09115145867238002,630,270,0.0011760419001802802,X ~= Y A^T,SVD normal-system solve,1.4413436955159515,1.4412899447840941,82.09933698253762,82.10933698253761,118.3333617658202,118.3433617658202,82.10933698253761,1.1834336176582022e-10,42.82450344809794,1,True,1.0,0.0,0.01,1.0,rms,23.68543856465402,0.45916402815892604,0.6776164314410669,0.5046679038918204,0.7116685601144855,2.8031935574405846,1.6742740389316753,0.13877537107949922,0.3766711904664262,0.9896516651848787,0.970412698080528,0.0,0.0,0.0,0.0012562510250159575,0.0,0.04126984126984127,1.0,1.0,0.9848208830440457,0.9710825886485296,0.24204014939309054,,0.15875135677034743,1.6316923360041267
r5_final_inverse_map_complete_2026-08-31,end_to_end_original_stress,har,lgbm,1,HuberRidgeAIME,0.05,0.0,150,0,561,561,11.56734524993226,0.9722222222222222,0.09115145867238002,630,270,0.00526670808903873,X ~= Y A^T,SVD normal-system solve,1.5922091076518634,1.592126679785859,71.83574056804285,71.84574056804286,114.37752038735427,114.38752038735427,71.84574056804284,1.1438752038735428e-10,41.3976059861233,8,True,0.9477928017082766,0.11904761904761904,0.01,1.0,rms,23.68543856465402,0.4480846375989721,0.6693912440411602,0.5166200112284249,0.7192300463110902,2.7923876460040056,1.6710438791378297,0.14209526921582805,0.3805118799365415,0.9986454024571829,0.9953687696988984,0.42857142857142855,0.0,0.0,0.0010941302121490356,0.0,0.9999999999999999,0.1890566931121183,0.9804536275749987,0.9944463363760025,0.9897474369883831,0.41538461538461535,,0.20197762002425296,1.6169752266987087
r5_final_inverse_map_complete_2026-08-31,end_to_end_original_stress,har,svm,1,RidgeAIME,0.05,0.0,150,0,561,561,1.070045292028226,0.9255555555555556,0.16541135993054779,630,270,0.0011740420013666153,X ~= Y A^T,SVD normal-system solve,1.4786440094502444,1.4785810843049974,76.05561853307536,76.06561853307538,112.45918472896487,112.4691847289649,76.06561853307537,1.1246918472896486e-10,42.57025609669059,1,True,1.0,0.0,0.01,1.0,rms,23.68543856465402,0.50887934812948,0.7133577981135975,0.4910480178349127,0.7012727579996393,1.5342623950479302,1.2386534604351331,0.23623337180984416,0.4880854484195106,0.9974864224585318,0.9968276684135385,0.3333333333333333,0.0,0.0,0.0012356850744576517,0.0,0.047619047619047616,1.0,1.0,0.9929209927241205,0.9858854861905939,0.3836080586080585,,0.16984514590687358,1.6291062628396924
r5_final_inverse_map_complete_2026-08-31,end_to_end_original_stress,har,svm,1,HuberRidgeAIME,0.05,0.0,150,0,561,561,1.070045292028226,0.9255555555555556,0.16541135993054779,630,270,0.005244542029686272,X ~= Y A^T,SVD normal-system solve,1.5504788848147657,1.5504010470597929,70.71132090667642,70.72132090667638,109.63640998316268,109.64640998316268,70.72132090667637,1.0964640998316273e-10,41.57117967332768,8,True,0.9490995110313065,0.10793650793650794,0.01,1.0,rms,23.68543856465402,0.5071714197111642,0.7121596869460979,0.49275619003151105,0.7025240680935766,1.5326211019055092,1.2379907519466813,0.2370504190980426,0.489037448714715,0.9983377620424442,0.9950741353672906,0.5384615384615384,0.0,0.0,0.0011439968001446615,0.0,0.9999999999999999,0.18797008124012268,0.9871559825208658,0.9952811970110084,0.9907058646816862,0.4464016375781082,,0.19044405300657188,1.618792348738772
r5_final_inverse_map_complete_2026-08-31,end_to_end_original_stress,har,mlp,1,RidgeAIME,0.05,0.0,150,0,561,561,0.2670381659409031,0.9388888888888889,0.35968883617427283,630,270,0.0011682499898597598,X ~= Y A^T,SVD normal-system solve,1.4956641471611494,1.495602832718339,80.82970504183236,80.83970504183237,120.89409185667945,120.9040918566795,80.83970504183237,1.2090409185667948e-10,43.16887375225194,1,True,1.0,0.0,0.01,1.0,rms,23.68543856465402,0.47666761328453905,0.6904111914537155,0.49451064695266955,0.7048087073016026,0.9920187026340528,0.9960013567430783,0.31757067406871986,0.5659465993555379,0.9842333358558238,0.9643073106085152,0.17647058823529413,0.0,0.0,0.0010916428898291913,0.0,0.05873015873015873,1.0,1.0,0.9801849547601684,0.95606864016299,0.27259570494864616,,0.1748162790502339,1.635170718344416
r5_final_inverse_map_complete_2026-08-31,end_to_end_original_stress,har,mlp,1,HuberRidgeAIME,0.05,0.0,150,0,561,561,0.2670381659409031,0.9388888888888889,0.35968883617427283,630,270,0.004680042038671672,X ~= Y A^T,SVD normal-system solve,1.5444330679424794,1.5443591507981358,73.64450502168253,73.65450502168243,113.73900882774248,113.7490088277425,73.65450502168251,1.1374900882774247e-10,41.74030247993611,7,True,0.9371384093125402,0.12380952380952381,0.01,1.0,rms,23.68543856465402,0.4627425335769227,0.6802518162981431,0.5092777075549885,0.7142793171624848,0.9775506105817746,0.9887115912043181,0.3275235613283365,0.5738497188366781,0.9981628877629614,0.9941967571465923,0.5384615384615384,0.0,0.0,0.0010491473802758538,0.0,0.9999999999999996,0.18728691359683983,0.9839250962290342,0.9944772439856479,0.9898946878026548,0.4722527472527472,,0.1887483057611399,1.6205555919477188
r5_final_inverse_map_complete_2026-08-31,end_to_end_original_stress,har,lgbm,1,RidgeAIME,0.05,0.25,150,100,561,661,11.950352916959673,0.98,0.05999761087477143,630,270,0.0013437080197036266,X ~= Y A^T,SVD normal-system solve,1.406830850426864,1.4067823537489639,83.87839566907458,83.88839566907463,118.00271471156518,118.01271471156518,83.88839566907457,1.180127147115651e-10,44.47223421996845,1,True,1.0,0.0,0.01,1.0,rms,25.709920264364882,0.5712429729436044,0.7558061741899205,0.47308975661469976,0.6888233684310305,1.8890763317006132,1.3744367325201305,0.21138350347531898,0.462665581723164,0.9872512839638812,0.9744322340426431,0.05263157894736842,0.1445614072047422,0.01,0.0009963445358744005,0.0,0.044444444444444446,1.0,1.0,0.9794234820777546,0.9631872052240806,0.27418300653594774,,0.14822691202085292,1.6480889483162562
r5_final_inverse_map_complete_2026-08-31,end_to_end_original_stress,har,lgbm,1,HuberRidgeAIME,0.05,0.25,150,100,561,661,11.950352916959673,0.98,0.05999761087477143,630,270,0.005263083032332361,X ~= Y A^T,SVD normal-system solve,1.520269426501923,1.5202011231615757,76.16042209818214,76.17042209818212,115.78436122534774,115.79436122534776,76.17042209818209,1.1579436122534774e-10,43.38681923160459,7,True,0.9548788275052688,0.1,0.01,1.0,rms,25.709920264364882,0.5620154806714045,0.7496769175260797,0.481601126433267,0.6960206751925809,1.8801136232518574,1.371172353590845,0.2151250885122068,0.46736912207030257,0.9989369761960664,0.9974521962705959,0.3333333333333333,0.1441209269936122,0.01,0.0009339112554658191,0.0,0.9999999999999999,0.1921972734040453,0.9903523881611397,0.9944706070096233,0.9911730040416321,0.4027203188967895,,0.18190104906385263,1.6373578123602042
r5_final_inverse_map_complete_2026-08-31,end_to_end_original_stress,har,svm,1,RidgeAIME,0.05,0.25,150,100,561,661,1.2774751669494435,0.9477777777777778,0.15559177954946957,630,270,0.0013125420082360506,X ~= Y A^T,SVD normal-system solve,1.4333238014876606,1.4332684907894613,78.33357829480943,78.34357829480945,112.27738222564754,112.28738222564753,78.34357829480943,1.1228738222564753e-10,45.03041203729422,1,True,1.0,0.0,0.01,1.0,rms,25.709920264364882,0.5316310670271748,0.7291303498189983,0.4722292981672942,0.6880319478233039,1.986720055914202,1.4095105731828343,0.18177192274589915,0.42934974249387275,0.9973209021392633,0.9994835875493521,1.0,0.14483136130895852,0.0,0.0009055340837401442,0.0,0.047619047619047616,1.0,1.0,0.9929125485927164,0.991750204919243,0.4797119547119547,,0.15632755337434445,1.6535059208626557
r5_final_inverse_map_complete_2026-08-31,end_to_end_original_stress,har,svm,1,HuberRidgeAIME,0.05,0.25,150,100,561,661,1.2774751669494435,0.9477777777777778,0.15559177954946957,630,270,0.005908916005864739,X ~= Y A^T,SVD normal-system solve,1.4381620127338821,1.4381036800015574,75.10426179939805,75.11426179939802,108.0120963143147,108.0220963143147,75.11426179939807,1.0802209631431466e-10,44.35601878185733,8,True,0.9482381576429293,0.10793650793650794,0.01,1.0,rms,25.709920264364882,0.529813504971091,0.7278828923467642,0.47403366224881394,0.689441766559285,1.9851810400770242,1.4089645276148808,0.18240576442156387,0.4300980483569397,0.9993528919195723,0.9987585907560247,0.42857142857142855,0.14484170383622114,0.01,0.0008922688903616417,0.0,1.0,0.18790076891538504,0.9862550270793065,0.9956082634293916,0.9931571142165048,0.4524455936220642,,0.15779019761111143,1.6469525586975173
r5_final_inverse_map_complete_2026-08-31,end_to_end_original_stress,har,mlp,1,RidgeAIME,0.05,0.25,150,100,561,661,0.18291525007225573,0.9188888888888889,0.29744686714206386,630,270,0.0013258750550448895,X ~= Y A^T,SVD normal-system solve,1.5460312918769965,1.5459573776098312,73.86359880699537,73.87359880699532,114.19543508626323,114.20543508626324,73.87359880699528,1.1420543508626321e-10,46.76251906886077,1,True,1.0,0.0,0.01,1.0,rms,25.709920264364882,0.5617588771252698,0.7495057552315858,0.4803962190240393,0.6940757205173037,1.971995660661455,1.4042776294812416,0.20807502844571601,0.45908287625950556,0.9872362631594993,0.9769501212926677,0.0,0.14466529721185237,0.0,0.0009015434602598303,0.0,0.047619047619047616,1.0,1.0,0.9828140534214267,0.9645125339624656,0.16121431028551772,,0.1891975161515007,1.6698978983032797
r5_final_inverse_map_complete_2026-08-31,end_to_end_original_stress,har,mlp,1,HuberRidgeAIME,0.05,0.25,150,100,561,661,0.18291525007225573,0.9188888888888889,0.29744686714206386,630,270,0.005390750011429191,X ~= Y A^T,SVD normal-system solve,1.5776282978000717,1.5775449876560335,69.3246896076204,69.33468960762043,109.3685920611885,109.37859206118848,69.33468960762039,1.0937859206118845e-10,45.121954228636774,7,True,0.9487001997339297,0.10317460317460317,0.01,1.0,rms,25.709920264364882,0.5546510629564363,0.7447489932564101,0.4869706538340419,0.6994495058731242,1.964241876357948,1.4015141370524764,0.21118883621744988,0.46298663876566093,0.9983295412964581,0.9952680855194566,0.42857142857142855,0.14428397602080065,0.0,0.0008139300382513564,0.0,0.9989247311827957,0.19268542215129159,0.9865009386130615,0.9947091898970963,0.9917137691803013,0.340266106442577,,0.1979817530902958,1.6543879006458146
r5_final_inverse_map_complete_2026-08-31,end_to_end_original_stress,har,lgbm,1,RidgeAIME,0.05,0.5,150,100,561,661,11.480252707959153,0.9766666666666667,0.08383165649130288,630,270,0.0013129169819876552,X ~= Y A^T,SVD normal-system solve,1.4304350356995772,1.4303832983216527,83.18614425183414,83.19614425183416,118.99237522258254,119.00237522258254,83.19614425183426,1.1900237522258255e-10,45.85376435460303,1,True,1.0,0.0,0.01,1.0,rms,25.709920264364882,0.5553341683766065,0.7452074666672406,0.47028204532719653,0.6864365068427677,1.6920316475300266,1.3007811681947223,0.22482291089937423,0.4762240575447362,0.9855505303093929,0.9763145830829455,0.17647058823529413,0.140612945819377,0.01,0.0009870847083909623,0.0,0.05873015873015873,1.0,1.0,0.9809851271135279,0.9676723157550524,0.28080693815987934,,0.15545243050029633,1.6613749947786536
r5_final_inverse_map_complete_2026-08-31,end_to_end_original_stress,har,lgbm,1,HuberRidgeAIME,0.05,0.5,150,100,561,661,11.480252707959153,0.9766666666666667,0.08383165649130288,630,270,0.005248833913356066,X ~= Y A^T,SVD normal-system solve,1.479230489116386,1.4791682745908936,77.01871400824089,77.02871400824101,113.92842999352523,113.93842999352525,77.02871400824098,1.1393842999352519e-10,44.24800483925213,7,True,0.93727516899761,0.12698412698412698,0.01,1.0,rms,25.709920264364882,0.5462907280735879,0.7391148273939496,0.4789083337375144,0.6928855860717347,1.6831296856116151,1.2973548803668236,0.22890120159640226,0.4806513551095383,0.9984611396039762,0.9966713761576802,0.5384615384615384,0.14179611849720933,0.01,0.0009350258101515285,0.0,1.0,0.19544782559200502,0.9835611921106072,0.99481044231246,0.9924077191142565,0.626040626040626,,0.1700175834419035,1.6458936929584058
r5_final_inverse_map_complete_2026-08-31,end_to_end_original_stress,har,svm,1,RidgeAIME,0.05,0.5,150,100,561,661,1.2512376250233501,0.9288888888888889,0.17868535369613908,630,270,0.0013214170467108488,X ~= Y A^T,SVD normal-system solve,1.5316294826956471,1.531557314119883,73.6549541804305,73.66495418043048,112.81209936934435,112.82209936934436,73.66495418043041,1.1282209936934435e-10,45.81412313528,1,True,1.0,0.0,0.01,1.0,rms,25.709920264364882,0.43079248636664347,0.6563478394621586,0.5161492793741185,0.7203187633491912,1.9195544739712276,1.3854798713699263,0.18343433764624006,0.4322733246870884,0.9977121527853822,0.9989153614183295,0.42857142857142855,0.14146164203366765,0.0,0.0010036727067813905,0.0,0.044444444444444446,1.0,1.0,0.9923659754725292,0.9887017248922904,0.3427117000646412,,0.18513325366642674,1.660999378751002
r5_final_inverse_map_complete_2026-08-31,end_to_end_original_stress,har,svm,1,HuberRidgeAIME,0.05,0.5,150,100,561,661,1.2512376250233501,0.9288888888888889,0.17868535369613908,630,270,0.005847209016792476,X ~= Y A^T,SVD normal-system solve,1.584050101379092,1.5839666862728226,70.00730591761298,70.01730591761302,110.89508003607195,110.90508003607198,70.01730591761302,1.1090508003607195e-10,44.76624348574443,8,True,0.9462740202473047,0.12063492063492064,0.01,1.0,rms,25.709920264364882,0.42707908611529566,0.6535128813690635,0.5203200377890129,0.722697449266577,1.916102032323944,1.3842333735046066,0.18490298328181798,0.4336782552865492,0.9989730978796391,0.9978157645969055,0.5384615384615384,0.14134351295947162,0.0,0.000942335133517499,0.0,1.0,0.192032500240036,0.9813550211778751,0.994339957232208,0.9916316235377808,0.467230808407279,,0.1997460433393158,1.6509506525281734
r5_final_inverse_map_complete_2026-08-31,end_to_end_original_stress,har,mlp,1,RidgeAIME,0.05,0.5,150,100,561,661,0.185328415944241,0.9033333333333333,0.36627704085186447,630,270,0.001318708062171936,X ~= Y A^T,SVD normal-system solve,1.7112410509411766,1.7111386745206298,69.46313132719148,69.47313132719147,118.86816185400811,118.87816185400806,69.47313132719145,1.1887816185400812e-10,44.520755945725206,1,True,1.0,0.0,0.01,1.0,rms,25.709920264364882,0.4752198078310041,0.6893618845214784,0.5089821657568689,0.7141565089769171,2.0139865038129785,1.4191499229514049,0.19389508573062897,0.4430381036837543,0.9842501744395906,0.9706617604194834,0.1111111111111111,0.1424729450033241,0.0,0.0010808316576724365,0.0,0.046031746031746035,1.0,1.0,0.9806640352694238,0.9627619841434397,0.22815126050420168,,0.2332852071674101,1.648562529882568
r5_final_inverse_map_complete_2026-08-31,end_to_end_original_stress,har,mlp,1,HuberRidgeAIME,0.05,0.5,150,100,561,661,0.185328415944241,0.9033333333333333,0.36627704085186447,630,270,0.004810500075109303,X ~= Y A^T,SVD normal-system solve,1.6886012760906535,1.688497296355643,66.21456539481166,66.22456539481165,111.80999962146699,111.81999962146695,66.22456539481163,1.1181999962146693e-10,43.448341679749745,6,True,0.9529158628157344,0.09206349206349207,0.01,1.0,rms,25.709920264364882,0.4648408746822639,0.6817923985219136,0.5197061322087491,0.722463960045267,2.0035710989196827,1.4154755734097577,0.19806388678897535,0.4482655669358397,0.9989679417095637,0.9973632778456469,0.5384615384615384,0.1421783695662841,0.0,0.0009738821218169281,0.0,0.9999999999999999,0.18599027547146046,0.9899222555494844,0.9941798095369399,0.9915297039391266,0.40714285714285714,,0.22750036957387906,1.6379732051097051
r5_final_inverse_map_complete_2026-08-31,end_to_end_original_stress,har,lgbm,1,RidgeAIME,0.1,0.0,300,0,561,561,11.01323687506374,0.9688888888888889,0.0938304932996554,630,270,0.0012217500479891896,X ~= Y A^T,SVD normal-system solve,1.4480964080929732,1.4480420202771997,82.37911633470877,82.38911633470879,119.29290246616495,119.30290246616495,82.38911633470875,1.1930290246616495e-10,43.4305429957494,1,True,1.0,0.0,0.01,1.0,rms,23.68543856465402,0.5698328258474015,0.7548727216209375,0.46566565057444964,0.6834509447876275,2.901375815549165,1.7033425420475956,0.14304277611917515,0.38212812525476153,0.9761021456905143,0.9441568370832257,0.0,0.0,0.0,0.001072781722232018,0.0,0.0873015873015873,1.0,1.0,0.9729624847994567,0.9450751164263828,0.22704186937933063,,0.16078116469933929,1.6377952592167875
r5_final_inverse_map_complete_2026-08-31,end_to_end_original_stress,har,lgbm,1,HuberRidgeAIME,0.1,0.0,300,0,561,561,11.01323687506374,0.9688888888888889,0.0938304932996554,630,270,0.004760417039506137,X ~= Y A^T,SVD normal-system solve,1.6240611449949924,1.6239709214839808,69.15835068911014,69.16835068911016,112.31739020612143,112.32739020612136,69.16835068911013,1.123273902061214e-10,41.581168507703325,7,True,0.9137194899269999,0.1492063492063492,0.01,1.0,rms,23.68543856465402,0.5490184358693376,0.7409577827847803,0.4851833810791447,0.6973337119099887,2.879871856520225,1.6970185197929413,0.1493942363240638,0.3901378059474543,0.9981152696900067,0.9945025379673315,0.3333333333333333,0.0,0.0,0.0011227063742034328,0.0,1.0,0.18553464023701433,0.9833719538103898,0.9943427022266528,0.9901539370196477,0.32387416505063565,,0.21057824857996474,1.6188966896447297
r5_final_inverse_map_complete_2026-08-31,end_to_end_original_stress,har,svm,1,RidgeAIME,0.1,0.0,300,0,561,561,1.2382387910038233,0.8688888888888889,0.2941232671288406,630,270,0.001201458042487502,X ~= Y A^T,SVD normal-system solve,1.6406302328329136,1.6405370881939798,68.76800377605352,68.77800377605352,112.82286604656137,112.83286604656139,68.77800377605347,1.1283286604656141e-10,42.62611369332879,1,True,1.0,0.0,0.01,1.0,rms,23.68543856465402,0.4304791665135931,0.6561091117440704,0.5215780345820356,0.7239382166189208,2.916696468041415,1.7078338525867833,0.12613509111468013,0.3600253807790944,0.9942875124552478,0.9947348810959593,0.25,0.0,0.0,0.001582028037844999,0.0,0.12380952380952381,1.0,1.0,0.9883921640557338,0.9840474174140701,0.2045341483421979,,0.21498605307983382,1.6296757389694394
r5_final_inverse_map_complete_2026-08-31,end_to_end_original_stress,har,svm,1,HuberRidgeAIME,0.1,0.0,300,0,561,561,1.2382387910038233,0.8688888888888889,0.2941232671288406,630,270,0.005242082988843322,X ~= Y A^T,SVD normal-system solve,1.6370940898645197,1.6369961428279536,65.03475400115545,65.0447540011554,106.4680114110845,106.47801141108448,65.04475400115543,1.0647801141108447e-10,41.35264731275382,8,True,0.8845679557669539,0.18888888888888888,0.01,1.0,rms,23.68543856465402,0.42299124136071137,0.6503777681937717,0.529899895771179,0.7291636892582158,2.9091858635490917,1.7056335666106868,0.12838532653762258,0.36285630851531886,0.9977921526225118,0.993403045560775,0.42857142857142855,0.0,0.0,0.001359084722821788,0.0,1.0,0.18959363250986572,0.982770849270673,0.9936883417523109,0.9905322378061545,0.5385447885447886,,0.21404765610680457,1.616503317431949
r5_final_inverse_map_complete_2026-08-31,end_to_end_original_stress,har,mlp,1,RidgeAIME,0.1,0.0,300,0,561,561,0.29744025005493313,0.9133333333333333,0.4128657775936873,630,270,0.001190749928355217,X ~= Y A^T,SVD normal-system solve,1.5069462684857444,1.5068837011578307,81.01411999955323,81.02411999955329,122.08392582798305,122.09392582798307,81.02411999955328,1.2209392582798303e-10,41.60202126841316,1,True,1.0,0.0,0.01,1.0,rms,23.68543856465402,0.4942533468994931,0.7030315404727536,0.496407220204067,0.705174160617283,2.9447771261369122,1.7160352928005043,0.13957956571475572,0.3770947549322379,0.9722898482324573,0.9512300320673336,0.05263157894736842,0.0,0.0,0.0014417632826406448,0.0,0.10793650793650794,1.0,1.0,0.9728169255643794,0.9497866943606947,0.26944444444444443,,0.17807973546365874,1.619114431693882
r5_final_inverse_map_complete_2026-08-31,end_to_end_original_stress,har,mlp,1,HuberRidgeAIME,0.1,0.0,300,0,561,561,0.29744025005493313,0.9133333333333333,0.4128657775936873,630,270,0.00417179090436548,X ~= Y A^T,SVD normal-system solve,1.4854911451714148,1.4854247783507697,73.14268992103553,73.15268992103552,108.65281821171676,108.66281821171677,73.15268992103549,1.0866281821171668e-10,39.885080168748686,6,True,0.9029278537843509,0.15079365079365079,0.01,1.0,rms,23.68543856465402,0.4718551338879105,0.6869171230126022,0.5192286708299907,0.72222750313641,2.924177502288499,1.7100226613377085,0.14559847191327535,0.38553592080986177,0.9980104384772582,0.9956622825849537,0.5384615384615384,0.0,0.0,0.0014367359104718168,0.0,0.9997868712702472,0.19209934984906166,0.9889355731217171,0.9936649691066801,0.9909498639313377,0.366025641025641,,0.17185066410041924,1.6008104693171765
r5_final_inverse_map_complete_2026-08-31,end_to_end_original_stress,har,lgbm,1,RidgeAIME,0.1,0.25,300,100,561,661,11.423499875003472,0.98,0.06617006054413009,630,270,0.0013798750005662441,X ~= Y A^T,SVD normal-system solve,1.4171512553992704,1.4171015503937765,83.91540173078643,83.9254017307865,118.9208169101181,118.93081691011808,83.92540173078646,1.1893081691011803e-10,48.30642905443454,1,True,1.0,0.0,0.01,1.0,rms,25.709920264364882,0.5342736211935726,0.7309402309310745,0.4708681751801763,0.6894269504829805,3.4008066583951857,1.8441276144549177,0.1186517733140281,0.3500058254324849,0.9780826544242619,0.9412531132356181,0.05263157894736842,0.15001339020104185,0.0,0.001153790819104506,0.0,0.09206349206349207,1.0,1.0,0.9744094169243386,0.9428754257383863,0.26883753501400565,,0.15140097317999257,1.6840049344172976
r5_final_inverse_map_complete_2026-08-31,end_to_end_original_stress,har,lgbm,1,HuberRidgeAIME,0.1,0.25,300,100,561,661,11.423499875003472,0.98,0.06617006054413009,630,270,0.0061472500674426556,X ~= Y A^T,SVD normal-system solve,1.5079712443544693,1.5079012807963252,72.59511869665053,72.60511869665045,109.4713514750485,109.48135147504844,72.60511869665044,1.0948135147504843e-10,46.056343201140656,8,True,0.9111438777941782,0.15555555555555556,0.01,1.0,rms,25.709920264364882,0.5107387008215545,0.7146598497338118,0.49417659781128975,0.7038282434021411,3.3775441818172602,1.8378096152260333,0.1246804437265806,0.35719166276014036,0.9974859383207205,0.9926864595479966,0.3333333333333333,0.1498017053336691,0.0,0.0010823231724396971,0.0,1.0,0.19175473058132628,0.984088931182894,0.9940878232113001,0.9891557945918501,0.316521223874165,,0.1783729100955632,1.6632894527204454
r5_final_inverse_map_complete_2026-08-31,end_to_end_original_stress,har,svm,1,RidgeAIME,0.1,0.25,300,100,561,661,1.4952941669616848,0.88,0.2889325819011867,630,270,0.0013285829918459058,X ~= Y A^T,SVD normal-system solve,1.6406542014312844,1.6405619339548059,69.42445576834525,69.4344557683453,113.90152503841601,113.911525038416,69.43445576834526,1.1391152503841595e-10,45.94584265799476,1,True,1.0,0.0,0.01,1.0,rms,25.709920264364882,0.4792689395385634,0.69229252454332,0.49809384951447067,0.7065215145684572,2.499455338041544,1.5809665834677038,0.14779515050693326,0.38785794899682896,0.9943255538045068,0.9981248392249346,0.5384615384615384,0.1486155944801889,0.0,0.0017350129836382314,0.0,0.10952380952380952,1.0,1.0,0.9905832313050403,0.9889091706863462,0.3478937728937729,,0.21499263037405922,1.6622462210023414
r5_final_inverse_map_complete_2026-08-31,end_to_end_original_stress,har,svm,1,HuberRidgeAIME,0.1,0.25,300,100,561,661,1.4952941669616848,0.88,0.2889325819011867,630,270,0.005278208060190082,X ~= Y A^T,SVD normal-system solve,1.592035007304669,1.5919452449074885,65.94579283795635,65.95579283795637,104.98801078248802,104.99801078248802,65.95579283795642,1.0499801078248802e-10,44.958192433266824,7,True,0.8976881293977075,0.173015873015873,0.01,1.0,rms,25.709920264364882,0.4725882142805021,0.6874505176960026,0.5050901240903973,0.7113644811378795,2.4937312417987716,1.5791552304313758,0.1497468167370961,0.3902771105597714,0.9987463480823964,0.9973448709006693,0.42857142857142855,0.14829810231557214,0.0,0.00156748978558463,0.0,0.9999999999999997,0.18657455508050957,0.9851512962923363,0.994995044314263,0.9921903510240784,0.49127343244990296,,0.20192812606277843,1.6528088418839881
r5_final_inverse_map_complete_2026-08-31,end_to_end_original_stress,har,mlp,1,RidgeAIME,0.1,0.25,300,100,561,661,0.35890641703736037,0.9211111111111111,0.4271146115712068,630,270,0.0013535839971154928,X ~= Y A^T,SVD normal-system solve,1.446410962470436,1.446357108718907,82.88319681418693,82.89319681418692,119.88316447663469,119.89316447663472,82.89319681418692,1.1989316447663463e-10,46.77325123217055,1,True,1.0,0.0,0.01,1.0,rms,25.709920264364882,0.484573173423239,0.6961129027846266,0.4929899782432098,0.7036192414078556,3.2455795009421484,1.8015491947049762,0.1233583231048978,0.35523883790028343,0.9802335745603185,0.9602180421052418,0.05263157894736842,0.14769412517869343,0.01,0.0012188893217467828,0.0,0.07936507936507936,1.0,1.0,0.9784616492736659,0.9533973601207629,0.23508970389775344,,0.1602755344511904,1.6699975589851723
r5_final_inverse_map_complete_2026-08-31,end_to_end_original_stress,har,mlp,1,HuberRidgeAIME,0.1,0.25,300,100,561,661,0.35890641703736037,0.9211111111111111,0.4271146115712068,630,270,0.005277415970340371,X ~= Y A^T,SVD normal-system solve,1.4461507649123282,1.4460913617015587,75.09549667798267,75.10549667798267,108.59940996233583,108.60940996233586,75.10549667798263,1.0860940996233585e-10,44.89042745093676,7,True,0.9206368710784246,0.14126984126984127,0.01,1.0,rms,25.709920264364882,0.4656001761056973,0.6823490134130021,0.5128414688133582,0.7165250445676077,3.2254223393767676,1.7959460847633393,0.1288028386100616,0.3623993929617279,0.997933603758193,0.9949859772735731,0.42857142857142855,0.14835876922403435,0.0,0.0011735343340159492,0.0,1.0,0.1939945161509423,0.9832784533997593,0.9944860283175956,0.9910330157339862,0.4315664727429433,,0.1601957318446986,1.6521537408148692
r5_final_inverse_map_complete_2026-08-31,end_to_end_original_stress,har,lgbm,1,RidgeAIME,0.1,0.5,300,100,561,661,11.481846250011586,0.9777777777777777,0.06306612169618565,630,270,0.0013246249873191118,X ~= Y A^T,SVD normal-system solve,1.4805869216285044,1.480527147226835,80.39012249297421,80.40012249297412,119.02456399121108,119.03456399121107,80.40012249297409,1.1903456399121102e-10,47.15890702469524,1,True,1.0,0.0,0.01,1.0,rms,25.709920264364882,0.5092190208893389,0.7135958386154861,0.47540530405078085,0.6918290802179492,2.869510359261991,1.693962915550984,0.13636263349045663,0.3737685845618644,0.97308846527196,0.9424145374478476,0.05263157894736842,0.14545029444063762,0.01,0.0012756457082257213,0.0,0.10634920634920635,1.0,1.0,0.9708675080522579,0.9412329699451656,0.19055727554179566,,0.17041637510439395,1.6735637311422142
r5_final_inverse_map_complete_2026-08-31,end_to_end_original_stress,har,lgbm,1,HuberRidgeAIME,0.1,0.5,300,100,561,661,11.481846250011586,0.9777777777777777,0.06306612169618565,630,270,0.0062546670669689775,X ~= Y A^T,SVD normal-system solve,1.5882603526207666,1.5881753140803139,69.16573484780831,69.17573484780831,109.85319441865447,109.86319441865449,69.17573484780836,1.0986319441865447e-10,44.76626058362389,8,True,0.9013926523968062,0.16984126984126985,0.01,1.0,rms,25.709920264364882,0.48277459751767315,0.6948198309761122,0.5026482067490801,0.7094224520012709,2.8433128867289654,1.6862125864578776,0.14424729440990602,0.38318576280006406,0.9973204767119005,0.9918624475179153,0.17647058823529413,0.1454276777440276,0.0,0.0012161552332904083,0.0,1.0000000000000002,0.1923147975452924,0.9857766955141266,0.9937062161170989,0.9872870331628233,0.3478937728937729,,0.20089844124926526,1.650950818401222
r5_final_inverse_map_complete_2026-08-31,end_to_end_original_stress,har,svm,1,RidgeAIME,0.1,0.5,300,100,561,661,1.4814558330690488,0.8888888888888888,0.25876960676767274,630,270,0.0013220419641584158,X ~= Y A^T,SVD normal-system solve,1.5542925332129023,1.5542142241176338,70.77265063736341,70.78265063736339,110.0014024413393,110.01140244133927,70.7826506373634,1.1001140244133925e-10,46.30081900426704,1,True,1.0,0.0,0.01,1.0,rms,25.709920264364882,0.4804049443674387,0.6931125048413416,0.5108136735729019,0.715327418361504,3.597151847226088,1.8966158934339046,0.10791613730484095,0.33272365736931453,0.9951334977753067,0.9955634899784164,0.17647058823529413,0.1457063052284029,0.0,0.001196206895776186,0.0,0.09523809523809523,1.0,1.0,0.990713633562048,0.9858715727462615,0.40412087912087913,,0.1915108792912027,1.6655886732185572
r5_final_inverse_map_complete_2026-08-31,end_to_end_original_stress,har,svm,1,HuberRidgeAIME,0.1,0.5,300,100,561,661,1.4814558330690488,0.8888888888888888,0.25876960676767274,630,270,0.005907916929572821,X ~= Y A^T,SVD normal-system solve,1.6059679702052283,1.6058741800352532,64.59889988430395,64.60889988430395,103.74376412468636,103.75376412468637,64.60889988430395,1.0375376412468635e-10,45.002006823971875,8,True,0.9059311232845167,0.15873015873015872,0.01,1.0,rms,25.709920264364882,0.47502001500909113,0.6892169578652945,0.5162970347284537,0.7193909258285054,3.5923518440446194,1.8953500584442493,0.1091065250229395,0.334630674866697,0.9986659369711958,0.9963083272146938,0.5384615384615384,0.1454828545471693,0.0,0.0011314257511652304,0.0,1.0,0.185872324016254,0.9817267863653865,0.9950585984576297,0.9915491579552258,0.48589743589743584,,0.2057115153779184,1.6532318811785391
r5_final_inverse_map_complete_2026-08-31,end_to_end_original_stress,har,mlp,1,RidgeAIME,0.1,0.5,300,100,561,661,0.25132870802190155,0.9088888888888889,0.3305914437016344,630,270,0.001331958919763565,X ~= Y A^T,SVD normal-system solve,1.594122077003905,1.5940393441050313,71.8020705423207,71.81207054232075,114.46126582610519,114.47126582610522,71.8120705423208,1.1447126582610517e-10,46.80171731830884,1,True,1.0,0.0,0.01,1.0,rms,25.709920264364882,0.5770524500234171,0.7596396843395012,0.4710444078905074,0.6876811162238121,3.427407518088783,1.8513258811156892,0.12746878962635633,0.36136414832698244,0.9747603894752701,0.9512385900313791,0.05263157894736842,0.14665560447762027,0.01,0.0010603645366053,0.0,0.09523809523809523,1.0,1.0,0.9721243486171017,0.9487451203950968,0.2790095525389643,,0.20249903645585193,1.6702617891463811
r5_final_inverse_map_complete_2026-08-31,end_to_end_original_stress,har,mlp,1,HuberRidgeAIME,0.1,0.5,300,100,561,661,0.25132870802190155,0.9088888888888889,0.3305914437016344,630,270,0.005231959046795964,X ~= Y A^T,SVD normal-system solve,1.6554623815662894,1.6553602778410026,64.18573622134686,64.19573622134692,106.25707174757652,106.26707174757655,64.19573622134689,1.0626707174757652e-10,44.74538213078781,7,True,0.910464419164495,0.14126984126984127,0.01,1.0,rms,25.709920264364882,0.5596668117406185,0.7481088234612786,0.48698096719582873,0.7001970067155584,3.4102541835879987,1.846687354044533,0.13183559445914128,0.3681448378849955,0.9976998099956689,0.9943431469219918,0.42857142857142855,0.1456846676921168,0.0,0.0010720288005957664,0.0,1.0,0.1887048267977204,0.9864391130978395,0.99373045178201,0.9896944988180918,0.37968677349482294,,0.2188925296223798,1.6507482213591644
r5_final_inverse_map_complete_2026-08-31,end_to_end_original_stress,har,lgbm,2,RidgeAIME,0.05,0.0,150,0,561,561,10.964359666919336,0.9811111111111112,0.09659905010365724,630,270,0.0011759580811485648,X ~= Y A^T,SVD normal-system solve,1.4247355762441736,1.4246847305820096,83.5242796557813,83.53427965578133,119.00001270575908,119.01001270575907,83.53427965578142,1.19010012705759e-10,43.52324142793483,1,True,1.0,0.0,0.01,1.0,rms,23.68543856465402,0.4841136009876143,0.6957827254162138,0.5001877637183909,0.7086688582448255,2.467800526558059,1.5709234629854056,0.15988723189399512,0.40356950441943,0.9884390160800165,0.9728802860951435,0.1111111111111111,0.0,0.0,0.0012093318560072667,0.0,0.050793650793650794,1.0,1.0,0.9850160264219614,0.9662881831719284,0.385568842921784,,0.15371876966595963,1.638721232320712
r5_final_inverse_map_complete_2026-08-31,end_to_end_original_stress,har,lgbm,2,HuberRidgeAIME,0.05,0.0,150,0,561,561,10.964359666919336,0.9811111111111112,0.09659905010365724,630,270,0.005269000073894858,X ~= Y A^T,SVD normal-system solve,1.4953714908752649,1.495306572588421,76.29692597642028,76.30692597642027,114.09224794655933,114.10224794655934,76.30692597642036,1.1410224794655942e-10,41.87120341125011,8,True,0.9409617276798112,0.12063492063492064,0.01,1.0,rms,23.68543856465402,0.47055157195883784,0.6859676172814849,0.5141895766060283,0.7175639926068647,2.454555370853468,1.5667020683121178,0.16439627721724048,0.4084353054966192,0.9979147922185324,0.9943572258102431,0.42857142857142855,0.0,0.0,0.0010736600779259094,0.0,1.0,0.1865482492143848,0.981331679704717,0.994638923234309,0.9894299456158755,0.3990842490842491,,0.17473024224830072,1.6219154430348857
r5_final_inverse_map_complete_2026-08-31,end_to_end_original_stress,har,svm,2,RidgeAIME,0.05,0.0,150,0,561,561,1.113291708054021,0.9333333333333333,0.18712196323678237,630,270,0.001226249965839088,X ~= Y A^T,SVD normal-system solve,1.5065133959603998,1.5064468896181098,76.15016435791374,76.16016435791377,114.72124270978323,114.73124270978323,76.16016435791379,1.1473124270978326e-10,40.81286826402014,1,True,1.0,0.0,0.01,1.0,rms,23.68543856465402,0.5674349661782951,0.7532827929657594,0.4833727670634934,0.69781866365159,1.9248255844594016,1.387380836129504,0.2098986130159486,0.46226482607907265,0.9971240007395866,0.9991831458560693,1.0,0.0,0.0,0.0012372902920793605,0.0,0.05555555555555555,1.0,1.0,0.992661807947844,0.991300420847731,0.4330963154492566,,0.17795382505526086,1.610797117377134
r5_final_inverse_map_complete_2026-08-31,end_to_end_original_stress,har,svm,2,HuberRidgeAIME,0.05,0.0,150,0,561,561,1.113291708054021,0.9333333333333333,0.18712196323678237,630,270,0.004718584008514881,X ~= Y A^T,SVD normal-system solve,1.4925572858123284,1.492490838471665,74.11746407832081,74.12746407832084,110.62456101603125,110.6345610160313,74.12746407832091,1.1063456101603138e-10,40.302433304208684,7,True,0.9436901705641687,0.10158730158730159,0.01,1.0,rms,23.68543856465402,0.5680788243830733,0.7537100399908929,0.48278655947572635,0.6979063938192123,1.9255297246475955,1.3876345789319302,0.20960957792424206,0.46231940867648147,0.9993570112068366,0.9990566264077906,1.0,0.0,0.0,0.0011603287997106362,0.0,1.0,0.19064148924220492,0.987987151818402,0.9949623167246056,0.9928300106843124,0.5645021645021645,,0.17391167392977294,1.605331267944785
r5_final_inverse_map_complete_2026-08-31,end_to_end_original_stress,har,mlp,2,RidgeAIME,0.05,0.0,150,0,561,561,0.15705716703087091,0.9077777777777778,0.3261986081616912,630,270,0.0011844170512631536,X ~= Y A^T,SVD normal-system solve,2.2039007911064394,2.203671684753718,52.53768262894521,52.54768262894519,115.78784030883139,115.79784030883134,52.547682628945246,1.1579784030883136e-10,43.505436375773414,1,True,1.0,0.0,0.01,1.0,rms,23.68543856465402,0.46643171234186537,0.6829580604560322,0.5047225260283684,0.7115770509447646,2.649055242108462,1.6275918536624783,0.1491495254035935,0.39022419423498556,0.9897715811689505,0.9831819189266663,0.1111111111111111,0.0,0.0,0.001195121394645776,0.0,0.03650793650793651,1.0,1.0,0.9851301863573123,0.9724168482092541,0.2455939055784257,,0.34314689139533394,1.6385435291496027
r5_final_inverse_map_complete_2026-08-31,end_to_end_original_stress,har,mlp,2,HuberRidgeAIME,0.05,0.0,150,0,561,561,0.15705716703087091,0.9077777777777778,0.3261986081616912,630,270,0.004696209100075066,X ~= Y A^T,SVD normal-system solve,2.1772492476546628,2.177018424507969,50.99221812741257,51.002218127412576,111.02276855415147,111.0327685541515,51.002218127412604,1.1103276855415148e-10,42.36309801055438,7,True,0.9552504241342078,0.09682539682539683,0.01,1.0,rms,23.68543856465402,0.45776112437325256,0.6765804640789242,0.5139293333558168,0.7173471281905881,2.6400734062278346,1.6248302699752473,0.15203440269882718,0.39349611697775416,0.9988589100991235,0.9973734045993853,0.6666666666666666,0.0,0.0,0.0011024970211032455,0.0,0.9999999999999998,0.19840896288785656,0.9839281071797863,0.9942900354937242,0.9916157694746304,0.41245421245421243,,0.3378621045708522,1.6269877125235295
r5_final_inverse_map_complete_2026-08-31,end_to_end_original_stress,har,lgbm,2,RidgeAIME,0.05,0.25,150,100,561,661,11.594782750005834,0.9788888888888889,0.09305004491802318,630,270,0.0013555419864133,X ~= Y A^T,SVD normal-system solve,1.4648082622039689,1.464751358643317,81.67351099112165,81.68351099112165,119.63603370300164,119.64603370300175,81.6835109911217,1.1964603370300175e-10,46.063822412350156,1,True,1.0,0.0,0.01,1.0,rms,25.709920264364882,0.5166602380720846,0.7187908166303216,0.4932880028353591,0.7029046307141814,1.7336097627180587,1.3166661546185725,0.223618152195048,0.47522001411986703,0.9837309711484344,0.9625316455065462,0.0,0.14017858304371833,0.01,0.0012154815897023699,0.0,0.06031746031746032,1.0,1.0,0.9821325000900837,0.9657127578373883,0.3116946778711484,,0.1657639095135,1.6633599732225044
r5_final_inverse_map_complete_2026-08-31,end_to_end_original_stress,har,lgbm,2,HuberRidgeAIME,0.05,0.25,150,100,561,661,11.594782750005834,0.9788888888888889,0.09305004491802318,630,270,0.0053635420044884086,X ~= Y A^T,SVD normal-system solve,1.5534249626200278,1.5533496072085708,73.43196679623965,73.44196679623964,114.0710502755637,114.08105027556374,73.44196679623967,1.1408105027556366e-10,44.56953100798981,7,True,0.9374299046605771,0.13015873015873017,0.01,1.0,rms,25.709920264364882,0.5026796072567065,0.7089990178108193,0.5069994380108553,0.7129898058203346,1.719761796351479,1.3113968874263349,0.22981984184126314,0.48198535053410496,0.998852204264487,0.9965249516111756,0.42857142857142855,0.13974853899266404,0.01,0.0011412687813120222,0.0,0.9999999999999999,0.18983378771033288,0.9854174932485996,0.9945484738114148,0.9897825986692987,0.5103396603396604,,0.19126921193848714,1.6490380641576659
r5_final_inverse_map_complete_2026-08-31,end_to_end_original_stress,har,svm,2,RidgeAIME,0.05,0.25,150,100,561,661,1.2770681249676272,0.9211111111111111,0.18890584680721134,630,270,0.0015170000260695815,X ~= Y A^T,SVD normal-system solve,1.50687748113102,1.5068103593295,75.50607222333078,75.51607222333078,113.77839992198955,113.78839992198952,75.51607222333078,1.1378839992198954e-10,45.93081130651483,1,True,1.0,0.0,0.01,1.0,rms,25.709920264364882,0.6073888256079741,0.7793515417370868,0.44629029967713585,0.6688506355280867,1.822614551817866,1.3500424259325579,0.20324928391337493,0.4532699865050531,0.9972779845205323,0.9982879463637835,0.42857142857142855,0.139723952097122,0.0,0.0011267141919322691,0.0,0.050793650793650794,1.0,1.0,0.9927029771270046,0.9898803465823134,0.3153307476836889,,0.1780585973184431,1.6621041167183948
r5_final_inverse_map_complete_2026-08-31,end_to_end_original_stress,har,svm,2,HuberRidgeAIME,0.05,0.25,150,100,561,661,1.2770681249676272,0.9211111111111111,0.18890584680721134,630,270,0.005360667011700571,X ~= Y A^T,SVD normal-system solve,1.5365864730318186,1.5365117895714164,71.83809998681659,71.84809998681659,110.38545268804964,110.39545268804963,71.84809998681656,1.1039545268804969e-10,45.12352323684875,7,True,0.9435500332512462,0.11746031746031746,0.01,1.0,rms,25.709920264364882,0.6058620443059614,0.7783714051183801,0.4476821488214625,0.6699620888629103,1.8209014649127366,1.3494078200872917,0.20399815493331674,0.45413361799692054,0.999342548454441,0.99877435923372,0.8181818181818182,0.1396214791902515,0.0,0.0010329449312047915,0.0,1.0,0.18675991087633753,0.9840471635455559,0.9947509847083564,0.9916686991861473,0.5514152514152515,,0.1865358969231271,1.6544030019368208
r5_final_inverse_map_complete_2026-08-31,end_to_end_original_stress,har,mlp,2,RidgeAIME,0.05,0.25,150,100,561,661,0.2847897500032559,0.9322222222222222,0.2965823679355307,630,270,0.0013306670589372516,X ~= Y A^T,SVD normal-system solve,1.5458155337363912,1.5457422540892165,74.47391944845491,74.48391944845496,115.12294154165433,115.13294154165439,74.48391944845487,1.1513294154165431e-10,46.45023603228009,1,True,1.0,0.0,0.01,1.0,rms,25.709920264364882,0.5671836963263667,0.7531159912831268,0.452727715355956,0.6739451793400707,1.8746810877682791,1.3691899385287196,0.1998495407199179,0.44976256985819635,0.9869817976677981,0.9764836527423457,0.0,0.1410371223376849,0.02,0.0010074753143350192,0.0,0.050793650793650794,1.0,1.0,0.9837014078540044,0.9691442351999688,0.24542483660130715,,0.1891370788715506,1.666987925159722
r5_final_inverse_map_complete_2026-08-31,end_to_end_original_stress,har,mlp,2,HuberRidgeAIME,0.05,0.25,150,100,561,661,0.2847897500032559,0.9322222222222222,0.2965823679355307,630,270,0.005398125038482249,X ~= Y A^T,SVD normal-system solve,1.5965445060193288,1.5964596201956185,70.26610500094691,70.27610500094688,112.18296389863907,112.19296389863906,70.27610500094691,1.121929638986391e-10,45.040605480817916,7,True,0.9442809042216634,0.12063492063492064,0.01,1.0,rms,25.709920264364882,0.5564653731997142,0.7459660670564809,0.46306976366070995,0.6809337873037731,1.863819627647293,1.3652177949496898,0.2044854237834236,0.45454607948053194,0.9990129804682942,0.9974562890111833,0.3333333333333333,0.13999800449243122,0.0,0.0009327896404490797,0.0,1.0,0.1897554750950505,0.9846568469174021,0.9951854930652431,0.9911717782973458,0.42973497091144147,,0.20315793825410283,1.6536042201028511
r5_final_inverse_map_complete_2026-08-31,end_to_end_original_stress,har,lgbm,2,RidgeAIME,0.05,0.5,150,100,561,661,11.528993292013183,0.9788888888888889,0.060323288242489885,630,270,0.001324750017374754,X ~= Y A^T,SVD normal-system solve,1.425755114123993,1.4257041504951213,83.53097295409844,83.54097295409842,119.0947118770588,119.10471187705879,83.54097295409845,1.1910471187705877e-10,45.53375892415336,1,True,1.0,0.0,0.01,1.0,rms,25.709920264364882,0.5939099885470572,0.7706555576566338,0.4541870913848616,0.6744665517554681,1.9192250370129165,1.3853609771510516,0.202807479791141,0.45270030908398307,0.9890625620375949,0.9789283900451168,0.05263157894736842,0.1463892245308966,0.01,0.0009496960565877333,0.0,0.04285714285714286,1.0,1.0,0.9818880672009247,0.9649593852509263,0.19481792717086835,,0.15402941391862426,1.6583335038692093
r5_final_inverse_map_complete_2026-08-31,end_to_end_original_stress,har,lgbm,2,HuberRidgeAIME,0.05,0.5,150,100,561,661,11.528993292013183,0.9788888888888889,0.060323288242489885,630,270,0.005858125048689544,X ~= Y A^T,SVD normal-system solve,1.5083054169748311,1.5082386192954393,76.0862688524779,76.09626885247788,114.76133146759578,114.77133146759579,76.09626885247786,1.1477133146759575e-10,44.08616651865872,8,True,0.948597864426268,0.1126984126984127,0.01,1.0,rms,25.709920264364882,0.5859022755046623,0.7654425357299282,0.46154630950092235,0.6801670109709061,1.9105419405424537,1.3822235494095931,0.20641419574420006,0.45683330381148884,0.9986203571665637,0.9963765741833754,0.3333333333333333,0.14565038868960523,0.0,0.000883679362434117,0.0,1.0,0.18820666036404252,0.9826452317723376,0.9945356698377484,0.9903193302696603,0.4286360698125403,,0.17847005694827067,1.64430233669944
r5_final_inverse_map_complete_2026-08-31,end_to_end_original_stress,har,svm,2,RidgeAIME,0.05,0.5,150,100,561,661,1.3303282919805497,0.9288888888888889,0.17461558715711328,630,270,0.0013161670649424195,X ~= Y A^T,SVD normal-system solve,1.3980703922728037,1.3980201994398969,79.2982137857986,79.30821378579854,110.8644848540441,110.87448485404406,79.30821378579857,1.1087448485404403e-10,45.697626482118366,1,True,1.0,0.0,0.01,1.0,rms,25.709920264364882,0.5101740523649918,0.7142646934890396,0.48981527980211825,0.7007144528782241,1.6600598217198173,1.288433087793005,0.2179940966910462,0.46956708082903337,0.9970797028393431,0.9963480496512598,0.17647058823529413,0.14624517295441739,0.0,0.0008633074579291973,0.0,0.05238095238095238,1.0,1.0,0.9924167028676406,0.987883901021737,0.37646520146520146,,0.1455134464038752,1.6598936435602647
r5_final_inverse_map_complete_2026-08-31,end_to_end_original_stress,har,svm,2,HuberRidgeAIME,0.05,0.5,150,100,561,661,1.3303282919805497,0.9288888888888889,0.17461558715711328,630,270,0.005852375063113868,X ~= Y A^T,SVD normal-system solve,1.4395822997087324,1.4395237018936926,75.00684139742698,75.01684139742699,107.97852123279608,107.9885212327961,75.01684139742693,1.079885212327961e-10,44.83466508943977,8,True,0.9416249361102635,0.11587301587301588,0.01,1.0,rms,25.709920264364882,0.5072541893672402,0.71221779630057,0.49273520385474,0.7028943950419495,1.6573156000665037,1.2873677019664986,0.21928681970307373,0.47094954900702424,0.9988267126864594,0.9967853080834791,0.6666666666666666,0.14640020825166683,0.0,0.0008014489245395176,0.0,1.0,0.18966920119227082,0.983190328492665,0.995074744534055,0.9922656896224114,0.2981792717086834,,0.1582188199726269,1.6516139299698034
r5_final_inverse_map_complete_2026-08-31,end_to_end_original_stress,har,mlp,2,RidgeAIME,0.05,0.5,150,100,561,661,0.2701987080508843,0.9355555555555556,0.3987325955510749,630,270,0.0013094170717522502,X ~= Y A^T,SVD normal-system solve,1.4891443637865138,1.489083323246692,80.12434435861456,80.13434435861458,119.31671580372063,119.3267158037206,80.13434435861457,1.193267158037207e-10,47.00139056579999,1,True,1.0,0.0,0.01,1.0,rms,25.709920264364882,0.4990718108935058,0.7064501474934418,0.47125904972436405,0.6898302940018337,2.2325294382358347,1.4941651308459298,0.1661219592317722,0.41212672334190376,0.9857550020120283,0.9651428347767683,0.05263157894736842,0.1461294311384595,0.0,0.001007392388949354,0.0,0.05238095238095238,1.0,1.0,0.9815662666279537,0.9599209000204014,0.29600840336134454,,0.1729189998433766,1.6721107070020997
r5_final_inverse_map_complete_2026-08-31,end_to_end_original_stress,har,mlp,2,HuberRidgeAIME,0.05,0.5,150,100,561,661,0.2701987080508843,0.9355555555555556,0.3987325955510749,630,270,0.005840125028043985,X ~= Y A^T,SVD normal-system solve,1.5621012367879539,1.5620232928448956,72.10608942663052,72.11608942663052,112.63701147328234,112.64701147328238,72.11608942663057,1.1264701147328243e-10,45.48188882784193,8,True,0.9433485146423274,0.11428571428571428,0.01,1.0,rms,25.709920264364882,0.48431538463035156,0.6959277150899736,0.48689272542943696,0.6989965249968613,2.218597681894548,1.4894957810932354,0.17132564679949924,0.417200561487618,0.9987979338107844,0.9965854909313393,0.17647058823529413,0.1462974402131997,0.0,0.0009877593748015329,0.0,1.0,0.18470384324858655,0.9852836472319311,0.9947641831180795,0.9901350977956964,0.4451465201465202,,0.1936875057759686,1.6578384923058338
r5_final_inverse_map_complete_2026-08-31,end_to_end_original_stress,har,lgbm,2,RidgeAIME,0.1,0.0,300,0,561,561,11.497097916901112,0.9833333333333333,0.05057965931632916,630,270,0.0013373750261962414,X ~= Y A^T,SVD normal-system solve,1.4327947056399664,1.4327426073624332,83.06274753414316,83.07274753414322,119.01186490282949,119.02186490282949,83.07274753414318,1.1902186490282947e-10,42.84049921713503,1,True,1.0,0.0,0.01,1.0,rms,23.68543856465402,0.6139301916897512,0.7835369753175349,0.4428263069204329,0.666382910667453,3.226871227700176,1.7963494169287266,0.1302516631897085,0.3651243656706629,0.9739808135233754,0.9415930426334566,0.05263157894736842,0.0,0.0,0.0010695595073423614,0.0,0.10634920634920635,1.0,1.0,0.9675520924663192,0.9361476460529212,0.22418300653594772,,0.15616817627130875,1.6318545229904386
r5_final_inverse_map_complete_2026-08-31,end_to_end_original_stress,har,lgbm,2,HuberRidgeAIME,0.1,0.0,300,0,561,561,11.497097916901112,0.9833333333333333,0.05057965931632916,630,270,0.004728458006866276,X ~= Y A^T,SVD normal-system solve,1.5440181648967723,1.5439419243329524,71.34547504533357,71.35547504533368,110.15870945318441,110.16870945318443,71.3554750453336,1.1016870945318447e-10,41.2272406924535,7,True,0.8975200693916559,0.17777777777777778,0.01,1.0,rms,23.68543856465402,0.5910971639218962,0.7688284359477712,0.4635484713909386,0.6815552957454566,3.204948755455132,1.7902370668308518,0.13616049326951496,0.37313178743684394,0.9981053430123774,0.9936315485879645,0.3333333333333333,0.0,0.0,0.0010376739031907752,0.0,1.0,0.19423496237194934,0.9812147446497735,0.9934825211476287,0.9869343567255437,0.38232959850606907,,0.18863096023800122,1.6151842687780062
r5_final_inverse_map_complete_2026-08-31,end_to_end_original_stress,har,svm,2,RidgeAIME,0.1,0.0,300,0,561,561,1.2900740830227733,0.8844444444444445,0.2748309973094299,630,270,0.001198458019644022,X ~= Y A^T,SVD normal-system solve,1.5382226664253054,1.538148146560149,72.21539457022014,72.22539457022016,111.08335679275955,111.0933567927596,72.22539457022013,1.1109335679275958e-10,43.00875012932806,1,True,1.0,0.0,0.01,1.0,rms,23.68543856465402,0.5176702624932221,0.719493059378075,0.4888851558704673,0.7001989067915189,3.445299757238063,1.856151868042608,0.11177927503422957,0.33889892316538983,0.9947379678509123,0.9980684629597518,0.6666666666666666,0.0,0.0,0.0013661284092322222,0.0,0.10634920634920635,1.0,1.0,0.9906333698339678,0.9853815631720174,0.3238741650506356,,0.186998166502521,1.6335568217723404
r5_final_inverse_map_complete_2026-08-31,end_to_end_original_stress,har,svm,2,HuberRidgeAIME,0.1,0.0,300,0,561,561,1.2900740830227733,0.8844444444444445,0.2748309973094299,630,270,0.00550762505736202,X ~= Y A^T,SVD normal-system solve,1.5208617318580435,1.5207850085570482,67.87833706181037,67.8883370618103,103.23356525946895,103.24356525946897,67.8883370618103,1.0324356525946894e-10,41.88408471637309,8,True,0.8987484872108765,0.16666666666666666,0.01,1.0,rms,23.68543856465402,0.5116484324896006,0.7152960453473797,0.4948307295815242,0.704300281880342,3.440648105422046,1.85489840838307,0.11297850117983,0.34061639351973183,0.999108897839344,0.9982606379476691,1.0,0.0,0.0,0.001228044466870333,0.0,1.0,0.18967662507580424,0.9831318171630078,0.994735837043075,0.990186431738661,0.32268368886015947,,0.18206782273360983,1.6220490293409875
r5_final_inverse_map_complete_2026-08-31,end_to_end_original_stress,har,mlp,2,RidgeAIME,0.1,0.0,300,0,561,561,0.24239799997303635,0.9055555555555556,0.42650199469795946,630,270,0.0011847090208902955,X ~= Y A^T,SVD normal-system solve,1.6257836346095196,1.625696751623909,72.01602790598265,72.02602790598267,117.08247959912907,117.09247959912905,72.02602790598267,1.1709247959912906e-10,44.06729891555476,1,True,1.0,0.0,0.01,1.0,rms,23.68543856465402,0.5070345953516165,0.7120636174890671,0.4654012204382396,0.6866896059118273,4.234874947515544,2.0578811791538265,0.09280329078047667,0.31136608584404796,0.9762589389051617,0.9531142644952845,0.1111111111111111,0.0,0.0,0.0013927038544468563,0.0,0.1,1.0,1.0,0.9717635137425576,0.9450526195596323,0.2774222509516627,,0.21103953795003885,1.6441164314488739
r5_final_inverse_map_complete_2026-08-31,end_to_end_original_stress,har,mlp,2,HuberRidgeAIME,0.1,0.0,300,0,561,561,0.24239799997303635,0.9055555555555556,0.42650199469795946,630,270,0.0048473329516127706,X ~= Y A^T,SVD normal-system solve,1.5892693324711344,1.5891818623819958,67.35809557003114,67.36809557003112,107.05015558311027,107.06015558311033,67.36809557003112,1.0706015558311023e-10,42.47714079566934,7,True,0.9060383156717343,0.15873015873015872,0.01,1.0,rms,23.68543856465402,0.48361732913902894,0.6954260055095933,0.4900915316175797,0.7014016348461938,4.211212428850533,2.0521238824326695,0.09787228557507799,0.3182699776888741,0.9983260476956466,0.9953153481107453,0.42857142857142855,0.0,0.0,0.0012834434780927052,0.0,0.9999999999999998,0.19077572444469593,0.985511936919183,0.9939168567241861,0.9869042612192078,0.34573934837092735,,0.20117359973069177,1.628155276000575
r5_final_inverse_map_complete_2026-08-31,end_to_end_original_stress,har,lgbm,2,RidgeAIME,0.1,0.25,300,100,561,661,11.827989750076085,0.9788888888888889,0.05578864304990805,630,270,0.0014729580143466592,X ~= Y A^T,SVD normal-system solve,1.3792219695639176,1.3791780146467598,86.26520971072448,86.27520971072444,118.9788724420698,118.98887244206978,86.27520971072445,1.189888724420698e-10,47.674224349495844,1,True,1.0,0.0,0.01,1.0,rms,25.709920264364882,0.4719024664011535,0.686951575004493,0.4986925927992947,0.7089278326143692,2.6473606268260346,1.627071180626722,0.14781455846730973,0.3888136355897765,0.9759959451595698,0.9471888128322818,0.05263157894736842,0.1539639018522315,0.01,0.0013362317250737038,0.0,0.09682539682539683,1.0,1.0,0.9744905733785432,0.9502111479573075,0.2627794977640179,,0.13962032548636746,1.678283635887437
r5_final_inverse_map_complete_2026-08-31,end_to_end_original_stress,har,lgbm,2,HuberRidgeAIME,0.1,0.25,300,100,561,661,11.827989750076085,0.9788888888888889,0.05578864304990805,630,270,0.006129333050921559,X ~= Y A^T,SVD normal-system solve,1.3815640912934453,1.3815144081211153,76.7894621498766,76.79946214987658,106.08956349600668,106.09956349600672,76.7994621498766,1.0609956349600668e-10,45.19081145522681,8,True,0.9032046511337801,0.1746031746031746,0.01,1.0,rms,25.709920264364882,0.44533737006507007,0.6673360248518508,0.5269129995876716,0.7266291732200274,2.6202086619976965,1.6187058602469124,0.15655477651741279,0.398714553412885,0.9974245957308354,0.9906882672512656,0.42857142857142855,0.15372848618793936,0.0,0.0012672358319712803,0.0,0.9997355896351138,0.19044163149300292,0.979616855348345,0.9941171084346585,0.988052878193012,0.3673382173382173,,0.14035541862992076,1.6550501396795823
r5_final_inverse_map_complete_2026-08-31,end_to_end_original_stress,har,svm,2,RidgeAIME,0.1,0.25,300,100,561,661,1.4605809159111232,0.8911111111111111,0.2656704162778285,630,270,0.0013397919246926904,X ~= Y A^T,SVD normal-system solve,1.6564552959152656,1.6563573613562284,67.01999455618072,67.02999455618068,111.01562491479783,111.02562491479779,67.02999455618068,1.1102562491479779e-10,46.43085432507605,1,True,1.0,0.0,0.01,1.0,rms,25.709920264364882,0.5064887036640594,0.7116801976056798,0.49883221826160473,0.7068362180589216,2.5136633228006633,1.5854536646653106,0.15514541832736828,0.3967883740503274,0.9946279632367002,0.9977423030196579,0.42857142857142855,0.1541526453531588,0.02,0.0012286653891462021,0.0,0.10952380952380952,1.0,1.0,0.9891437147683793,0.9837328941152226,0.24204014939309054,,0.21915404218408993,1.6668066747334325
r5_final_inverse_map_complete_2026-08-31,end_to_end_original_stress,har,svm,2,HuberRidgeAIME,0.1,0.25,300,100,561,661,1.4605809159111232,0.8911111111111111,0.2656704162778285,630,270,0.005482541979290545,X ~= Y A^T,SVD normal-system solve,1.5971332215255896,1.5970395906461632,63.76524436213979,63.7752443621398,101.84159014947076,101.85159014947078,63.775244362139794,1.0185159014947074e-10,45.24878601764215,7,True,0.8938092252212106,0.18253968253968253,0.01,1.0,rms,25.709920264364882,0.5013224934371385,0.7080413077194991,0.5039441548175234,0.7106058581892049,2.5073150954989396,1.583450376708705,0.15727908868517304,0.39952956307496834,0.9989572343539425,0.9985941539958682,1.0,0.15421117162375514,0.01,0.0011222050223474215,0.0,0.9989338950935116,0.19148616804456492,0.9801912055156646,0.9941844873416011,0.9899628246300644,0.42588881706528764,,0.20331568244157755,1.6556069319851654
r5_final_inverse_map_complete_2026-08-31,end_to_end_original_stress,har,mlp,2,RidgeAIME,0.1,0.25,300,100,561,661,0.1755921250442043,0.8922222222222222,0.39455798724477864,630,270,0.0013259999686852098,X ~= Y A^T,SVD normal-system solve,1.9903156534651834,1.9901476126266087,58.92303448483421,58.93303448483419,117.27543788483433,117.28543788483437,58.93303448483419,1.1728543788483434e-10,48.4042719263645,1,True,1.0,0.0,0.01,1.0,rms,25.709920264364882,0.5154507646106301,0.7179489986138501,0.5039596009225116,0.7108671615799264,2.8286031892640646,1.681845173987209,0.15241020436284625,0.3937995177142385,0.9724674135168843,0.9503995158849222,0.05263157894736842,0.15532083288011317,0.03,0.0012322340607215855,0.0,0.09523809523809523,1.0,1.0,0.9650595502825917,0.919527332227809,0.2348972922502334,,0.2988852899633052,1.6848836920612729
r5_final_inverse_map_complete_2026-08-31,end_to_end_original_stress,har,mlp,2,HuberRidgeAIME,0.1,0.25,300,100,561,661,0.1755921250442043,0.8922222222222222,0.39455798724477864,630,270,0.005287832929752767,X ~= Y A^T,SVD normal-system solve,2.0201300326724723,2.019937964325406,53.10286571926172,53.11286571926172,107.2746938604541,107.28469386045415,53.11286571926171,1.0728469386045418e-10,45.84299584696942,7,True,0.907502231460921,0.15714285714285714,0.01,1.0,rms,25.709920264364882,0.49660970051175307,0.7047053998031753,0.5220911657514267,0.7242960880448992,2.8109392733915697,1.6765855997805688,0.15770318957241714,0.40093478610233213,0.9973978561188562,0.992482653531934,0.25,0.15404361442394754,0.01,0.0011174700688557945,0.0,1.0,0.19177388363367495,0.9828420575479996,0.9930172847963338,0.9865640850275958,0.2725957049486461,,0.3053380317412444,1.661272991099247
r5_final_inverse_map_complete_2026-08-31,end_to_end_original_stress,har,lgbm,2,RidgeAIME,0.1,0.5,300,100,561,661,11.45191620895639,0.9766666666666667,0.06166154540910414,630,270,0.0013270409544929862,X ~= Y A^T,SVD normal-system solve,1.4574156781978718,1.4573596982160002,81.70057990863535,81.71057990863535,119.07170607670321,119.08170607670318,81.71057990863538,1.1908170607670325e-10,46.27700286770974,1,True,1.0,0.0,0.01,1.0,rms,25.709920264364882,0.504545114974648,0.7103133920845418,0.4795572884501026,0.6938672333232585,2.8935948417099757,1.7010569777964453,0.13756798257397607,0.3745125736764018,0.9729725792901013,0.9388895451586122,0.05263157894736842,0.15414879364710066,0.0,0.0012299350056396512,0.0,0.10952380952380952,1.0,1.0,0.9689747160213745,0.9394775960952357,0.23798958179763133,,0.16356675538747648,1.6653652240877368
r5_final_inverse_map_complete_2026-08-31,end_to_end_original_stress,har,lgbm,2,HuberRidgeAIME,0.1,0.5,300,100,561,661,11.45191620895639,0.9766666666666667,0.06166154540910414,630,270,0.005234167096205056,X ~= Y A^T,SVD normal-system solve,1.5540877910794884,1.5540097467004956,70.98650202033721,70.99650202033722,110.3192561212455,110.32925612124546,70.99650202033722,1.1032925612124553e-10,44.496535510613484,7,True,0.8979974384222469,0.16666666666666666,0.01,1.0,rms,25.709920264364882,0.4788869921206417,0.6920166126045253,0.5060238672258983,0.7117628273978178,2.8693603613860366,1.6939186407221678,0.14479103656058567,0.38364910537275726,0.9980041822591813,0.9945783860167805,0.1111111111111111,0.1545615083593042,0.0,0.0011798321855386567,0.0,0.9999999999999999,0.192806636034682,0.9847321360421079,0.9938525652723958,0.9891754272757606,0.37866659484306536,,0.19145373835483598,1.6483261982349566
r5_final_inverse_map_complete_2026-08-31,end_to_end_original_stress,har,svm,2,RidgeAIME,0.1,0.5,300,100,561,661,1.4807581669883803,0.8933333333333333,0.2500734940239365,630,270,0.001333707943558693,X ~= Y A^T,SVD normal-system solve,1.5430324039709666,1.5429571488371692,72.14885170405813,72.15885170405812,111.32801608865759,111.33801608865762,72.1588517040581,1.1133801608865759e-10,45.469623329918036,1,True,1.0,0.0,0.01,1.0,rms,25.709920264364882,0.48776411834358363,0.6984011156517318,0.5105707644462051,0.7150528533724048,2.567942355258549,1.6024800639192205,0.15069332858452567,0.391517754766246,0.9944728201619127,0.9986760088076202,0.8181818181818182,0.15411918069750055,0.0,0.0012574661360588769,0.0,0.1111111111111111,1.0,1.0,0.9906388251647458,0.9902136783921227,0.4374542124542124,,0.18835386496011658,1.657721356527174
r5_final_inverse_map_complete_2026-08-31,end_to_end_original_stress,har,svm,2,HuberRidgeAIME,0.1,0.5,300,100,561,661,1.4807581669883803,0.8933333333333333,0.2500734940239365,630,270,0.005198624916374683,X ~= Y A^T,SVD normal-system solve,1.4634957181617085,1.4634292072937534,69.67721540071372,69.68721540071381,101.97230639237559,101.98230639237565,69.68721540071384,1.0198230639237564e-10,44.82315571684094,7,True,0.8974670341883225,0.1619047619047619,0.01,1.0,rms,25.709920264364882,0.4843069947414711,0.6959216872188071,0.5140396898922648,0.7177031643561687,2.56496198605184,1.6015498699858959,0.15167903897064705,0.3928801560466317,0.9989294085107854,0.9983200858038294,0.6666666666666666,0.15404969567312013,0.01,0.001148570578455173,0.0,0.9999999999999996,0.18588768123404173,0.9864144533076076,0.9953132556242762,0.9932427459829867,0.6255411255411255,,0.16537171848466925,1.6515024292219076
r5_final_inverse_map_complete_2026-08-31,end_to_end_original_stress,har,mlp,2,RidgeAIME,0.1,0.5,300,100,561,661,0.22970954107586294,0.9033333333333333,0.45536705856681126,630,270,0.001425374997779727,X ~= Y A^T,SVD normal-system solve,1.650735427868817,1.650644934910812,71.90006264060317,71.91006264060314,118.68798066683082,118.6979806668308,71.91006264060316,1.1869798066683083e-10,47.62557697991275,1,True,1.0,0.0,0.01,1.0,rms,25.709920264364882,0.48144870262885575,0.6938650464094986,0.49549871560345304,0.7058211584643141,2.4330582269927414,1.5598263451399779,0.16128430969412388,0.4053782630922791,0.9742581054902892,0.9534641891223834,0.0,0.1557795686251041,0.0,0.00115643985667623,0.0,0.10158730158730159,1.0,1.0,0.9722762348660137,0.9448438713408939,0.31386554621848733,,0.2176536635760555,1.6778402501571539
r5_final_inverse_map_complete_2026-08-31,end_to_end_original_stress,har,mlp,2,HuberRidgeAIME,0.1,0.5,300,100,561,661,0.22970954107586294,0.9033333333333333,0.45536705856681126,630,270,0.005260583944618702,X ~= Y A^T,SVD normal-system solve,1.6206486583227864,1.6205535207469424,65.22696371595389,65.23696371595392,105.70999123272973,105.71999123272965,65.23696371595392,1.0571999123272963e-10,45.58374234472273,7,True,0.90314755664627,0.15396825396825398,0.01,1.0,rms,25.709920264364882,0.45555775402354043,0.67495018632751,0.5226293668115756,0.7237982111392114,2.408447944449759,1.5519175056844223,0.16976788393935371,0.4151634184198095,0.9973925079875174,0.9931505389350314,0.25,0.1546623384766029,0.0,0.00113715885714794,0.0,1.0,0.19172331860372407,0.9835912867429533,0.9939897954702956,0.9892587030960639,0.2465329991645781,,0.20966337870746568,1.6588099771178175
