pipeline_version,experiment_mode,dataset,learner,repeat,method,outlier_rate,clone_frac,n_outlier_rows,n_clones,d_original,d_total,model_fit_time_sec,model_test_accuracy,model_test_log_loss,n_explanation_fit,n_explanation_val,explain_time_sec,orientation,solver,cond_raw,cond_reg,lambda_min_raw,lambda_min_reg,lambda_max_raw,lambda_max_reg,system_min_singular_value,solver_svd_tolerance,coef_fro_norm,mean_iter,converged,mean_huber_weight,frac_downweighted,ridge_lambda,huber_delta,residual_mode,effective_delta_on_l2_norm,clean_target_reconstruction_mse,clean_target_reconstruction_rmse,clean_target_reconstruction_r2,clean_target_reconstruction_cosine,observed_target_reconstruction_mse,observed_target_reconstruction_rmse,observed_target_reconstruction_r2,observed_target_reconstruction_cosine,operator_cosine_flat,operator_spearman_global,operator_topk_jaccard,clone_mass_ratio,clone_topk_infiltration,irrelevant_decoy_mass_ratio,irrelevant_decoy_topk_infiltration,outlier_weight_ap,mean_weight_outlier_rows,mean_weight_nonoutlier_rows,bootstrap_cosine_flat,bootstrap_spearman_global,bootstrap_topk_jaccard,error,log10_cond_reg,log10_coef_norm
r5_final_inverse_map_complete_2026-08-31,fixed_black_box_contamination,breast_cancer,lgbm,0,RidgeAIME,0.05,0.0,9,0,30,30,1.168182999943383,0.935672514619883,0.3509590460274741,119,52,0.00017458293586969376,X ~= Y A^T,SVD normal-system solve,1.6758085025043756,1.6756540225132737,43.7373162500142,43.7473162500142,73.2953664484966,73.3053664484966,43.74731625001419,7.33053664484966e-11,5.259559820979988,1,True,1.0,0.0,0.01,1.0,rms,5.477225575051661,0.5529351308777437,0.7435960804615256,0.03725142130679748,0.42738713788736343,1.5753718496945883,1.255138179522314,0.012246943554848566,0.2739343965133627,0.9750241410743973,0.9648498331479423,1.0,0.0,0.0,0.024295773274441025,0.0,0.04201680672268908,1.0,1.0,0.967746557648318,0.9381535038932147,0.8272727272727274,,0.2241843534206279,0.7209493990361096
r5_final_inverse_map_complete_2026-08-31,fixed_black_box_contamination,breast_cancer,lgbm,0,HuberRidgeAIME,0.05,0.0,9,0,30,30,1.168182999943383,0.935672514619883,0.3509590460274741,119,52,0.000567625043913722,X ~= Y A^T,SVD normal-system solve,1.682192400448708,1.6820246028572556,40.64567297713296,40.655672977132944,68.37384219325648,68.3838421932565,40.65567297713296,6.83838421932565e-11,5.095240218362864,7,True,0.930497790619303,0.15966386554621848,0.01,1.0,rms,5.477225575051661,0.5200819035675173,0.7211670427629907,0.09445414931613183,0.46212652193159137,1.5401601353891046,1.2410318833088474,0.0343245745818711,0.29677431732721943,0.9966261071733127,0.9853170189098998,0.6666666666666666,0.0,0.0,0.01685683855450392,0.0,0.9666666666666666,0.18154677422811116,0.9633465194083904,0.9855777284767722,0.9579977753058955,0.7606060606060606,,0.22583234390363013,0.7071646639165686
r5_final_inverse_map_complete_2026-08-31,fixed_black_box_contamination,breast_cancer,lgbm,0,RidgeAIME,0.05,0.25,9,8,30,38,1.168182999943383,0.935672514619883,0.3509590460274741,119,52,0.0001639999682083726,X ~= Y A^T,SVD normal-system solve,1.8852976203554275,1.885078664849445,40.42276355997675,40.43276355997675,76.20893994781426,76.21893994781426,40.43276355997675,7.621893994781427e-11,5.679034423115061,1,True,1.0,0.0,0.01,1.0,rms,6.164414002968976,0.7479299486881908,0.8648294332920168,0.24658367193134856,0.510318310935652,1.4485436445786295,1.2035545872866047,0.1290051144525869,0.3827212519522727,0.9814524278932644,0.9728635518109202,1.0,0.2256416845397628,0.25,0.020339579189092967,0.0,0.04201680672268908,1.0,1.0,0.976765486753542,0.9492504650399388,0.8393939393939395,,0.2753294781477498,0.7542745011405136
r5_final_inverse_map_complete_2026-08-31,fixed_black_box_contamination,breast_cancer,lgbm,0,HuberRidgeAIME,0.05,0.25,9,8,30,38,1.168182999943383,0.935672514619883,0.3509590460274741,119,52,0.0006634589517489076,X ~= Y A^T,SVD normal-system solve,1.9281874612910532,1.927942135402335,37.82487613725118,37.83487613725118,72.9334518927349,72.94345189273488,37.834876137251186,7.294345189273489e-11,5.288523111372591,7,True,0.9489030436118755,0.13445378151260504,0.01,1.0,rms,6.164414002968976,0.7251359615804429,0.85154915394265,0.2695448624798543,0.5259209320664368,1.428025564070797,1.1950002360128624,0.1413424321788821,0.39241942843585825,0.9960623451869038,0.9886201991465149,0.8181818181818182,0.23063674558349084,0.25,0.01924483582778616,0.0,0.8600000000000001,0.35195979596939325,0.9750847649997038,0.9882061584482145,0.9655542181857972,0.8363636363636365,,0.2850939949959689,0.723334406603578
r5_final_inverse_map_complete_2026-08-31,fixed_black_box_contamination,breast_cancer,lgbm,0,RidgeAIME,0.05,0.5,9,15,30,45,1.168182999943383,0.935672514619883,0.3509590460274741,119,52,0.00014879205264151096,X ~= Y A^T,SVD normal-system solve,1.8873939735088323,1.8871734607110484,40.232288992971014,40.242288992971005,75.93417978579922,75.94417978579922,40.24228899297101,7.594417978579922e-11,6.46236551568418,1,True,1.0,0.0,0.01,1.0,rms,6.708203932499369,0.8050475246622604,0.8972444063142776,0.18049262637936003,0.4651409764793849,2.8336013548592796,1.6833304354342553,0.0473364735804952,0.2607624629297801,0.9661238536721822,0.8802371541501975,0.5384615384615384,0.3217447866537885,0.26666666666666666,0.015600091716801026,0.0,0.05042016806722689,1.0,1.0,0.9604143438563408,0.8897628458498023,0.6593739593739594,,0.27581182044441643,0.8103915183605703
r5_final_inverse_map_complete_2026-08-31,fixed_black_box_contamination,breast_cancer,lgbm,0,HuberRidgeAIME,0.05,0.5,9,15,30,45,1.168182999943383,0.935672514619883,0.3509590460274741,119,52,0.0006459170253947377,X ~= Y A^T,SVD normal-system solve,1.9556002819172127,1.9553406946547094,36.80229474437164,36.81229474437164,71.97057797729354,71.98057797729355,36.81229474437165,7.198057797729353e-11,5.849965978251876,8,True,0.9356618733373383,0.15126050420168066,0.01,1.0,rms,6.708203932499369,0.7548642435216194,0.8688292372622018,0.23157727376646453,0.4987984756265863,2.7812213497711333,1.6676994182918976,0.06494675608391498,0.28060505947985015,0.9964589349762843,0.9906455862977601,1.0,0.31476414426895283,0.13333333333333333,0.01300187721901741,0.0,0.976190476190476,0.25714548997436953,0.9716892919229827,0.9862878226181973,0.9553623188405795,0.8787878787878787,,0.29122243892754834,0.7671533403556096
r5_final_inverse_map_complete_2026-08-31,fixed_black_box_contamination,breast_cancer,lgbm,0,RidgeAIME,0.1,0.0,17,0,30,30,1.168182999943383,0.935672514619883,0.3509590460274741,119,52,0.00013820803724229336,X ~= Y A^T,SVD normal-system solve,1.8873939735088323,1.8871734607110484,40.232288992971014,40.242288992971005,75.93417978579922,75.94417978579922,40.24228899297101,7.594417978579922e-11,5.542374433513349,1,True,1.0,0.0,0.01,1.0,rms,5.477225575051661,0.8063854723409626,0.8979896838722383,0.20163693787420556,0.48653282495550026,4.088783739740196,2.022074118260801,0.020485119998505663,0.21631833165768694,0.9680935062410275,0.9314794215795328,0.6666666666666666,0.0,0.0,0.02798829031349435,0.0,0.09243697478991597,1.0,1.0,0.9594358524503136,0.8961512791991101,0.7701298701298702,,0.27581182044441643,0.7436958626435398
r5_final_inverse_map_complete_2026-08-31,fixed_black_box_contamination,breast_cancer,lgbm,0,HuberRidgeAIME,0.1,0.0,17,0,30,30,1.168182999943383,0.935672514619883,0.3509590460274741,119,52,0.0006190419662743807,X ~= Y A^T,SVD normal-system solve,2.013941376784026,2.01365531364754,35.43467103453803,35.44467103453803,71.36335016918656,71.37335016918655,35.44467103453803,7.137335016918655e-11,5.05640492639217,8,True,0.9147993101335488,0.19327731092436976,0.01,1.0,rms,5.477225575051661,0.7649212204784982,0.8745977478123862,0.24268867829007845,0.5100405486714554,4.0321351457117585,2.00801771548753,0.03405593819627706,0.23199957234308208,0.9956026917939066,0.9724137931034482,0.8181818181818182,0.0,0.0,0.0171005700812454,0.0,0.9757575757575757,0.32396807737475886,0.974976565321944,0.9850980721494181,0.9520800889877641,0.8242424242424242,,0.30398513245784625,0.7038418457838257
r5_final_inverse_map_complete_2026-08-31,fixed_black_box_contamination,breast_cancer,lgbm,0,RidgeAIME,0.1,0.25,17,8,30,38,1.168182999943383,0.935672514619883,0.3509590460274741,119,52,0.00013279193080961704,X ~= Y A^T,SVD normal-system solve,1.8967377833676067,1.8965146901366514,40.18565181459178,40.19565181459178,76.22164414599125,76.23164414599125,40.19565181459178,7.623164414599125e-11,5.4462465148512775,1,True,1.0,0.0,0.01,1.0,rms,6.164414002968976,0.8777727191690501,0.9368952551747981,0.2753609136310521,0.5299330413104303,3.995269218344627,1.9988169546871035,0.0730623901297327,0.28777281184332254,0.8893842406065862,0.6750191487033592,0.5384615384615384,0.1972936757152252,0.25,0.02626793737329578,0.0,0.11764705882352941,1.0,1.0,0.9351895866648346,0.8131086552139184,0.5862137862137862,,0.2779562110359501,0.7360972950312388
r5_final_inverse_map_complete_2026-08-31,fixed_black_box_contamination,breast_cancer,lgbm,0,HuberRidgeAIME,0.1,0.25,17,8,30,38,1.168182999943383,0.935672514619883,0.3509590460274741,119,52,0.0005807499401271343,X ~= Y A^T,SVD normal-system solve,2.025786483084342,2.025491397630172,34.752353365383264,34.76235336538326,70.40084770296406,70.41084770296406,34.76235336538326,7.041084770296407e-11,4.866461933680518,8,True,0.901476120471768,0.19327731092436976,0.01,1.0,rms,6.164414002968976,0.7955396310582018,0.8919302837431868,0.343247860373203,0.6069341355159039,3.9183875800519536,1.9794917479120628,0.09089960663436869,0.32688392191642063,0.9838493607213723,0.9608272239851188,1.0,0.21079050019768078,0.375,0.021842542413719662,0.0,0.9767984116723614,0.30513580494944914,0.9809881625414104,0.9796862787035352,0.9376955903271693,0.8636363636363636,,0.30653040305173196,0.6872133305970121
r5_final_inverse_map_complete_2026-08-31,fixed_black_box_contamination,breast_cancer,lgbm,0,RidgeAIME,0.1,0.5,17,15,30,45,1.168182999943383,0.935672514619883,0.3509590460274741,119,52,0.00013337493874132633,X ~= Y A^T,SVD normal-system solve,1.8424846134270536,1.8422792123186482,41.006556335383884,41.01655633538388,75.55394909757447,75.56394909757448,41.016556335383875,7.556394909757449e-11,5.138227527800314,1,True,1.0,0.0,0.01,1.0,rms,6.708203932499369,0.822114953930746,0.9067055497407888,0.24063316588936678,0.502035626625776,3.4302419189588265,1.852091228573481,0.0733685499689598,0.30303957329291165,0.9696432364933253,0.9417654808959156,1.0,0.2759666584483507,0.0,0.018879853476272558,0.0,0.08403361344537816,1.0,1.0,0.9589899675677656,0.8951383399209485,0.7993006993006994,,0.2653554516913454,0.7108133315146622
r5_final_inverse_map_complete_2026-08-31,fixed_black_box_contamination,breast_cancer,lgbm,0,HuberRidgeAIME,0.1,0.5,17,15,30,45,1.168182999943383,0.935672514619883,0.3509590460274741,119,52,0.0005177919520065188,X ~= Y A^T,SVD normal-system solve,1.8065626000150032,1.8063522564498171,38.335009475369404,38.3450094753694,69.25459438942313,69.26459438942314,38.34500947536941,6.926459438942312e-11,5.124991502186369,7,True,0.9206481413603791,0.20168067226890757,0.01,1.0,rms,6.708203932499369,0.8186979999601248,0.9048193189582795,0.24378932003370668,0.5049664283064945,3.4270931573966497,1.851240977667859,0.0742191434725945,0.304130695704475,0.9943286482114285,0.9873517786561263,1.0,0.2764367312226682,0.0,0.013252415911226844,0.0,0.9248737373737373,0.3732711644726743,0.9708662126344805,0.981264248054534,0.9347957839262186,0.8939393939393939,,0.25680244593031254,0.7096931496191815
r5_final_inverse_map_complete_2026-08-31,fixed_black_box_contamination,breast_cancer,svm,0,RidgeAIME,0.05,0.0,9,0,30,30,0.006989374989643693,0.9766081871345029,0.08237271585794079,119,52,0.0001263340236619115,X ~= Y A^T,SVD normal-system solve,1.7778212985096569,1.777627238530884,40.07148941514018,40.081489415140176,71.23994734524048,71.24994734524049,40.081489415140176,7.124994734524049e-11,5.161351586734284,1,True,1.0,0.0,0.01,1.0,rms,5.477225575051661,0.9702624290283908,0.9850189993235616,0.2359235957992568,0.49815324964846036,2.5489970440536545,1.5965578736937958,0.089618208026507,0.3277197331336286,0.9799681535118231,0.9528364849833146,0.8181818181818182,0.0,0.0,0.038622854241017815,0.0,0.05042016806722689,1.0,1.0,0.9711569133646334,0.9423804226918797,0.8242424242424242,,0.24984069632959266,0.7127634438360559
r5_final_inverse_map_complete_2026-08-31,fixed_black_box_contamination,breast_cancer,svm,0,HuberRidgeAIME,0.05,0.0,9,0,30,30,0.006989374989643693,0.9766081871345029,0.08237271585794079,119,52,0.0005482920678332448,X ~= Y A^T,SVD normal-system solve,1.8690803084501781,1.8688427476467644,36.57348919347299,36.583489193472985,68.35878846283575,68.36878846283577,36.583489193472985,6.836878846283578e-11,4.97806848720689,8,True,0.9345480789678008,0.15966386554621848,0.01,1.0,rms,5.477225575051661,0.9649975466053548,0.9823428864736359,0.24006966217262082,0.5027744658451658,2.5453921177577263,1.5954285060001048,0.09090571805672676,0.32959318191381914,0.9970942965540994,0.986206896551724,0.8181818181818182,0.0,0.0,0.02866379307838608,0.0,1.0,0.2666688642189294,0.9700106921403072,0.9862992183318795,0.9672969966629589,0.8636363636363636,,0.27157275953695825,0.6970608672447378
r5_final_inverse_map_complete_2026-08-31,fixed_black_box_contamination,breast_cancer,svm,0,RidgeAIME,0.05,0.25,9,8,30,38,0.006989374989643693,0.9766081871345029,0.08237271585794079,119,52,0.00014354102313518524,X ~= Y A^T,SVD normal-system solve,1.8404408589623615,1.8402268727035762,39.265459262309676,39.275459262309674,72.26575557227683,72.27575557227684,39.275459262309674,7.227575557227684e-11,5.660639012877326,1,True,1.0,0.0,0.01,1.0,rms,6.164414002968976,0.8613948430668011,0.9281135938379532,0.21479764048125682,0.4797733431505813,1.6445151413140997,1.2823865023128167,0.10977911792591888,0.3628838342090025,0.9719098227058076,0.909180435496225,0.42857142857142855,0.19209192587000556,0.25,0.015378337319783266,0.0,0.058823529411764705,1.0,1.0,0.9681997226078998,0.917518328044644,0.668031968031968,,0.2648713683842052,0.7528654601815052
r5_final_inverse_map_complete_2026-08-31,fixed_black_box_contamination,breast_cancer,svm,0,HuberRidgeAIME,0.05,0.25,9,8,30,38,0.006989374989643693,0.9766081871345029,0.08237271585794079,119,52,0.0005879999371245503,X ~= Y A^T,SVD normal-system solve,1.884401939150557,1.8841550260463675,35.80834759448107,35.81834759448107,67.47731964481731,67.48731964481732,35.81834759448107,6.748731964481733e-11,5.735255896858127,8,True,0.9215026776199756,0.226890756302521,0.01,1.0,rms,6.164414002968976,0.8449419172450225,0.9192072221458133,0.22979526471853773,0.49417085765929925,1.626834377524607,1.2754741775216805,0.11935019741372965,0.3748023090644162,0.9980100878630238,0.9851187219608272,1.0,0.18419485029769958,0.125,0.01228884272578267,0.0,0.9617346938775508,0.3098109807568671,0.9597334086739198,0.9883634701069118,0.9662107451581134,0.8242424242424242,,0.2751166331631333,0.7585528001124514
r5_final_inverse_map_complete_2026-08-31,fixed_black_box_contamination,breast_cancer,svm,0,RidgeAIME,0.05,0.5,9,15,30,45,0.006989374989643693,0.9766081871345029,0.08237271585794079,119,52,0.0001331249950453639,X ~= Y A^T,SVD normal-system solve,1.9051657694317234,1.9049304941148983,38.46261929742318,38.47261929742317,73.27766568813469,73.2876656881347,38.47261929742318,7.32876656881347e-11,6.539910547461971,1,True,1.0,0.0,0.01,1.0,rms,6.708203932499369,0.8563340592630844,0.9253831959048556,0.2535964346120272,0.5161106042712947,1.2189097645743765,1.1040424650231424,0.18679073650965683,0.4441875834182504,0.9812168488477203,0.9025032938076416,0.5384615384615384,0.3394401181520418,0.13333333333333333,0.013272821394161288,0.0,0.058823529411764705,1.0,1.0,0.9695049344672375,0.9151383399209484,0.7088245088245089,,0.2798791340415295,0.8155718081087715
r5_final_inverse_map_complete_2026-08-31,fixed_black_box_contamination,breast_cancer,svm,0,HuberRidgeAIME,0.05,0.5,9,15,30,45,0.006989374989643693,0.9766081871345029,0.08237271585794079,119,52,0.0006662500090897083,X ~= Y A^T,SVD normal-system solve,2.0077869749251107,2.0074970897779782,34.75504349718871,34.76504349718871,69.78072364661115,69.79072364661116,34.76504349718871,6.979072364661115e-11,6.294640161234879,8,True,0.9278594387477597,0.19327731092436976,0.01,1.0,rms,6.708203932499369,0.8491959652719848,0.9215182935091332,0.25981818738175355,0.5211554235385356,1.2076210725446435,1.0989181373262722,0.19432211348117057,0.45125607977098003,0.9973358988472931,0.981554677206851,0.6666666666666666,0.3349898817557299,0.13333333333333333,0.01342547404858865,0.0,1.0,0.29434126879010947,0.9674543243701128,0.9866739860653186,0.947075098814229,0.6698634698634699,,0.3026549243645261,0.7989709083188916
r5_final_inverse_map_complete_2026-08-31,fixed_black_box_contamination,breast_cancer,svm,0,RidgeAIME,0.1,0.0,17,0,30,30,0.006989374989643693,0.9766081871345029,0.08237271585794079,119,52,0.00012149999383836985,X ~= Y A^T,SVD normal-system solve,1.9051657694317234,1.9049304941148983,38.46261929742318,38.47261929742317,73.27766568813469,73.2876656881347,38.47261929742318,7.32876656881347e-11,6.01637954403855,1,True,1.0,0.0,0.01,1.0,rms,5.477225575051661,0.8924791101874149,0.9447111252586237,0.22655521017906666,0.5016495325245236,7.552137018606416,2.7481151756442843,0.01944472100415706,0.1986595754759821,0.971728666714033,0.9470522803114572,1.0,0.0,0.0,0.02347713322069321,0.0,0.05042016806722689,1.0,1.0,0.9724342304223634,0.9218242491657396,0.7811188811188812,,0.2798791340415295,0.7793352259682582
r5_final_inverse_map_complete_2026-08-31,fixed_black_box_contamination,breast_cancer,svm,0,HuberRidgeAIME,0.1,0.0,17,0,30,30,0.006989374989643693,0.9766081871345029,0.08237271585794079,119,52,0.0005170420045033097,X ~= Y A^T,SVD normal-system solve,1.9853064635147837,1.9850250899461246,35.007733478294206,35.017733478294204,69.50107954746036,69.51107954746037,35.01773347829421,6.951107954746035e-11,5.331079551770455,8,True,0.9265759447062509,0.19327731092436976,0.01,1.0,rms,5.477225575051661,0.8624251493115308,0.9286684819199642,0.2526007267492566,0.51517262839469,7.542127966454621,2.746293496051473,0.02074427752716612,0.19842552167605626,0.9983158990562394,0.9911012235817575,1.0,0.0,0.0,0.019566537868971813,0.0,1.0,0.2104103770783536,0.9646024350227763,0.9872418055424637,0.9520800889877641,0.8659673659673659,,0.2977660004473906,0.7268151632297396
r5_final_inverse_map_complete_2026-08-31,fixed_black_box_contamination,breast_cancer,svm,0,RidgeAIME,0.1,0.25,17,8,30,38,0.006989374989643693,0.9766081871345029,0.08237271585794079,119,52,0.0001313330139964819,X ~= Y A^T,SVD normal-system solve,1.8475068409454087,1.8472865259637086,38.45796229671434,38.46796229671434,71.05134843200035,71.06134843200036,38.46796229671434,7.106134843200036e-11,6.172160698345135,1,True,1.0,0.0,0.01,1.0,rms,6.164414002968976,0.580523380688121,0.7619208493591189,0.3630840144789599,0.6082190477807426,4.515494771037748,2.1249693576703046,0.04169764594425884,0.2550778227120772,0.9577585397797709,0.8791990370937739,0.6666666666666666,0.19263885509405831,0.25,0.02680572503783209,0.0,0.10084033613445378,1.0,1.0,0.9563828935436847,0.926031294452347,0.5939060939060938,,0.26653426251874796,0.7904372248272746
r5_final_inverse_map_complete_2026-08-31,fixed_black_box_contamination,breast_cancer,svm,0,HuberRidgeAIME,0.1,0.25,17,8,30,38,0.006989374989643693,0.9766081871345029,0.08237271585794079,119,52,0.0006304580019786954,X ~= Y A^T,SVD normal-system solve,1.8409459949651463,1.840704956809236,34.878501025430815,34.88850102543081,64.20943677315461,64.21943677315461,34.88850102543081,6.42194367731546e-11,5.558438061032939,9,True,0.8950005773257528,0.2605042016806723,0.01,1.0,rms,6.164414002968976,0.5555769887784637,0.7453703702042789,0.3904537231192903,0.630115917710622,4.50631512420136,2.122808310752848,0.04364579949525704,0.2573409692667516,0.9966133381246074,0.9778969252653462,1.0,0.19936500685808028,0.25,0.01869342360777509,0.0,0.856323326432022,0.37566175858262363,0.9532441831661038,0.982979317405069,0.9331874384505964,0.643023643023643,,0.26498418182371336,0.7449527705796104
r5_final_inverse_map_complete_2026-08-31,fixed_black_box_contamination,breast_cancer,svm,0,RidgeAIME,0.1,0.5,17,15,30,45,0.006989374989643693,0.9766081871345029,0.08237271585794079,119,52,0.00013016699813306332,X ~= Y A^T,SVD normal-system solve,1.856459989026487,1.8562396350591712,38.857463992482785,38.867463992482776,72.1373271770817,72.1473271770817,38.86746399248278,7.214732717708171e-11,5.210138465909558,1,True,1.0,0.0,0.01,1.0,rms,6.708203932499369,1.0349038158053558,1.0173022244177763,0.2479612700227103,0.5392772958648457,2.820212716826582,1.6793488966937697,0.10593373059094668,0.36955296302464646,0.9384224603647205,0.8471673254281951,0.6666666666666666,0.2995261442397656,0.06666666666666667,0.03452155073917636,0.06666666666666667,0.09243697478991597,1.0,1.0,0.9187261663771846,0.7990250329380764,0.593906093906094,,0.26863404163816307,0.7168492653688843
r5_final_inverse_map_complete_2026-08-31,fixed_black_box_contamination,breast_cancer,svm,0,HuberRidgeAIME,0.1,0.5,17,15,30,45,0.006989374989643693,0.9766081871345029,0.08237271585794079,119,52,0.0005959579721093178,X ~= Y A^T,SVD normal-system solve,1.8006363192755446,1.8004132596091127,35.883370239557536,35.893370239557534,64.6128997113585,64.6228997113585,35.893370239557534,6.46228997113585e-11,5.337688582662772,8,True,0.8981064980023207,0.23529411764705882,0.01,1.0,rms,6.708203932499369,0.9813794385547541,0.9906459703419552,0.28685609684199675,0.582674556158731,2.7668884150884647,1.6633966499570885,0.12283864674829503,0.3980663532299889,0.991814160124467,0.9794466403162055,0.8181818181818182,0.3162635264430877,0.06666666666666667,0.0201322591102568,0.0,1.0,0.2262597505206003,0.9665353333939772,0.9796649085135412,0.9197101449275362,0.6754911754911755,,0.2553722027522581,0.7273532321010935
r5_final_inverse_map_complete_2026-08-31,fixed_black_box_contamination,breast_cancer,mlp,0,RidgeAIME,0.05,0.0,9,0,30,30,0.03119558293838054,0.9649122807017544,0.10093164046099767,119,52,0.00012916699051856995,X ~= Y A^T,SVD normal-system solve,2.0474933618310684,2.0471968597416703,35.31836358615128,35.328363586151276,72.31411499338087,72.32411499338087,35.32836358615128,7.232411499338087e-11,6.176885861752476,1,True,1.0,0.0,0.01,1.0,rms,5.477225575051661,0.7039446844018937,0.8390141145427136,0.39026661422843745,0.6271227484814144,1.5756469751776154,1.2552477744165156,0.23220882394714515,0.48971973298052207,0.9903656953481093,0.9657397107897663,0.8181818181818182,0.0,0.0,0.022207834817422008,0.0,0.04201680672268908,1.0,1.0,0.9766436281541795,0.9260066740823136,0.7519480519480519,,0.3111596067019552,0.7907695763953186
r5_final_inverse_map_complete_2026-08-31,fixed_black_box_contamination,breast_cancer,mlp,0,HuberRidgeAIME,0.05,0.0,9,0,30,30,0.03119558293838054,0.9649122807017544,0.10093164046099767,119,52,0.0006169170374050736,X ~= Y A^T,SVD normal-system solve,1.995939069836938,1.9956375617849125,33.0219228010519,33.03192280105191,65.9097458797587,65.9197458797587,33.0319228010519,6.591974587975869e-11,5.831692423423555,9,True,0.9206015041042008,0.226890756302521,0.01,1.0,rms,5.477225575051661,0.6855292584034935,0.8279669428204809,0.40621744146420313,0.6409320557144516,1.554288827734679,1.246711204623861,0.24261635647306123,0.5030080446857719,0.995921081024607,0.9955506117908787,1.0,0.0,0.0,0.020030051875664895,0.0,0.8766666666666667,0.24722087685701272,0.9501357421413582,0.9837794238811158,0.9426028921023359,0.7519480519480519,,0.30008166961190097,0.7657946102460509
r5_final_inverse_map_complete_2026-08-31,fixed_black_box_contamination,breast_cancer,mlp,0,RidgeAIME,0.05,0.25,9,8,30,38,0.03119558293838054,0.9649122807017544,0.10093164046099767,119,52,0.00015237508341670036,X ~= Y A^T,SVD normal-system solve,2.020289029306678,2.0200037760419156,35.75783004237799,35.76783004237799,72.241151746429,72.251151746429,35.767830042377994,7.225115174642899e-11,6.554226224511325,1,True,1.0,0.0,0.01,1.0,rms,6.164414002968976,1.0135123776860058,1.0067335187059214,0.292184537972337,0.5483748238107128,5.549821722471844,2.3558059602759824,0.05917879914909385,0.27510999205935965,0.9936675693030108,0.9763650289966078,1.0,0.18107954353790448,0.125,0.012143985242825511,0.0,0.03361344537815126,1.0,1.0,0.9770053052723855,0.9228799649852283,0.7367965367965369,,0.3053521812845617,0.8165214273364644
r5_final_inverse_map_complete_2026-08-31,fixed_black_box_contamination,breast_cancer,mlp,0,HuberRidgeAIME,0.05,0.25,9,8,30,38,0.03119558293838054,0.9649122807017544,0.10093164046099767,119,52,0.0006774580106139183,X ~= Y A^T,SVD normal-system solve,2.1157385993427873,2.1153949152950404,32.454078756506554,32.46407875650655,68.66434713125169,68.6743471312517,32.46407875650654,6.867434713125172e-11,6.16387906324772,10,True,0.9393801808738292,0.20168067226890757,0.01,1.0,rms,6.164414002968976,1.01667389532826,1.008302482059952,0.2899766013748877,0.5482662426942051,5.573794594453195,2.3608885180061328,0.055114851272351384,0.2683254646867529,0.9968414013635414,0.9831491410438778,1.0,0.1754500281602456,0.125,0.010258216022163796,0.0,0.8303571428571428,0.3225130883534825,0.9608364275701892,0.9876607129191246,0.9629062260641208,0.8454545454545455,,0.32539145611920156,0.7898541091704213
r5_final_inverse_map_complete_2026-08-31,fixed_black_box_contamination,breast_cancer,mlp,0,RidgeAIME,0.05,0.5,9,15,30,45,0.03119558293838054,0.9649122807017544,0.10093164046099767,119,52,0.00013545900583267212,X ~= Y A^T,SVD normal-system solve,2.0738191744434045,2.073509638508413,34.681260466071045,34.691260466071036,71.92266294840414,71.93266294840414,34.69126046607104,7.193266294840414e-11,7.027846006953354,1,True,1.0,0.0,0.01,1.0,rms,6.708203932499369,1.0572714629094047,1.028237065520109,0.2967476285859225,0.561070308853572,1.2016937354206756,1.0962179233257754,0.2728399829734962,0.5393255794978804,0.9299078906939402,0.8628458498023714,0.8181818181818182,0.32211898781482495,0.2,0.02084405658860071,0.0,0.06722689075630252,1.0,1.0,0.9534385659381449,0.8882213438735176,0.6350649350649351,,0.31670605848049893,0.8468222367357334
r5_final_inverse_map_complete_2026-08-31,fixed_black_box_contamination,breast_cancer,mlp,0,HuberRidgeAIME,0.05,0.5,9,15,30,45,0.03119558293838054,0.9649122807017544,0.10093164046099767,119,52,0.0006584998918697238,X ~= Y A^T,SVD normal-system solve,2.103261947789168,2.1029129178173953,31.599375612847375,31.609375612847376,66.4617643003989,66.47176430039889,31.609375612847376,6.64717643003989e-11,6.712073890748546,9,True,0.9198296869065732,0.20168067226890757,0.01,1.0,rms,6.708203932499369,1.031035313216869,1.0153990906125872,0.31419880847238024,0.5798785050198818,1.174968393594681,1.0839595903882584,0.2890118239712579,0.5577373847688595,0.9959091902685453,0.9897233201581026,0.8181818181818182,0.2858599670128464,0.2,0.015622397459079774,0.0,0.8956845238095238,0.2799600483815601,0.9659464176110787,0.986759772786838,0.9665612648221342,0.8606060606060606,,0.32282128880880306,0.8268567288349051
r5_final_inverse_map_complete_2026-08-31,fixed_black_box_contamination,breast_cancer,mlp,0,RidgeAIME,0.1,0.0,17,0,30,30,0.03119558293838054,0.9649122807017544,0.10093164046099767,119,52,0.00011895806528627872,X ~= Y A^T,SVD normal-system solve,2.0738191744434045,2.073509638508413,34.681260466071045,34.691260466071036,71.92266294840414,71.93266294840414,34.69126046607104,7.193266294840414e-11,5.579835083703165,1,True,1.0,0.0,0.01,1.0,rms,5.477225575051661,1.0400468748225535,1.0198268847321852,0.30473096187481075,0.568487434438724,2.23018319445825,1.4933797890885796,0.1655778383315969,0.4362939232070145,0.9383121953116804,0.7494994438264738,0.5384615384615384,0.0,0.0,0.031369365918476125,0.0,0.10084033613445378,1.0,1.0,0.9338366707847016,0.8201112347052281,0.6993006993006994,,0.31670605848049893,0.7466213632214308
r5_final_inverse_map_complete_2026-08-31,fixed_black_box_contamination,breast_cancer,mlp,0,HuberRidgeAIME,0.1,0.0,17,0,30,30,0.03119558293838054,0.9649122807017544,0.10093164046099767,119,52,0.0005190829979255795,X ~= Y A^T,SVD normal-system solve,2.3036659422080588,2.3032144911985175,28.86724060099734,28.877240600997343,66.50047901804327,66.51047901804327,28.877240600997336,6.651047901804329e-11,5.328736347926142,8,True,0.8997964905325601,0.19327731092436976,0.01,1.0,rms,5.477225575051661,1.0011509198781885,1.000575294457238,0.33073282182534736,0.5965975160138648,2.184055969531123,1.4778551923416323,0.18283632132577443,0.46129598140375505,0.9915880689890654,0.9750834260289211,1.0,0.0,0.0,0.023955033599867295,0.0,0.9349278036778036,0.3033822049177463,0.9666840739659973,0.9797519425578256,0.9232480533926584,0.7531468531468531,,0.36233438434126297,0.7266242330062676
r5_final_inverse_map_complete_2026-08-31,fixed_black_box_contamination,breast_cancer,mlp,0,RidgeAIME,0.1,0.25,17,8,30,38,0.03119558293838054,0.9649122807017544,0.10093164046099767,119,52,0.000122333993203938,X ~= Y A^T,SVD normal-system solve,1.876844245083138,1.8766123440957623,37.801147550856214,37.81114755085622,70.94686623836304,70.95686623836303,37.81114755085621,7.095686623836305e-11,6.492387381199292,1,True,1.0,0.0,0.01,1.0,rms,6.164414002968976,1.096405218598606,1.047093700964057,0.23686838139776456,0.4978974579109363,1.934647930347345,1.3909162197441458,0.13713362147839625,0.39315859737254294,0.9472624257160019,0.8163912900755007,0.5384615384615384,0.21282036320058192,0.25,0.033030882256027586,0.0,0.13445378151260504,1.0,1.0,0.9438978589152706,0.8388007440639018,0.5907009657009656,,0.27337456872800153,0.8124044249708967
r5_final_inverse_map_complete_2026-08-31,fixed_black_box_contamination,breast_cancer,mlp,0,HuberRidgeAIME,0.1,0.25,17,8,30,38,0.03119558293838054,0.9649122807017544,0.10093164046099767,119,52,0.0006665419787168503,X ~= Y A^T,SVD normal-system solve,1.9462325419820012,1.9459402310789908,32.360757718494916,32.370757718494914,62.981559754930025,62.99155975493002,32.37075771849492,6.299155975493001e-11,6.480929140130824,10,True,0.8791796183848112,0.2689075630252101,0.01,1.0,rms,6.164414002968976,1.044143771942412,1.0218335343598839,0.2732439492085529,0.5333699380210289,1.8788244199556712,1.3707021631104517,0.1620312938106322,0.423376776658938,0.9923755161769856,0.9722070248386038,0.6666666666666666,0.21418491721358768,0.25,0.01624118496356003,0.0,0.907930840605473,0.33010633375388615,0.9644725558032073,0.98966068934569,0.9587919903709377,0.7093240093240093,,0.2891294969234869,0.8116372730781461
r5_final_inverse_map_complete_2026-08-31,fixed_black_box_contamination,breast_cancer,mlp,0,RidgeAIME,0.1,0.5,17,15,30,45,0.03119558293838054,0.9649122807017544,0.10093164046099767,119,52,0.00021904194727540016,X ~= Y A^T,SVD normal-system solve,1.8934597986441533,1.8932200904152086,37.26280463324175,37.27280463324175,70.55562255777434,70.56562255777435,37.27280463324175,7.056562255777435e-11,7.835607991098121,1,True,1.0,0.0,0.01,1.0,rms,6.708203932499369,0.7902550770480712,0.8889629222009606,0.24958406659514398,0.5231570666669945,3.248987733547476,1.8024948636674325,0.052677043803667445,0.26868942092946585,0.9641660763158681,0.937812911725955,0.42857142857142855,0.3282918650071018,0.2,0.01971944456719798,0.0,0.10084033613445378,1.0,1.0,0.9634007355647807,0.9293280632411067,0.6328671328671328,,0.27720110445334567,0.8940727004771734
r5_final_inverse_map_complete_2026-08-31,fixed_black_box_contamination,breast_cancer,mlp,0,HuberRidgeAIME,0.1,0.5,17,15,30,45,0.03119558293838054,0.9649122807017544,0.10093164046099767,119,52,0.0006683330284431577,X ~= Y A^T,SVD normal-system solve,1.8333479815784879,1.8330990244450711,33.4635530626817,33.47355306268169,61.35033746391212,61.360337463912124,33.4735530626817,6.13603374639121e-11,7.4126821737181485,9,True,0.8864449436729632,0.2689075630252101,0.01,1.0,rms,6.708203932499369,0.7472816443142981,0.8644545357127222,0.2903910788790568,0.5510703130654112,3.229431625399282,1.7970619425604901,0.05837911217140923,0.27343340947214856,0.9967832369692127,0.9936758893280631,1.0,0.33193688226592977,0.2,0.015510099724875739,0.0,0.8932792840687579,0.32815891823572313,0.9490564605444294,0.9879329093617942,0.9576943346508564,0.7004329004329005,,0.26318592628706994,0.8699753797036301
r5_final_inverse_map_complete_2026-08-31,fixed_black_box_contamination,breast_cancer,lgbm,1,RidgeAIME,0.05,0.0,9,0,30,30,1.212962458957918,0.9824561403508771,0.09182513619984772,119,52,0.00013754202518612146,X ~= Y A^T,SVD normal-system solve,1.716467993444314,1.716303032883306,43.42268409523502,43.43268409523502,74.53364743891439,74.54364743891439,43.43268409523502,7.454364743891439e-11,5.6085398892862,1,True,1.0,0.0,0.01,1.0,rms,5.477225575051661,0.7680685670383014,0.8763952116701126,0.13572036904309392,0.44875500595597523,2.0008316098338783,1.414507550292284,0.043969029155852324,0.29130597857956336,0.9730929444481367,0.9541713014460511,0.8181818181818182,0.0,0.0,0.018819663301839727,0.0,0.06722689075630252,1.0,1.0,0.9740489572857676,0.931924360400445,0.7272727272727273,,0.2345939699288545,0.7488498130278162
r5_final_inverse_map_complete_2026-08-31,fixed_black_box_contamination,breast_cancer,lgbm,1,HuberRidgeAIME,0.05,0.0,9,0,30,30,1.212962458957918,0.9824561403508771,0.09182513619984772,119,52,0.0005859580123797059,X ~= Y A^T,SVD normal-system solve,1.8170896087088688,1.816875372587377,38.12967518725337,38.13967518725337,69.28503656620249,69.2950365662025,38.13967518725337,6.929503656620248e-11,5.134129684902758,9,True,0.907458810093391,0.2184873949579832,0.01,1.0,rms,5.477225575051661,0.7334585969436148,0.8564219736459445,0.17466570994697916,0.46287055503225233,1.9677046433158565,1.4027489594777307,0.05979765051793462,0.29960235500425164,0.9942011298248359,0.9799777530589545,0.8181818181818182,0.0,0.0,0.017596205487207715,0.0,0.8764880952380952,0.31606519693884827,0.9500817732036284,0.9864841868154446,0.9522135706340377,0.8296037296037296,,0.25932513817545944,0.7104668344807938
r5_final_inverse_map_complete_2026-08-31,fixed_black_box_contamination,breast_cancer,lgbm,1,RidgeAIME,0.05,0.25,9,8,30,38,1.212962458957918,0.9824561403508771,0.09182513619984772,119,52,0.00013449997641146183,X ~= Y A^T,SVD normal-system solve,1.5921214527640946,1.591991142155512,45.429236237472736,45.439236237472734,72.32886159636834,72.33886159636835,45.439236237472734,7.233886159636836e-11,5.4150800716695064,1,True,1.0,0.0,0.01,1.0,rms,6.164414002968976,1.0715324536738782,1.0351485176890696,0.22316817961467872,0.48500970521785625,2.042065877196328,1.4290087043808823,0.11374005824032674,0.3570382148368381,0.9828845968275358,0.9625779625779627,0.8181818181818182,0.20324156796414902,0.375,0.017710687665440126,0.0,0.058823529411764705,1.0,1.0,0.969816694943512,0.9296421928000875,0.8114219114219114,,0.2019406469923005,0.7336048828315366
r5_final_inverse_map_complete_2026-08-31,fixed_black_box_contamination,breast_cancer,lgbm,1,HuberRidgeAIME,0.05,0.25,9,8,30,38,1.212962458957918,0.9824561403508771,0.09182513619984772,119,52,0.0006823340663686395,X ~= Y A^T,SVD normal-system solve,1.573996469482439,1.573861701888695,42.58157958783249,42.59157958783249,67.02325593623384,67.03325593623384,42.59157958783249,6.703325593623384e-11,5.168841441084915,8,True,0.9262885204212248,0.17647058823529413,0.01,1.0,rms,6.164414002968976,1.0581325632941685,1.0286557068787245,0.2328827348770448,0.4967659321305697,2.032106313634312,1.4255196644151606,0.11806252517001392,0.36295757779446913,0.9966370532237913,0.9873071452018819,0.8181818181818182,0.19581098256450472,0.375,0.014048301912871135,0.0,0.9379251700680271,0.2886177067878801,0.9661429462733089,0.9840913091205603,0.9496881496881496,0.9272727272727274,,0.19696656744782096,0.7133932099935647
r5_final_inverse_map_complete_2026-08-31,fixed_black_box_contamination,breast_cancer,lgbm,1,RidgeAIME,0.05,0.5,9,15,30,45,1.212962458957918,0.9824561403508771,0.09182513619984772,119,52,0.0001286671031266451,X ~= Y A^T,SVD normal-system solve,1.667936376434485,1.6677846462650683,44.011329377136036,44.021329377136034,73.40809724336488,73.41809724336488,44.02132937713604,7.341809724336487e-11,6.407233177885806,1,True,1.0,0.0,0.01,1.0,rms,6.708203932499369,0.6975993621884777,0.8352241388923561,0.2951933074332449,0.5553309605486464,1.1221845054488178,1.0593321034731356,0.19760879677772436,0.4607807225206765,0.9742304647402005,0.9372859025032937,0.8181818181818182,0.35351785986389256,0.26666666666666666,0.01937092355043438,0.0,0.06722689075630252,1.0,1.0,0.9683399940204577,0.92167325428195,0.6367965367965368,,0.22213997137555658,0.806670529521183
r5_final_inverse_map_complete_2026-08-31,fixed_black_box_contamination,breast_cancer,lgbm,1,HuberRidgeAIME,0.05,0.5,9,15,30,45,1.212962458957918,0.9824561403508771,0.09182513619984772,119,52,0.0006918750004842877,X ~= Y A^T,SVD normal-system solve,1.7095580527403895,1.709380021940052,39.84591545923323,39.85591545923323,68.11890564214495,68.12890564214496,39.85591545923323,6.812890564214496e-11,5.925995022536577,8,True,0.9164919403390084,0.15966386554621848,0.01,1.0,rms,6.708203932499369,0.688342440453625,0.8296640527669167,0.30454586815065,0.5609647263455732,1.1169860579922362,1.056875611409515,0.20132582235535523,0.4621166608326719,0.991297490665111,0.9836627140974966,0.8181818181818182,0.3513497766526871,0.2,0.01686478620355247,0.0,0.8538690476190476,0.28388812769009963,0.9620850079173081,0.9880875472986513,0.962635046113307,0.8144522144522146,,0.2328386239170856,0.7727612823641122
r5_final_inverse_map_complete_2026-08-31,fixed_black_box_contamination,breast_cancer,lgbm,1,RidgeAIME,0.1,0.0,17,0,30,30,1.212962458957918,0.9824561403508771,0.09182513619984772,119,52,0.00011854199692606926,X ~= Y A^T,SVD normal-system solve,1.667936376434485,1.6677846462650683,44.011329377136036,44.021329377136034,73.40809724336488,73.41809724336488,44.02132937713604,7.341809724336487e-11,5.188244921170746,1,True,1.0,0.0,0.01,1.0,rms,5.477225575051661,0.8061848210170653,0.8978779544108795,0.2162815771569332,0.4943798195382159,3.1414795965591473,1.7724219578190594,0.06679875652466805,0.30020698746704616,0.9567968062375771,0.8220244716351501,0.42857142857142855,0.0,0.0,0.03274325264037026,0.0,0.08403361344537816,1.0,1.0,0.9485784260038275,0.8339488320355951,0.5847485847485847,,0.22213997137555658,0.7150204696098575
r5_final_inverse_map_complete_2026-08-31,fixed_black_box_contamination,breast_cancer,lgbm,1,HuberRidgeAIME,0.1,0.0,17,0,30,30,1.212962458957918,0.9824561403508771,0.09182513619984772,119,52,0.0005336670437827706,X ~= Y A^T,SVD normal-system solve,1.686339303828359,1.686164532270566,39.26065207245192,39.27065207245191,66.20678068370599,66.216780683706,39.2706520724519,6.6216780683706e-11,4.824971660631082,8,True,0.894736976570431,0.19327731092436976,0.01,1.0,rms,5.477225575051661,0.7653785891340515,0.8748591824596982,0.2559506392129244,0.5205379939379617,3.1115089381675087,1.7639469771417475,0.0757017765250162,0.3120158080629196,0.9897044755872036,0.9835372636262512,1.0,0.0,0.0,0.02166943988709691,0.0,0.9451515151515152,0.23616876714394452,0.9551560783526775,0.9859980858839194,0.9450055617352614,0.7424242424242424,,0.22689994986811518,0.6834947668678557
r5_final_inverse_map_complete_2026-08-31,fixed_black_box_contamination,breast_cancer,lgbm,1,RidgeAIME,0.1,0.25,17,8,30,38,1.212962458957918,0.9824561403508771,0.09182513619984772,119,52,0.00011899997480213642,X ~= Y A^T,SVD normal-system solve,1.643473125441912,1.6433276278252449,44.215681504608526,44.225681504608524,72.66728427592311,72.67728427592313,44.225681504608524,7.267728427592311e-11,6.211278100650954,1,True,1.0,0.0,0.01,1.0,rms,6.164414002968976,0.6605934073046495,0.8127689753580962,0.3193273349864717,0.5750344077634473,1.9979266952323902,1.4134803483714906,0.13013305184796586,0.3784616419811716,0.9472991257321736,0.7524893314366997,0.25,0.27834112840055336,0.5,0.021962411949773848,0.0,0.12605042016806722,1.0,1.0,0.9400912816276927,0.8357807199912465,0.5106227106227105,,0.2157241567228937,0.7931809745642218
r5_final_inverse_map_complete_2026-08-31,fixed_black_box_contamination,breast_cancer,lgbm,1,HuberRidgeAIME,0.1,0.25,17,8,30,38,1.212962458957918,0.9824561403508771,0.09182513619984772,119,52,0.0007867090171203017,X ~= Y A^T,SVD normal-system solve,1.8439654853971534,1.8437312673216357,36.02331995323248,36.03331995323248,66.4257586631793,66.4357586631793,36.03331995323247,6.64357586631793e-11,5.277892948837809,11,True,0.8746882363230174,0.2689075630252101,0.01,1.0,rms,6.164414002968976,0.6216797474864432,0.7884667066442584,0.35942380619099434,0.6051058909221109,1.9570403900837694,1.3989425971367693,0.14793432832408138,0.3999982480086214,0.9897385234334103,0.9645475434949119,0.5384615384615384,0.2659721057514517,0.25,0.02150739918978905,0.0,0.9634432234432234,0.2801232571747152,0.9604428006232534,0.9785006941367278,0.9035999562315352,0.6278721278721279,,0.2656976208258727,0.7224605772064044
r5_final_inverse_map_complete_2026-08-31,fixed_black_box_contamination,breast_cancer,lgbm,1,RidgeAIME,0.1,0.5,17,15,30,45,1.212962458957918,0.9824561403508771,0.09182513619984772,119,52,0.0001324999611824751,X ~= Y A^T,SVD normal-system solve,1.7635711094730002,1.7633905496631317,42.27909578649486,42.289095786494855,74.56219186370399,74.57219186370399,42.28909578649486,7.4572191863704e-11,6.465968145069252,1,True,1.0,0.0,0.01,1.0,rms,6.708203932499369,0.6450266489001123,0.8031355109196158,0.23533610980328112,0.5260438201442847,2.5177233997821524,1.5867335629468964,0.0812836035370963,0.32289766802559433,0.9761408382314358,0.9513833992094861,0.8181818181818182,0.326499867180013,0.13333333333333333,0.018968126950196847,0.0,0.10084033613445378,1.0,1.0,0.9478866851126908,0.8777997364953887,0.588045288045288,,0.24634850899785102,0.8106335607062946
r5_final_inverse_map_complete_2026-08-31,fixed_black_box_contamination,breast_cancer,lgbm,1,HuberRidgeAIME,0.1,0.5,17,15,30,45,1.212962458957918,0.9824561403508771,0.09182513619984772,119,52,0.0006864579627290368,X ~= Y A^T,SVD normal-system solve,1.7795274969272443,1.779318182474816,37.2319337451338,37.24193374513379,66.25524986323896,66.26524986323898,37.24193374513379,6.626524986323896e-11,6.145362726811982,9,True,0.8841781549710133,0.24369747899159663,0.01,1.0,rms,6.708203932499369,0.605276431551327,0.7779951359432313,0.28245905563182505,0.5551086497766132,2.4836368899929893,1.5759558654965529,0.09372175915188985,0.33769018967838665,0.9951096231275094,0.9869565217391303,0.8181818181818182,0.34083571380463384,0.13333333333333333,0.013918789977548566,0.0,0.9209595959595961,0.30375297049288136,0.949272568183514,0.9801155750664143,0.9387878787878787,0.5629953379953381,,0.2502536167387968,0.7885475219830458
r5_final_inverse_map_complete_2026-08-31,fixed_black_box_contamination,breast_cancer,svm,1,RidgeAIME,0.05,0.0,9,0,30,30,0.006055000005289912,0.9766081871345029,0.10662104861229722,119,52,0.0001389170065522194,X ~= Y A^T,SVD normal-system solve,1.965617237754071,1.965361200075783,37.70387259123632,37.71387259123631,74.11138189541737,74.12138189541737,37.71387259123632,7.412138189541735e-11,5.021905023198304,1,True,1.0,0.0,0.01,1.0,rms,5.477225575051661,0.7667627586146587,0.8756499064207446,0.2922235157723795,0.5458453486752796,1.7001195379863527,1.3038863209599036,0.13181564421691827,0.37466806850008133,0.9737325364943836,0.9172413793103448,0.5384615384615384,0.0,0.0,0.020168741982665606,0.0,0.05042016806722689,1.0,1.0,0.9419945672618905,0.888186874304783,0.5915750915750916,,0.2934423780112553,0.7008684948581992
r5_final_inverse_map_complete_2026-08-31,fixed_black_box_contamination,breast_cancer,svm,1,HuberRidgeAIME,0.05,0.0,9,0,30,30,0.006055000005289912,0.9766081871345029,0.10662104861229722,119,52,0.0005681670736521482,X ~= Y A^T,SVD normal-system solve,2.117624189630141,2.1172882316010493,33.25678015855657,33.26678015855657,70.42536213297112,70.43536213297112,33.26678015855657,7.043536213297113e-11,4.6520676960592695,9,True,0.9224577444353894,0.19327731092436976,0.01,1.0,rms,5.477225575051661,0.7477599706010922,0.8647311551002961,0.3097644387497356,0.5652377976044765,1.6776294972363694,1.2952333755877237,0.14330042578891633,0.38931829940745855,0.9958036515283335,0.9817575083426029,0.8181818181818182,0.0,0.0,0.0144953210836228,0.0,1.0,0.22917068534582433,0.9592694466879329,0.9800983369321263,0.9321468298109009,0.7016317016317017,,0.32577998360897625,0.6676460258782239
r5_final_inverse_map_complete_2026-08-31,fixed_black_box_contamination,breast_cancer,svm,1,RidgeAIME,0.05,0.25,9,8,30,38,0.006055000005289912,0.9766081871345029,0.10662104861229722,119,52,0.00021895894315093756,X ~= Y A^T,SVD normal-system solve,2.0430504094489272,2.0427653721411936,36.58346973701414,36.59346973701414,74.74187282526918,74.75187282526919,36.593469737014146,7.475187282526919e-11,5.301064285742727,1,True,1.0,0.0,0.01,1.0,rms,6.164414002968976,0.6960685162159168,0.8343072073378707,0.3303015964687782,0.5830925944330513,1.8179824525511563,1.348325796145411,0.15227973250806126,0.4083862507337451,0.9804339627130226,0.9494474231316337,0.8181818181818182,0.18280778293924302,0.25,0.023018062425790346,0.0,0.05042016806722689,1.0,1.0,0.9483850374656143,0.8830287777656199,0.6505494505494506,,0.3102184873196573,0.7243630709259257
r5_final_inverse_map_complete_2026-08-31,fixed_black_box_contamination,breast_cancer,svm,1,HuberRidgeAIME,0.05,0.25,9,8,30,38,0.006055000005289912,0.9766081871345029,0.10662104861229722,119,52,0.0005799169884994626,X ~= Y A^T,SVD normal-system solve,2.0855724180381614,2.085245164411688,33.16220437665423,33.17220437665423,69.16217876929446,69.17217876929446,33.17220437665423,6.917217876929447e-11,5.065077259547677,8,True,0.9135460328307571,0.20168067226890757,0.01,1.0,rms,6.164414002968976,0.7019870187684962,0.8378466558795209,0.32460731261823794,0.580307151377498,1.8268740314539533,1.3516190408003113,0.14813361347631404,0.4046504293007116,0.9940136781053288,0.9938724149250465,1.0,0.1898141154128126,0.25,0.02240466546727723,0.0,0.9333333333333332,0.27474597771875103,0.9474646198278549,0.9756148840816842,0.9373016741437794,0.7016317016317017,,0.3191571227590845,0.7045860742055446
r5_final_inverse_map_complete_2026-08-31,fixed_black_box_contamination,breast_cancer,svm,1,RidgeAIME,0.05,0.5,9,15,30,45,0.006055000005289912,0.9766081871345029,0.10662104861229722,119,52,0.00013166689313948154,X ~= Y A^T,SVD normal-system solve,1.8919633091665093,1.8917318635420524,38.528784704104794,38.53878470410479,72.8950470069421,72.9050470069421,38.538784704104785,7.290504700694211e-11,6.126691407722078,1,True,1.0,0.0,0.01,1.0,rms,6.708203932499369,0.5657230173531468,0.7521456091430347,0.31750047607101717,0.5685087775691102,1.034021267983758,1.016868363154129,0.21343129936080107,0.46914731247269326,0.9747555806958762,0.9703557312252964,0.8181818181818182,0.31186578940525406,0.13333333333333333,0.018837722337752164,0.0,0.058823529411764705,1.0,1.0,0.9629523940590667,0.9363636363636362,0.6346986346986347,,0.2768595789808946,0.7872260061196814
r5_final_inverse_map_complete_2026-08-31,fixed_black_box_contamination,breast_cancer,svm,1,HuberRidgeAIME,0.05,0.5,9,15,30,45,0.006055000005289912,0.9766081871345029,0.10662104861229722,119,52,0.0006541250040754676,X ~= Y A^T,SVD normal-system solve,1.9079497310698879,1.9076895150290516,34.882150697209795,34.89215069720979,66.55339004188073,66.56339004188074,34.892150697209786,6.656339004188074e-11,5.8630436442855425,9,True,0.9026100335840501,0.226890756302521,0.01,1.0,rms,6.708203932499369,0.5498179305225973,0.741497087332511,0.33668868983804323,0.5837343421961356,1.013612932281171,1.0067834584860695,0.22895569773907942,0.48573701243733847,0.9939380597088293,0.9897233201581026,1.0,0.3007096373898155,0.06666666666666667,0.010528798690548244,0.0,0.9682539682539681,0.24210903548916934,0.9438913459649801,0.9830929031784243,0.9577075098814228,0.706993006993007,,0.2805076927569325,0.7681231270692983
r5_final_inverse_map_complete_2026-08-31,fixed_black_box_contamination,breast_cancer,svm,1,RidgeAIME,0.1,0.0,17,0,30,30,0.006055000005289912,0.9766081871345029,0.10662104861229722,119,52,0.00014329096302390099,X ~= Y A^T,SVD normal-system solve,1.8919633091665093,1.8917318635420524,38.528784704104794,38.53878470410479,72.8950470069421,72.9050470069421,38.538784704104785,7.290504700694211e-11,5.429070988764758,1,True,1.0,0.0,0.01,1.0,rms,5.477225575051661,0.5980039362908854,0.773307142273292,0.3040549653646616,0.5618603863187281,2.5170428784697467,1.5865191075022533,0.09530971178551939,0.3330430900114428,0.9617496980661536,0.9087875417130145,0.6666666666666666,0.0,0.0,0.02442044151858467,0.0,0.10084033613445378,1.0,1.0,0.9541515219576875,0.861979977753059,0.734965034965035,,0.2768595789808946,0.7347255203860628
r5_final_inverse_map_complete_2026-08-31,fixed_black_box_contamination,breast_cancer,svm,1,HuberRidgeAIME,0.1,0.0,17,0,30,30,0.006055000005289912,0.9766081871345029,0.10662104861229722,119,52,0.0005902079865336418,X ~= Y A^T,SVD normal-system solve,1.8905227703653802,1.8902656005432874,34.617809869667944,34.62780986966794,65.44575781878665,65.45575781878665,34.627809869667935,6.545575781878665e-11,4.978618090041684,9,True,0.8890199709442957,0.25210084033613445,0.01,1.0,rms,5.477225575051661,0.5662516367126522,0.7524969346865489,0.3410076572930575,0.587105938095263,2.483913778466449,1.5760437108362346,0.10721716687364691,0.34980860419346993,0.9949425429249134,0.9946607341490545,1.0,0.0,0.0,0.017452254656242235,0.0,0.8563782051282052,0.3602570822321663,0.948320481827899,0.9828603605513097,0.9485650723025584,0.7962703962703963,,0.2765228310230578,0.6971088128091141
r5_final_inverse_map_complete_2026-08-31,fixed_black_box_contamination,breast_cancer,svm,1,RidgeAIME,0.1,0.25,17,8,30,38,0.006055000005289912,0.9766081871345029,0.10662104861229722,119,52,0.00013112497981637716,X ~= Y A^T,SVD normal-system solve,1.9377873415926081,1.9375398048590309,37.87477483886119,37.88477483886119,73.39325924841543,73.40325924841544,37.8847748388612,7.340325924841542e-11,5.816559879583528,1,True,1.0,0.0,0.01,1.0,rms,6.164414002968976,0.8370070236192704,0.9148808794697102,0.2566621185889453,0.5136817303185682,4.815476472778974,2.1944193930921623,0.024709993735976155,0.21003717972922298,0.9484814898739135,0.9089615931721193,0.6666666666666666,0.22305085067986571,0.125,0.025622964742651626,0.0,0.09243697478991597,1.0,1.0,0.9456403641985819,0.8525440420177262,0.5344322344322345,,0.2872506334250866,0.7646662033720982
r5_final_inverse_map_complete_2026-08-31,fixed_black_box_contamination,breast_cancer,svm,1,HuberRidgeAIME,0.1,0.25,17,8,30,38,0.006055000005289912,0.9766081871345029,0.10662104861229722,119,52,0.0007000420009717345,X ~= Y A^T,SVD normal-system solve,1.9263474568407264,1.9260779210957328,34.35826001916593,34.36826001916593,66.1859468093927,66.19594680939271,34.36826001916592,6.61959468093927e-11,5.248542181632415,9,True,0.9006917796458115,0.226890756302521,0.01,1.0,rms,6.164414002968976,0.8050899076672243,0.8972680244315098,0.2850074020609472,0.5401036644014757,4.763872047660994,2.1826296176083093,0.03516156179597352,0.22674846266131418,0.9958591683855593,0.9757085020242915,0.8181818181818182,0.21682816912031336,0.25,0.01567007116455208,0.0,1.0,0.23322833435123194,0.9686741675924815,0.9838813888587229,0.9358791990370937,0.6346986346986346,,0.28467385289098945,0.7200386919028025
r5_final_inverse_map_complete_2026-08-31,fixed_black_box_contamination,breast_cancer,svm,1,RidgeAIME,0.1,0.5,17,15,30,45,0.006055000005289912,0.9766081871345029,0.10662104861229722,119,52,0.00014812499284744263,X ~= Y A^T,SVD normal-system solve,1.8575361509577895,1.8573183212329896,39.357269629626416,39.367269629626406,73.10755114002416,73.11755114002418,39.36726962962641,7.311755114002416e-11,6.71758723363073,1,True,1.0,0.0,0.01,1.0,rms,6.708203932499369,0.8701846286356784,0.9328368713958933,0.1744671319171811,0.4428547962900009,4.068229647494287,2.016985286880965,0.0369321278816932,0.23596743377171295,0.9017912095325342,0.6812911725955204,0.25,0.3188073508339378,0.2,0.0217918191148411,0.0,0.10084033613445378,1.0,1.0,0.9249084207900177,0.8150988142292489,0.5999000999000998,,0.26888634278530227,0.8272133148280905
r5_final_inverse_map_complete_2026-08-31,fixed_black_box_contamination,breast_cancer,svm,1,HuberRidgeAIME,0.1,0.5,17,15,30,45,0.006055000005289912,0.9766081871345029,0.10662104861229722,119,52,0.0006159159820526838,X ~= Y A^T,SVD normal-system solve,2.0369618223146757,2.036650583720195,33.30726336972185,33.31726336972185,67.84562388990346,67.85562388990348,33.31726336972185,6.785562388990347e-11,5.989399830349481,8,True,0.8929282584168895,0.20168067226890757,0.01,1.0,rms,6.708203932499369,0.8066810723780371,0.8981542586761124,0.23471213189267226,0.49051576425284726,3.998626096358575,1.9996564945906523,0.05340930584175141,0.26422850444684737,0.9941242233363752,0.9579710144927535,0.5384615384615384,0.3156325798925048,0.2,0.01373457983950716,0.0,0.9935897435897435,0.22988508618062378,0.9672882403499287,0.987233946350031,0.9481554677206849,0.637995337995338,,0.308916526015944,0.7773833059575476
r5_final_inverse_map_complete_2026-08-31,fixed_black_box_contamination,breast_cancer,mlp,1,RidgeAIME,0.05,0.0,9,0,30,30,0.024318499956279993,0.9122807017543859,0.26176325396158656,119,52,0.00013170810416340828,X ~= Y A^T,SVD normal-system solve,3.223145386967545,3.222068883230014,20.641534309286328,20.65153430928633,66.53066608890853,66.54066608890852,20.65153430928633,6.654066608890852e-11,7.584772253273152,1,True,1.0,0.0,0.01,1.0,rms,5.477225575051661,0.7555047479825232,0.8691977611467503,0.33152703555503515,0.5818089102544064,2.248501430828447,1.4995003937406775,0.12967884443362387,0.3751350378181352,0.9885658944764157,0.9688542825361514,1.0,0.0,0.0,0.021058018255883902,0.0,0.04201680672268908,1.0,1.0,0.9764698049959314,0.885650723025584,0.6873459873459874,,0.5081348207780819,0.879942544828525
r5_final_inverse_map_complete_2026-08-31,fixed_black_box_contamination,breast_cancer,mlp,1,HuberRidgeAIME,0.05,0.0,9,0,30,30,0.024318499956279993,0.9122807017543859,0.26176325396158656,119,52,0.0005299169570207596,X ~= Y A^T,SVD normal-system solve,3.2315229956971674,3.230392059151617,19.721637504141956,19.731637504141958,63.73092510743842,63.740925107438414,19.731637504141954,6.374092510743842e-11,7.433988153217279,8,True,0.9563661210575531,0.11764705882352941,0.01,1.0,rms,5.477225575051661,0.7461815682187294,0.8638180179984262,0.33977621417555226,0.588781834281183,2.233709380893784,1.4945599288398521,0.13540436180080118,0.3822080251065717,0.9992067410629811,0.9924360400444937,1.0,0.0,0.0,0.014606158984065165,0.0,0.9666666666666666,0.2878222620184815,0.9856882201382141,0.9869423661150554,0.942246941045606,0.7962703962703963,,0.50925523403181,0.8712218646697873
r5_final_inverse_map_complete_2026-08-31,fixed_black_box_contamination,breast_cancer,mlp,1,RidgeAIME,0.05,0.25,9,8,30,38,0.024318499956279993,0.9122807017543859,0.26176325396158656,119,52,0.00012945791240781546,X ~= Y A^T,SVD normal-system solve,2.9650759015052066,2.964181805702255,21.968359533965238,21.978359533965243,65.13785344976247,65.14785344976247,21.97835953396524,6.514785344976246e-11,8.581656936897934,1,True,1.0,0.0,0.01,1.0,rms,6.164414002968976,0.7841045736341835,0.8854967948186958,0.2753612683352269,0.5354464343777556,0.9872240171349208,0.9935914739644864,0.221758525077127,0.48583779526848253,0.9829202086912155,0.9220921326184484,0.8181818181818182,0.17352072247953687,0.25,0.015308532898629518,0.0,0.06722689075630252,1.0,1.0,0.9646580673592581,0.9058321479374112,0.8421578421578422,,0.47190483722626153,0.9335711490465509
r5_final_inverse_map_complete_2026-08-31,fixed_black_box_contamination,breast_cancer,mlp,1,HuberRidgeAIME,0.05,0.25,9,8,30,38,0.024318499956279993,0.9122807017543859,0.26176325396158656,119,52,0.0005600409349426627,X ~= Y A^T,SVD normal-system solve,2.996567096924663,2.9955821027947236,20.259837517180422,20.269837517180424,60.709962493022715,60.71996249302271,20.269837517180424,6.07199624930227e-11,8.267882352735446,7,True,0.933916920099038,0.15966386554621848,0.01,1.0,rms,6.164414002968976,0.7645764103199227,0.874400600594443,0.2934084319044965,0.5491296214984347,0.9656975111381285,0.9826990949106081,0.23872814847172286,0.49949801205994937,0.9977676370682779,0.9811795601269284,1.0,0.17988716678981126,0.25,0.013027854756461513,0.0,0.9861111111111112,0.26825072840370967,0.9818928618428455,0.9874737999800735,0.9472808841229892,0.8296037296037296,,0.47648122721533487,0.9173942882356908
r5_final_inverse_map_complete_2026-08-31,fixed_black_box_contamination,breast_cancer,mlp,1,RidgeAIME,0.05,0.5,9,15,30,45,0.024318499956279993,0.9122807017543859,0.26176325396158656,119,52,0.00014620902948081493,X ~= Y A^T,SVD normal-system solve,2.9468698860492504,2.9459885859759765,22.08088533052608,22.090885330526078,65.06949603783396,65.07949603783396,22.090885330526078,6.507949603783396e-11,9.349752127969872,1,True,1.0,0.0,0.01,1.0,rms,6.708203932499369,0.6133636293642177,0.7831753503298081,0.3354606386074257,0.5836207368034664,2.368513384497822,1.5389975258257638,0.12497191371242156,0.36235758237745813,0.9807056775049074,0.9031620553359684,0.6666666666666666,0.3303032785844245,0.2,0.011934782215505037,0.0,0.04201680672268908,1.0,1.0,0.9709026853634487,0.8935836627140974,0.8939393939393939,,0.46923105986667574,0.9708000974092191
r5_final_inverse_map_complete_2026-08-31,fixed_black_box_contamination,breast_cancer,mlp,1,HuberRidgeAIME,0.05,0.5,9,15,30,45,0.024318499956279993,0.9122807017543859,0.26176325396158656,119,52,0.0005522500723600388,X ~= Y A^T,SVD normal-system solve,3.1017048132092353,3.1006631885318754,20.167179543581213,20.177179543581218,62.55263785918068,62.56263785918067,20.17717954358121,6.256263785918067e-11,9.202786334206753,7,True,0.9531608199231272,0.11764705882352941,0.01,1.0,rms,6.708203932499369,0.602650443339445,0.7763056378382454,0.34706767472523703,0.5923278709479888,2.3656737070628484,1.538074675385707,0.1260210095409957,0.36377411119615155,0.9976191961452369,0.9831357048748353,0.6666666666666666,0.3441584226090299,0.2,0.009828104607530693,0.0,1.0,0.22741255731244497,0.9849918840727185,0.9874714594421723,0.942292490118577,0.8787878787878787,,0.4914545932910553,0.9639193389066854
r5_final_inverse_map_complete_2026-08-31,fixed_black_box_contamination,breast_cancer,mlp,1,RidgeAIME,0.1,0.0,17,0,30,30,0.024318499956279993,0.9122807017543859,0.26176325396158656,119,52,0.00011833291500806808,X ~= Y A^T,SVD normal-system solve,2.9468698860492504,2.9459885859759765,22.08088533052608,22.090885330526078,65.06949603783396,65.07949603783396,22.090885330526078,6.507949603783396e-11,8.95333816187876,1,True,1.0,0.0,0.01,1.0,rms,5.477225575051661,0.7270210268306659,0.8526552801869381,0.26069423597033803,0.5419233103481668,5.070665812304157,2.2518138937985435,0.026118671364884105,0.2205262948789124,0.9461731958545614,0.8095661846496106,0.6666666666666666,0.0,0.0,0.01420527731782783,0.0,0.09243697478991597,1.0,1.0,0.9493584926751284,0.7743715239154615,0.6022311022311022,,0.46923105986667574,0.951984987828604
r5_final_inverse_map_complete_2026-08-31,fixed_black_box_contamination,breast_cancer,mlp,1,HuberRidgeAIME,0.1,0.0,17,0,30,30,0.024318499956279993,0.9122807017543859,0.26176325396158656,119,52,0.0005486250156536698,X ~= Y A^T,SVD normal-system solve,3.153510527920829,3.1523894500280663,19.199285472716994,19.209285472717,60.545148866770475,60.555148866770466,19.209285472717,6.055514886677047e-11,7.6639757658959,8,True,0.915197999408252,0.16806722689075632,0.01,1.0,rms,5.477225575051661,0.6598957296103902,0.8123396639401466,0.3289537736118989,0.5778091235097015,4.977325848603078,2.230992122039672,0.04404571511590061,0.24315698235627764,0.9965235293266709,0.9728587319243605,0.8181818181818182,0.0,0.0,0.01448617431546216,0.0,1.0,0.2774249439936324,0.9801563661634447,0.9855217324150904,0.9392658509454949,0.7909090909090909,,0.49863986540067207,0.884454122798786
r5_final_inverse_map_complete_2026-08-31,fixed_black_box_contamination,breast_cancer,mlp,1,RidgeAIME,0.1,0.25,17,8,30,38,0.024318499956279993,0.9122807017543859,0.26176325396158656,119,52,0.00011024996638298035,X ~= Y A^T,SVD normal-system solve,3.0046840301909135,3.003751276075366,21.482095256175505,21.49209525617551,64.54690855127052,64.55690855127051,21.492095256175507,6.45569085512705e-11,9.163057235196142,1,True,1.0,0.0,0.01,1.0,rms,6.164414002968976,0.5946895239555522,0.7711611530384244,0.3627231315684022,0.6121970996199891,4.348347698466009,2.0852692148655554,0.07575719771191924,0.29793030909150625,0.9655363211327129,0.8555640660903817,0.42857142857142855,0.2097494556931293,0.375,0.017034131047127553,0.0,0.09243697478991597,1.0,1.0,0.9609767953097694,0.8638800744063901,0.5733932733932734,,0.47766396831212204,0.9620403993067155
r5_final_inverse_map_complete_2026-08-31,fixed_black_box_contamination,breast_cancer,mlp,1,HuberRidgeAIME,0.1,0.25,17,8,30,38,0.024318499956279993,0.9122807017543859,0.26176325396158656,119,52,0.000569417024962604,X ~= Y A^T,SVD normal-system solve,3.2545228317280595,3.253295477491086,18.358966055701142,18.368966055701144,59.7496741951998,59.7596741951998,18.368966055701144,5.97596741951998e-11,8.576642122466302,8,True,0.9139178992091627,0.17647058823529413,0.01,1.0,rms,6.164414002968976,0.559838590390462,0.7482236232507378,0.40006983587311484,0.6366346858625671,4.32658485289763,2.0800444353180607,0.08038289803964993,0.30591593998215955,0.9959352764702889,0.9853375642849327,0.8181818181818182,0.21166665275198085,0.25,0.01416077204867015,0.0,1.0,0.2821238157746753,0.9782672965960086,0.9913388976332161,0.9578290841448736,0.7909090909090909,,0.512323509459617,0.9333172886504937
r5_final_inverse_map_complete_2026-08-31,fixed_black_box_contamination,breast_cancer,mlp,1,RidgeAIME,0.1,0.5,17,15,30,45,0.024318499956279993,0.9122807017543859,0.26176325396158656,119,52,0.00012012501247227192,X ~= Y A^T,SVD normal-system solve,2.981797041863466,2.980889192365624,21.819576891048083,21.829576891048085,65.06154982843961,65.07154982843961,21.829576891048088,6.50715498284396e-11,8.283110443015802,1,True,1.0,0.0,0.01,1.0,rms,6.708203932499369,0.5657411015956519,0.7521576308166075,0.29920519922820155,0.5626616115141441,4.625297620324292,2.150650510967389,0.02278122812852801,0.19663826143220203,0.9508996938548727,0.8441370223978919,0.3333333333333333,0.2692990366839078,0.06666666666666667,0.01702233780705048,0.0,0.09243697478991597,1.0,1.0,0.9511124205900519,0.8641501976284583,0.6626706626706628,,0.4743458324437062,0.9181934520715366
r5_final_inverse_map_complete_2026-08-31,fixed_black_box_contamination,breast_cancer,mlp,1,HuberRidgeAIME,0.1,0.5,17,15,30,45,0.024318499956279993,0.9122807017543859,0.26176325396158656,119,52,0.0005995839601382613,X ~= Y A^T,SVD normal-system solve,3.1067109566317956,3.1056092161766973,19.11166288242879,19.12166288242879,59.37441247629472,59.38441247629472,19.121662882428794,5.938441247629473e-11,8.874291756277747,8,True,0.9052156023452712,0.20168067226890757,0.01,1.0,rms,6.708203932499369,0.5240259241884737,0.723896349064197,0.3508786225622511,0.6048267863821375,4.664521949915541,2.1597504369522746,0.014494031425290932,0.18363840747462254,0.9985112803914867,0.9756258234519104,0.6666666666666666,0.2910385165839148,0.13333333333333333,0.013343178151927731,0.0,0.917494270435447,0.2751043535247468,0.9693935999103247,0.9880363165533682,0.9454018445322794,0.731934731934732,,0.49214680685441925,0.9481337027283611
r5_final_inverse_map_complete_2026-08-31,fixed_black_box_contamination,breast_cancer,lgbm,2,RidgeAIME,0.05,0.0,9,0,30,30,1.1315170829184353,0.9707602339181286,0.12277322688632118,119,52,0.00014100002590566874,X ~= Y A^T,SVD normal-system solve,1.6402118363241305,1.6400660592320748,43.907177060790154,43.91717706079015,72.01707151468736,72.02707151468738,43.917177060790145,7.202707151468738e-11,5.015661596210707,1,True,1.0,0.0,0.01,1.0,rms,5.477225575051661,0.839438344544762,0.9162086795838391,0.24980197445532515,0.5051524093318932,3.0383501845516525,1.743086396181111,0.07160609961683406,0.2914559197203335,0.9781023718197656,0.9799777530589545,1.0,0.0,0.0,0.025812163851267084,0.0,0.05042016806722689,1.0,1.0,0.9710295214292495,0.9389543937708567,0.806060606060606,,0.21486134108561522,0.7003282272133858
r5_final_inverse_map_complete_2026-08-31,fixed_black_box_contamination,breast_cancer,lgbm,2,HuberRidgeAIME,0.05,0.0,9,0,30,30,1.1315170829184353,0.9707602339181286,0.12277322688632118,119,52,0.0005874999333173037,X ~= Y A^T,SVD normal-system solve,1.60515508555015,1.6050081469715025,41.17422072141003,41.184220721410036,66.09100978453567,66.10100978453568,41.184220721410036,6.610100978453566e-11,4.840558218105321,9,True,0.9222264227446534,0.19327731092436976,0.01,1.0,rms,5.477225575051661,0.8158268922599722,0.9032313614240662,0.27090330369457705,0.523600165879783,3.0152109210034395,1.7364362703547285,0.07867649961442003,0.301896778317981,0.9960510411046334,0.9897664071190211,0.8181818181818182,0.0,0.0,0.02308963058770199,0.0,1.0,0.22939702366398895,0.9590138244657503,0.9854949969481398,0.9596885428253616,0.8727272727272728,,0.20547724121178676,0.6848954478145787
r5_final_inverse_map_complete_2026-08-31,fixed_black_box_contamination,breast_cancer,lgbm,2,RidgeAIME,0.05,0.25,9,8,30,38,1.1315170829184353,0.9707602339181286,0.12277322688632118,119,52,0.00012987502850592136,X ~= Y A^T,SVD normal-system solve,1.6536089703453138,1.653459479527794,43.712349050300325,43.722349050300316,72.28313250444208,72.2931325044421,43.72234905030032,7.229313250444209e-11,5.195951528030999,1,True,1.0,0.0,0.01,1.0,rms,6.164414002968976,0.6851692659135677,0.8277495188241234,0.26896331401642615,0.5336500846866405,1.9773874952577217,1.4061961083923258,0.10321726955212096,0.3511275885832579,0.970887394226343,0.9179341284604442,1.0,0.1975439304015608,0.125,0.018951626702559753,0.0,0.058823529411764705,1.0,1.0,0.9389185320907018,0.8170697012802277,0.7811188811188812,,0.21839355635095437,0.7156650909754987
r5_final_inverse_map_complete_2026-08-31,fixed_black_box_contamination,breast_cancer,lgbm,2,HuberRidgeAIME,0.05,0.25,9,8,30,38,1.1315170829184353,0.9707602339181286,0.12277322688632118,119,52,0.0007949579739943147,X ~= Y A^T,SVD normal-system solve,1.710389349665156,1.7102087582410763,39.32682639052387,39.33682639052387,67.26418501448262,67.27418501448263,39.33682639052387,6.727418501448262e-11,5.088072735652122,8,True,0.919317406608537,0.20168067226890757,0.01,1.0,rms,6.164414002968976,0.6330389519618002,0.7956374500749699,0.32458339776284273,0.5840901706748816,1.9280392120888172,1.3885385166025526,0.1255976518642673,0.382291113109048,0.9943693410338498,0.981836087099245,1.0,0.18771994591612445,0.125,0.016400120520539928,0.0,0.9571428571428571,0.2830508492825592,0.9590840664414105,0.9816481445877571,0.9353977459240618,0.9303030303030303,,0.23304912619245866,0.7065533110653904
r5_final_inverse_map_complete_2026-08-31,fixed_black_box_contamination,breast_cancer,lgbm,2,RidgeAIME,0.05,0.5,9,15,30,45,1.1315170829184353,0.9707602339181286,0.12277322688632118,119,52,0.00023929204326123,X ~= Y A^T,SVD normal-system solve,1.6261999602666897,1.6260591140664489,44.44984053509394,44.459840535093946,72.28432891203046,72.29432891203045,44.459840535093946,7.229432891203045e-11,5.8777949581349205,1,True,1.0,0.0,0.01,1.0,rms,6.708203932499369,0.7333166447840839,0.8563390945087606,0.2760162060740481,0.5328241811987676,2.292102990728384,1.5139692832843024,0.11276941585513944,0.3566873730967322,0.9937065196231121,0.9899868247694333,1.0,0.29313753886575444,0.06666666666666667,0.01734670039890738,0.0,0.03361344537815126,1.0,1.0,0.9739046698101698,0.947931488801054,0.9023310023310023,,0.2111363299703476,0.7692144320081595
r5_final_inverse_map_complete_2026-08-31,fixed_black_box_contamination,breast_cancer,lgbm,2,HuberRidgeAIME,0.05,0.5,9,15,30,45,1.1315170829184353,0.9707602339181286,0.12277322688632118,119,52,0.0006289160810410976,X ~= Y A^T,SVD normal-system solve,1.7058161352657846,1.705643071108254,40.77349586295868,40.78349586295869,69.55208713422763,69.56208713422762,40.78349586295869,6.956208713422762e-11,5.498921240845005,9,True,0.94609691712541,0.17647058823529413,0.01,1.0,rms,6.708203932499369,0.7334311903032275,0.8564059728325273,0.27590311836478,0.5332897339134409,2.2930306191355645,1.514275608710503,0.11241034809208472,0.3578517175910311,0.993994931616334,0.9727272727272728,1.0,0.28749632785150786,0.06666666666666667,0.018808225109677477,0.0,0.520673076923077,0.5309800775715462,0.9605357637185877,0.980402295862777,0.9570487483530961,0.8993006993006993,,0.23188815434252938,0.7402774994761393
r5_final_inverse_map_complete_2026-08-31,fixed_black_box_contamination,breast_cancer,lgbm,2,RidgeAIME,0.1,0.0,17,0,30,30,1.1315170829184353,0.9707602339181286,0.12277322688632118,119,52,0.00014995806850492954,X ~= Y A^T,SVD normal-system solve,1.6261999602666897,1.6260591140664489,44.44984053509394,44.459840535093946,72.28432891203046,72.29432891203045,44.459840535093946,7.229432891203045e-11,5.045603534418865,1,True,1.0,0.0,0.01,1.0,rms,5.477225575051661,0.7657475914170228,0.8750700494343425,0.25511457035841556,0.5168392859455035,3.4859078256515397,1.867058602629157,0.08420833973721886,0.31551646935790134,0.9553028365347112,0.8887652947719689,0.8181818181818182,0.0,0.0,0.02252127765639205,0.0,0.07563025210084033,1.0,1.0,0.9426431245713853,0.8932591768631811,0.8030303030303031,,0.2111363299703476,0.7029131222063812
r5_final_inverse_map_complete_2026-08-31,fixed_black_box_contamination,breast_cancer,lgbm,2,HuberRidgeAIME,0.1,0.0,17,0,30,30,1.1315170829184353,0.9707602339181286,0.12277322688632118,119,52,0.0005815830081701279,X ~= Y A^T,SVD normal-system solve,1.6863909561637347,1.68621655426627,39.346851395599266,39.356851395599264,66.35417434705703,66.36417434705703,39.356851395599264,6.636417434705703e-11,4.661363118908784,9,True,0.9071175590400629,0.226890756302521,0.01,1.0,rms,5.477225575051661,0.7249170224865314,0.8514205908283705,0.29483274410287064,0.5508420473788427,3.451220068607331,1.8577459644976573,0.09332124811091358,0.33459909830923923,0.9924956623232775,0.9781979977753059,1.0,0.0,0.0,0.015810780616256122,0.0,0.9152777777777779,0.31803790116519504,0.955314985593461,0.9795777686995224,0.9545272525027808,0.862937062937063,,0.2269133486300545,0.6685129356714369
r5_final_inverse_map_complete_2026-08-31,fixed_black_box_contamination,breast_cancer,lgbm,2,RidgeAIME,0.1,0.25,17,8,30,38,1.1315170829184353,0.9707602339181286,0.12277322688632118,119,52,0.00012387509923428297,X ~= Y A^T,SVD normal-system solve,1.8230456231182797,1.822846777218632,41.381128737193464,41.39112873719346,75.43968562403461,75.44968562403461,41.39112873719345,7.544968562403463e-11,5.5694650395236875,1,True,1.0,0.0,0.01,1.0,rms,6.164414002968976,0.8171625849639058,0.9039704558025698,0.1997269263411291,0.4705872749338427,2.8208365415082297,1.67953462051493,0.06215799387510523,0.2826596383254751,0.9521364350523541,0.9135572819783346,0.6666666666666666,0.17930743084917225,0.125,0.021230209992150084,0.0,0.11764705882352941,1.0,1.0,0.918489989647315,0.8400700295437137,0.5769230769230769,,0.2607501647574977,0.7458134821503022
r5_final_inverse_map_complete_2026-08-31,fixed_black_box_contamination,breast_cancer,lgbm,2,HuberRidgeAIME,0.1,0.25,17,8,30,38,1.1315170829184353,0.9707602339181286,0.12277322688632118,119,52,0.0005594160174950957,X ~= Y A^T,SVD normal-system solve,2.1250915170069336,2.1247480586248857,32.747724831014544,32.757724831014535,69.59191223966633,69.60191223966635,32.757724831014535,6.960191223966634e-11,5.219650458209756,8,True,0.8782132069512034,0.25210084033613445,0.01,1.0,rms,6.164414002968976,0.761705263234974,0.8727572762429276,0.2540380293376783,0.513262081013798,2.766972224387445,1.6634218419833993,0.0800662343859484,0.3072688109453277,0.9893451903571072,0.9794288215340846,1.0,0.17839042428603893,0.25,0.024198327835646648,0.0,0.9593837535014003,0.2874946055237873,0.9569756871415258,0.9792260283281632,0.9439763650289965,0.7811188811188812,,0.3273074410989194,0.7176414207889521
r5_final_inverse_map_complete_2026-08-31,fixed_black_box_contamination,breast_cancer,lgbm,2,RidgeAIME,0.1,0.5,17,15,30,45,1.1315170829184353,0.9707602339181286,0.12277322688632118,119,52,0.00013329193461686373,X ~= Y A^T,SVD normal-system solve,1.7791717662108786,1.7789858382457604,41.897185167915616,41.907185167915614,74.54228893446465,74.55228893446466,41.907185167915614,7.455228893446465e-11,6.779873628491052,1,True,1.0,0.0,0.01,1.0,rms,6.708203932499369,0.7841270387992785,0.8855094797907465,0.17299992513450912,0.47154283930724594,5.49625024355506,2.34440829284386,0.012426461461514604,0.1962144431428351,0.966404431104829,0.9077733860342555,0.42857142857142855,0.34818094424480406,0.2,0.018570786015747433,0.0,0.09243697478991597,1.0,1.0,0.9640952964804207,0.8727140974967063,0.6662004662004662,,0.2501724908629017,0.8312215990351334
r5_final_inverse_map_complete_2026-08-31,fixed_black_box_contamination,breast_cancer,lgbm,2,HuberRidgeAIME,0.1,0.5,17,15,30,45,1.1315170829184353,0.9707602339181286,0.12277322688632118,119,52,0.0006651250878348947,X ~= Y A^T,SVD normal-system solve,1.9555531225697949,1.9552827299755844,35.32947094072137,35.33947094072137,69.08865721686651,69.09865721686651,35.339470940721384,6.90986572168665e-11,6.1076347484536395,9,True,0.893862829532503,0.2605042016806723,0.01,1.0,rms,6.708203932499369,0.7312108006175769,0.855108648428711,0.22880941871462968,0.5007551734536301,5.450761269914235,2.334686546394234,0.020599980619531832,0.20579817833852349,0.9961036394937874,0.9735177865612648,0.5384615384615384,0.34258624329470766,0.2,0.016630005611305114,0.0,0.9924242424242424,0.2746514451176029,0.9569306557229096,0.984414083689464,0.9364558629776021,0.6346986346986347,,0.29120956438681267,0.7858730572851481
r5_final_inverse_map_complete_2026-08-31,fixed_black_box_contamination,breast_cancer,svm,2,RidgeAIME,0.05,0.0,9,0,30,30,0.005866916966624558,0.9766081871345029,0.12315015382775185,119,52,0.0001254579983651638,X ~= Y A^T,SVD normal-system solve,1.8042499953590143,1.8040538167570714,40.98580623942215,40.995806239422144,73.94864071726288,73.95864071726288,40.99580623942215,7.395864071726286e-11,4.908402173292172,1,True,1.0,0.0,0.01,1.0,rms,5.477225575051661,0.5891923125900534,0.767588635005791,0.28176578500684246,0.5419141988726903,1.399724529290288,1.1830995432719464,0.12357674544147979,0.37512035460561605,0.9853252613738505,0.9719688542825362,0.8181818181818182,0.0,0.0,0.021706030275104725,0.0,0.06722689075630252,1.0,1.0,0.9664239663958758,0.920845383759733,0.734965034965035,,0.25624948884451304,0.6909401397285309
r5_final_inverse_map_complete_2026-08-31,fixed_black_box_contamination,breast_cancer,svm,2,HuberRidgeAIME,0.05,0.0,9,0,30,30,0.005866916966624558,0.9766081871345029,0.12315015382775185,119,52,0.0005371249280869961,X ~= Y A^T,SVD normal-system solve,1.776445229305345,1.7762419580602968,38.18749463932159,38.1974946393216,67.83799267114628,67.84799267114629,38.19749463932159,6.78479926711463e-11,4.647248193311969,8,True,0.9178951618135245,0.19327731092436976,0.01,1.0,rms,5.477225575051661,0.5823188671797918,0.7630982028414113,0.2901446174577209,0.5457567798038204,1.3972522784940014,1.1820542620768308,0.1251247200919382,0.37409183514284666,0.9964137844097719,0.9915461624026695,1.0,0.0,0.0,0.021607668518185925,0.0,0.932426948051948,0.2727768011881513,0.9643901787955332,0.9844546557515683,0.9573748609566184,0.8636363636363636,,0.24950212467067426,0.6671958672512949
r5_final_inverse_map_complete_2026-08-31,fixed_black_box_contamination,breast_cancer,svm,2,RidgeAIME,0.05,0.25,9,8,30,38,0.005866916966624558,0.9766081871345029,0.12315015382775185,119,52,0.00012512505054473877,X ~= Y A^T,SVD normal-system solve,1.7384176523164252,1.7382411639950572,41.82946261100723,41.83946261100723,72.71707618988488,72.72707618988488,41.83946261100723,7.272707618988488e-11,5.441683870637534,1,True,1.0,0.0,0.01,1.0,rms,6.164414002968976,0.7719936678321574,0.8786317020413943,0.26140915480142357,0.5174934062193296,1.6362953104657774,1.2791775914492003,0.13632428863472523,0.38493042727956506,0.9883067099067734,0.9676113360323885,0.8181818181818182,0.18106462777436136,0.25,0.015405046077121468,0.0,0.05042016806722689,1.0,1.0,0.9739998403416387,0.9464930517562097,0.806993006993007,,0.24011003041321663,0.7357333082585922
r5_final_inverse_map_complete_2026-08-31,fixed_black_box_contamination,breast_cancer,svm,2,HuberRidgeAIME,0.05,0.25,9,8,30,38,0.005866916966624558,0.9766081871345029,0.12315015382775185,119,52,0.0005487499292939901,X ~= Y A^T,SVD normal-system solve,1.8671391473551355,1.8669089366264007,37.657190930646834,37.66719093064683,70.31121536603747,70.32121536603748,37.667190930646825,7.03212153660375e-11,5.079454493410577,8,True,0.9402013383593683,0.17647058823529413,0.01,1.0,rms,6.164414002968976,0.7704670156376765,0.877762505258499,0.26286975141203095,0.5188955825899202,1.6337974267022972,1.2782008553831816,0.13764273129145888,0.38675359033455076,0.995761587563734,0.9776780829412409,0.8181818181818182,0.1849023619481155,0.25,0.014737876638689173,0.0,0.8809523809523809,0.4149485170656817,0.9680908686935463,0.9798937861301148,0.9425101214574898,0.7640692640692641,,0.2711231346147567,0.7058170738542655
r5_final_inverse_map_complete_2026-08-31,fixed_black_box_contamination,breast_cancer,svm,2,RidgeAIME,0.05,0.5,9,15,30,45,0.005866916966624558,0.9766081871345029,0.12315015382775185,119,52,0.00013508391566574574,X ~= Y A^T,SVD normal-system solve,1.8906526997338762,1.890429319967853,39.861682005455286,39.871682005455284,75.3645966995473,75.37459669954731,39.87168200545529,7.53745966995473e-11,5.719740460429577,1,True,1.0,0.0,0.01,1.0,rms,6.708203932499369,0.9336316914699819,0.9662461857466667,0.20742123073680396,0.4627993474804797,1.6165710995194311,1.2714444932907731,0.14477631928790702,0.39189737927144713,0.9642281336360926,0.9284584980237153,0.6666666666666666,0.2840753099987702,0.13333333333333333,0.015898987031088718,0.0,0.04201680672268908,1.0,1.0,0.9629831375348058,0.9375889328063239,0.7841491841491842,,0.276560444448213,0.7573763226460746
r5_final_inverse_map_complete_2026-08-31,fixed_black_box_contamination,breast_cancer,svm,2,HuberRidgeAIME,0.05,0.5,9,15,30,45,0.005866916966624558,0.9766081871345029,0.12315015382775185,119,52,0.0005966250319033861,X ~= Y A^T,SVD normal-system solve,1.9359066299751573,1.935655646427173,37.2795609090618,37.28956090906179,72.16974912641544,72.17974912641544,37.2895609090618,7.217974912641545e-11,5.413077064283335,8,True,0.9477888807819919,0.15126050420168066,0.01,1.0,rms,6.708203932499369,0.9211064726277426,0.9597429200716943,0.21805414157887704,0.47285003527324054,1.6076344948236554,1.2679252717820777,0.14950410142088122,0.3986359932328426,0.9959509470039626,0.9915678524374176,0.8181818181818182,0.2954664249618581,0.2,0.0156505850331074,0.0,0.885,0.3474078450592313,0.9741213823487797,0.9807852110819585,0.9537285902503292,0.7932400932400933,,0.2868280987583877,0.7334442100496354
r5_final_inverse_map_complete_2026-08-31,fixed_black_box_contamination,breast_cancer,svm,2,RidgeAIME,0.1,0.0,17,0,30,30,0.005866916966624558,0.9766081871345029,0.12315015382775185,119,52,0.0001240420388057828,X ~= Y A^T,SVD normal-system solve,1.8906526997338762,1.890429319967853,39.861682005455286,39.871682005455284,75.3645966995473,75.37459669954731,39.87168200545529,7.53745966995473e-11,5.404740085479783,1,True,1.0,0.0,0.01,1.0,rms,5.477225575051661,0.9225593971087445,0.9604995560169429,0.20670997931710666,0.4724216253117792,2.2181290385979797,1.4893384566974626,0.08573997133268152,0.3266890638859624,0.9237533489612778,0.8122358175750835,0.5384615384615384,0.0,0.0,0.04210672422515134,0.06666666666666667,0.11764705882352941,1.0,1.0,0.9394385123230429,0.8448943270300333,0.6341991341991342,,0.276560444448213,0.7327748135241033
r5_final_inverse_map_complete_2026-08-31,fixed_black_box_contamination,breast_cancer,svm,2,HuberRidgeAIME,0.1,0.0,17,0,30,30,0.005866916966624558,0.9766081871345029,0.12315015382775185,119,52,0.0005217089783400297,X ~= Y A^T,SVD normal-system solve,1.9497520157434847,1.949478651280313,34.733068090241424,34.74306809024142,67.72086952190392,67.73086952190393,34.74306809024142,6.773086952190392e-11,4.602892207733138,8,True,0.8876373207317986,0.2184873949579832,0.01,1.0,rms,5.477225575051661,0.8851997734960151,0.9408505585352092,0.2388347581457958,0.4938058456404852,2.2074140469689585,1.4857368700308136,0.0901564360123519,0.32587330004125775,0.9950529685173617,0.9764182424916574,1.0,0.0,0.0,0.026743997587965095,0.0,0.9901360544217687,0.21914309873523155,0.9767698836646743,0.9803652729839044,0.9425583982202446,0.8606060606060606,,0.28991848359585765,0.6630308045409795
r5_final_inverse_map_complete_2026-08-31,fixed_black_box_contamination,breast_cancer,svm,2,RidgeAIME,0.1,0.25,17,8,30,38,0.005866916966624558,0.9766081871345029,0.12315015382775185,119,52,0.00012224994134157896,X ~= Y A^T,SVD normal-system solve,1.8059495638579475,1.8057526596250872,40.92104308373918,40.931043083739176,73.90133990969105,73.91133990969105,40.931043083739176,7.391133990969105e-11,5.800792330489521,1,True,1.0,0.0,0.01,1.0,rms,6.164414002968976,0.6779233856287987,0.8233610299430006,0.2537826073104752,0.5203311764640317,1.4292983575201235,1.195532666856127,0.1170329506497052,0.3682909934718861,0.951179005169083,0.8371813108655214,0.6666666666666666,0.19771514022704828,0.125,0.024330684545919617,0.0,0.11764705882352941,1.0,1.0,0.9381842619295148,0.8563518984571618,0.5633699633699634,,0.2566582631887871,0.7634873179177183
r5_final_inverse_map_complete_2026-08-31,fixed_black_box_contamination,breast_cancer,svm,2,HuberRidgeAIME,0.1,0.25,17,8,30,38,0.005866916966624558,0.9766081871345029,0.12315015382775185,119,52,0.0005546249449253082,X ~= Y A^T,SVD normal-system solve,1.729642818433609,1.7294474046462662,37.32834896476507,37.33834896476507,64.56471071088954,64.57471071088955,37.33834896476506,6.457471071088956e-11,5.321034085398509,8,True,0.8841275691929584,0.226890756302521,0.01,1.0,rms,6.164414002968976,0.6412381372523156,0.8007734618806467,0.29416352788939193,0.5490770702724913,1.3891403685948618,1.178617990951632,0.14184105373232614,0.3904637214279413,0.9951296133566611,0.9776780829412409,0.8181818181818182,0.20512908449797718,0.25,0.01880165912193637,0.0,0.9531480424337566,0.2658472064963472,0.9665649508858399,0.9835438584454982,0.9390086442718021,0.6801531801531802,,0.2379073589382806,0.7259960409305621
r5_final_inverse_map_complete_2026-08-31,fixed_black_box_contamination,breast_cancer,svm,2,RidgeAIME,0.1,0.5,17,15,30,45,0.005866916966624558,0.9766081871345029,0.12315015382775185,119,52,0.00013070798013359308,X ~= Y A^T,SVD normal-system solve,1.7530066381409708,1.7528263918375655,41.76653710028653,41.776537100286525,73.21701678896342,73.22701678896343,41.77653710028652,7.322701678896342e-11,6.006128223978542,1,True,1.0,0.0,0.01,1.0,rms,6.708203932499369,0.6986503018445751,0.8358530384251619,0.17979540487769363,0.45638588409799713,3.0448508982338858,1.7449501133940437,0.03700285762913269,0.24048414333309137,0.930789971938577,0.9312252964426877,0.5384615384615384,0.329684136070411,0.26666666666666666,0.02240360212226395,0.0,0.07563025210084033,1.0,1.0,0.9096886350703357,0.7982608695652174,0.7255411255411255,,0.2437389036575854,0.778594599653155
r5_final_inverse_map_complete_2026-08-31,fixed_black_box_contamination,breast_cancer,svm,2,HuberRidgeAIME,0.1,0.5,17,15,30,45,0.005866916966624558,0.9766081871345029,0.12315015382775185,119,52,0.0005907498998567462,X ~= Y A^T,SVD normal-system solve,1.9349766846247303,1.9347176915779278,36.09045505737923,36.100455057379236,69.8341890735255,69.84418907352548,36.10045505737923,6.98441890735255e-11,5.54733706670065,8,True,0.9181107482763184,0.15966386554621848,0.01,1.0,rms,6.708203932499369,0.6359895646960378,0.7974895389257703,0.25335813634333426,0.5127602653303965,2.987951922109009,1.7285693281176224,0.054998336962411964,0.26686397391157046,0.9939402263202052,0.9722002635046112,0.6666666666666666,0.3270340428988354,0.2,0.014477732846985652,0.0,0.9436868686868689,0.2717916622097288,0.9709914007726759,0.9848705653293905,0.9668642951251647,0.7909090909090909,,0.28661760298048633,0.7440845552353677
r5_final_inverse_map_complete_2026-08-31,fixed_black_box_contamination,breast_cancer,mlp,2,RidgeAIME,0.05,0.0,9,0,30,30,0.020281750010326505,0.9122807017543859,0.4138653490793386,119,52,0.0001336670247837901,X ~= Y A^T,SVD normal-system solve,4.938044142372808,4.934827535817483,12.232853064681128,12.24285306468113,60.4063684205559,60.4163684205559,12.242853064681128,6.041636842055588e-11,11.734736081960229,1,True,1.0,0.0,0.01,1.0,rms,5.477225575051661,0.5783028299053873,0.760462247521458,0.28886027150448246,0.5613816173446261,3.16813898970154,1.7799266809904108,0.061501346239896115,0.28161053762795024,0.9819966654567747,0.9136818687430479,0.6666666666666666,0.0,0.0,0.01163404807667755,0.0,0.04201680672268908,1.0,1.0,0.976073312854741,0.9312569521690767,0.8242424242424242,,0.693271979386284,1.0694733266199767
r5_final_inverse_map_complete_2026-08-31,fixed_black_box_contamination,breast_cancer,mlp,2,HuberRidgeAIME,0.05,0.0,9,0,30,30,0.020281750010326505,0.9122807017543859,0.4138653490793386,119,52,0.000582332955673337,X ~= Y A^T,SVD normal-system solve,4.972888035499224,4.969379003345093,11.31189122525127,11.32189122525127,56.2527685329207,56.2627685329207,11.321891225251271,5.6262768532920696e-11,11.27562222966635,9,True,0.935614524732146,0.19327731092436976,0.01,1.0,rms,5.477225575051661,0.5554034360368731,0.7452539406382721,0.31701968538981873,0.5769181122370278,3.147988715342723,1.7742572291927468,0.06747046736119777,0.28831647826340145,0.9981184003504833,0.9902113459399332,1.0,0.0,0.0,0.01152546121517609,0.0,0.8225,0.35471559571633526,0.9610925479345938,0.9930716952905095,0.9620022246941046,0.9272727272727274,,0.6963021206707567,1.0521405171534814
r5_final_inverse_map_complete_2026-08-31,fixed_black_box_contamination,breast_cancer,mlp,2,RidgeAIME,0.05,0.25,9,8,30,38,0.020281750010326505,0.9122807017543859,0.4138653490793386,119,52,0.00012608303222805262,X ~= Y A^T,SVD normal-system solve,5.520258344393284,5.516119673674358,10.912005279913407,10.922005279913405,60.23708820050555,60.247088200505544,10.92200527991341,6.024708820050554e-11,13.517495286131693,1,True,1.0,0.0,0.01,1.0,rms,6.164414002968976,0.6483852861907622,0.8052237491472555,0.3445295415690133,0.6048865742658142,2.254461604948121,1.5014864651231863,0.13731201318974773,0.38993483356511355,0.9932401366333137,0.9444140496772077,0.5384615384615384,0.21857868381078316,0.375,0.015185587396966021,0.0,0.05042016806722689,1.0,1.0,0.9765430858644587,0.9126381442170916,0.7213786213786213,,0.7416336797396004,1.1308962267989957
r5_final_inverse_map_complete_2026-08-31,fixed_black_box_contamination,breast_cancer,mlp,2,HuberRidgeAIME,0.05,0.25,9,8,30,38,0.020281750010326505,0.9122807017543859,0.4138653490793386,119,52,0.00048820802476257086,X ~= Y A^T,SVD normal-system solve,5.579061837984846,5.574522055137807,10.076521739627616,10.086521739627615,56.2175378971811,56.22753789718111,10.086521739627623,5.6227537897181104e-11,13.100177410696087,7,True,0.9320107124137543,0.15966386554621848,0.01,1.0,rms,6.164414002968976,0.6326427207321411,0.7953884087237764,0.36044413250408003,0.612128603111336,2.2353004880118927,1.495092133619829,0.14464416972702043,0.39660768220853093,0.9986520772120736,0.9831491410438778,0.6666666666666666,0.21331352893802272,0.25,0.011715670447871857,0.0,1.0,0.2832379285651628,0.9664588248304937,0.9925883392632459,0.9657949447423132,0.7174825174825175,,0.7462076380494804,1.1172771771797811
r5_final_inverse_map_complete_2026-08-31,fixed_black_box_contamination,breast_cancer,mlp,2,RidgeAIME,0.05,0.5,9,15,30,45,0.020281750010326505,0.9122807017543859,0.4138653490793386,119,52,0.000128875020891428,X ~= Y A^T,SVD normal-system solve,5.4120543999231385,5.408100555117707,11.148896256778702,11.158896256778702,60.33843304078579,60.34843304078579,11.1588962567787,6.034843304078579e-11,13.492521143933766,1,True,1.0,0.0,0.01,1.0,rms,6.708203932499369,0.5388132792007488,0.7340390174920873,0.4148813716524269,0.6468255847082592,0.9711259020386436,0.9854572045698603,0.27831458419146127,0.5348687106433263,0.9884920884111996,0.947957839262187,0.6666666666666666,0.31333978864320244,0.2,0.012379163577037765,0.0,0.06722689075630252,1.0,1.0,0.980618503256798,0.9361528326745716,0.7023310023310023,,0.7330447580309819,1.1300931073143548
r5_final_inverse_map_complete_2026-08-31,fixed_black_box_contamination,breast_cancer,mlp,2,HuberRidgeAIME,0.05,0.5,9,15,30,45,0.020281750010326505,0.9122807017543859,0.4138653490793386,119,52,0.0005813749739900231,X ~= Y A^T,SVD normal-system solve,5.454062824197036,5.449677384568435,10.146479626696436,10.15647962669644,55.33953732843766,55.34953732843765,10.15647962669644,5.534953732843764e-11,13.272114761009671,8,True,0.9178495847957279,0.20168067226890757,0.01,1.0,rms,6.708203932499369,0.5190186233939965,0.7204294714918293,0.4363771704780234,0.6623743155429042,0.9534976291711336,0.9764720319451723,0.2914149117675958,0.5462690626970845,0.9980102158522253,0.9816864295125164,0.8181818181818182,0.31656702333271547,0.2,0.00980518664236742,0.0,0.8017857142857143,0.3781359670912844,0.9567478635492014,0.9909011183170398,0.9502898550724638,0.6085581085581085,,0.7363707932401631,1.1229401282798486
r5_final_inverse_map_complete_2026-08-31,fixed_black_box_contamination,breast_cancer,mlp,2,RidgeAIME,0.1,0.0,17,0,30,30,0.020281750010326505,0.9122807017543859,0.4138653490793386,119,52,0.00012508290819823742,X ~= Y A^T,SVD normal-system solve,5.4120543999231385,5.408100555117707,11.148896256778702,11.158896256778702,60.33843304078579,60.34843304078579,11.1588962567787,6.034843304078579e-11,10.752841575773422,1,True,1.0,0.0,0.01,1.0,rms,5.477225575051661,0.5799401369437417,0.76153800755034,0.38796191224043663,0.6263859777515483,4.456142427820712,2.1109577039393073,0.05701143982806289,0.26703308782250273,0.9782455985590215,0.9225806451612902,0.8181818181818182,0.0,0.0,0.032413739044642426,0.0,0.09243697478991597,1.0,1.0,0.9619780722804565,0.8938375973303669,0.806060606060606,,0.7330447580309819,1.031523247284475
r5_final_inverse_map_complete_2026-08-31,fixed_black_box_contamination,breast_cancer,mlp,2,HuberRidgeAIME,0.1,0.0,17,0,30,30,0.020281750010326505,0.9122807017543859,0.4138653490793386,119,52,0.0005265830550342798,X ~= Y A^T,SVD normal-system solve,5.34502227908456,5.340683153950112,10.003590630494676,10.013590630494678,53.4694147908356,53.479414790835605,10.013590630494678,5.3479414790835605e-11,10.859630567422817,8,True,0.888565897272331,0.226890756302521,0.01,1.0,rms,5.477225575051661,0.5370519491800627,0.7328382831021198,0.43322383283225385,0.6602577292068421,4.397459179937269,2.0970119646624026,0.0694297214077394,0.2875528357061202,0.9978789046183719,0.9768631813125697,0.8181818181818182,0.0,0.0,0.016753071581303857,0.0,0.9722550177095632,0.24699058984759728,0.9539115304359612,0.9893445935534924,0.946829810901001,0.8727272727272728,,0.727596813398304,1.0358150512879374
r5_final_inverse_map_complete_2026-08-31,fixed_black_box_contamination,breast_cancer,mlp,2,RidgeAIME,0.1,0.25,17,8,30,38,0.020281750010326505,0.9122807017543859,0.4138653490793386,119,52,0.00012791703920811415,X ~= Y A^T,SVD normal-system solve,5.335630788908367,5.331808066220073,11.331735047074718,11.341735047074716,60.46195440892387,60.471954408923864,11.341735047074717,6.047195440892386e-11,12.88417613499019,1,True,1.0,0.0,0.01,1.0,rms,6.164414002968976,0.6000264729031093,0.7746137572384765,0.35026865673809493,0.6022585200978318,5.798364480383983,2.4079793355392365,0.04034987660984335,0.25037721823913434,0.955784449188977,0.9037093773935879,0.5384615384615384,0.20055845577103437,0.125,0.014356891054178728,0.0,0.06722689075630252,1.0,1.0,0.959571152252205,0.9249808512966406,0.7174825174825175,,0.7268745073431324,1.1100566532736584
r5_final_inverse_map_complete_2026-08-31,fixed_black_box_contamination,breast_cancer,mlp,2,HuberRidgeAIME,0.1,0.25,17,8,30,38,0.020281750010326505,0.9122807017543859,0.4138653490793386,119,52,0.000577333034016192,X ~= Y A^T,SVD normal-system solve,5.515107243871702,5.510581101652698,9.965619468858463,9.975619468858463,54.96146012237017,54.971460122370175,9.975619468858465,5.4971460122370174e-11,12.5978457181807,8,True,0.9107985249636357,0.19327731092436976,0.01,1.0,rms,6.164414002968976,0.5460905603148329,0.7389794045268332,0.4086725014326211,0.6423343472142656,5.732654406966931,2.3942962237298313,0.05122512949813263,0.27040327373215084,0.9965952897189014,0.9866506182295656,0.8181818181818182,0.21610675103007226,0.375,0.013835975202239,0.0,0.9659090909090909,0.21631383087859968,0.9608514758886835,0.9912979856229482,0.9692745376955904,0.8447552447552449,,0.741197398476886,1.1002962853797005
r5_final_inverse_map_complete_2026-08-31,fixed_black_box_contamination,breast_cancer,mlp,2,RidgeAIME,0.1,0.5,17,15,30,45,0.020281750010326505,0.9122807017543859,0.4138653490793386,119,52,0.00013945810496807098,X ~= Y A^T,SVD normal-system solve,5.213163609332195,5.20953712909019,11.607776268387315,11.617776268387317,60.51323682762661,60.523236827626604,11.617776268387319,6.05232368276266e-11,14.064678480889507,1,True,1.0,0.0,0.01,1.0,rms,6.708203932499369,0.6240448002751046,0.7899650626927146,0.33079463420583743,0.5849569973967408,3.641901791885405,1.9083767426494709,0.06947562080747904,0.2900377136822208,0.9797921650289869,0.8835309617918313,0.42857142857142855,0.3262290256757699,0.2,0.012314420750245397,0.0,0.09243697478991597,1.0,1.0,0.974193223982439,0.9051910408432148,0.5843739593739594,,0.7167991376541919,1.148129808625534
r5_final_inverse_map_complete_2026-08-31,fixed_black_box_contamination,breast_cancer,mlp,2,HuberRidgeAIME,0.1,0.5,17,15,30,45,0.020281750010326505,0.9122807017543859,0.4138653490793386,119,52,0.0006877919659018517,X ~= Y A^T,SVD normal-system solve,5.227291598550349,5.223240281568051,10.424363978487083,10.434363978487085,54.49119024497642,54.501190244976414,10.434363978487085,5.450119024497643e-11,13.555210510580462,8,True,0.9001215108432474,0.21008403361344538,0.01,1.0,rms,6.708203932499369,0.5863207330058511,0.765715830452689,0.3712486981208566,0.6129389048294072,3.6115436937004923,1.9004061917654584,0.07723226886699663,0.3009468814348349,0.9976604540387872,0.9823451910408432,0.6666666666666666,0.33002122354723895,0.2,0.009944292830400043,0.0,0.8915504949595858,0.324297004678326,0.9587703031378227,0.9912315992271511,0.9507114624505928,0.6411921411921413,,0.7179400048832942,1.1321062665032675
r5_final_inverse_map_complete_2026-08-31,fixed_black_box_contamination,breast_cancer,lgbm,3,RidgeAIME,0.05,0.0,9,0,30,30,1.147585208993405,0.9766081871345029,0.10931275597629872,119,52,0.00015183293726295233,X ~= Y A^T,SVD normal-system solve,1.7611641258311843,1.760984139185024,42.280033292524664,42.29003329252467,74.46207787374257,74.47207787374256,42.290033292524676,7.447207787374256e-11,3.9883443816605797,1,True,1.0,0.0,0.01,1.0,rms,5.477225575051661,0.9047498407083072,0.9511833896301529,0.27586180306072117,0.5434958156625914,1.4543727973748548,1.2059737963052326,0.18573519173720332,0.45230931547908204,0.983518450407032,0.9746384872080088,1.0,0.0,0.0,0.03524685162842182,0.0,0.04201680672268908,1.0,1.0,0.9664340678109957,0.9276974416017797,0.8757575757575757,,0.24575544438553754,0.6007926512939588
r5_final_inverse_map_complete_2026-08-31,fixed_black_box_contamination,breast_cancer,lgbm,3,HuberRidgeAIME,0.05,0.0,9,0,30,30,1.147585208993405,0.9766081871345029,0.10931275597629872,119,52,0.0005510409828275442,X ~= Y A^T,SVD normal-system solve,1.716309822471254,1.7161331850629316,40.54255504887994,40.55255504887993,69.58358545847418,69.59358545847418,40.552555048879945,6.959358545847417e-11,3.858467142075871,8,True,0.9422342973967848,0.15966386554621848,0.01,1.0,rms,5.477225575051661,0.8997914960161979,0.9485734004367811,0.27983033294997384,0.5515053441481788,1.4471987150223127,1.2029957252718368,0.18975177043133074,0.46076132094363187,0.9948621535005477,0.9906562847608454,1.0,0.0,0.0,0.023660803198630752,0.0,0.8761904761904762,0.29930764229371537,0.9704328349013055,0.9841187109804197,0.9607563959955506,0.9666666666666666,,0.23455098939460514,0.5864148062379367
r5_final_inverse_map_complete_2026-08-31,fixed_black_box_contamination,breast_cancer,lgbm,3,RidgeAIME,0.05,0.25,9,8,30,38,1.147585208993405,0.9766081871345029,0.10931275597629872,119,52,0.00012895895633846521,X ~= Y A^T,SVD normal-system solve,1.607006087819252,1.6068705136302344,44.76298313314123,44.77298313314123,71.93438640390846,71.94438640390847,44.77298313314124,7.194438640390845e-11,5.312634738423573,1,True,1.0,0.0,0.01,1.0,rms,6.164414002968976,0.5895849067435043,0.7678443245499079,0.24892255118689766,0.5212178921117085,2.553562864950879,1.5979871291568273,0.040575221412485374,0.2545743361073175,0.9958099718629433,0.9910274647116752,0.8181818181818182,0.22155736955513064,0.25,0.02002155288463022,0.0,0.025210084033613446,1.0,1.0,0.9808016752886279,0.947105810263705,0.7057942057942058,,0.2059808814418698,0.7253099577241208
r5_final_inverse_map_complete_2026-08-31,fixed_black_box_contamination,breast_cancer,lgbm,3,HuberRidgeAIME,0.05,0.25,9,8,30,38,1.147585208993405,0.9766081871345029,0.10931275597629872,119,52,0.0005564169259741902,X ~= Y A^T,SVD normal-system solve,1.6311425593525373,1.6309930318281272,42.19912249039563,42.20912249039563,68.83278466141515,68.84278466141515,42.20912249039562,6.884278466141515e-11,5.10491833786033,7,True,0.9504583850938093,0.12605042016806722,0.01,1.0,rms,6.164414002968976,0.5819692067052277,0.7628690626216452,0.25862425910080644,0.5274491509610022,2.5441715071120328,1.5950459263331676,0.044103742890786335,0.2581640696423075,0.9958672245964517,0.9888390414706205,1.0,0.2310467451017963,0.375,0.01961411483383142,0.0,0.6984126984126985,0.38704964969809036,0.9650293006643883,0.9863619036034945,0.9610460663092241,0.7144522144522145,,0.21245210558653094,0.7079887991750733
r5_final_inverse_map_complete_2026-08-31,fixed_black_box_contamination,breast_cancer,lgbm,3,RidgeAIME,0.05,0.5,9,15,30,45,1.147585208993405,0.9766081871345029,0.10931275597629872,119,52,0.0001294170506298542,X ~= Y A^T,SVD normal-system solve,1.8408847709231793,1.8406807956792999,41.21484449238474,41.22484449238474,75.87177956199814,75.88177956199814,41.22484449238474,7.588177956199814e-11,5.400531612620174,1,True,1.0,0.0,0.01,1.0,rms,6.708203932499369,0.8733735642883436,0.9345445758701634,0.25469569422491145,0.5142633791902774,1.6859630967721584,1.2984464165964487,0.1327528352686882,0.38371283622838487,0.9875327999971683,0.9430830039525692,1.0,0.3423101283028647,0.2,0.019178696137695857,0.0,0.058823529411764705,1.0,1.0,0.9711995630411104,0.8754413702239789,0.5577069988834695,,0.26497848122827816,0.7324365126125383
r5_final_inverse_map_complete_2026-08-31,fixed_black_box_contamination,breast_cancer,lgbm,3,HuberRidgeAIME,0.05,0.5,9,15,30,45,1.147585208993405,0.9766081871345029,0.10931275597629872,119,52,0.0005192499374970794,X ~= Y A^T,SVD normal-system solve,1.8335519827565734,1.8333370468178989,38.771414960001174,38.78141496000117,71.08940477418803,71.09940477418803,38.78141496000117,7.109940477418802e-11,5.082566922384087,7,True,0.9390475008482833,0.17647058823529413,0.01,1.0,rms,6.708203932499369,0.8672025403358664,0.9312371021044352,0.25996181505897875,0.5226717883509694,1.6805173277819097,1.2963476878453208,0.1355540992617239,0.38880925281564827,0.995347612690372,0.9889328063241105,1.0,0.34388592899655546,0.2,0.01896993531670373,0.0,0.9571428571428571,0.3539232289023498,0.9756177678449041,0.9781953037594653,0.8984716732542818,0.6939393939393941,,0.263242314453248,0.7060831057224285
r5_final_inverse_map_complete_2026-08-31,fixed_black_box_contamination,breast_cancer,lgbm,3,RidgeAIME,0.1,0.0,17,0,30,30,1.147585208993405,0.9766081871345029,0.10931275597629872,119,52,0.00012320803944021463,X ~= Y A^T,SVD normal-system solve,1.8408847709231793,1.8406807956792999,41.21484449238474,41.22484449238474,75.87177956199814,75.88177956199814,41.22484449238474,7.588177956199814e-11,4.511136101389523,1,True,1.0,0.0,0.01,1.0,rms,5.477225575051661,0.9252752116063834,0.9619122681442333,0.23110750627858245,0.48990572219633455,3.3641460815336446,1.8341608657731319,0.06731720992411461,0.2850164052839694,0.9352235306788944,0.8705228031145716,0.6666666666666666,0.0,0.0,0.029071316580522887,0.0,0.07563025210084033,1.0,1.0,0.928106744932674,0.8584649610678532,0.6888111888111889,,0.26497848122827816,0.6542859299996817
r5_final_inverse_map_complete_2026-08-31,fixed_black_box_contamination,breast_cancer,lgbm,3,HuberRidgeAIME,0.1,0.0,17,0,30,30,1.147585208993405,0.9766081871345029,0.10931275597629872,119,52,0.0007992079481482506,X ~= Y A^T,SVD normal-system solve,1.8173335968228432,1.8171191190244678,38.09807472893938,38.10807472893937,69.23691117916887,69.24691117916889,38.108074728939386,6.924691117916887e-11,4.168513289305841,8,True,0.9158653371005793,0.16806722689075632,0.01,1.0,rms,5.477225575051661,0.8917128716585107,0.9443054969968726,0.2589974042613069,0.5224000374228671,3.334618322674766,1.8260937332663858,0.07550354661988379,0.30180734557618427,0.9948066813040679,0.9773081201334817,1.0,0.0,0.0,0.024795467977320622,0.0,0.9797979797979799,0.2117341205325899,0.9734760730015966,0.9778210607547232,0.9266295884315907,0.8016317016317016,,0.25938339788554715,0.6199811903749736
r5_final_inverse_map_complete_2026-08-31,fixed_black_box_contamination,breast_cancer,lgbm,3,RidgeAIME,0.1,0.25,17,8,30,38,1.147585208993405,0.9766081871345029,0.10931275597629872,119,52,0.0001276250695809722,X ~= Y A^T,SVD normal-system solve,1.7174643493751354,1.7172981272264418,43.1529812882045,43.1629812882045,74.11370693174354,74.12370693174354,43.16298128820449,7.412370693174355e-11,5.465629895958045,1,True,1.0,0.0,0.01,1.0,rms,6.164414002968976,0.8234130851764264,0.9074211178810125,0.23469394965793344,0.4935098448574333,3.0565865607473097,1.748309629541435,0.059893194533430894,0.27814262639604415,0.9488194598900662,0.885107779844622,0.5384615384615384,0.23279117538420505,0.375,0.02605361745164219,0.0,0.1092436974789916,1.0,1.0,0.9520097564948312,0.858846700951964,0.5073260073260073,,0.2348456963083286,0.7376402201877673
r5_final_inverse_map_complete_2026-08-31,fixed_black_box_contamination,breast_cancer,lgbm,3,HuberRidgeAIME,0.1,0.25,17,8,30,38,1.147585208993405,0.9766081871345029,0.10931275597629872,119,52,0.0006800420815125108,X ~= Y A^T,SVD normal-system solve,1.8220320767029903,1.8218127382209897,37.467786351203735,37.47778635120373,68.2675085749477,68.2775085749477,37.47778635120373,6.82775085749477e-11,5.037417911880406,8,True,0.901287786491934,0.21008403361344538,0.01,1.0,rms,6.164414002968976,0.8001259116749041,0.8944975749966593,0.256337782014887,0.5129084019878298,3.0321785819183775,1.7413151874139206,0.06740029650771728,0.28941897206563466,0.9919088581446807,0.9735200787832368,1.0,0.23226945693340895,0.25,0.018687635977959843,0.0,0.9190117072470012,0.3507041633621669,0.9688121931021884,0.9780964501706297,0.9352226720647773,0.7365301365301365,,0.26050373436206803,0.7022079820855744
r5_final_inverse_map_complete_2026-08-31,fixed_black_box_contamination,breast_cancer,lgbm,3,RidgeAIME,0.1,0.5,17,15,30,45,1.147585208993405,0.9766081871345029,0.10931275597629872,119,52,0.0001324580516666174,X ~= Y A^T,SVD normal-system solve,1.7291225990514705,1.728952173752484,42.77253307380268,42.782533073802675,73.95895355658867,73.96895355658867,42.782533073802675,7.396895355658868e-11,7.006806450156858,1,True,1.0,0.0,0.01,1.0,rms,6.708203932499369,0.6642628697132762,0.8150232326217923,0.05924023033158965,0.43720567302033947,4.535667230597135,2.129710597850594,-0.010860450531052335,0.16610715642492474,0.9342538592201964,0.8505928853754939,0.42857142857142855,0.3237645922434384,0.2,0.01595327163161473,0.0,0.09243697478991597,1.0,1.0,0.9324885947127699,0.8591699604743083,0.5692307692307692,,0.2377829799930303,0.8455201210914338
r5_final_inverse_map_complete_2026-08-31,fixed_black_box_contamination,breast_cancer,lgbm,3,HuberRidgeAIME,0.1,0.5,17,15,30,45,1.147585208993405,0.9766081871345029,0.10931275597629872,119,52,0.000597291043959558,X ~= Y A^T,SVD normal-system solve,1.8284570982671258,1.8282354364574553,37.36482336271729,37.374823362717294,68.31997650305776,68.32997650305775,37.3748233627173,6.832997650305776e-11,5.441409796277965,8,True,0.905226892521232,0.20168067226890757,0.01,1.0,rms,6.708203932499369,0.5639327432725473,0.7509545547318741,0.20133239134899505,0.48896275297559716,4.461892278564514,2.112319170618994,0.005581712762259494,0.17274166719318518,0.9913055101016196,0.978524374176548,0.6666666666666666,0.3095319290085442,0.13333333333333333,0.016049143049280117,0.0,0.8566356845768611,0.3269126286855943,0.964129271245232,0.981416740109351,0.951752305665349,0.8393939393939395,,0.2620321225632039,0.7357114341507952
r5_final_inverse_map_complete_2026-08-31,fixed_black_box_contamination,breast_cancer,svm,3,RidgeAIME,0.05,0.0,9,0,30,30,0.006707209045998752,0.9883040935672515,0.07124071636282323,119,52,0.00012412492651492357,X ~= Y A^T,SVD normal-system solve,1.9429016929410317,1.942644245601234,36.615031498926896,36.625031498926894,71.13940668635426,71.14940668635427,36.6250314989269,7.114940668635426e-11,5.454351042263403,1,True,1.0,0.0,0.01,1.0,rms,5.477225575051661,0.6434779176619416,0.8021707534321739,0.23571688401881252,0.5149030763103654,2.7633721744714537,1.662339368020698,0.07505483163999893,0.29905623248023294,0.9782319378453508,0.9350389321468298,0.6666666666666666,0.0,0.0,0.02520357935557497,0.0,0.04201680672268908,1.0,1.0,0.9713778788613151,0.9056284760845383,0.598068598068598,,0.2883932759892094,0.7367430857163146
r5_final_inverse_map_complete_2026-08-31,fixed_black_box_contamination,breast_cancer,svm,3,HuberRidgeAIME,0.05,0.0,9,0,30,30,0.006707209045998752,0.9883040935672515,0.07124071636282323,119,52,0.0006264169933274388,X ~= Y A^T,SVD normal-system solve,2.0258646537840557,2.025553922898577,33.004569897125805,33.0145698971258,66.86279156793243,66.87279156793244,33.0145698971258,6.687279156793244e-11,4.684169198160809,10,True,0.9111959522785594,0.226890756302521,0.01,1.0,rms,5.477225575051661,0.6005094173026327,0.7749254269299936,0.28675220075971164,0.5427182614109368,2.7310180897701173,1.652579223447432,0.0858842648222794,0.31180615003149176,0.9918784094915994,0.9608453837597329,0.8181818181818182,0.0,0.0,0.025198902219147758,0.0,0.835,0.30943949538232307,0.937588779335412,0.9850193916117307,0.9436262513904339,0.6713286713286714,,0.30654380916146484,0.6706325739537933
r5_final_inverse_map_complete_2026-08-31,fixed_black_box_contamination,breast_cancer,svm,3,RidgeAIME,0.05,0.25,9,8,30,38,0.006707209045998752,0.9883040935672515,0.07124071636282323,119,52,0.0001260419376194477,X ~= Y A^T,SVD normal-system solve,1.8828795638394153,1.8826462165426294,37.82543139341604,37.83543139341604,71.22073176407292,71.23073176407293,37.83543139341604,7.123073176407291e-11,6.2350091167487065,1,True,1.0,0.0,0.01,1.0,rms,6.164414002968976,0.7194016831730531,0.8481755025777702,0.17167618292223707,0.4624563049364284,1.7391235122058553,1.3187583221370984,0.08018013146921898,0.32154433531391846,0.9506462354217526,0.9658605974395449,0.8181818181818182,0.22059978256709387,0.125,0.025338996327378228,0.0,0.058823529411764705,1.0,1.0,0.9507465782446518,0.859525112156691,0.6433566433566433,,0.2747687158536918,0.7948370928347317
r5_final_inverse_map_complete_2026-08-31,fixed_black_box_contamination,breast_cancer,svm,3,HuberRidgeAIME,0.05,0.25,9,8,30,38,0.006707209045998752,0.9883040935672515,0.07124071636282323,119,52,0.0006794169312343001,X ~= Y A^T,SVD normal-system solve,2.014104721740886,2.0137974094624234,32.98916055466812,32.999160554668116,66.44362403942523,66.45362403942524,32.99916055466811,6.645362403942525e-11,5.490816960835038,10,True,0.8990635231482372,0.2184873949579832,0.01,1.0,rms,6.164414002968976,0.6748396381520084,0.8214862373478988,0.22298521387392534,0.48892047042267284,1.6961189269684869,1.3023513070475596,0.10292519337059292,0.3393707919834337,0.9911269377411175,0.9772403982930299,1.0,0.23083637190724296,0.25,0.01859854650670526,0.0,0.8954648526077096,0.256389502487069,0.9392306494395601,0.9792472422343115,0.9022212495896706,0.6085581085581085,,0.3040157778471649,0.7396369665241157
r5_final_inverse_map_complete_2026-08-31,fixed_black_box_contamination,breast_cancer,svm,3,RidgeAIME,0.05,0.5,9,15,30,45,0.006707209045998752,0.9883040935672515,0.07124071636282323,119,52,0.00014433299656957388,X ~= Y A^T,SVD normal-system solve,1.7433191328082178,1.743135931832291,40.563972329933684,40.57397232993368,70.71594906547654,70.72594906547654,40.57397232993368,7.072594906547655e-11,5.738415976332603,1,True,1.0,0.0,0.01,1.0,rms,6.708203932499369,1.264424647481252,1.1244663834376072,0.16681933367061796,0.44217654631278513,1.8858964419403084,1.373279447869336,0.12932784754531845,0.39152343856041094,0.9638829931940797,0.7164690382081685,0.6666666666666666,0.3592105686167325,0.2,0.015061694220443086,0.0,0.05042016806722689,1.0,1.0,0.9429937443970035,0.8099077733860343,0.5927072927072927,,0.2413312552355415,0.7587920269489882
r5_final_inverse_map_complete_2026-08-31,fixed_black_box_contamination,breast_cancer,svm,3,HuberRidgeAIME,0.05,0.5,9,15,30,45,0.006707209045998752,0.9883040935672515,0.07124071636282323,119,52,0.0005798330530524254,X ~= Y A^T,SVD normal-system solve,1.8831976579599405,1.8829538500726055,36.215147086644286,36.225147086644284,68.20028017624328,68.21028017624329,36.22514708664428,6.821028017624329e-11,5.4602909002859095,8,True,0.9280615034185088,0.15126050420168066,0.01,1.0,rms,6.708203932499369,1.2545625492292092,1.1200725642694804,0.17331787006771449,0.45262811111042395,1.8801101304747407,1.37117107994398,0.13199924569129273,0.3982709231427852,0.9901538117718044,0.9372859025032937,0.42857142857142855,0.3742214034466956,0.2,0.014348601976857837,0.0,1.0,0.23485907851705248,0.964868711820356,0.984398625293385,0.9409354413702239,0.8034632034632034,,0.2748396758826119,0.7372157806211422
r5_final_inverse_map_complete_2026-08-31,fixed_black_box_contamination,breast_cancer,svm,3,RidgeAIME,0.1,0.0,17,0,30,30,0.006707209045998752,0.9883040935672515,0.07124071636282323,119,52,0.00011858309153467417,X ~= Y A^T,SVD normal-system solve,1.7433191328082178,1.743135931832291,40.563972329933684,40.57397232993368,70.71594906547654,70.72594906547654,40.57397232993368,7.072594906547655e-11,4.939035298058242,1,True,1.0,0.0,0.01,1.0,rms,5.477225575051661,1.2069568615519326,1.0986158844436633,0.1612991862939509,0.434449758437311,3.370799765021622,1.8359737920301646,0.04224155029448762,0.2621479432539191,0.9448255809761866,0.9078976640711901,0.8181818181818182,0.0,0.0,0.03407799029667109,0.0,0.10084033613445378,1.0,1.0,0.9477293612096602,0.8723915461624026,0.6766899766899767,,0.2413312552355415,0.6936421299674072
r5_final_inverse_map_complete_2026-08-31,fixed_black_box_contamination,breast_cancer,svm,3,HuberRidgeAIME,0.1,0.0,17,0,30,30,0.006707209045998752,0.9883040935672515,0.07124071636282323,119,52,0.0005839170189574361,X ~= Y A^T,SVD normal-system solve,1.7562083971392015,1.7560031227311197,36.82890282304299,36.838902823042986,64.67922839525174,64.68922839525175,36.83890282304298,6.468922839525174e-11,4.414423673859113,8,True,0.8997804905286827,0.17647058823529413,0.01,1.0,rms,5.477225575051661,1.2151332448340983,1.1023308236795786,0.15561750906887828,0.4302198696706942,3.373778740634084,1.836784892314308,0.04139512236545173,0.26083729491382657,0.9876118448968719,0.9750834260289211,1.0,0.0,0.0,0.023755363724109895,0.0,0.9597222222222223,0.29278322479678226,0.9678549502369331,0.9819849370698742,0.9539933259176863,0.8727272727272728,,0.24452528388425682,0.6448740121942823
r5_final_inverse_map_complete_2026-08-31,fixed_black_box_contamination,breast_cancer,svm,3,RidgeAIME,0.1,0.25,17,8,30,38,0.006707209045998752,0.9883040935672515,0.07124071636282323,119,52,0.0001224589068442583,X ~= Y A^T,SVD normal-system solve,1.796532226813588,1.7963288510205653,39.15553759788632,39.16553759788632,70.34418515281388,70.35418515281388,39.16553759788633,7.035418515281388e-11,5.7947082652572295,1,True,1.0,0.0,0.01,1.0,rms,6.164414002968976,0.8453050413264356,0.9194047211791092,0.26262340225848724,0.5196664251709995,4.704484257926626,2.1689823092700933,0.03819527321867966,0.2461833070118493,0.9702624722329874,0.9308458255826677,0.6666666666666666,0.25102521678540046,0.375,0.023966696142929927,0.0,0.09243697478991597,1.0,1.0,0.9546465568615743,0.861757303862567,0.5385947385947386,,0.2543858451987994,0.7630315762826626
r5_final_inverse_map_complete_2026-08-31,fixed_black_box_contamination,breast_cancer,svm,3,HuberRidgeAIME,0.1,0.25,17,8,30,38,0.006707209045998752,0.9883040935672515,0.07124071636282323,119,52,0.000577665981836617,X ~= Y A^T,SVD normal-system solve,1.8136252901343184,1.8133946431565753,35.26578371488832,35.27578371488833,63.958917221728456,63.96891722172845,35.27578371488832,6.396891722172845e-11,5.129861163957638,8,True,0.890548643328901,0.2184873949579832,0.01,1.0,rms,6.164414002968976,0.8390316846805228,0.9159867273495412,0.26809577750035685,0.5276598109521619,4.726053503672274,2.1739488272892427,0.03378556508195496,0.2372859982557332,0.9877842320284992,0.963234489550279,0.6666666666666666,0.2613961315703448,0.375,0.01901626288039011,0.0,0.9419404125286479,0.2858247709655803,0.952140889588128,0.9839381581054149,0.9586169165116534,0.7584415584415586,,0.2584923284717905,0.7101056113997285
r5_final_inverse_map_complete_2026-08-31,fixed_black_box_contamination,breast_cancer,svm,3,RidgeAIME,0.1,0.5,17,15,30,45,0.006707209045998752,0.9883040935672515,0.07124071636282323,119,52,0.00013212498743087053,X ~= Y A^T,SVD normal-system solve,1.9850016239845856,1.9847317584646547,36.48972120318393,36.49972120318393,72.43215584706488,72.44215584706488,36.49972120318393,7.244215584706489e-11,6.691684867388198,1,True,1.0,0.0,0.01,1.0,rms,6.708203932499369,0.6585677892308825,0.8115218969509588,0.19839891702803014,0.48985760863165073,1.0476276245333123,1.0235368212884735,0.09946205842325151,0.38393392357268447,0.9586395420112784,0.7856389986824769,0.3333333333333333,0.31692153089684993,0.2,0.018371657300676792,0.0,0.1092436974789916,1.0,1.0,0.9390482445859233,0.8150592885375494,0.5404262404262404,,0.2977018190635591,0.825535480470734
r5_final_inverse_map_complete_2026-08-31,fixed_black_box_contamination,breast_cancer,svm,3,HuberRidgeAIME,0.1,0.5,17,15,30,45,0.006707209045998752,0.9883040935672515,0.07124071636282323,119,52,0.0007630420150235295,X ~= Y A^T,SVD normal-system solve,2.082594379543249,2.082251591377827,31.57202320697518,31.582023206975183,65.75171808165554,65.76171808165554,31.582023206975187,6.576171808165555e-11,5.455848670131777,9,True,0.8762641491837051,0.226890756302521,0.01,1.0,rms,6.708203932499369,0.5796967284047474,0.76137817699534,0.2943998584758559,0.5509758739537403,0.9633084474187479,0.981482779990942,0.17194260057010524,0.43456723846495726,0.9834142593799302,0.8994729907773386,0.5384615384615384,0.31883867152099354,0.13333333333333333,0.017903934200478734,0.0,0.9454202660085012,0.23981154817338768,0.9543196568547817,0.9815929173138906,0.9463109354413701,0.7421578421578421,,0.3185332026700865,0.7368623157103404
r5_final_inverse_map_complete_2026-08-31,fixed_black_box_contamination,breast_cancer,mlp,3,RidgeAIME,0.05,0.0,9,0,30,30,0.025468750041909516,0.9590643274853801,0.15962152502306096,119,52,0.00012733298353850842,X ~= Y A^T,SVD normal-system solve,2.354197192313141,2.353730660539038,29.01690164918319,29.026901649183184,68.31150839213362,68.32150839213362,29.026901649183177,6.832150839213362e-11,6.248419718236193,1,True,1.0,0.0,0.01,1.0,rms,5.477225575051661,0.5984946070284185,0.7736243319780076,0.35896869814198007,0.6045681680571386,3.692265925738419,1.921526977624415,0.048243344624592566,0.26417552014800155,0.9938797933111732,0.9590656284760846,0.8181818181818182,0.0,0.0,0.019669363383908057,0.0,0.05042016806722689,1.0,1.0,0.9822120713005669,0.9278754171301445,0.7780885780885781,,0.37175676465268337,0.7957701942353939
r5_final_inverse_map_complete_2026-08-31,fixed_black_box_contamination,breast_cancer,mlp,3,HuberRidgeAIME,0.05,0.0,9,0,30,30,0.025468750041909516,0.9590643274853801,0.15962152502306096,119,52,0.0006544169737026095,X ~= Y A^T,SVD normal-system solve,2.426427999789535,2.425896257864085,26.81556953890183,26.82556953890183,65.06604875949475,65.07604875949474,26.82556953890184,6.507604875949473e-11,6.073218177548941,8,True,0.9435339117599917,0.16806722689075632,0.01,1.0,rms,5.477225575051661,0.5919909848601483,0.7694095040095023,0.36593455102746975,0.610537726632566,3.690345005405153,1.9210270704508963,0.04873850091842491,0.26430968396994353,0.9975389863794377,0.9835372636262512,0.8181818181818182,0.0,0.0,0.019258518487580957,0.0,0.8178571428571427,0.457227759074568,0.9693554773893063,0.9864962643286882,0.9406006674082313,0.7447552447552448,,0.38487222456001685,0.783418883230842
r5_final_inverse_map_complete_2026-08-31,fixed_black_box_contamination,breast_cancer,mlp,3,RidgeAIME,0.05,0.25,9,8,30,38,0.025468750041909516,0.9590643274853801,0.15962152502306096,119,52,0.00014216604176908731,X ~= Y A^T,SVD normal-system solve,2.425942828331786,2.4254429860528504,28.517855454087957,28.52785545408796,69.18268691824719,69.19268691824719,28.52785545408796,6.919268691824717e-11,8.10468421668786,1,True,1.0,0.0,0.01,1.0,rms,6.164414002968976,0.49380974360395313,0.7027159764826421,0.3562038287944158,0.624193919666163,2.5374287743348054,1.592930875567049,0.11223728422829848,0.3618194811958379,0.983056032181028,0.9525112156691103,0.6666666666666666,0.26160090209497555,0.5,0.017136908526513693,0.0,0.05042016806722689,1.0,1.0,0.9797600681441508,0.9189408031513295,0.6993006993006994,,0.38479107029019693,0.9087360980714357
r5_final_inverse_map_complete_2026-08-31,fixed_black_box_contamination,breast_cancer,mlp,3,HuberRidgeAIME,0.05,0.25,9,8,30,38,0.025468750041909516,0.9590643274853801,0.15962152502306096,119,52,0.0006260410882532597,X ~= Y A^T,SVD normal-system solve,2.512055104829864,2.511473284502109,25.978351260602693,25.988351260602684,65.25904989926033,65.26904989926035,25.988351260602695,6.526904989926034e-11,7.5774521470818055,9,True,0.9353633506427746,0.16806722689075632,0.01,1.0,rms,6.164414002968976,0.4694277822519252,0.6851480002539052,0.3879914019807146,0.6355255028844483,2.51422304469767,1.5856301727381672,0.12035620436213679,0.3705029600958849,0.9970365095190892,0.9781157675894518,0.8181818181818182,0.25429734136343785,0.375,0.014262714042120322,0.0,0.9444444444444444,0.32909739896216755,0.967554463121391,0.9891066614004812,0.9300798774482985,0.6346986346986347,,0.399928562764322,0.8795232024037065
r5_final_inverse_map_complete_2026-08-31,fixed_black_box_contamination,breast_cancer,mlp,3,RidgeAIME,0.05,0.5,9,15,30,45,0.025468750041909516,0.9590643274853801,0.15962152502306096,119,52,0.0001360420137643814,X ~= Y A^T,SVD normal-system solve,2.5475543079727827,2.5469899674299112,27.412348571642575,27.422348571642576,69.8344466953396,69.8444466953396,27.422348571642576,6.98444466953396e-11,7.593221942411507,1,True,1.0,0.0,0.01,1.0,rms,6.708203932499369,0.7073027280996907,0.8410129179148741,0.358091524053859,0.6072162166002926,2.2647012962734627,1.504892453391093,0.15190265913008583,0.4007770781273524,0.9637863152457162,0.9198945981554676,0.8181818181818182,0.35416166965171736,0.2,0.013441252670069691,0.0,0.05042016806722689,1.0,1.0,0.9452772906065471,0.8816073781291172,0.5719280719280719,,0.40602723428500886,0.8804260940641323
r5_final_inverse_map_complete_2026-08-31,fixed_black_box_contamination,breast_cancer,mlp,3,HuberRidgeAIME,0.05,0.5,9,15,30,45,0.025468750041909516,0.9590643274853801,0.15962152502306096,119,52,0.0005787910195067525,X ~= Y A^T,SVD normal-system solve,2.717350760795316,2.7166570259222453,24.745145336660826,24.75514533666083,67.24123950656596,67.25123950656595,24.75514533666083,6.725123950656595e-11,7.558296754147895,8,True,0.9462173693346166,0.14285714285714285,0.01,1.0,rms,6.708203932499369,0.6813632631237673,0.8254473109313321,0.3816327345823253,0.6278012700987153,2.2534029384185463,1.501133884241691,0.15613372804355286,0.40671501584392106,0.9979359467907363,0.9873517786561263,0.6666666666666666,0.3575829139381565,0.3333333333333333,0.011648237279403655,0.0,0.9166666666666666,0.322156475931135,0.9793533459755095,0.988811561862953,0.9477997364953886,0.6962703962703963,,0.43403481281925915,0.878423939202967
r5_final_inverse_map_complete_2026-08-31,fixed_black_box_contamination,breast_cancer,mlp,3,RidgeAIME,0.1,0.0,17,0,30,30,0.025468750041909516,0.9590643274853801,0.15962152502306096,119,52,0.0001230419147759676,X ~= Y A^T,SVD normal-system solve,2.5475543079727827,2.5469899674299112,27.412348571642575,27.422348571642576,69.8344466953396,69.8444466953396,27.422348571642576,6.98444466953396e-11,5.922126714790628,1,True,1.0,0.0,0.01,1.0,rms,5.477225575051661,0.7630987986537827,0.8735552636518097,0.3200459973134129,0.5759768583126531,3.8902550310381465,1.9723729442065836,0.09054970401771734,0.31981883937566885,0.9598023120544384,0.8642936596218019,1.0,0.0,0.0,0.02477346105083441,0.0,0.10084033613445378,1.0,1.0,0.9456309542829381,0.8342602892102337,0.7531468531468531,,0.40602723428500886,0.7724776956817151
r5_final_inverse_map_complete_2026-08-31,fixed_black_box_contamination,breast_cancer,mlp,3,HuberRidgeAIME,0.1,0.0,17,0,30,30,0.025468750041909516,0.9590643274853801,0.15962152502306096,119,52,0.0005278750322759151,X ~= Y A^T,SVD normal-system solve,2.6682012843236893,2.6675140327639393,24.263517617510914,24.27351761751092,64.73994886925308,64.74994886925307,24.273517617510915,6.474994886925309e-11,5.831655589998173,8,True,0.9137265164633389,0.17647058823529413,0.01,1.0,rms,5.477225575051661,0.7398103117058913,0.8601222655564099,0.3407970454669005,0.5956209917130343,3.8599011365687175,1.964663110196941,0.09764573193598725,0.3332624514683677,0.9959926223010249,0.9679644048943271,1.0,0.0,0.0,0.021179294640631025,0.0,0.9833333333333335,0.31579968016679943,0.9807837317489321,0.9849592851854103,0.9321023359288096,0.8023310023310024,,0.42610671275851864,0.7657918671994789
r5_final_inverse_map_complete_2026-08-31,fixed_black_box_contamination,breast_cancer,mlp,3,RidgeAIME,0.1,0.25,17,8,30,38,0.025468750041909516,0.9590643274853801,0.15962152502306096,119,52,0.00012374995276331902,X ~= Y A^T,SVD normal-system solve,2.2479910106124397,2.2475776857947287,30.18395296712201,30.19395296712201,67.85325493483896,67.86325493483896,30.193952967122005,6.786325493483895e-11,7.4303338005068955,1,True,1.0,0.0,0.01,1.0,rms,6.164414002968976,0.5717836703585005,0.7561637854053185,0.27940889692501214,0.5562667354463121,4.229563286928321,2.056590208799099,0.015940597157816483,0.20857882475399345,0.9239777705793705,0.8511872196082723,0.5384615384615384,0.21610269502570859,0.125,0.02412322423556678,0.0,0.1092436974789916,1.0,1.0,0.9448841230522973,0.8536163694058431,0.7216450216450216,,0.3517147117195682,0.871008324455311
r5_final_inverse_map_complete_2026-08-31,fixed_black_box_contamination,breast_cancer,mlp,3,HuberRidgeAIME,0.1,0.25,17,8,30,38,0.025468750041909516,0.9590643274853801,0.15962152502306096,119,52,0.000567625043913722,X ~= Y A^T,SVD normal-system solve,2.2959933442770746,2.2955054671304485,26.553928096205198,26.563928096205196,60.96764217329915,60.97764217329915,26.563928096205192,6.097764217329915e-11,6.9152802501322155,8,True,0.8957474674744504,0.226890756302521,0.01,1.0,rms,6.164414002968976,0.5231516366890747,0.7232922208133271,0.3406974796588623,0.5945998676009965,4.171145909338428,2.0423383435019837,0.029532111412817752,0.22605986190620292,0.9929989612500831,0.9627968049020681,0.5384615384615384,0.2192699252343939,0.125,0.019740350133317888,0.0,0.9685314685314683,0.2767748597462364,0.9716592023845143,0.9866902925341241,0.9457052193894301,0.7167832167832169,,0.36087833144826403,0.8398097851133982
r5_final_inverse_map_complete_2026-08-31,fixed_black_box_contamination,breast_cancer,mlp,3,RidgeAIME,0.1,0.5,17,15,30,45,0.025468750041909516,0.9590643274853801,0.15962152502306096,119,52,0.00013275002129375935,X ~= Y A^T,SVD normal-system solve,2.3216212872607835,2.3211739978645767,29.537342245687235,29.54734224568723,68.57452252669472,68.58452252669473,29.547342245687226,6.858452252669474e-11,8.14266023959284,1,True,1.0,0.0,0.01,1.0,rms,6.708203932499369,0.6980541021152282,0.8354963208268653,0.32830253033634593,0.5797850393695972,1.5578988509699898,1.248158183472748,0.18877738841465264,0.44733759263489803,0.9741916991390421,0.8019762845849802,0.6666666666666666,0.3395464034750596,0.13333333333333333,0.014864920821262196,0.0,0.10084033613445378,1.0,1.0,0.9640872693132456,0.8611725955204216,0.5692307692307692,,0.3657076968885369,0.9107663138118207
r5_final_inverse_map_complete_2026-08-31,fixed_black_box_contamination,breast_cancer,mlp,3,HuberRidgeAIME,0.1,0.5,17,15,30,45,0.025468750041909516,0.9590643274853801,0.15962152502306096,119,52,0.0005821660161018372,X ~= Y A^T,SVD normal-system solve,2.3617131290699342,2.3611972379254267,26.385357694532626,26.39535769453263,62.31464568238411,62.3246456823841,26.395357694532624,6.23246456823841e-11,7.523971128206215,8,True,0.906675833806576,0.20168067226890757,0.01,1.0,rms,6.708203932499369,0.6790102236826754,0.8240207665360597,0.34662736349321277,0.5968405273725212,1.5392193341136955,1.2406527854777483,0.1985041087584546,0.4615219927948331,0.9973511189859812,0.9814229249011857,0.8181818181818182,0.33579933260099837,0.2,0.01326946322798891,0.0,0.988095238095238,0.25901720236152287,0.9793104466789184,0.9866009731229328,0.9296310935441369,0.6531468531468532,,0.3731322665216934,0.8764471203598961
r5_final_inverse_map_complete_2026-08-31,fixed_black_box_contamination,breast_cancer,lgbm,4,RidgeAIME,0.05,0.0,9,0,30,30,1.1416294170776382,0.9649122807017544,0.13645489969435104,119,52,0.0001349169760942459,X ~= Y A^T,SVD normal-system solve,1.7063378972890408,1.7061739200196926,43.06535429142899,43.075354291429,73.48404608764451,73.4940460876445,43.075354291429,7.349404608764451e-11,5.100477631657474,1,True,1.0,0.0,0.01,1.0,rms,5.477225575051661,0.9134229272113439,0.955731618819501,0.20642658485049248,0.469407816021906,1.6811641690406254,1.2965971498659965,0.09957961100222601,0.3470875023223161,0.9813494233491722,0.9399332591768631,0.8181818181818182,0.0,0.0,0.0185932208319439,0.0,0.058823529411764705,1.0,1.0,0.9634753334509221,0.9208898776418242,0.7470862470862472,,0.2320232991966772,0.7076108472901815
r5_final_inverse_map_complete_2026-08-31,fixed_black_box_contamination,breast_cancer,lgbm,4,HuberRidgeAIME,0.05,0.0,9,0,30,30,1.1416294170776382,0.9649122807017544,0.13645489969435104,119,52,0.0005700000328943133,X ~= Y A^T,SVD normal-system solve,1.9037581537832207,1.903518461270185,37.69489709244329,37.7048970924433,71.76196769575833,71.77196769575833,37.70489709244329,7.177196769575833e-11,4.898576613817006,8,True,0.9397626613609176,0.15966386554621848,0.01,1.0,rms,5.477225575051661,0.9012287265511153,0.9493306729223044,0.2170207939235006,0.4758292824720562,1.6676462753051102,1.2913737937967884,0.106819705313009,0.35210559483319315,0.9960636144938513,0.986206896551724,0.8181818181818182,0.0,0.0,0.01851565873114752,0.0,0.9136577708006279,0.3725725132494841,0.9752120456178821,0.982889522218839,0.9580422691879867,0.8296037296037296,,0.2795570931750199,0.6900699048107034
r5_final_inverse_map_complete_2026-08-31,fixed_black_box_contamination,breast_cancer,lgbm,4,RidgeAIME,0.05,0.25,9,8,30,38,1.1416294170776382,0.9649122807017544,0.13645489969435104,119,52,0.00013070902787148952,X ~= Y A^T,SVD normal-system solve,1.6444879182274457,1.6443417573215589,44.084411862109384,44.094411862109396,72.49628268940157,72.50628268940156,44.094411862109396,7.250628268940156e-11,5.426266355823263,1,True,1.0,0.0,0.01,1.0,rms,6.164414002968976,0.8138010236397716,0.9021092082668104,0.24098914319057096,0.5038584250047546,1.530428770781105,1.237104995859731,0.13442636610882197,0.38361195626952305,0.9748735109305304,0.9496662654557391,0.8181818181818182,0.20704230687848985,0.125,0.023360351723298332,0.0,0.05042016806722689,1.0,1.0,0.9728637811354753,0.9040157566473356,0.6573093573093574,,0.21599208564551792,0.7345011078968526
r5_final_inverse_map_complete_2026-08-31,fixed_black_box_contamination,breast_cancer,lgbm,4,HuberRidgeAIME,0.05,0.25,9,8,30,38,1.1416294170776382,0.9649122807017544,0.13645489969435104,119,52,0.0006102500483393669,X ~= Y A^T,SVD normal-system solve,1.654567112055262,1.6544066929017807,40.79355106289864,40.80355106289864,67.49566797261907,67.50566797261908,40.80355106289865,6.750566797261908e-11,5.180103202394318,9,True,0.9287083624241084,0.21008403361344538,0.01,1.0,rms,6.164414002968976,0.7880478838716325,0.8877206113815498,0.26500842076965725,0.5262191541208174,1.499559243795313,1.2245649202044426,0.15188542670656313,0.40426677732829897,0.996426747871508,0.9610460663092241,0.8181818181818182,0.20293955831694038,0.25,0.020264256501653085,0.0,0.976190476190476,0.23636266830323496,0.9654700806960133,0.9869428109809057,0.9474121895174527,0.734965034965035,,0.21864227835559882,0.7143384122131665
r5_final_inverse_map_complete_2026-08-31,fixed_black_box_contamination,breast_cancer,lgbm,4,RidgeAIME,0.05,0.5,9,15,30,45,1.1416294170776382,0.9649122807017544,0.13645489969435104,119,52,0.00012137496378272772,X ~= Y A^T,SVD normal-system solve,1.7840447977692049,1.78385752621934,41.85673300531789,41.86673300531789,74.67428676975196,74.68428676975196,41.86673300531789,7.468428676975194e-11,6.012090861878435,1,True,1.0,0.0,0.01,1.0,rms,6.708203932499369,0.7461195893174483,0.8637821422774659,0.21957546854585996,0.4866119367838292,0.783393665799215,0.8850952862823387,0.20907645866834312,0.4757091945540204,0.9748969613562749,0.947562582345191,0.6666666666666666,0.29237139859967126,0.06666666666666667,0.014839676492363313,0.0,0.06722689075630252,1.0,1.0,0.9684604950371438,0.8955467720685112,0.6466450216450217,,0.25136016503582104,0.7790255355399918
r5_final_inverse_map_complete_2026-08-31,fixed_black_box_contamination,breast_cancer,lgbm,4,HuberRidgeAIME,0.05,0.5,9,15,30,45,1.1416294170776382,0.9649122807017544,0.13645489969435104,119,52,0.0007355830166488886,X ~= Y A^T,SVD normal-system solve,1.7643702955703202,1.7641702836504813,38.20623712167358,38.216237121673586,67.40994988299695,67.41994988299695,38.21623712167358,6.741994988299696e-11,5.734227883954053,9,True,0.9080652288481118,0.24369747899159663,0.01,1.0,rms,6.708203932499369,0.721434631534491,0.8493730814750907,0.24539538654232085,0.5041329987036807,0.7583290481010673,0.870820904722129,0.2343819941320726,0.4931461872179169,0.9974091818509384,0.9910408432147563,1.0,0.28859839145526495,0.13333333333333333,0.01460445302952285,0.0,1.0,0.22382151530429864,0.9573800910855037,0.9827456077344532,0.9439789196310935,0.7993006993006994,,0.24654050238340824,0.7584749482507125
r5_final_inverse_map_complete_2026-08-31,fixed_black_box_contamination,breast_cancer,lgbm,4,RidgeAIME,0.1,0.0,17,0,30,30,1.1416294170776382,0.9649122807017544,0.13645489969435104,119,52,0.0001140419626608491,X ~= Y A^T,SVD normal-system solve,1.7840447977692049,1.78385752621934,41.85673300531789,41.86673300531789,74.67428676975196,74.68428676975196,41.86673300531789,7.468428676975194e-11,5.266209927952256,1,True,1.0,0.0,0.01,1.0,rms,5.477225575051661,0.8254465790871033,0.9085409066668948,0.1983078913255445,0.4767628324836921,1.9698112790371514,1.4034996540922806,0.08004727028771463,0.3252401080732499,0.9587299655706508,0.9047830923248054,0.6666666666666666,0.0,0.0,0.03852539259368662,0.06666666666666667,0.09243697478991597,1.0,1.0,0.9558506933273871,0.8553058954393771,0.6864801864801866,,0.25136016503582104,0.7214981674806576
r5_final_inverse_map_complete_2026-08-31,fixed_black_box_contamination,breast_cancer,lgbm,4,HuberRidgeAIME,0.1,0.0,17,0,30,30,1.1416294170776382,0.9649122807017544,0.13645489969435104,119,52,0.000512458966113627,X ~= Y A^T,SVD normal-system solve,1.739725586839564,1.7395318535439699,38.17267709584458,38.182677095844575,66.40998306180539,66.4199830618054,38.182677095844575,6.64199830618054e-11,4.926856453887632,8,True,0.8948238849377975,0.2605042016806723,0.01,1.0,rms,5.477225575051661,0.7774856993069311,0.881751495211055,0.24488856634314737,0.5050169476202975,1.9184094010562434,1.3850665691786237,0.10405327455020841,0.346375016177765,0.9968257110732083,0.9942157953281423,0.8181818181818182,0.0,0.0,0.02384881732049224,0.0,0.9777495232040687,0.2672922569192047,0.9587391433470986,0.9832408042595384,0.9425139043381534,0.7932400932400933,,0.24043238576639878,0.6925699091000235
r5_final_inverse_map_complete_2026-08-31,fixed_black_box_contamination,breast_cancer,lgbm,4,RidgeAIME,0.1,0.25,17,8,30,38,1.1416294170776382,0.9649122807017544,0.13645489969435104,119,52,0.00013170798774808645,X ~= Y A^T,SVD normal-system solve,1.6543529958349503,1.654206059719807,44.523162946018275,44.53316294601827,73.65702800379299,73.66702800379299,44.533162946018265,7.366702800379299e-11,6.5501607877401735,1,True,1.0,0.0,0.01,1.0,rms,6.164414002968976,0.5680376359801816,0.7536827157233882,0.08074398965574348,0.4823195782647503,2.298076314628823,1.5159407358563932,-0.03210038772096668,0.22296455146282892,0.9561938747841624,0.9577634314476419,0.6666666666666666,0.22650756950239348,0.125,0.021222637487008388,0.0,0.1092436974789916,1.0,1.0,0.9665758326417198,0.9136448189079769,0.6355644355644356,,0.218589607408323,0.8162519608118218
r5_final_inverse_map_complete_2026-08-31,fixed_black_box_contamination,breast_cancer,lgbm,4,HuberRidgeAIME,0.1,0.25,17,8,30,38,1.1416294170776382,0.9649122807017544,0.13645489969435104,119,52,0.0006236250046640635,X ~= Y A^T,SVD normal-system solve,1.5699968132812758,1.569857958728185,41.03991882453884,41.049918824538835,64.43254177184822,64.44254177184823,41.04991882453884,6.444254177184823e-11,5.846570470016249,9,True,0.8916200889797551,0.25210084033613445,0.01,1.0,rms,6.164414002968976,0.49523896583565813,0.7037321691067264,0.19855416777879487,0.5294407407445474,2.226253616904611,1.49206354318595,0.00015625828179999246,0.2436621177201381,0.9956982139406373,0.9835868256920888,0.8181818181818182,0.2143386815537861,0.125,0.014622370456990339,0.0,0.9145318356856819,0.3111844459534136,0.9628055923697781,0.9879529734902235,0.9514607725134041,0.6516816516816517,,0.19586035907723925,0.7669011886972212
r5_final_inverse_map_complete_2026-08-31,fixed_black_box_contamination,breast_cancer,lgbm,4,RidgeAIME,0.1,0.5,17,15,30,45,1.1416294170776382,0.9649122807017544,0.13645489969435104,119,52,0.00013037503231316805,X ~= Y A^T,SVD normal-system solve,1.7347829651951387,1.7346099134037045,42.450292326598635,42.46029232659863,73.64204399573723,73.65204399573723,42.46029232659864,7.365204399573722e-11,7.017901604079961,1,True,1.0,0.0,0.01,1.0,rms,6.708203932499369,0.7162828431091433,0.8463349473519,0.20861047685294698,0.510490743588838,1.2437592864972702,1.1152395646215525,0.11546901788652908,0.3998510980960045,0.9443330287459438,0.906060606060606,0.5384615384615384,0.32856388298234135,0.2,0.01760436001967401,0.0,0.12605042016806722,1.0,1.0,0.9216377982969044,0.7545454545454545,0.44249084249084253,,0.23920182408141039,0.8462072748077594
r5_final_inverse_map_complete_2026-08-31,fixed_black_box_contamination,breast_cancer,lgbm,4,HuberRidgeAIME,0.1,0.5,17,15,30,45,1.1416294170776382,0.9649122807017544,0.13645489969435104,119,52,0.0006952079711481929,X ~= Y A^T,SVD normal-system solve,1.8841074598471437,1.8838601503446317,35.73902908558713,35.74902908558712,67.33617130784874,67.34617130784876,35.74902908558712,6.734617130784876e-11,6.440297186697931,9,True,0.8892429181705361,0.2773109243697479,0.01,1.0,rms,6.708203932499369,0.6802078693636133,0.8247471548078316,0.2484681344035513,0.5260450818747494,1.19902587630169,1.095000400137685,0.1472823178418723,0.4173050792950182,0.9949657191154433,0.9598155467720683,0.6666666666666666,0.34169602009184175,0.2,0.016235078445979583,0.0,0.9169154773102142,0.3428763554756241,0.9680457877899946,0.9838399212042498,0.936679841897233,0.6570429570429571,,0.2750486595035923,0.8089059082860669
r5_final_inverse_map_complete_2026-08-31,fixed_black_box_contamination,breast_cancer,svm,4,RidgeAIME,0.05,0.0,9,0,30,30,0.0057047499576583505,0.9649122807017544,0.17777228863428432,119,52,0.00013162498362362385,X ~= Y A^T,SVD normal-system solve,1.848604450939633,1.8483874305927641,39.09252947161578,39.102529471615775,72.2666239797177,72.27662397971771,39.102529471615775,7.227662397971771e-11,4.970723448079306,1,True,1.0,0.0,0.01,1.0,rms,5.477225575051661,0.7178265592576775,0.8472464572116413,0.19393755098960563,0.46825723526328816,1.3860509620037638,1.177306655890369,0.12295524755299059,0.37856615806260685,0.9753097441220633,0.9657397107897663,0.8181818181818182,0.0,0.0,0.017607296731875895,0.0,0.03361344537815126,1.0,1.0,0.9680469581153407,0.9204449388209122,0.7852813852813854,,0.26679300656666094,0.6964196013377228
r5_final_inverse_map_complete_2026-08-31,fixed_black_box_contamination,breast_cancer,svm,4,HuberRidgeAIME,0.05,0.0,9,0,30,30,0.0057047499576583505,0.9649122807017544,0.17777228863428432,119,52,0.0005857499781996012,X ~= Y A^T,SVD normal-system solve,1.8483391017615978,1.8481105912179518,37.11472467237698,37.12472467237698,68.60059686307028,68.6105968630703,37.12472467237697,6.86105968630703e-11,4.718954893194395,9,True,0.9460195868326169,0.15966386554621848,0.01,1.0,rms,5.477225575051661,0.6871972198410027,0.8289735941759561,0.22833187650370645,0.49249970730504633,1.3638439271667357,1.1678372862546973,0.1370070854039358,0.3920324697163956,0.9975295271693789,0.9915461624026695,1.0,0.0,0.0,0.014710164250544172,0.0,0.9166666666666666,0.2369878376519438,0.9706815607171622,0.9837413172953056,0.947630700778643,0.8121212121212121,,0.26672795590932535,0.6738458260968387
r5_final_inverse_map_complete_2026-08-31,fixed_black_box_contamination,breast_cancer,svm,4,RidgeAIME,0.05,0.25,9,8,30,38,0.0057047499576583505,0.9649122807017544,0.17777228863428432,119,52,0.00012700003571808338,X ~= Y A^T,SVD normal-system solve,1.707549909515476,1.707379330015416,41.46918766694964,41.47918766694963,70.81070764838014,70.82070764838016,41.479187666949635,7.082070764838015e-11,5.300194694593374,1,True,1.0,0.0,0.01,1.0,rms,6.164414002968976,0.5901568938299327,0.7682166971824634,0.22075388488534153,0.4863620616052549,1.539838744457989,1.2409023911887627,0.08089374100488345,0.31846092003508936,0.9420187963996066,0.8625670204617573,0.8181818181818182,0.1966738518726147,0.125,0.02165439077202761,0.0,0.058823529411764705,1.0,1.0,0.9362911399514038,0.7705438231754022,0.5700965700965701,,0.23233001943391277,0.724291823041269
r5_final_inverse_map_complete_2026-08-31,fixed_black_box_contamination,breast_cancer,svm,4,HuberRidgeAIME,0.05,0.25,9,8,30,38,0.0057047499576583505,0.9649122807017544,0.17777228863428432,119,52,0.0006127920933067799,X ~= Y A^T,SVD normal-system solve,1.8407973851177941,1.8405667184620973,36.440755423412384,36.450755423412375,67.08004729513459,67.09004729513461,36.450755423412375,6.70900472951346e-11,4.835280863094443,9,True,0.9155834026637052,0.2184873949579832,0.01,1.0,rms,6.164414002968976,0.5574447558382066,0.7466222310099041,0.2639471555454873,0.5205745318283136,1.5057273208454856,1.227080812679216,0.10125432944852697,0.34192541278248934,0.9955287207028697,0.9822737717474559,0.8181818181818182,0.15941327183375278,0.125,0.013624489713778807,0.0,0.9379251700680271,0.26009070444831356,0.9565516963021672,0.9746285206972052,0.9360980413611992,0.731934731934732,,0.26495156475185677,0.6844217056681249
r5_final_inverse_map_complete_2026-08-31,fixed_black_box_contamination,breast_cancer,svm,4,RidgeAIME,0.05,0.5,9,15,30,45,0.0057047499576583505,0.9649122807017544,0.17777228863428432,119,52,0.00017520796973258257,X ~= Y A^T,SVD normal-system solve,1.8128438085413556,1.8126388270658356,39.644500801997566,39.654500801997564,71.8692878216141,71.8792878216141,39.654500801997564,7.187928782161411e-11,6.505159287934189,1,True,1.0,0.0,0.01,1.0,rms,6.708203932499369,0.6878250404421693,0.8293521811885282,0.06876292058379041,0.4064464307176945,1.1504820003275864,1.0726052397446073,0.02735486964725109,0.3094323243762273,0.971531926627498,0.9370223978919632,0.5384615384615384,0.31619654915449386,0.13333333333333333,0.016895752928846926,0.0,0.05042016806722689,1.0,1.0,0.969261099304557,0.9016732542819499,0.5995337995337995,,0.2583112784263392,0.8132579353363271
r5_final_inverse_map_complete_2026-08-31,fixed_black_box_contamination,breast_cancer,svm,4,HuberRidgeAIME,0.05,0.5,9,15,30,45,0.0057047499576583505,0.9649122807017544,0.17777228863428432,119,52,0.0006294581107795238,X ~= Y A^T,SVD normal-system solve,1.8967182402632203,1.8964692670134473,36.00665002481874,36.01665002481874,68.29446987284784,68.30446987284785,36.016650024818745,6.830446987284783e-11,5.898138162288922,9,True,0.9317142509574327,0.16806722689075632,0.01,1.0,rms,6.708203932499369,0.6495112524378198,0.8059226094593822,0.12063544331079934,0.42139583909853184,1.1055929728534524,1.0514718126766178,0.06530513220377543,0.32552760805869774,0.9959638316886245,0.9848484848484849,1.0,0.30886564439435044,0.06666666666666667,0.012462443773979624,0.0,0.976190476190476,0.2292194374337213,0.9690148605250634,0.9852588779489239,0.9427799736495386,0.6796536796536797,,0.2779458091929778,0.7707149415655422
r5_final_inverse_map_complete_2026-08-31,fixed_black_box_contamination,breast_cancer,svm,4,RidgeAIME,0.1,0.0,17,0,30,30,0.0057047499576583505,0.9649122807017544,0.17777228863428432,119,52,0.00013050006236881018,X ~= Y A^T,SVD normal-system solve,1.8128438085413556,1.8126388270658356,39.644500801997566,39.654500801997564,71.8692878216141,71.8792878216141,39.654500801997564,7.187928782161411e-11,5.301968042072161,1,True,1.0,0.0,0.01,1.0,rms,5.477225575051661,0.693194608325345,0.832583093946391,0.10105129274031677,0.41938765319469606,5.898804220361597,2.4287454004818203,0.0035554170433725885,0.1580629073040405,0.9421499324807588,0.8914349276974416,0.6666666666666666,0.0,0.0,0.03520368722900161,0.06666666666666667,0.08403361344537816,1.0,1.0,0.932448803919543,0.8599777530589545,0.6668331668331668,,0.2583112784263392,0.7244371056691339
r5_final_inverse_map_complete_2026-08-31,fixed_black_box_contamination,breast_cancer,svm,4,HuberRidgeAIME,0.1,0.0,17,0,30,30,0.0057047499576583505,0.9649122807017544,0.17777228863428432,119,52,0.0005793339805677533,X ~= Y A^T,SVD normal-system solve,1.9167170383915688,1.9164529807828325,34.706554572248365,34.71655457224836,66.52264449249525,66.53264449249525,34.71655457224836,6.653264449249525e-11,4.839409914143907,9,True,0.9064708829822568,0.21008403361344538,0.01,1.0,rms,5.477225575051661,0.6419817588785083,0.801237641950569,0.16746514572243798,0.4561925585331562,5.843545557637142,2.4173426645052087,0.012889884348313174,0.17337418275448452,0.9950168819291573,0.9724137931034482,0.8181818181818182,0.0,0.0,0.022257371385684482,0.0,0.9566666666666666,0.23578772152277844,0.9680014482537683,0.9837581345016788,0.9345050055617353,0.7447552447552448,,0.28249816852277027,0.6847924098562889
r5_final_inverse_map_complete_2026-08-31,fixed_black_box_contamination,breast_cancer,svm,4,RidgeAIME,0.1,0.25,17,8,30,38,0.0057047499576583505,0.9649122807017544,0.17777228863428432,119,52,0.0001295000547543168,X ~= Y A^T,SVD normal-system solve,1.7817765983206861,1.7815834829283324,40.472355590161584,40.48235559016158,72.11269606946331,72.12269606946332,40.48235559016159,7.21226960694633e-11,5.592601296136831,1,True,1.0,0.0,0.01,1.0,rms,6.164414002968976,0.9053246180109478,0.9514854796637454,0.18282614338754077,0.4422229698373691,3.151560111120578,1.7752633920409044,0.05686652288315375,0.2649344020096888,0.9374236950608532,0.8881715723820987,0.8181818181818182,0.21380909972790108,0.375,0.023290418648852874,0.0,0.08403361344537816,1.0,1.0,0.9271219552428512,0.8106576211839369,0.5454212454212455,,0.2508061776977745,0.7476138590100361
r5_final_inverse_map_complete_2026-08-31,fixed_black_box_contamination,breast_cancer,svm,4,HuberRidgeAIME,0.1,0.25,17,8,30,38,0.0057047499576583505,0.9649122807017544,0.17777228863428432,119,52,0.0007995000341907144,X ~= Y A^T,SVD normal-system solve,1.8516431738298083,1.851407023459638,36.05359681827135,36.06359681827135,66.75839644056424,66.76839644056423,36.06359681827135,6.676839644056422e-11,5.138474789032057,8,True,0.9093006971203985,0.20168067226890757,0.01,1.0,rms,6.164414002968976,0.8654611338499183,0.9303016359492863,0.21880815077119975,0.472192028634892,3.1032389754416108,1.7616012532470595,0.07132706912192921,0.28779500814647674,0.9946576345573992,0.993653572600941,1.0,0.21839911511283422,0.375,0.01523848436023649,0.0,0.9999999999999999,0.20152356503088917,0.9742343789634729,0.9789943394088179,0.947105810263705,0.7962703962703962,,0.2675019069270125,0.7108342300841146
r5_final_inverse_map_complete_2026-08-31,fixed_black_box_contamination,breast_cancer,svm,4,RidgeAIME,0.1,0.5,17,15,30,45,0.0057047499576583505,0.9649122807017544,0.17777228863428432,119,52,0.00012870901264250278,X ~= Y A^T,SVD normal-system solve,1.6845415871714005,1.6843772991870598,41.65717303856388,41.667173038563874,70.17324038745608,70.1832403874561,41.66717303856386,7.018324038745611e-11,5.616116866424446,1,True,1.0,0.0,0.01,1.0,rms,6.708203932499369,0.8304167226317284,0.9112720354711475,0.1826714070045803,0.44294090939471453,2.1769462847102625,1.4754478251399683,0.061939699825625194,0.28234205129447415,0.9065212681562775,0.8316205533596838,0.6666666666666666,0.21335705151919626,0.06666666666666667,0.02657598640974319,0.0,0.10084033613445378,1.0,1.0,0.934122323525948,0.8917918313570485,0.7001665001665003,,0.22643937968231112,0.7494361364998071
r5_final_inverse_map_complete_2026-08-31,fixed_black_box_contamination,breast_cancer,svm,4,HuberRidgeAIME,0.1,0.5,17,15,30,45,0.0057047499576583505,0.9649122807017544,0.17777228863428432,119,52,0.0006549160461872816,X ~= Y A^T,SVD normal-system solve,1.7150012695333265,1.714810224260458,37.41575038886135,37.42575038886135,64.16805941743927,64.17805941743926,37.42575038886135,6.417805941743926e-11,4.923756193494556,9,True,0.9070947686943546,0.2773109243697479,0.01,1.0,rms,6.708203932499369,0.7793680653950738,0.8828182516209515,0.2329154905549592,0.49455056089945104,2.1481680244014223,1.4656629982371194,0.0743404391977498,0.2990989146611805,0.9911937991567621,0.9899868247694333,1.0,0.24989796388650182,0.13333333333333333,0.02319168854335,0.0,0.8616269841269842,0.42192348480107705,0.9615065014674321,0.9758332278490119,0.944558629776021,0.7754911754911755,,0.2342160642523232,0.6922965401078949
r5_final_inverse_map_complete_2026-08-31,fixed_black_box_contamination,breast_cancer,mlp,4,RidgeAIME,0.05,0.0,9,0,30,30,0.019058499950915575,0.9005847953216374,0.3468396023471442,119,52,0.00018787500448524952,X ~= Y A^T,SVD normal-system solve,3.376948507337807,3.375600348447086,17.621070964229457,17.63107096422945,59.50544929034823,59.51544929034823,17.631070964229448,5.951544929034824e-11,9.906610276319514,1,True,1.0,0.0,0.01,1.0,rms,5.477225575051661,0.6839434847552868,0.8270087573631169,0.3467038372851867,0.594755228308718,2.1864462326565435,1.4786636644810556,0.13098884362119256,0.38626289614077813,0.9981935708980223,0.9870967741935484,0.8181818181818182,0.0,0.0,0.014540459460169585,0.0,0.05042016806722689,1.0,1.0,0.9914620284759366,0.9588431590656284,0.8818181818181818,,0.5283510230429712,0.9959250782874854
r5_final_inverse_map_complete_2026-08-31,fixed_black_box_contamination,breast_cancer,mlp,4,HuberRidgeAIME,0.05,0.0,9,0,30,30,0.019058499950915575,0.9005847953216374,0.3468396023471442,119,52,0.0005796670448035002,X ~= Y A^T,SVD normal-system solve,3.3924242810208165,3.390977510793485,16.526311266457096,16.536311266457094,56.064259616036935,56.07425961603694,16.53631126645709,5.607425961603695e-11,9.843146859074455,9,True,0.9420274692570816,0.17647058823529413,0.01,1.0,rms,5.477225575051661,0.6827453034845132,0.8262840331777647,0.347848328378209,0.5957191083617217,2.176433671231339,1.4752741003729912,0.13496837325813194,0.39141614429346744,0.9984198001825008,0.9902113459399332,0.8181818181818182,0.0,0.0,0.012960562334844591,0.0,0.6521164021164021,0.5168956398673813,0.9646008407291011,0.993071986800017,0.9693882091212458,0.9121212121212121,,0.5303249095154265,0.9931339647978623
r5_final_inverse_map_complete_2026-08-31,fixed_black_box_contamination,breast_cancer,mlp,4,RidgeAIME,0.05,0.25,9,8,30,38,0.019058499950915575,0.9005847953216374,0.3468396023471442,119,52,0.00012358406092971563,X ~= Y A^T,SVD normal-system solve,3.9407909199034314,3.938852131803225,15.158191508853522,15.168191508853518,59.73526346024725,59.74526346024725,15.168191508853521,5.974526346024725e-11,12.59712324503815,1,True,1.0,0.0,0.01,1.0,rms,6.164414002968976,0.9524700121335086,0.9759457014268307,0.3421637698052026,0.5964051341374857,1.9747877352554724,1.405271409819282,0.18670001626468247,0.44907629259750675,0.9570493056448904,0.8573148046832257,0.5384615384615384,0.2426465395020305,0.25,0.011289256263964171,0.0,0.06722689075630252,1.0,1.0,0.9660838890153238,0.9066199803041908,0.7046620046620047,,0.5953696772937059,1.100271378335784
r5_final_inverse_map_complete_2026-08-31,fixed_black_box_contamination,breast_cancer,mlp,4,HuberRidgeAIME,0.05,0.25,9,8,30,38,0.019058499950915575,0.9005847953216374,0.3468396023471442,119,52,0.0005670409882441163,X ~= Y A^T,SVD normal-system solve,4.19057521201156,4.188192817253274,13.382302853731964,13.392302853731964,56.079546618480734,56.08954661848074,13.39230285373196,5.608954661848074e-11,11.139227994506582,8,True,0.9350011094163403,0.14285714285714285,0.01,1.0,rms,6.164414002968976,0.8771786759845114,0.9365781739846981,0.3941647442271069,0.6317338464865906,1.9019809347032703,1.3791232485544105,0.21668489446085282,0.473661770493505,0.9984987779279803,0.9733012364591311,0.6666666666666666,0.2383754086489462,0.375,0.011701446308343619,0.0,0.9362980769230769,0.32905826641430574,0.9786726656687393,0.9933200812128253,0.9597111281321806,0.8030303030303031,,0.6220266676442144,1.0468550930510176
r5_final_inverse_map_complete_2026-08-31,fixed_black_box_contamination,breast_cancer,mlp,4,RidgeAIME,0.05,0.5,9,15,30,45,0.019058499950915575,0.9005847953216374,0.3468396023471442,119,52,0.00013033405411988497,X ~= Y A^T,SVD normal-system solve,3.5662139078322728,3.5646795949765573,16.715493097920977,16.725493097920975,59.61102396208015,59.621023962080145,16.725493097920978,5.962102396208013e-11,10.60861699247404,1,True,1.0,0.0,0.01,1.0,rms,6.708203932499369,0.8144476567784786,0.9024675377976089,0.2929609483558211,0.5439679638291725,2.2784397142780137,1.5094501364000117,0.11609181284914749,0.3542214937550511,0.9610283097511085,0.8971014492753622,0.6666666666666666,0.2620255728284351,0.06666666666666667,0.013387987431851104,0.0,0.058823529411764705,1.0,1.0,0.9624708031952413,0.911699604743083,0.6731601731601733,,0.5520205001382065,1.0256587701702933
r5_final_inverse_map_complete_2026-08-31,fixed_black_box_contamination,breast_cancer,mlp,4,HuberRidgeAIME,0.05,0.5,9,15,30,45,0.019058499950915575,0.9005847953216374,0.3468396023471442,119,52,0.0006382080027833581,X ~= Y A^T,SVD normal-system solve,3.757279919211327,3.755409629409976,14.732527693945313,14.742527693945314,55.35423046368548,55.36423046368548,14.742527693945311,5.536423046368548e-11,10.605018953358286,9,True,0.924635220794741,0.16806722689075632,0.01,1.0,rms,6.708203932499369,0.788870400572527,0.8881837650917331,0.3151650996244826,0.5644544522040994,2.265207014533616,1.5050604687299496,0.1212253661175905,0.36115707900540683,0.9973320912757964,0.9747035573122529,1.0,0.24793259104352924,0.06666666666666667,0.010856464130083971,0.0,0.9617346938775508,0.233501580757579,0.9678310732970637,0.9904376251978222,0.9542687747035572,0.8606060606060606,,0.5746573155318312,1.025511449027174
r5_final_inverse_map_complete_2026-08-31,fixed_black_box_contamination,breast_cancer,mlp,4,RidgeAIME,0.1,0.0,17,0,30,30,0.019058499950915575,0.9005847953216374,0.3468396023471442,119,52,0.0001279579009860754,X ~= Y A^T,SVD normal-system solve,3.5662139078322728,3.5646795949765573,16.715493097920977,16.725493097920975,59.61102396208015,59.621023962080145,16.725493097920978,5.962102396208013e-11,9.758909496524266,1,True,1.0,0.0,0.01,1.0,rms,5.477225575051661,0.7521741588452254,0.8672797465900063,0.3546365197066511,0.5977718816603104,5.376311607519217,2.318687475171938,0.05958448208062861,0.2692796940859973,0.9856402412083962,0.9604004449388208,0.6666666666666666,0.0,0.0,0.015593532016027862,0.0,0.09243697478991597,1.0,1.0,0.9677166410713139,0.9050500556173526,0.7447552447552448,,0.5520205001382065,0.9894012904021349
r5_final_inverse_map_complete_2026-08-31,fixed_black_box_contamination,breast_cancer,mlp,4,HuberRidgeAIME,0.1,0.0,17,0,30,30,0.019058499950915575,0.9005847953216374,0.3468396023471442,119,52,0.0005993330851197243,X ~= Y A^T,SVD normal-system solve,3.7262233532275966,3.7243630156925716,14.644455451781866,14.65445545178187,54.56851189973078,54.57851189973077,14.654455451781867,5.4578511899730776e-11,9.663625123859196,9,True,0.9113965959669176,0.19327731092436976,0.01,1.0,rms,5.477225575051661,0.7375187083794625,0.8587890942364502,0.3672108582512935,0.6082195708151918,5.3652912677476365,2.3163098384602256,0.06151214165293539,0.27281533074761655,0.9966066137879788,0.978642936596218,0.8181818181818182,0.0,0.0,0.014277232811436346,0.0,0.9536042240587695,0.3203458618963483,0.9715962077704015,0.9874190858825467,0.9394883203559509,0.7909090909090909,,0.5710520052922493,0.9851400742367891
r5_final_inverse_map_complete_2026-08-31,fixed_black_box_contamination,breast_cancer,mlp,4,RidgeAIME,0.1,0.25,17,8,30,38,0.019058499950915575,0.9005847953216374,0.3468396023471442,119,52,0.0001318750437349081,X ~= Y A^T,SVD normal-system solve,3.4511475219660026,3.4497283594672674,17.261788989290125,17.271788989290126,59.57298029508864,59.58298029508864,17.27178898929012,5.958298029508864e-11,11.72674336681065,1,True,1.0,0.0,0.01,1.0,rms,6.164414002968976,0.6754962725500032,0.8218858026210231,0.28602036963790833,0.5577206151279903,2.1143923852309547,1.454095039958171,0.08655261249376978,0.3336739188509044,0.9292725459077305,0.6509464930517562,0.6666666666666666,0.20329375878597802,0.25,0.0210161557683873,0.0,0.11764705882352941,1.0,1.0,0.947969125488058,0.7757303862567021,0.5352980352980353,,0.537784898948922,1.0691774209651987
r5_final_inverse_map_complete_2026-08-31,fixed_black_box_contamination,breast_cancer,mlp,4,HuberRidgeAIME,0.1,0.25,17,8,30,38,0.019058499950915575,0.9005847953216374,0.3468396023471442,119,52,0.0006350829498842359,X ~= Y A^T,SVD normal-system solve,3.5344573957227534,3.532767723484024,14.989698388998235,14.99969838899823,52.98045033064825,52.99045033064826,14.99969838899823,5.299045033064826e-11,10.615807919360611,9,True,0.8887820874685796,0.21008403361344538,0.01,1.0,rms,6.164414002968976,0.6162234208807011,0.784998994190885,0.3486700250765663,0.5945197482113784,2.048810718394943,1.4313667309236104,0.11488481925827487,0.3577390266647581,0.9930467407601807,0.932815406499617,1.0,0.17948015700258463,0.125,0.01202993036388405,0.0,0.9740021008403361,0.25963034575409444,0.9726689863638441,0.9908900250438656,0.9320056899004265,0.9090909090909092,,0.5481150838754453,1.0259530518763063
r5_final_inverse_map_complete_2026-08-31,fixed_black_box_contamination,breast_cancer,mlp,4,RidgeAIME,0.1,0.5,17,15,30,45,0.019058499950915575,0.9005847953216374,0.3468396023471442,119,52,0.00013699999544769526,X ~= Y A^T,SVD normal-system solve,3.503035490692608,3.5015648596723654,17.010146156580173,17.02014615658017,59.58714568836881,59.5971456883688,17.020146156580175,5.95971456883688e-11,12.546718062782842,1,True,1.0,0.0,0.01,1.0,rms,6.708203932499369,0.5992719143879557,0.7741265493367061,0.3911064744830426,0.6309513819215129,3.559857974205173,1.886758589275579,0.07243866651685194,0.3088688494920001,0.9844763234025246,0.8865612648221344,0.6666666666666666,0.34712944075856234,0.2,0.007880234701586455,0.0,0.07563025210084033,1.0,1.0,0.9784949610284871,0.8762187088274043,0.5669977081741788,,0.5442621752183311,1.098530139074127
r5_final_inverse_map_complete_2026-08-31,fixed_black_box_contamination,breast_cancer,mlp,4,HuberRidgeAIME,0.1,0.5,17,15,30,45,0.019058499950915575,0.9005847953216374,0.3468396023471442,119,52,0.0006338329985737801,X ~= Y A^T,SVD normal-system solve,3.644212291047997,3.642455344417683,15.040043327575301,15.050043327575297,54.80911075224432,54.81911075224433,15.050043327575292,5.4819110752244325e-11,12.080895881305851,9,True,0.918530075601037,0.20168067226890757,0.01,1.0,rms,6.708203932499369,0.5853142323857603,0.7650583195977678,0.405288254069762,0.6407567802222509,3.5576225773375834,1.8861661054471273,0.07302112450095966,0.30885087355055957,0.9967689653335481,0.9698287220026349,0.6666666666666666,0.35133278242994426,0.26666666666666666,0.008704355052951631,0.0,0.9191718775052109,0.33840122631934255,0.9659951632695394,0.9910225351302472,0.9450856389986824,0.6654326066090772,,0.5613942361340342,1.0820991413944572
r5_final_inverse_map_complete_2026-08-31,fixed_black_box_contamination,credit_approval,lgbm,0,RidgeAIME,0.05,0.0,10,0,42,42,1.281828916980885,0.8647342995169082,0.42092231407947767,144,63,0.00016604200936853886,X ~= Y A^T,SVD normal-system solve,1.3219290075496444,1.3218704669138386,54.98240025619843,54.99240025619843,72.6828298033737,72.69282980337371,54.99240025619844,7.269282980337369e-11,3.105021934357439,1,True,1.0,0.0,0.01,1.0,rms,6.48074069840786,0.8572921215398173,0.9259007082510615,-0.008932357421718162,0.1752905458395383,1.9611792861009523,1.4004211102739605,-0.01946181261273683,0.10309513105050748,0.9010401679665935,0.7028647890174339,0.6666666666666666,0.0,0.0,0.04761932565089686,0.06666666666666667,0.05555555555555555,1.0,1.0,0.8640422435342305,0.6839632626536722,0.5183150183150182,,0.12118889973301324,0.4920646724471411
r5_final_inverse_map_complete_2026-08-31,fixed_black_box_contamination,credit_approval,lgbm,0,HuberRidgeAIME,0.05,0.0,10,0,42,42,1.281828916980885,0.8647342995169082,0.42092231407947767,144,63,0.0005583750316873193,X ~= Y A^T,SVD normal-system solve,1.305043975318681,1.3049838234810502,50.70232855579477,50.71232855579477,66.1687684163683,66.1787684163683,50.71232855579478,6.617876841636829e-11,2.6617794873528178,7,True,0.9157240452605662,0.19444444444444445,0.01,1.0,rms,6.48074069840786,0.8366825400314313,0.9147035257565324,0.015322704691045241,0.19150697996961774,1.9405902513929465,1.3930506995055658,-0.008759203834372675,0.11129090323884319,0.9751284846519015,0.8994691909725008,0.8181818181818182,0.0,0.0,0.036285882842126714,0.06666666666666667,0.9861111111111112,0.21947962865320392,0.9566795991786463,0.9248893582820976,0.7895984032217266,0.532967032967033,,0.11560512821341148,0.42517207390626216
r5_final_inverse_map_complete_2026-08-31,fixed_black_box_contamination,credit_approval,lgbm,0,RidgeAIME,0.05,0.25,10,10,42,52,1.281828916980885,0.8647342995169082,0.42092231407947767,144,63,0.0001408749958500266,X ~= Y A^T,SVD normal-system solve,1.433567439143608,1.4334852921731935,52.76948011414237,52.779480114142366,75.64860847217062,75.65860847217063,52.779480114142366,7.565860847217063e-11,2.9280077471745027,1,True,1.0,0.0,0.01,1.0,rms,7.211102550927978,0.9870673559436849,0.9935126350196483,-3.8330383822504643e-07,0.1478214745161694,2.1917546698799826,1.4804575880044597,-0.0009667201374901069,0.10357735612009364,0.8284400910236318,0.7897613260262206,0.25,0.15480757704430229,0.2,0.03960152233675286,0.2,0.034722222222222224,1.0,1.0,0.877962629432527,0.7161910114281291,0.5228438228438229,,0.15639324136287208,0.4665722214815338
r5_final_inverse_map_complete_2026-08-31,fixed_black_box_contamination,credit_approval,lgbm,0,HuberRidgeAIME,0.05,0.25,10,10,42,52,1.281828916980885,0.8647342995169082,0.42092231407947767,144,63,0.0005887909792363644,X ~= Y A^T,SVD normal-system solve,1.4284226597981984,1.4283354886316924,49.13728997749116,49.14728997749114,70.18881844492327,70.19881844492329,49.147289977491155,7.019881844492328e-11,2.4734760003728633,7,True,0.9322907616833991,0.1875,0.01,1.0,rms,7.211102550927978,0.9610069464318652,0.9803096176371348,0.02640148212505089,0.18922713815572423,2.1663975829161206,1.4718687383445987,0.010613773117189584,0.13114781465277411,0.9702088023041552,0.8613210374615856,0.6666666666666666,0.12876097479775017,0.1,0.03717445202863159,0.0,1.0,0.18107306253648595,0.9593129810771732,0.9182269067026869,0.751619495046979,0.5719280719280719,,0.1548302268722112,0.39330770085091815
r5_final_inverse_map_complete_2026-08-31,fixed_black_box_contamination,credit_approval,lgbm,0,RidgeAIME,0.05,0.5,10,21,42,63,1.281828916980885,0.8647342995169082,0.42092231407947767,144,63,0.00014395802281796932,X ~= Y A^T,SVD normal-system solve,1.2863127869499895,1.2862622552419456,56.65002556250471,56.66002556250471,72.86965226209358,72.87965226209359,56.66002556250469,7.28796522620936e-11,2.9567846803875137,1,True,1.0,0.0,0.01,1.0,rms,7.937253933193772,0.920691392250789,0.9595266500993024,0.01675632235149338,0.18169118699916867,2.903547091744519,1.7039797803215035,0.0016889021815719163,0.11874771161400216,0.94400734710251,0.6881488153274978,0.6666666666666666,0.2617455596930773,0.047619047619047616,0.023210148997834495,0.0,0.041666666666666664,1.0,1.0,0.8633946364602771,0.6085277682898308,0.6237096237096237,,0.10932952565861062,0.4708196993910667
r5_final_inverse_map_complete_2026-08-31,fixed_black_box_contamination,credit_approval,lgbm,0,HuberRidgeAIME,0.05,0.5,10,21,42,63,1.281828916980885,0.8647342995169082,0.42092231407947767,144,63,0.0006491249660030007,X ~= Y A^T,SVD normal-system solve,1.3182417427990432,1.3181804715123846,51.929784547289245,51.93978454728924,68.4560096847974,68.4660096847974,51.93978454728924,6.84660096847974e-11,2.7070977170615222,8,True,0.9311860072281196,0.22916666666666666,0.01,1.0,rms,7.937253933193772,0.9164461974846501,0.9573119645573485,0.021289938011772813,0.18832420518649454,2.8995317720986122,1.7028011545975097,0.003069468102198658,0.12357023333980201,0.9799313534847336,0.8756315637238385,0.8181818181818182,0.26357537203746645,0.047619047619047616,0.023523491555877577,0.0,1.0,0.2826501597972329,0.9593832179859842,0.8975017348980051,0.729634441015928,0.7016317016317017,,0.11997487339637539,0.4325039326137513
r5_final_inverse_map_complete_2026-08-31,fixed_black_box_contamination,credit_approval,lgbm,0,RidgeAIME,0.1,0.0,21,0,42,42,1.281828916980885,0.8647342995169082,0.42092231407947767,144,63,0.00013658299576491117,X ~= Y A^T,SVD normal-system solve,1.2863127869499895,1.2862622552419456,56.65002556250471,56.66002556250471,72.86965226209358,72.87965226209359,56.66002556250469,7.28796522620936e-11,3.2117999580493333,1,True,1.0,0.0,0.01,1.0,rms,6.48074069840786,1.0841739006098936,1.0412367168948153,-0.04818427233856526,0.10141010119386484,2.754469563467817,1.6596594721411428,-0.029429026264441216,0.059557312035534465,0.6830829505002743,0.35819928138557106,0.42857142857142855,0.0,0.0,0.05134028604150087,0.13333333333333333,0.09027777777777778,1.0,1.0,0.7400119869670359,0.6471136003465847,0.4324175824175824,,0.10932952565861062,0.5067484880945728
r5_final_inverse_map_complete_2026-08-31,fixed_black_box_contamination,credit_approval,lgbm,0,HuberRidgeAIME,0.1,0.0,21,0,42,42,1.281828916980885,0.8647342995169082,0.42092231407947767,144,63,0.0008533329237252474,X ~= Y A^T,SVD normal-system solve,1.3178312716220062,1.3177670221131643,49.45828035775815,49.468280357758154,65.17766849610211,65.1876684961021,49.46828035775815,6.518766849610212e-11,2.4461772455548485,7,True,0.8881373469568659,0.22916666666666666,0.01,1.0,rms,6.48074069840786,1.0142018046294854,1.0070758683582313,0.01946506921814395,0.18784762481789674,2.6837414774561537,1.6382128913716172,-0.0029957900151833528,0.11301793520846741,0.9620216437205219,0.8582195452201805,0.6666666666666666,0.0,0.0,0.043432855874940904,0.13333333333333333,0.9945054945054945,0.18208770584262354,0.9582033418765998,0.9001024041203456,0.7458180134945294,0.6043956043956045,,0.11983863487528625,0.38848792202878135
r5_final_inverse_map_complete_2026-08-31,fixed_black_box_contamination,credit_approval,lgbm,0,RidgeAIME,0.1,0.25,21,10,42,52,1.281828916980885,0.8647342995169082,0.42092231407947767,144,63,0.00015133398119360209,X ~= Y A^T,SVD normal-system solve,1.3345785122209974,1.3345183725620593,55.62358990201235,55.633589902012346,74.23404785581853,74.24404785581854,55.63358990201233,7.424404785581855e-11,3.7840174148016716,1,True,1.0,0.0,0.01,1.0,rms,7.211102550927978,1.0094107229010598,1.0046943430223243,-0.05540398088173215,0.10883329405634617,1.0094107229010598,1.0046943430223243,-0.05540398088173215,0.10883329405634617,0.7177876309542434,0.6043205445972495,0.17647058823529413,0.16969880495162043,0.1,0.06062802655909869,0.26666666666666666,0.14583333333333334,1.0,1.0,0.7938334833422587,0.662972765303509,0.38843460461107515,,0.12532455717740107,0.5779531264440432
r5_final_inverse_map_complete_2026-08-31,fixed_black_box_contamination,credit_approval,lgbm,0,HuberRidgeAIME,0.1,0.25,21,10,42,52,1.281828916980885,0.8647342995169082,0.42092231407947767,144,63,0.0005749160191044211,X ~= Y A^T,SVD normal-system solve,1.3486454493187372,1.3485714963478723,47.13421141471619,47.144211414716196,63.56733973168427,63.57733973168426,47.1442114147162,6.357733973168426e-11,2.860985415893284,7,True,0.852649484866109,0.2708333333333333,0.01,1.0,rms,7.211102550927978,0.9480258495614098,0.973666190006313,0.008777861275038323,0.16600788859037338,0.9480258495614098,0.973666190006313,0.008777861275038323,0.16600788859037338,0.9653692105315151,0.8558254777108062,0.8181818181818182,0.1692545516290951,0.2,0.047399742326548956,0.0,0.9730927636755186,0.2461738851344941,0.9561940994544336,0.906430243251879,0.7411935456330573,0.6346986346986346,,0.12987397611056462,0.45651564395932986
r5_final_inverse_map_complete_2026-08-31,fixed_black_box_contamination,credit_approval,lgbm,0,RidgeAIME,0.1,0.5,21,21,42,63,1.281828916980885,0.8647342995169082,0.42092231407947767,144,63,0.0001492499141022563,X ~= Y A^T,SVD normal-system solve,1.3142956802973553,1.3142389058591972,55.348659723833535,55.35865972383355,72.74450438528262,72.75450438528262,55.35865972383355,7.275450438528262e-11,4.083921209089612,1,True,1.0,0.0,0.01,1.0,rms,7.937253933193772,0.7761539741362921,0.8809960125541386,-0.05689341317476093,0.13540900696243682,6.627029849060515,2.574301817786818,-0.017486576067454296,0.046228933524106834,0.8312492931063508,0.7851759399314284,0.3333333333333333,0.3114936659473152,0.14285714285714285,0.0392030128530438,0.13333333333333333,0.10416666666666667,1.0,1.0,0.8747544082058907,0.7436286393202601,0.6168831168831168,,0.1186743196113545,0.6110773546715594
r5_final_inverse_map_complete_2026-08-31,fixed_black_box_contamination,credit_approval,lgbm,0,HuberRidgeAIME,0.1,0.5,21,21,42,63,1.281828916980885,0.8647342995169082,0.42092231407947767,144,63,0.0006464590551331639,X ~= Y A^T,SVD normal-system solve,1.3071298340916762,1.3070659893141197,48.095709792501914,48.105709792501905,62.867337161594435,62.87733716159444,48.105709792501905,6.287733716159443e-11,2.9552342969264807,8,True,0.8714007500566547,0.3263888888888889,0.01,1.0,rms,7.937253933193772,0.7189770077866519,0.8479251192096221,0.020964796837622868,0.19358803122859317,6.575249432101614,2.5642249183918353,-0.009536426398771836,0.06162695576810652,0.958973281630552,0.8635687199453695,0.5384615384615384,0.2993405013106188,0.09523809523809523,0.0387650203093094,0.06666666666666667,0.9586019536019535,0.26064550428581224,0.9424188018904737,0.9090854979655573,0.7689364664090439,0.5829170829170829,,0.1162975141846239,0.47059191832338765
r5_final_inverse_map_complete_2026-08-31,fixed_black_box_contamination,credit_approval,svm,0,RidgeAIME,0.05,0.0,10,0,42,42,0.02197429188527167,0.8357487922705314,0.407872946484594,144,63,0.00014474999625235796,X ~= Y A^T,SVD normal-system solve,1.8899458197431254,1.8897136508458652,38.32182783066993,38.33182783066992,72.4261783134904,72.4361783134904,38.33182783066992,7.243617831349039e-11,2.995557807473735,1,True,1.0,0.0,0.01,1.0,rms,6.48074069840786,1.376514042689736,1.173249352307401,0.007021340047904667,0.15329845303422643,4.99445710861324,2.2348282056151967,-0.015389510883848878,0.08170156890137094,0.8923487922141371,0.8593541130797728,0.8181818181818182,0.0,0.0,0.038269413247941184,0.0,0.041666666666666664,1.0,1.0,0.8739480004254432,0.7429359707406655,0.5326007326007326,,0.27639600032180767,0.4764777049060583
r5_final_inverse_map_complete_2026-08-31,fixed_black_box_contamination,credit_approval,svm,0,HuberRidgeAIME,0.05,0.0,10,0,42,42,0.02197429188527167,0.8357487922705314,0.407872946484594,144,63,0.0005643750773742795,X ~= Y A^T,SVD normal-system solve,1.8578811668341746,1.8576470214912295,36.62883107994183,36.63883107994182,68.05201542657421,68.06201542657422,36.63883107994182,6.806201542657421e-11,2.7805786190783084,7,True,0.9370976382675865,0.1736111111111111,0.01,1.0,rms,6.48074069840786,1.3658120840044696,1.1686796327499123,0.014741433170524454,0.16872673791842635,4.97062455730815,2.229489752680678,-0.01054427503808375,0.10251348112863112,0.9875495560849624,0.9300214826200938,1.0,0.0,0.0,0.040312967879449775,0.0,0.976190476190476,0.2547162265979825,0.9667663952966999,0.9307574750502864,0.808088141911349,0.6251748251748251,,0.26896319556618,0.4441351789846435
r5_final_inverse_map_complete_2026-08-31,fixed_black_box_contamination,credit_approval,svm,0,RidgeAIME,0.05,0.25,10,10,42,52,0.02197429188527167,0.8357487922705314,0.407872946484594,144,63,0.0001633750507608056,X ~= Y A^T,SVD normal-system solve,1.8941001844486027,1.8938658688085173,38.14793875831472,38.15793875831473,72.25601783845792,72.26601783845791,38.15793875831472,7.226601783845792e-11,4.166134260425784,1,True,1.0,0.0,0.01,1.0,rms,7.211102550927978,0.6484297743125463,0.805251373368929,-0.04528844626119222,0.1625040747463343,1.1732044091752514,1.0831456084826505,-0.03814674540547203,0.11606630414597352,0.9394313962829569,0.9080236523131475,0.8181818181818182,0.16438111330678137,0.2,0.03526985588284524,0.0,0.05555555555555555,1.0,1.0,0.9083870896417968,0.7854586362715629,0.6282051282051283,,0.2773492172759668,0.6197332616804985
r5_final_inverse_map_complete_2026-08-31,fixed_black_box_contamination,credit_approval,svm,0,HuberRidgeAIME,0.05,0.25,10,10,42,52,0.02197429188527167,0.8357487922705314,0.407872946484594,144,63,0.0005817919736728072,X ~= Y A^T,SVD normal-system solve,1.8925684823276367,1.8923138342592567,35.04106039114603,35.05106039114603,66.31760648362231,66.3276064836223,35.05106039114603,6.632760648362232e-11,3.4930016020634413,7,True,0.9148768513319783,0.2013888888888889,0.01,1.0,rms,7.211102550927978,0.6286500967002052,0.7928745781649233,-0.013403006545116503,0.16959576744572566,1.1533302986710292,1.0739321666991026,-0.02056051492728006,0.12068067624200661,0.9747204673706903,0.9044803536228799,0.8181818181818182,0.15696089983195405,0.2,0.033481602974772415,0.0,0.7195436507936509,0.30168299907673657,0.9509470779352277,0.9393447015334979,0.8708604250955794,0.6433566433566433,,0.276993164404163,0.5431987848266397
r5_final_inverse_map_complete_2026-08-31,fixed_black_box_contamination,credit_approval,svm,0,RidgeAIME,0.05,0.5,10,21,42,63,0.02197429188527167,0.8357487922705314,0.407872946484594,144,63,0.00016316596884280443,X ~= Y A^T,SVD normal-system solve,1.8842757568215365,1.884045059789132,38.32060822704424,38.330608227044245,72.20659306887538,72.21659306887537,38.330608227044245,7.221659306887536e-11,4.357568959766212,1,True,1.0,0.0,0.01,1.0,rms,7.937253933193772,1.1189477301009214,1.0578032568020017,0.024460392115574825,0.2036877420853886,3.6321673229702145,1.9058245782259748,-0.0041884583853566415,0.11566628589549678,0.908488848660172,0.6752196247924618,0.6666666666666666,0.34617753380551824,0.19047619047619047,0.02273580599098688,0.0,0.034722222222222224,1.0,1.0,0.9058918147730288,0.714536174841139,0.6016899766899766,,0.2750912853909139,0.6392442686699168
r5_final_inverse_map_complete_2026-08-31,fixed_black_box_contamination,credit_approval,svm,0,HuberRidgeAIME,0.05,0.5,10,21,42,63,0.02197429188527167,0.8357487922705314,0.407872946484594,144,63,0.0005232500843703747,X ~= Y A^T,SVD normal-system solve,1.8491055939890406,1.8488732065798203,36.52836482961633,36.53836482961633,67.54480374571608,67.55480374571607,36.53836482961633,6.755480374571607e-11,3.4368177985030517,6,True,0.9373391337777169,0.16666666666666666,0.01,1.0,rms,7.937253933193772,1.1027828727982214,1.0501346926933808,0.03855350668238422,0.22112915578211995,3.6143410262294036,1.9011420321031787,0.0007399933766719657,0.1276705817158885,0.9837234780779635,0.8755700640993715,1.0,0.3317940497197792,0.14285714285714285,0.02858861456811147,0.0,0.8999999999999999,0.25225792874154435,0.9619823425919677,0.9483056256676852,0.8505677087515476,0.734965034965035,,0.2669071288060901,0.5361565088022876
r5_final_inverse_map_complete_2026-08-31,fixed_black_box_contamination,credit_approval,svm,0,RidgeAIME,0.1,0.0,21,0,42,42,0.02197429188527167,0.8357487922705314,0.407872946484594,144,63,0.00014191598165780306,X ~= Y A^T,SVD normal-system solve,1.8842757568215365,1.884045059789132,38.32060822704424,38.330608227044245,72.20659306887538,72.21659306887537,38.330608227044245,7.221659306887536e-11,3.3085020571244224,1,True,1.0,0.0,0.01,1.0,rms,6.48074069840786,1.3102735045796978,1.1446717890206335,0.0033369570982413332,0.1530178708790149,4.016603002731125,2.004146452415872,-0.011264264812491653,0.08726572652942692,0.8053676950150332,0.7278252819284647,0.3333333333333333,0.0,0.0,0.038751308407113376,0.06666666666666667,0.09722222222222222,1.0,1.0,0.8246164349115525,0.6734138238392351,0.5183483183483184,,0.2750912853909139,0.5196314090105973
r5_final_inverse_map_complete_2026-08-31,fixed_black_box_contamination,credit_approval,svm,0,HuberRidgeAIME,0.1,0.0,21,0,42,42,0.02197429188527167,0.8357487922705314,0.407872946484594,144,63,0.0006604999070987105,X ~= Y A^T,SVD normal-system solve,1.8717898367697334,1.8715375633078413,34.54733433988074,34.55733433988074,64.66534930487478,64.67534930487479,34.55733433988074,6.467534930487479e-11,2.737244705793189,8,True,0.8933949713900993,0.2152777777777778,0.01,1.0,rms,6.48074069840786,1.2833786117617245,1.132863015444376,0.023794629195546313,0.184210639341947,3.9868652298748493,1.9967136073745901,-0.003777155186717396,0.10808514592528291,0.979612036127616,0.9130840052876085,0.5384615384615384,0.0,0.0,0.040022759072502946,0.0,0.9901360544217688,0.23112954809287584,0.9647158631298002,0.9273149658420158,0.8195770196904627,0.5334665334665335,,0.27219854818760514,0.4373136244562109
r5_final_inverse_map_complete_2026-08-31,fixed_black_box_contamination,credit_approval,svm,0,RidgeAIME,0.1,0.25,21,10,42,52,0.02197429188527167,0.8357487922705314,0.407872946484594,144,63,0.00016116700135171413,X ~= Y A^T,SVD normal-system solve,1.9330256312349972,1.9327768044292597,37.48699026479017,37.49699026479017,72.46331301969622,72.4733130196962,37.49699026479017,7.24733130196962e-11,4.303227166831746,1,True,1.0,0.0,0.01,1.0,rms,7.211102550927978,0.7722356660516851,0.8787694043670872,-0.004263139214404799,0.21033697149452463,2.1047511628960907,1.450776055391076,0.002794042607730529,0.14234491383781228,0.8748598949756095,0.6527780755768847,0.3333333333333333,0.2877151033890677,0.3,0.042361870455880614,0.2,0.1111111111111111,1.0,1.0,0.8846995945503193,0.6830244273685843,0.452014652014652,,0.28618170493316064,0.6337942730398876
r5_final_inverse_map_complete_2026-08-31,fixed_black_box_contamination,credit_approval,svm,0,HuberRidgeAIME,0.1,0.25,21,10,42,52,0.02197429188527167,0.8357487922705314,0.407872946484594,144,63,0.0007589999586343765,X ~= Y A^T,SVD normal-system solve,1.8698061565596715,1.8695512552604587,34.113253166855486,34.123253166855484,63.7851707916651,63.79517079166509,34.12325316685549,6.379517079166509e-11,3.695708672994264,8,True,0.882897467796966,0.24305555555555555,0.01,1.0,rms,7.211102550927978,0.7321876659803842,0.8556796514937025,0.047817763078667475,0.26199025273276794,2.0610649854177465,1.4356409667523933,0.023492031617109443,0.18089649414778683,0.9722821374229996,0.8462080317889614,0.6666666666666666,0.325423740024007,0.4,0.027981968172490674,0.0,0.8640813628236229,0.275166423865578,0.9588638482883896,0.9409607310702395,0.8233061936531991,0.5572760572760573,,0.271737376188097,0.5676977291342041
r5_final_inverse_map_complete_2026-08-31,fixed_black_box_contamination,credit_approval,svm,0,RidgeAIME,0.1,0.5,21,21,42,63,0.02197429188527167,0.8357487922705314,0.407872946484594,144,63,0.0001455419696867466,X ~= Y A^T,SVD normal-system solve,1.8276071002999528,1.8273976585419651,39.50490420306405,39.51490420306405,72.1994434181893,72.2094434181893,39.51490420306405,7.22094434181893e-11,3.49835926311463,1,True,1.0,0.0,0.01,1.0,rms,7.937253933193772,1.4578551639048982,1.2074167316651274,-0.012144413708083723,0.11340536121597954,4.507759895989688,2.1231485807615273,-0.011185867799322624,0.09604466818508586,0.7162060057943326,0.3311490371275044,0.25,0.30194607318727945,0.14285714285714285,0.039442340737948146,0.06666666666666667,0.0763888888888889,1.0,1.0,0.8119563461502708,0.6406634024577573,0.45855810855810847,,0.2618330641113996,0.5438644071942405
r5_final_inverse_map_complete_2026-08-31,fixed_black_box_contamination,credit_approval,svm,0,HuberRidgeAIME,0.1,0.5,21,21,42,63,0.02197429188527167,0.8357487922705314,0.407872946484594,144,63,0.0006656249752268195,X ~= Y A^T,SVD normal-system solve,1.7893248414984035,1.7891099818742,36.72676915437938,36.736769154379374,65.71612039590835,65.72612039590835,36.73676915437938,6.572612039590835e-11,2.9166946963172187,8,True,0.9100674450161329,0.22916666666666666,0.01,1.0,rms,7.937253933193772,1.441645111729824,1.2006852675575828,-0.0008902684670903938,0.1288454686157595,4.49684323937188,2.1205761574090847,-0.008737030871391882,0.10682550442802555,0.9821415681081674,0.8702143514076939,0.6666666666666666,0.2524440871582699,0.047619047619047616,0.03349235788529739,0.06666666666666667,0.9757575757575758,0.23607060535000193,0.9658115445373922,0.9109304896169421,0.7664362519201229,0.5504495504495505,,0.25263703875235416,0.4648909719246183
r5_final_inverse_map_complete_2026-08-31,fixed_black_box_contamination,credit_approval,mlp,0,RidgeAIME,0.05,0.0,10,0,42,42,0.03197466710116714,0.8019323671497585,0.4657074795581009,144,63,0.00014066696166992188,X ~= Y A^T,SVD normal-system solve,3.8107776412614958,3.809309517754211,19.135375898630443,19.145375898630437,72.920662631635,72.930662631635,19.145375898630434,7.2930662631635e-11,4.467670442769262,1,True,1.0,0.0,0.01,1.0,rms,6.48074069840786,0.9024374335869105,0.9499670697381624,0.045825922922584805,0.24582256438762634,1.816797552398008,1.3478863276990416,0.015623441444595154,0.18189356058746634,0.9695682641460975,0.9335765135941817,0.8181818181818182,0.0,0.0,0.04120272420292251,0.06666666666666667,0.041666666666666664,1.0,1.0,0.894980956395792,0.7282595811948744,0.6195471195471194,,0.5808462618159657,0.650081129939219
r5_final_inverse_map_complete_2026-08-31,fixed_black_box_contamination,credit_approval,mlp,0,HuberRidgeAIME,0.05,0.0,10,0,42,42,0.03197466710116714,0.8019323671497585,0.4657074795581009,144,63,0.0005895410431548953,X ~= Y A^T,SVD normal-system solve,3.791015097856301,3.789440567732658,17.7160190576657,17.7260190576657,67.16169572152063,67.17169572152062,17.726019057665695,6.717169572152063e-11,4.477752367989077,7,True,0.9221885232549858,0.2013888888888889,0.01,1.0,rms,6.48074069840786,0.8914247917366217,0.9441529493342812,0.057469918376006346,0.26507521074165485,1.8050750563791673,1.3435308170560016,0.021974919777156154,0.19674547399409376,0.9895740573501546,0.9587842142130208,0.8181818181818182,0.0,0.0,0.028173847771644465,0.06666666666666667,0.9166666666666665,0.2753660859569747,0.9503112379201167,0.9489968324886284,0.8103685075819833,0.696969696969697,,0.5785751001317394,0.6510600722288077
r5_final_inverse_map_complete_2026-08-31,fixed_black_box_contamination,credit_approval,mlp,0,RidgeAIME,0.05,0.25,10,10,42,52,0.03197466710116714,0.8019323671497585,0.4657074795581009,144,63,0.00014520809054374695,X ~= Y A^T,SVD normal-system solve,3.74647550263732,3.7450569210718707,19.350716151464745,19.360716151464743,72.49698401995099,72.50698401995099,19.360716151464743,7.2506984019951e-11,5.504039303316303,1,True,1.0,0.0,0.01,1.0,rms,7.211102550927978,0.8325932990814129,0.9124655056940032,0.023854471313228154,0.22302266353831685,1.4354763695958785,1.1981136714001215,-0.010996275063717142,0.14010653354080968,0.7960116178823714,0.579948345870903,0.5384615384615384,0.164525929323012,0.1,0.0317970486613597,0.06666666666666667,0.0625,1.0,1.0,0.8300784601690661,0.727935112500703,0.5454212454212455,,0.5734584229218813,0.7406815264542803
r5_final_inverse_map_complete_2026-08-31,fixed_black_box_contamination,credit_approval,mlp,0,HuberRidgeAIME,0.05,0.25,10,10,42,52,0.03197466710116714,0.8019323671497585,0.4657074795581009,144,63,0.0005794160533696413,X ~= Y A^T,SVD normal-system solve,3.8969564898873634,3.8952561670317114,17.027684815320725,17.037684815320727,66.35614684882061,66.3661468488206,17.037684815320723,6.63661468488206e-11,5.157769879022978,7,True,0.9151213804688632,0.2013888888888889,0.01,1.0,rms,7.211102550927978,0.7987075925818572,0.8937044212612228,0.06358260859517273,0.2750592450897167,1.3801484823402828,1.1747972090281296,0.027970780826098718,0.20792273469535774,0.97626126446068,0.9318875555403712,0.8181818181818182,0.2043369730735608,0.2,0.025386228681782325,0.0,1.0000000000000002,0.20611857149683033,0.9623882344003319,0.9494311984304673,0.8777441363433761,0.7057942057942059,,0.5905360238237464,0.7124619615902196
r5_final_inverse_map_complete_2026-08-31,fixed_black_box_contamination,credit_approval,mlp,0,RidgeAIME,0.05,0.5,10,21,42,63,0.03197466710116714,0.8019323671497585,0.4657074795581009,144,63,0.00014545791782438755,X ~= Y A^T,SVD normal-system solve,3.6246364406306952,3.6233317623419277,20.107115945166658,20.117115945166653,72.88098517083758,72.89098517083758,20.117115945166653,7.28909851708376e-11,5.564435732510987,1,True,1.0,0.0,0.01,1.0,rms,7.937253933193772,0.8805077184774841,0.9383537278007074,0.03137165718774837,0.22333715996231346,2.31309491957544,1.5208862283469595,-0.0024177660216813113,0.1270915703628621,0.9903635163325099,0.9672951614252799,1.0,0.3445564260806472,0.14285714285714285,0.020025167715783766,0.0,0.034722222222222224,1.0,1.0,0.9377240331708745,0.797303281841826,0.665001665001665,,0.5591081010668033,0.7454211308124035
r5_final_inverse_map_complete_2026-08-31,fixed_black_box_contamination,credit_approval,mlp,0,HuberRidgeAIME,0.05,0.5,10,21,42,63,0.03197466710116714,0.8019323671497585,0.4657074795581009,144,63,0.0006732499459758401,X ~= Y A^T,SVD normal-system solve,3.613415796767513,3.612032068851658,18.8767751153931,18.886775115393096,68.20963739398933,68.21963739398933,18.886775115393096,6.821963739398933e-11,5.376638783559534,8,True,0.936359964285554,0.1875,0.01,1.0,rms,7.937253933193772,0.866786230062888,0.9310135498814655,0.04646638299768169,0.2465965718856953,2.294614168695575,1.5147983920956527,0.005591171637823744,0.14671789052726167,0.9898092800419417,0.9390189764990061,1.0,0.3338319827247026,0.14285714285714285,0.016333293895200433,0.0,0.8,0.3216931198996191,0.9584702824289331,0.9516305682599274,0.8678573342344438,0.685014985014985,,0.5577515974729992,0.7305108604353935
r5_final_inverse_map_complete_2026-08-31,fixed_black_box_contamination,credit_approval,mlp,0,RidgeAIME,0.1,0.0,21,0,42,42,0.03197466710116714,0.8019323671497585,0.4657074795581009,144,63,0.000136125017888844,X ~= Y A^T,SVD normal-system solve,3.6246364406306952,3.6233317623419277,20.107115945166658,20.117115945166653,72.88098517083758,72.89098517083758,20.117115945166653,7.28909851708376e-11,5.70402122054506,1,True,1.0,0.0,0.01,1.0,rms,6.48074069840786,1.0090110088233426,1.004495400100639,0.0065242510272927046,0.20434043306664834,1.9952012097773901,1.41251591487579,-0.0016167941033440325,0.1420204529339737,0.8507809723842281,0.663965005849074,0.42857142857142855,0.0,0.0,0.03465792549909942,0.0,0.09722222222222222,1.0,1.0,0.8741330377995353,0.7429821512085508,0.6183483183483184,,0.5591081010668033,0.7561811325430516
r5_final_inverse_map_complete_2026-08-31,fixed_black_box_contamination,credit_approval,mlp,0,HuberRidgeAIME,0.1,0.0,21,0,42,42,0.03197466710116714,0.8019323671497585,0.4657074795581009,144,63,0.0008595000253990293,X ~= Y A^T,SVD normal-system solve,3.7965322826582146,3.7948905144022245,17.023660338221173,17.03366033822118,64.63087604306494,64.64087604306494,17.03366033822118,6.464087604306493e-11,4.663048433653487,8,True,0.8874320956948678,0.24305555555555555,0.01,1.0,rms,6.48074069840786,0.9730337997192494,0.9864247562380262,0.04194753625221581,0.23653764690404583,1.9638445218348515,1.4013723708689463,0.01412466851044858,0.15793670387885753,0.9792667026590375,0.920084319628746,0.8181818181818182,0.0,0.0,0.029091471821205243,0.0,0.9306586270871984,0.28298269592572955,0.9525266464392366,0.9392766274167972,0.8535585014718446,0.6249084249084249,,0.5791992506723771,0.6686699263614636
r5_final_inverse_map_complete_2026-08-31,fixed_black_box_contamination,credit_approval,mlp,0,RidgeAIME,0.1,0.25,21,10,42,52,0.03197466710116714,0.8019323671497585,0.4657074795581009,144,63,0.0001724999165162444,X ~= Y A^T,SVD normal-system solve,3.7069636064493343,3.7055877131754493,19.66422661209295,19.674226612092944,72.89457240000105,72.90457240000106,19.674226612092948,7.290457240000104e-11,5.759790908161994,1,True,1.0,0.0,0.01,1.0,rms,7.211102550927978,1.0014019738925528,1.0007007414270026,-0.03330399191982769,0.14126866946680527,4.56434444545964,2.136432644728038,-0.0219554799727808,0.06294335022434865,0.8038016581968107,0.7669384855630511,0.6666666666666666,0.21731385806619086,0.2,0.03764421981634899,0.0,0.09027777777777778,1.0,1.0,0.8558496488357965,0.7452393785565857,0.5371295371295371,,0.5688570976991933,0.7604067179579895
r5_final_inverse_map_complete_2026-08-31,fixed_black_box_contamination,credit_approval,mlp,0,HuberRidgeAIME,0.1,0.25,21,10,42,52,0.03197466710116714,0.8019323671497585,0.4657074795581009,144,63,0.000647040898911655,X ~= Y A^T,SVD normal-system solve,3.8575355684245047,3.8558350979221356,16.79438187221639,16.80438187221639,64.78492542177845,64.79492542177844,16.804381872216393,6.479492542177845e-11,5.134492677787403,8,True,0.8887339791627554,0.2708333333333333,0.01,1.0,rms,7.211102550927978,0.9505234304732474,0.9749479116718223,0.019195407311310198,0.205560317226183,4.518637188170841,2.125708632002712,-0.011721637496830306,0.08810586728019154,0.9793944509895284,0.9267813763417231,0.6666666666666666,0.23086876335985354,0.2,0.037007948948932896,0.0,1.0,0.23192772217613922,0.9539132260392899,0.9477975070074545,0.8580092636435592,0.7221445221445222,,0.5861184522033431,0.7104975388540328
r5_final_inverse_map_complete_2026-08-31,fixed_black_box_contamination,credit_approval,mlp,0,RidgeAIME,0.1,0.5,21,21,42,63,0.03197466710116714,0.8019323671497585,0.4657074795581009,144,63,0.00014479202218353748,X ~= Y A^T,SVD normal-system solve,3.7911469837685763,3.789705131894682,19.348070231109674,19.358070231109675,73.35137809841402,73.36137809841401,19.35807023110968,7.336137809841402e-11,7.250039364262121,1,True,1.0,0.0,0.01,1.0,rms,7.937253933193772,0.931090673191151,0.9649303981071127,-0.029557005508269896,0.18237400392720451,4.253149061084494,2.0623164308816664,-0.0200193664143149,0.0824686766805188,0.7402838452360021,0.8096969702217585,0.42857142857142855,0.3699915616172933,0.23809523809523808,0.02953035347070076,0.0,0.09722222222222222,1.0,1.0,0.7925459124059294,0.709335943342781,0.39194139194139194,,0.5786054198432944,0.8603403645896713
r5_final_inverse_map_complete_2026-08-31,fixed_black_box_contamination,credit_approval,mlp,0,HuberRidgeAIME,0.1,0.5,21,21,42,63,0.03197466710116714,0.8019323671497585,0.4657074795581009,144,63,0.0006779169198125601,X ~= Y A^T,SVD normal-system solve,4.1682214628343806,4.1662079505056395,15.724800416240909,15.734800416240912,65.54445059376235,65.55445059376234,15.734800416240912,6.555445059376233e-11,5.70767154724306,8,True,0.8879446761040609,0.2708333333333333,0.01,1.0,rms,7.937253933193772,0.8442035671090703,0.918805511035426,0.06651873805873854,0.2814923063639392,4.155265974189334,2.0384469515269052,0.0034556265481985315,0.13715001768616922,0.975293005295114,0.8751035109182157,0.8181818181818182,0.35559448760675705,0.19047619047619047,0.025126645488533196,0.0,0.9735304378161522,0.2307212949940675,0.958722578685137,0.9264524623187305,0.8172690986042843,0.8393939393939395,,0.6197409433609296,0.7564589733206497
r5_final_inverse_map_complete_2026-08-31,fixed_black_box_contamination,credit_approval,lgbm,1,RidgeAIME,0.05,0.0,10,0,42,42,1.3044296250445768,0.821256038647343,0.511257347243598,144,63,0.00015258300118148327,X ~= Y A^T,SVD normal-system solve,1.405363248130805,1.4052879977967268,53.858631029422,53.868631029422,75.69094064338707,75.70094064338707,53.868631029422005,7.570094064338706e-11,2.7587746427413062,1,True,1.0,0.0,0.01,1.0,rms,6.48074069840786,0.9281160432404915,0.9633877948367892,-0.007118136151646137,0.1452364712948939,2.3294391817001148,1.5262500390499962,-0.017082940934987967,0.07797876600629831,0.9227365607554169,0.7675474371814858,0.5384615384615384,0.0,0.0,0.0485941543114629,0.2,0.05555555555555555,1.0,1.0,0.8672818912674114,0.7564170045199068,0.5829170829170829,,0.14776533707854073,0.4407162255204208
r5_final_inverse_map_complete_2026-08-31,fixed_black_box_contamination,credit_approval,lgbm,1,HuberRidgeAIME,0.05,0.0,10,0,42,42,1.3044296250445768,0.821256038647343,0.511257347243598,144,63,0.0005724589573219419,X ~= Y A^T,SVD normal-system solve,1.4906144182715826,1.4905126795012462,48.21295538340741,48.2229553834074,71.86692644199161,71.87692644199161,48.222955383407395,7.187692644199163e-11,2.3894054425019746,7,True,0.9248214505017864,0.16666666666666666,0.01,1.0,rms,6.48074069840786,0.9143041628915257,0.956192534425743,0.007869424181038975,0.1621362385560182,2.317233440884966,1.522246182746065,-0.011753653584587465,0.08397756274613045,0.9578771174914174,0.837412895560624,0.42857142857142855,0.0,0.0,0.04958741737460182,0.2,0.8125811688311688,0.3916818536674733,0.956182603256746,0.9025604969551276,0.7928588679774545,0.5862137862137862,,0.17333567484298873,0.37828984857844233
r5_final_inverse_map_complete_2026-08-31,fixed_black_box_contamination,credit_approval,lgbm,1,RidgeAIME,0.05,0.25,10,10,42,52,1.3044296250445768,0.821256038647343,0.511257347243598,144,63,0.00014412507880479097,X ~= Y A^T,SVD normal-system solve,1.5533631792612443,1.5532523250593435,49.90810592427407,49.91810592427407,77.5254140894373,77.5354140894373,49.918105924274066,7.753541408943733e-11,3.0120940886636562,1,True,1.0,0.0,0.01,1.0,rms,7.211102550927978,1.041069308998956,1.020328039896462,0.01712785633693814,0.18975106692033872,1.927496404381069,1.3883430427603507,0.001459063905550284,0.141131898092671,0.8933875220593221,0.708491659314119,0.42857142857142855,0.22540559519503545,0.3,0.042660982252568834,0.0,0.05555555555555555,1.0,1.0,0.85983771746938,0.77217698939243,0.5157509157509157,,0.19124201237991345,0.4788685337800652
r5_final_inverse_map_complete_2026-08-31,fixed_black_box_contamination,credit_approval,lgbm,1,HuberRidgeAIME,0.05,0.25,10,10,42,52,1.3044296250445768,0.821256038647343,0.511257347243598,144,63,0.0005746249807998538,X ~= Y A^T,SVD normal-system solve,1.5404998943210737,1.5403832380889741,46.32270632825528,46.332706328255284,71.36012420334339,71.37012420334338,46.33270632825529,7.137012420334338e-11,2.567976237069724,7,True,0.9264787782365779,0.1875,0.01,1.0,rms,7.211102550927978,1.0222284203536482,1.0110531243973524,0.034915514133839975,0.22210694468734613,1.909268825314286,1.3817629410699528,0.010901874705462333,0.16422563269661836,0.9523067312703432,0.8404986620618896,0.42857142857142855,0.2214207537443658,0.2,0.04322119405778358,0.06666666666666667,0.9338235294117647,0.2605545627876392,0.9656507909100448,0.9097904747318888,0.6868483490002765,0.5423909423909423,,0.18762878413592357,0.4095910006439958
r5_final_inverse_map_complete_2026-08-31,fixed_black_box_contamination,credit_approval,lgbm,1,RidgeAIME,0.05,0.5,10,21,42,63,1.3044296250445768,0.821256038647343,0.511257347243598,144,63,0.00014520797412842512,X ~= Y A^T,SVD normal-system solve,1.5559276855445114,1.5558160750611167,49.7996297621199,49.809629762119904,77.48462267674878,77.49462267674878,49.80962976211991,7.749462267674877e-11,3.6520688304631124,1,True,1.0,0.0,0.01,1.0,rms,7.937253933193772,1.0682230985188663,1.0335487886495085,0.011101172909526502,0.18601605282555558,1.7885863029259808,1.3373803882687905,-0.007418652046810248,0.12700716127913145,0.7892644302562112,0.5549381318425491,0.25,0.3992335117174161,0.19047619047619047,0.03920505062438008,0.13333333333333333,0.04861111111111111,1.0,1.0,0.8478922243778906,0.6649704622812381,0.4047349709114415,,0.19195825440988729,0.5625389540782036
r5_final_inverse_map_complete_2026-08-31,fixed_black_box_contamination,credit_approval,lgbm,1,HuberRidgeAIME,0.05,0.5,10,21,42,63,1.3044296250445768,0.821256038647343,0.511257347243598,144,63,0.000658749951981008,X ~= Y A^T,SVD normal-system solve,1.6159840722373875,1.6158466289383433,44.807322963049465,44.81732296304946,72.40792022788447,72.41792022788448,44.81732296304946,7.241792022788447e-11,3.0629542245546677,8,True,0.9189350186277385,0.2013888888888889,0.01,1.0,rms,7.937253933193772,1.0444428908793202,1.0219798877078357,0.03311550631546134,0.2188243545324413,1.7619101421753387,1.3273696328360607,0.007606656970278958,0.1533444429477674,0.9591206100970879,0.8658801518212843,0.6666666666666666,0.4281234210234904,0.2857142857142857,0.031164560634921724,0.0,0.9999999999999998,0.16837452374794062,0.9572848249354654,0.9179018472769659,0.750439809889416,0.6451881451881453,,0.2084001365333808,0.486140506381543
r5_final_inverse_map_complete_2026-08-31,fixed_black_box_contamination,credit_approval,lgbm,1,RidgeAIME,0.1,0.0,21,0,42,42,1.3044296250445768,0.821256038647343,0.511257347243598,144,63,0.0001366250216960907,X ~= Y A^T,SVD normal-system solve,1.5559276855445114,1.5558160750611167,49.7996297621199,49.809629762119904,77.48462267674878,77.49462267674878,49.80962976211991,7.749462267674877e-11,2.710661750773442,1,True,1.0,0.0,0.01,1.0,rms,6.48074069840786,0.9995216238801142,0.999760783327749,-0.0019198113664369298,0.15683757437241538,4.646365180926975,2.155542897027794,-0.0028408289682393395,0.0948166677541979,0.8577371440010962,0.8755876413803158,0.5384615384615384,0.0,0.0,0.06798348592960904,0.2,0.0763888888888889,1.0,1.0,0.8552816739321761,0.7372165529012883,0.5632700632700633,,0.19195825440988729,0.433075327636684
r5_final_inverse_map_complete_2026-08-31,fixed_black_box_contamination,credit_approval,lgbm,1,HuberRidgeAIME,0.1,0.0,21,0,42,42,1.3044296250445768,0.821256038647343,0.511257347243598,144,63,0.0005853750044479966,X ~= Y A^T,SVD normal-system solve,1.5444127915570682,1.5442932601311947,45.535578292905946,45.54557829290595,70.32572958651231,70.3357295865123,45.54557829290594,7.033572958651232e-11,2.242092739768963,7,True,0.9066028693331012,0.2013888888888889,0.01,1.0,rms,6.48074069840786,0.9755249636318685,0.9876866728025991,0.02213442491512918,0.19179423315348187,4.618849684787652,2.14915092182649,0.0030979343194809106,0.11991059189237839,0.9639235411124988,0.9241368404163992,0.6666666666666666,0.0,0.0,0.04702935223307359,0.0,0.8904823637443959,0.29567217028725856,0.9571309722617046,0.8958525382002538,0.7397537926668496,0.5934065934065934,,0.18872977602761307,0.3506535723699827
r5_final_inverse_map_complete_2026-08-31,fixed_black_box_contamination,credit_approval,lgbm,1,RidgeAIME,0.1,0.25,21,10,42,52,1.3044296250445768,0.821256038647343,0.511257347243598,144,63,0.0001432080753147602,X ~= Y A^T,SVD normal-system solve,1.4500971999414658,1.4500114559281405,52.48313421255179,52.49313421255179,76.10564596577349,76.1156459657735,52.49313421255178,7.611564596577349e-11,3.6104752127266404,1,True,1.0,0.0,0.01,1.0,rms,7.211102550927978,0.996242768115841,0.9981196161361828,-0.011501354432704503,0.160298196130415,4.030106888008972,2.0075126121668507,-0.018923182047250187,0.09504835110580677,0.7916576826789055,0.6167015377398282,0.42857142857142855,0.19617189091554038,0.3,0.03963508255926638,0.06666666666666667,0.09722222222222222,1.0,1.0,0.8028222184080003,0.7045037800996597,0.40836385836385836,,0.1613714334258182,0.5575643677456138
r5_final_inverse_map_complete_2026-08-31,fixed_black_box_contamination,credit_approval,lgbm,1,HuberRidgeAIME,0.1,0.25,21,10,42,52,1.3044296250445768,0.821256038647343,0.511257347243598,144,63,0.0006072090473026037,X ~= Y A^T,SVD normal-system solve,1.4734157492635043,1.4733123529089238,45.776502936528665,45.78650293652866,67.44782037288839,67.45782037288839,45.78650293652866,6.745782037288841e-11,2.556403587026103,7,True,0.8857328287092042,0.22916666666666666,0.01,1.0,rms,7.211102550927978,0.9598890826378387,0.9797392931988789,0.02540912891179714,0.20278637187671714,3.999888336197408,1.9999720838545243,-0.011283091145365853,0.11562128318719217,0.9632975578423209,0.9050505987225073,0.8181818181818182,0.20518633933674696,0.3,0.03342238730634582,0.06666666666666667,1.0,0.20091455187959356,0.9594824892908546,0.8978258919174124,0.7612796391059908,0.5495837495837496,,0.1682948301854756,0.40762941825867666
r5_final_inverse_map_complete_2026-08-31,fixed_black_box_contamination,credit_approval,lgbm,1,RidgeAIME,0.1,0.5,21,21,42,63,1.3044296250445768,0.821256038647343,0.511257347243598,144,63,0.00014587491750717163,X ~= Y A^T,SVD normal-system solve,1.3910013633140643,1.3909279172984528,53.226565667462275,53.236565667462266,74.0382254079656,74.0482254079656,53.23656566746227,7.40482254079656e-11,3.27359782348015,1,True,1.0,0.0,0.01,1.0,rms,7.937253933193772,1.0872306210839093,1.042703515427041,-0.023513188264278728,0.11811401372191957,2.846492390666333,1.6871551175473858,-0.03921603821747599,0.02260011576252038,0.816436674573296,0.5140779159292376,0.5384615384615384,0.29292230205006003,0.09523809523809523,0.03675990224645535,0.0,0.09722222222222222,1.0,1.0,0.8039475395057029,0.6295218894009217,0.391521223874165,,0.14330462393117044,0.5150253232824098
r5_final_inverse_map_complete_2026-08-31,fixed_black_box_contamination,credit_approval,lgbm,1,HuberRidgeAIME,0.1,0.5,21,21,42,63,1.3044296250445768,0.821256038647343,0.511257347243598,144,63,0.0005772080039605498,X ~= Y A^T,SVD normal-system solve,1.3838893259205964,1.3838093669969516,48.00081710743889,48.010817107438896,66.42781843045144,66.43781843045143,48.010817107438896,6.643781843045141e-11,2.736427961408625,7,True,0.8969418389133157,0.1736111111111111,0.01,1.0,rms,7.937253933193772,1.064292312737303,1.0316454394496701,-0.0019191854336573222,0.1432342550552973,2.8157897980069415,1.6780315247357367,-0.02800693510828811,0.0373491177182759,0.9688989730917656,0.9251338205978742,0.8181818181818182,0.30536019919875346,0.09523809523809523,0.03654903479904574,0.0,1.0,0.22328610660042725,0.9694893793162422,0.8956293458000255,0.7626440092165899,0.5457875457875458,,0.14107626601405687,0.4371840194894765
r5_final_inverse_map_complete_2026-08-31,fixed_black_box_contamination,credit_approval,svm,1,RidgeAIME,0.05,0.0,10,0,42,42,0.020542124984785914,0.821256038647343,0.42506109868391695,144,63,0.00013933400623500347,X ~= Y A^T,SVD normal-system solve,2.1844504137896603,2.184099413754057,33.735022611045885,33.74502261104589,73.69248410190274,73.70248410190273,33.74502261104588,7.370248410190272e-11,3.2569188849168054,1,True,1.0,0.0,0.01,1.0,rms,6.48074069840786,1.46356366314775,1.209778352900956,-0.011128330374452045,0.10812147236102089,2.0978224294128687,1.448386146513722,-0.002414190984267206,0.11633818984435144,0.8550522232961939,0.6206896597583912,0.5384615384615384,0.0,0.0,0.04811805454582153,0.2,0.05555555555555555,1.0,1.0,0.8461842192681445,0.6697772179257789,0.5267399267399268,,0.33927240228462346,0.5128069423930249
r5_final_inverse_map_complete_2026-08-31,fixed_black_box_contamination,credit_approval,svm,1,HuberRidgeAIME,0.05,0.0,10,0,42,42,0.020542124984785914,0.821256038647343,0.42506109868391695,144,63,0.0005735000595450401,X ~= Y A^T,SVD normal-system solve,2.1783124856671354,2.17794071559548,31.68465687261619,31.69465687261618,69.01908366969886,69.02908366969888,31.694656872616186,6.902908366969887e-11,2.99457603676179,7,True,0.9306590897683746,0.1875,0.01,1.0,rms,6.48074069840786,1.4451830338396106,1.2021576576471202,0.0015702460466097135,0.12976770807078658,2.078793117557346,1.4418020382692438,0.006678691225968092,0.13804260803159482,0.9868501405392767,0.9386928226898348,0.8181818181818182,0.0,0.0,0.041147517677670706,0.06666666666666667,0.9526289682539683,0.24770248846983872,0.9708330074918178,0.9168488043237886,0.7610832405310575,0.61002331002331,,0.33804605391371256,0.4763353449462988
r5_final_inverse_map_complete_2026-08-31,fixed_black_box_contamination,credit_approval,svm,1,RidgeAIME,0.05,0.25,10,10,42,52,0.020542124984785914,0.821256038647343,0.42506109868391695,144,63,0.00013583397958427668,X ~= Y A^T,SVD normal-system solve,2.206090549768991,2.2057344289799543,33.85745696689949,33.867456966899496,74.69261585388725,74.70261585388724,33.86745696689949,7.470261585388725e-11,3.9561788230079644,1,True,1.0,0.0,0.01,1.0,rms,7.211102550927978,1.3302450403171602,1.1533624930251374,-0.010565501095682883,0.12594682105452995,1.8293191698595233,1.352523260376517,-0.010085880355615195,0.10801284692513928,0.8071433035006267,0.7867403802763985,0.25,0.20327948162553036,0.2,0.029261334978187135,0.06666666666666667,0.05555555555555555,1.0,1.0,0.863901068842847,0.8248343232556088,0.6031968031968032,,0.34355322207900174,0.5972759138883308
r5_final_inverse_map_complete_2026-08-31,fixed_black_box_contamination,credit_approval,svm,1,HuberRidgeAIME,0.05,0.25,10,10,42,52,0.020542124984785914,0.821256038647343,0.42506109868391695,144,63,0.0006270409794524312,X ~= Y A^T,SVD normal-system solve,2.183054363164488,2.182678772118674,31.488470912706976,31.498470912706974,68.74104381536303,68.75104381536303,31.49847091270697,6.875104381536303e-11,3.13146898638226,8,True,0.9201077750595632,0.2222222222222222,0.01,1.0,rms,7.211102550927978,1.3013130421072252,1.1407510868314898,0.011413666939216416,0.15465031597732548,1.7995439308783694,1.341470808805905,0.0063549622128180605,0.13409526122123336,0.9855005214942579,0.9415355736608588,0.6666666666666666,0.22204306517791908,0.2,0.028634623677872877,0.06666666666666667,0.9526289682539683,0.22270959339617286,0.9611311975103509,0.92422467634543,0.8487053140111531,0.5591075591075592,,0.33898982468690086,0.4957481148686388
r5_final_inverse_map_complete_2026-08-31,fixed_black_box_contamination,credit_approval,svm,1,RidgeAIME,0.05,0.5,10,21,42,63,0.020542124984785914,0.821256038647343,0.42506109868391695,144,63,0.0001433329889550805,X ~= Y A^T,SVD normal-system solve,2.213042031695456,2.212677823906227,33.29631764536726,33.306317645367265,73.68615044988083,73.69615044988082,33.306317645367265,7.369615044988082e-11,4.004234390230953,1,True,1.0,0.0,0.01,1.0,rms,7.937253933193772,1.419758398228962,1.1915361506177486,-0.02279615092106435,0.09687500458982697,2.049416592555901,1.4315783571135396,-0.032566293457248596,0.060062851218956326,0.8411905157153703,0.6094042534519147,0.42857142857142855,0.26849749717567445,0.14285714285714285,0.039202998162397105,0.13333333333333333,0.05555555555555555,1.0,1.0,0.8150847547578588,0.6759707063835922,0.48394742512389566,,0.3449181832513971,0.6025194912359921
r5_final_inverse_map_complete_2026-08-31,fixed_black_box_contamination,credit_approval,svm,1,HuberRidgeAIME,0.05,0.5,10,21,42,63,0.020542124984785914,0.821256038647343,0.42506109868391695,144,63,0.0006355000659823418,X ~= Y A^T,SVD normal-system solve,2.2341501588937853,2.233748509166197,30.71702591650331,30.727025916503315,68.6264483321004,68.63644833210039,30.727025916503315,6.863644833210039e-11,3.3511422704129483,8,True,0.9273751697405032,0.2222222222222222,0.01,1.0,rms,7.937253933193772,1.396744572133133,1.181839486619538,-0.006216954926771878,0.11783820737281642,2.018575617903431,1.420765856115437,-0.01702755379876142,0.08559684471260781,0.9837819766349631,0.8765541743199997,0.6666666666666666,0.2688638572888161,0.09523809523809523,0.03708183485799139,0.06666666666666667,0.9129464285714286,0.28357505614282574,0.9652457646580137,0.917279537274152,0.7511992175040627,0.6585081585081586,,0.3490342756598181,0.5251928658966548
r5_final_inverse_map_complete_2026-08-31,fixed_black_box_contamination,credit_approval,svm,1,RidgeAIME,0.1,0.0,21,0,42,42,0.020542124984785914,0.821256038647343,0.42506109868391695,144,63,0.00013891595881432295,X ~= Y A^T,SVD normal-system solve,2.213042031695456,2.212677823906227,33.29631764536726,33.306317645367265,73.68615044988083,73.69615044988082,33.306317645367265,7.369615044988082e-11,3.9543166753633137,1,True,1.0,0.0,0.01,1.0,rms,6.48074069840786,1.4982978519193648,1.2240497750987762,-0.028597983512040237,0.10791657514428263,2.5964589643641296,1.6113531470053761,-0.021917236221312697,0.09271907809259293,0.8112011638618654,0.4445885198373853,0.25,0.0,0.0,0.042166679721321806,0.06666666666666667,0.11805555555555555,1.0,1.0,0.8510242299653354,0.6771135073831299,0.49859943977591037,,0.3449181832513971,0.5970714461753625
r5_final_inverse_map_complete_2026-08-31,fixed_black_box_contamination,credit_approval,svm,1,HuberRidgeAIME,0.1,0.0,21,0,42,42,0.020542124984785914,0.821256038647343,0.42506109868391695,144,63,0.0007375000277534127,X ~= Y A^T,SVD normal-system solve,2.2018101812494297,2.2014068633367256,29.7880859116889,29.798085911688894,65.58771084028932,65.59771084028932,29.798085911688894,6.559771084028933e-11,3.159518907918308,7,True,0.8840758202905747,0.2361111111111111,0.01,1.0,rms,6.48074069840786,1.4621573973748825,1.2091970051959617,-0.0037871632735662075,0.13040369481062306,2.566398011021838,1.6019981307797577,-0.010085812432469865,0.10539485834521377,0.9766441510730199,0.8485757184136459,0.5384615384615384,0.0,0.0,0.030704330845011934,0.0,0.9637736807901623,0.2356867926128528,0.9708680523419235,0.9387141073245235,0.7947557861752619,0.7111555111555112,,0.34270031614368934,0.49962095871251344
r5_final_inverse_map_complete_2026-08-31,fixed_black_box_contamination,credit_approval,svm,1,RidgeAIME,0.1,0.25,21,10,42,52,0.020542124984785914,0.821256038647343,0.42506109868391695,144,63,0.0001397499581798911,X ~= Y A^T,SVD normal-system solve,2.162480389682309,2.1621408989147737,34.23188522474248,34.241885224742475,74.0257805003612,74.0357805003612,34.241885224742475,7.40357805003612e-11,3.3583774727272475,1,True,1.0,0.0,0.01,1.0,rms,7.211102550927978,0.932192098222324,0.9655009571317493,-0.008916391185702865,0.12906651637669628,4.252766162836283,2.0622235967121227,-0.009842285452912991,0.06673931274594745,0.7692010941379299,0.6731840608051727,0.42857142857142855,0.13793495950767526,0.0,0.043318006024214886,0.2,0.09722222222222222,1.0,1.0,0.8141613581327951,0.5984554066542407,0.45173992673992663,,0.3348839919426063,0.5261295080942503
r5_final_inverse_map_complete_2026-08-31,fixed_black_box_contamination,credit_approval,svm,1,HuberRidgeAIME,0.1,0.25,21,10,42,52,0.020542124984785914,0.821256038647343,0.42506109868391695,144,63,0.0006277919746935368,X ~= Y A^T,SVD normal-system solve,2.0600626467802603,2.059729280609336,31.788746820705864,31.798746820705865,65.48680991329091,65.4968099132909,31.79874682070587,6.54968099132909e-11,2.846092371448965,8,True,0.8962762615257343,0.22916666666666666,0.01,1.0,rms,7.211102550927978,0.9046530381054435,0.9511325029171506,0.020889277841908416,0.17424245761186577,4.224312112575428,2.0553131422183406,-0.003085717599050408,0.09064350137035031,0.948663987614798,0.8251190010300196,0.8181818181818182,0.14412136278222956,0.0,0.04091968194961649,0.06666666666666667,0.7888778996447064,0.2751978207708824,0.9631616320685645,0.902883156500019,0.6744872570696828,0.5029304029304029,,0.3138101428625162,0.45424899123651713
r5_final_inverse_map_complete_2026-08-31,fixed_black_box_contamination,credit_approval,svm,1,RidgeAIME,0.1,0.5,21,21,42,63,0.020542124984785914,0.821256038647343,0.42506109868391695,144,63,0.00014720892067998648,X ~= Y A^T,SVD normal-system solve,2.23703307493152,2.236660843741245,33.22292371116327,33.232923711163274,74.32077918779888,74.33077918779887,33.23292371116327,7.433077918779887e-11,4.555509133968452,1,True,1.0,0.0,0.01,1.0,rms,7.937253933193772,1.1846849919314648,1.08843235523916,-0.008448789388824984,0.14440054246112258,5.048205254180361,2.246821144234752,-0.02190901291637748,0.04439341744344649,0.8842563660573846,0.6991190820075162,0.5384615384615384,0.3350379516453244,0.09523809523809523,0.02637480386030926,0.0,0.09027777777777778,1.0,1.0,0.8694026466448456,0.7410866644117813,0.532967032967033,,0.349600134808046,0.658536921751714
r5_final_inverse_map_complete_2026-08-31,fixed_black_box_contamination,credit_approval,svm,1,HuberRidgeAIME,0.1,0.5,21,21,42,63,0.020542124984785914,0.821256038647343,0.42506109868391695,144,63,0.0006278750952333212,X ~= Y A^T,SVD normal-system solve,2.2166803580821317,2.2162751944356844,30.019356501987698,30.029356501987692,66.54331792022126,66.55331792022126,30.029356501987696,6.655331792022126e-11,3.511678583788742,7,True,0.8941821177080848,0.22916666666666666,0.01,1.0,rms,7.937253933193772,1.1578202757222935,1.0760205740237003,0.014419475781179303,0.16413283331782436,5.004033993264729,2.2369698239504103,-0.012967417365327805,0.06209899620498592,0.9732326101246409,0.8397542087493288,0.8181818181818182,0.3166721439545152,0.14285714285714285,0.02212431656228927,0.0,0.8810717060717059,0.2602416350852767,0.9570922419378292,0.9186860301016114,0.7624264983939513,0.5885447885447885,,0.34562368566129203,0.5455147590350619
r5_final_inverse_map_complete_2026-08-31,fixed_black_box_contamination,credit_approval,mlp,1,RidgeAIME,0.05,0.0,10,0,42,42,0.031309249927289784,0.8309178743961353,0.43454132738993095,144,63,0.00014274998102337122,X ~= Y A^T,SVD normal-system solve,3.769036867590617,3.767604516708859,19.32211270268712,19.332112702687127,72.82575513616874,72.83575513616873,19.33211270268712,7.283575513616873e-11,5.1682308754513775,1,True,1.0,0.0,0.01,1.0,rms,6.48074069840786,1.3309935327190225,1.1536869301153683,0.018391644442085076,0.19038553690972196,3.137715351278797,1.7713597464317623,-0.007307940403763924,0.11132896691921967,0.9657858857574845,0.9090614391992141,0.6666666666666666,0.0,0.0,0.032387431400948914,0.0,0.034722222222222224,1.0,1.0,0.923747765183688,0.7897298065862266,0.5990342990342991,,0.5760653088699672,0.7133419062437846
r5_final_inverse_map_complete_2026-08-31,fixed_black_box_contamination,credit_approval,mlp,1,HuberRidgeAIME,0.05,0.0,10,0,42,42,0.031309249927289784,0.8309178743961353,0.43454132738993095,144,63,0.0005424999399110675,X ~= Y A^T,SVD normal-system solve,3.8290777412646317,3.8275081852367725,18.01470055893882,18.024700558938818,68.97968892578015,68.98968892578016,18.024700558938815,6.898968892578015e-11,4.848526203441815,7,True,0.9472464694542746,0.11805555555555555,0.01,1.0,rms,6.48074069840786,1.320962503570206,1.1493313288909364,0.025789533150986865,0.2017543065077865,3.1314151037630706,1.7695804880714159,-0.005285357524627443,0.11390024776667337,0.9877608033219857,0.9121413549169005,0.8181818181818182,0.0,0.0,0.027856176344183588,0.0,0.8528571428571428,0.2488199610778074,0.9723697251512696,0.9599795190445126,0.8925287119444565,0.6664585414585416,,0.5829161281225814,0.6856097470595967
r5_final_inverse_map_complete_2026-08-31,fixed_black_box_contamination,credit_approval,mlp,1,RidgeAIME,0.05,0.25,10,10,42,52,0.031309249927289784,0.8309178743961353,0.43454132738993095,144,63,0.00014112505596131086,X ~= Y A^T,SVD normal-system solve,3.916109477217987,3.914548739625693,18.674175300268328,18.68417530026832,73.13011487261085,73.14011487261085,18.684175300268326,7.314011487261085e-11,5.579276521666102,1,True,1.0,0.0,0.01,1.0,rms,7.211102550927978,0.9913727701478128,0.9956770410870247,0.0352332080598623,0.22640455172504684,2.260230269760791,1.503406222469759,0.014221545411737702,0.16899007418271245,0.9682862882267906,0.8633394597559574,0.5384615384615384,0.14607681023105643,0.1,0.025400863565612764,0.0,0.05555555555555555,1.0,1.0,0.9076086219023656,0.8007404004251072,0.5201465201465202,,0.5926817047883199,0.7465778865685792
r5_final_inverse_map_complete_2026-08-31,fixed_black_box_contamination,credit_approval,mlp,1,HuberRidgeAIME,0.05,0.25,10,10,42,52,0.031309249927289784,0.8309178743961353,0.43454132738993095,144,63,0.0005913750501349568,X ~= Y A^T,SVD normal-system solve,4.022275996491147,4.020499976410256,17.00712739065326,17.017127390653254,68.40736027269172,68.41736027269172,17.017127390653265,6.84173602726917e-11,5.123163757036372,7,True,0.9317981190711442,0.1736111111111111,0.01,1.0,rms,7.211102550927978,0.968588331452412,0.984168853120445,0.057406169117730665,0.2612191112924913,2.242101676364389,1.4973649108899236,0.02212816316712929,0.1887580849897703,0.9610773458885643,0.8099304169236609,0.42857142857142855,0.14051287894824666,0.1,0.023477165858986244,0.0,0.6364898989898989,0.39640972285227183,0.9632915541428427,0.9536823502480629,0.8846362896905801,0.6048951048951049,,0.6042800639039397,0.7095382379065256
r5_final_inverse_map_complete_2026-08-31,fixed_black_box_contamination,credit_approval,mlp,1,RidgeAIME,0.05,0.5,10,21,42,63,0.031309249927289784,0.8309178743961353,0.43454132738993095,144,63,0.0001443750225007534,X ~= Y A^T,SVD normal-system solve,3.713598964669755,3.7122121542045234,19.557194167506363,19.567194167506365,72.627576012297,72.63757601229699,19.56719416750636,7.2637576012297e-11,6.982959260609909,1,True,1.0,0.0,0.01,1.0,rms,7.937253933193772,0.7278279695386116,0.8531283429464829,0.010551898161749396,0.23137883335593182,1.2064692064186517,1.0983939213318015,-0.013856934419697486,0.1663514593348085,0.9422078679570424,0.8632703275922146,0.8181818181818182,0.37820882850048965,0.19047619047619047,0.027427061635284643,0.0,0.05555555555555555,1.0,1.0,0.8948900759580021,0.7445191784109522,0.549908424908425,,0.569632788335468,0.8440395083242868
r5_final_inverse_map_complete_2026-08-31,fixed_black_box_contamination,credit_approval,mlp,1,HuberRidgeAIME,0.05,0.5,10,21,42,63,0.031309249927289784,0.8309178743961353,0.43454132738993095,144,63,0.0007345409831032157,X ~= Y A^T,SVD normal-system solve,3.7736017811748277,3.772039136859414,17.739412030716153,17.74941203071615,66.94147683610464,66.95147683610465,17.74941203071615,6.695147683610465e-11,6.6022858188918185,9,True,0.9198813894776128,0.18055555555555555,0.01,1.0,rms,7.937253933193772,0.7001263404531173,0.8367355259896148,0.04821096797442115,0.268843408988478,1.1774697362546522,1.085112775823164,0.010512783235628764,0.19597032798212932,0.9821653652864277,0.8971377143528387,0.6666666666666666,0.3851334799386477,0.19047619047619047,0.015959924354561023,0.0,0.8921130952380952,0.22819600246325453,0.9605687651843396,0.9597678182675426,0.8886103578326423,0.6471445221445221,,0.5765761901188184,0.8196943214000275
r5_final_inverse_map_complete_2026-08-31,fixed_black_box_contamination,credit_approval,mlp,1,RidgeAIME,0.1,0.0,21,0,42,42,0.031309249927289784,0.8309178743961353,0.43454132738993095,144,63,0.0001473750453442335,X ~= Y A^T,SVD normal-system solve,3.713598964669755,3.7122121542045234,19.557194167506363,19.567194167506365,72.627576012297,72.63757601229699,19.56719416750636,7.2637576012297e-11,5.664689580007827,1,True,1.0,0.0,0.01,1.0,rms,6.48074069840786,0.7526852219351298,0.8675743322246975,-0.02572933239723252,0.201627580588729,3.6145398376814475,1.9011943187589866,-0.029293154000671784,0.07870229084436027,0.867862480092395,0.6212569436881873,0.42857142857142855,0.0,0.0,0.05494330183936891,0.2,0.09722222222222222,1.0,1.0,0.8877558806179395,0.7369959425760734,0.47728937728937726,,0.569632788335468,0.7531761158969551
r5_final_inverse_map_complete_2026-08-31,fixed_black_box_contamination,credit_approval,mlp,1,HuberRidgeAIME,0.1,0.0,21,0,42,42,0.031309249927289784,0.8309178743961353,0.43454132738993095,144,63,0.0005322919460013509,X ~= Y A^T,SVD normal-system solve,3.6120231789906816,3.6105668879960096,17.92613493830816,17.936134938308154,64.74961490688376,64.75961490688377,17.93613493830815,6.475961490688378e-11,4.917605316881996,7,True,0.8933468252699317,0.1875,0.01,1.0,rms,6.48074069840786,0.7025105683811084,0.8381590352559044,0.042646679770127816,0.25293669631952576,3.5526502343888855,1.8848475361123735,-0.011669183084995316,0.1090921481122608,0.9766475008500136,0.8967138118849195,0.8181818181818182,0.0,0.0,0.03614592871775691,0.0,0.9182259325641677,0.21958211746606957,0.9659061014949629,0.9531478801957765,0.8758188414651862,0.5682650682650683,,0.5575753949804813,0.6917536696693456
r5_final_inverse_map_complete_2026-08-31,fixed_black_box_contamination,credit_approval,mlp,1,RidgeAIME,0.1,0.25,21,10,42,52,0.031309249927289784,0.8309178743961353,0.43454132738993095,144,63,0.00014479202218353748,X ~= Y A^T,SVD normal-system solve,4.012642457666791,4.011005812578844,18.39742675277259,18.407426752772587,73.82229569999018,73.83229569999017,18.407426752772587,7.383229569999017e-11,6.141936387367874,1,True,1.0,0.0,0.01,1.0,rms,7.211102550927978,0.7582983793485054,0.8708032954396219,0.003773289971520266,0.2387718238322354,3.4070875986934035,1.8458297859481527,-0.007348078892461363,0.1323908653802439,0.9249180727376313,0.7820871325988181,0.6666666666666666,0.18857561561486966,0.2,0.020217256009605687,0.0,0.10416666666666667,1.0,1.0,0.8817813144748301,0.6280127612897544,0.4790709290709291,,0.6032532913431747,0.7883053141001831
r5_final_inverse_map_complete_2026-08-31,fixed_black_box_contamination,credit_approval,mlp,1,HuberRidgeAIME,0.1,0.25,21,10,42,52,0.031309249927289784,0.8309178743961353,0.43454132738993095,144,63,0.0005998749984428287,X ~= Y A^T,SVD normal-system solve,4.032620073659252,4.030777793177996,16.451228919891786,16.461228919891788,66.34155597871923,66.35155597871922,16.46122891989179,6.635155597871922e-11,5.592364983311115,7,True,0.8948934190805696,0.20833333333333334,0.01,1.0,rms,7.211102550927978,0.7167280207004594,0.8465979096953048,0.0583870182327193,0.29401841559179565,3.3776643918958684,1.8378423196498301,0.0013512603478090801,0.15114302796905396,0.9705632707258162,0.8454822959126416,0.5384615384615384,0.20063180651421308,0.2,0.016754218724424442,0.0,0.8102240206187574,0.2871999120362281,0.9655554547834002,0.9485964049364443,0.8564362034686329,0.5362637362637362,,0.6053888572310516,0.747595507706391
r5_final_inverse_map_complete_2026-08-31,fixed_black_box_contamination,credit_approval,mlp,1,RidgeAIME,0.1,0.5,21,21,42,63,0.031309249927289784,0.8309178743961353,0.43454132738993095,144,63,0.00015304202679544687,X ~= Y A^T,SVD normal-system solve,3.7292394493505956,3.7278356906322268,19.432368646651756,19.44236864665175,72.46795575141738,72.47795575141738,19.442368646651747,7.247795575141738e-11,6.334642347043852,1,True,1.0,0.0,0.01,1.0,rms,7.937253933193772,0.6914966494486088,0.8315627754106173,0.01440091158300627,0.22189625274964844,4.38119073738206,2.0931294124783735,-0.017376883410874733,0.08585943897364141,0.889893116403718,0.7886468651976141,1.0,0.3480803706283162,0.23809523809523808,0.027838457809819576,0.0,0.09027777777777778,1.0,1.0,0.8214746947028189,0.7231262652045533,0.5526057276057277,,0.5714567619908654,0.8017220997103726
r5_final_inverse_map_complete_2026-08-31,fixed_black_box_contamination,credit_approval,mlp,1,HuberRidgeAIME,0.1,0.5,21,21,42,63,0.031309249927289784,0.8309178743961353,0.43454132738993095,144,63,0.0005711659323424101,X ~= Y A^T,SVD normal-system solve,3.8551918571474793,3.853513855691996,17.005431350294092,17.01543135029409,65.55920046893425,65.56920046893424,17.015431350294087,6.556920046893425e-11,5.865023751995792,7,True,0.9026749920088756,0.18055555555555555,0.01,1.0,rms,7.937253933193772,0.6443589144353908,0.8027196985470026,0.08158693294133856,0.30359902637476094,4.325584467783452,2.079803949362404,-0.004464290316116726,0.12556576990240545,0.9787829349208426,0.9059705976468924,0.8181818181818182,0.35309407101242885,0.23809523809523808,0.02633677199789875,0.0,0.9300172929132204,0.2224853746618819,0.9701747250280427,0.9504184885885163,0.8642459451980363,0.7081252081252082,,0.5858569248738008,0.7682697752477662
r5_final_inverse_map_complete_2026-08-31,fixed_black_box_contamination,credit_approval,lgbm,2,RidgeAIME,0.05,0.0,10,0,42,42,1.2302596250083297,0.8743961352657005,0.3482357812202646,144,63,0.00015187496319413185,X ~= Y A^T,SVD normal-system solve,1.4756271130619163,1.4755367323346875,52.61483802101629,52.624838021016295,77.63988153317261,77.6498815331726,52.624838021016295,7.764988153317262e-11,2.718728350394301,1,True,1.0,0.0,0.01,1.0,rms,6.48074069840786,1.5067161530697695,1.2274836671295344,-0.004490323837332388,0.12748609826177654,2.466069782086961,1.5703724978765263,-0.012260499634990207,0.09495990363624496,0.9058485914183205,0.7928672908472204,0.42857142857142855,0.0,0.0,0.048895559140274936,0.13333333333333333,0.034722222222222224,1.0,1.0,0.892860288634501,0.7877663116790824,0.6305361305361306,,0.16895002539253282,0.4343658159661236
r5_final_inverse_map_complete_2026-08-31,fixed_black_box_contamination,credit_approval,lgbm,2,HuberRidgeAIME,0.05,0.0,10,0,42,42,1.2302596250083297,0.8743961352657005,0.3482357812202646,144,63,0.0005544999148696661,X ~= Y A^T,SVD normal-system solve,1.4599259697694558,1.459832957347994,49.437800900159715,49.44780090015971,72.17552942243495,72.18552942243495,49.44780090015971,7.218552942243496e-11,2.420464866688628,7,True,0.9350788682408209,0.1736111111111111,0.01,1.0,rms,6.48074069840786,1.4921229579549233,1.2215248495036535,0.005238597736162087,0.1412231646713935,2.454291592442492,1.5666178833533377,-0.007425844824769712,0.10140181451716664,0.9873159644499016,0.9518135960354641,1.0,0.0,0.0,0.03708874987645393,0.06666666666666667,1.0,0.1975989956504213,0.9616069212116984,0.9273774305832913,0.7931827099974015,0.6013653013653013,,0.16430316410470913,0.38389878319091525
r5_final_inverse_map_complete_2026-08-31,fixed_black_box_contamination,credit_approval,lgbm,2,RidgeAIME,0.05,0.25,10,10,42,52,1.2302596250083297,0.8743961352657005,0.3482357812202646,144,63,0.00014020793605595827,X ~= Y A^T,SVD normal-system solve,1.4088057015162403,1.4087310035147005,54.717796338269196,54.72779633826919,77.0867434557581,77.0967434557581,54.72779633826918,7.709674345575811e-11,3.311585287509854,1,True,1.0,0.0,0.01,1.0,rms,7.211102550927978,0.828767128641867,0.9103664804032863,-0.055832929996380676,0.10578150889774612,1.884723005314984,1.3728521425539546,-0.03473381785511287,0.06521063718529158,0.7882890281640612,0.5373892655223733,0.3333333333333333,0.1897044063012291,0.2,0.03696713530369779,0.06666666666666667,0.05555555555555555,1.0,1.0,0.8150429820119568,0.6501094299054848,0.476255117431588,,0.148828072710336,0.5200359444706113
r5_final_inverse_map_complete_2026-08-31,fixed_black_box_contamination,credit_approval,lgbm,2,HuberRidgeAIME,0.05,0.25,10,10,42,52,1.2302596250083297,0.8743961352657005,0.3482357812202646,144,63,0.0006565419025719166,X ~= Y A^T,SVD normal-system solve,1.4047831311509797,1.4047016829614152,49.68823556715723,49.69823556715723,69.80119514139861,69.81119514139861,49.69823556715723,6.981119514139862e-11,2.5209499119808463,8,True,0.9109532449854107,0.22916666666666666,0.01,1.0,rms,7.211102550927978,0.7856409626558274,0.8863638996799381,-0.0008910475074253021,0.15793931196986474,1.843420068145282,1.3577260652080307,-0.012058047598308974,0.09506551816905574,0.9545261009325151,0.7684064511695936,0.5384615384615384,0.13491860641346615,0.1,0.03613535053625751,0.06666666666666667,0.8644345238095239,0.19756410608718233,0.952917311979424,0.9127781998177487,0.7785462998245343,0.4490842490842491,,0.1475841027465624,0.4015642168916669
r5_final_inverse_map_complete_2026-08-31,fixed_black_box_contamination,credit_approval,lgbm,2,RidgeAIME,0.05,0.5,10,21,42,63,1.2302596250083297,0.8743961352657005,0.3482357812202646,144,63,0.00014791707508265972,X ~= Y A^T,SVD normal-system solve,1.3260663998113047,1.3260072773335403,55.14100383823976,55.15100383823976,73.12063244175593,73.13063244175594,55.15100383823975,7.313063244175594e-11,3.3280935629011497,1,True,1.0,0.0,0.01,1.0,rms,7.937253933193772,0.9635550952437139,0.9816084225615191,-0.015538376520045638,0.13818544368414404,2.506628518758903,1.5832335641840414,-0.017185759093799824,0.09503041967818471,0.8554464582323612,0.4682372999633464,0.25,0.29452420655478895,0.14285714285714285,0.034416005316474596,0.13333333333333333,0.04861111111111111,1.0,1.0,0.8667641565232908,0.5726655791654534,0.46428571428571425,,0.12254590755075043,0.5221955271380685
r5_final_inverse_map_complete_2026-08-31,fixed_black_box_contamination,credit_approval,lgbm,2,HuberRidgeAIME,0.05,0.5,10,21,42,63,1.2302596250083297,0.8743961352657005,0.3482357812202646,144,63,0.000598624930717051,X ~= Y A^T,SVD normal-system solve,1.304133711730668,1.3040752192096703,51.98531607502138,51.99531607502138,67.7958032084096,67.8058032084096,51.99531607502137,6.78058032084096e-11,2.5725928972308285,7,True,0.9354077271232268,0.1875,0.01,1.0,rms,7.937253933193772,0.9358309863322025,0.9673835776630708,0.01368143321728943,0.16523751023596364,2.485124754478071,1.5764278462644812,-0.008459566668524987,0.10580082999847507,0.9566813004124323,0.7033040902714949,0.8181818181818182,0.26660470371099904,0.047619047619047616,0.034540929664158455,0.0,0.8166666666666667,0.2898443546119605,0.968392716959569,0.9177033046471331,0.7134732273522848,0.5395604395604396,,0.11530264227438938,0.410371066243525
r5_final_inverse_map_complete_2026-08-31,fixed_black_box_contamination,credit_approval,lgbm,2,RidgeAIME,0.1,0.0,21,0,42,42,1.2302596250083297,0.8743961352657005,0.3482357812202646,144,63,0.00013533397577703,X ~= Y A^T,SVD normal-system solve,1.3260663998113047,1.3260072773335403,55.14100383823976,55.15100383823976,73.12063244175593,73.13063244175594,55.15100383823975,7.313063244175594e-11,3.1065354620008994,1,True,1.0,0.0,0.01,1.0,rms,6.48074069840786,1.09240848371696,1.04518346892637,-0.0004736995639849084,0.16367814189595772,4.156258638222845,2.0386904223601103,-0.011098434185671247,0.08412589754410021,0.8006809320906246,0.5422272813879767,0.3333333333333333,0.0,0.0,0.048648866543938865,0.06666666666666667,0.08333333333333333,1.0,1.0,0.8395993327861104,0.6707884288145207,0.5234432234432235,,0.12254590755075043,0.4922763155745658
r5_final_inverse_map_complete_2026-08-31,fixed_black_box_contamination,credit_approval,lgbm,2,HuberRidgeAIME,0.1,0.0,21,0,42,42,1.2302596250083297,0.8743961352657005,0.3482357812202646,144,63,0.0005496250232681632,X ~= Y A^T,SVD normal-system solve,1.3784422894924413,1.3783651425270986,49.04472144145548,49.054721441455484,67.60531811127892,67.61531811127891,49.05472144145548,6.761531811127891e-11,2.4195507242248073,7,True,0.9133323045788969,0.1875,0.01,1.0,rms,6.48074069840786,1.066140908210039,1.0325409958980025,0.023583252425775192,0.18812384077224234,4.13986674099465,2.034666248060023,-0.00711075606854461,0.08665419140587632,0.9533012897859484,0.8074242417319917,0.6666666666666666,0.0,0.0,0.045299766559386986,0.0,0.894176887926888,0.2884342563795131,0.9701412180515682,0.9257754800988349,0.7453528887448343,0.6067266067266067,,0.13936428170669427,0.3837347312266295
r5_final_inverse_map_complete_2026-08-31,fixed_black_box_contamination,credit_approval,lgbm,2,RidgeAIME,0.1,0.25,21,10,42,52,1.2302596250083297,0.8743961352657005,0.3482357812202646,144,63,0.00013262499123811722,X ~= Y A^T,SVD normal-system solve,1.466723123806441,1.4666351754753468,53.05787724121525,53.067877241215264,77.82121544977392,77.83121544977391,53.067877241215264,7.78312154497739e-11,3.4314397575836644,1,True,1.0,0.0,0.01,1.0,rms,7.211102550927978,0.9114071781201021,0.9546764782480514,-0.028176978783400086,0.14077612882900487,4.280551864877082,2.0689494592370017,-0.015428638477025247,0.07396043608256578,0.8416113900247443,0.5302053580609849,0.42857142857142855,0.15590884356120505,0.1,0.02713671964952765,0.06666666666666667,0.09722222222222222,1.0,1.0,0.8422699330091865,0.6056059563707492,0.5207375957375958,,0.16632209681372076,0.5354763788121052
r5_final_inverse_map_complete_2026-08-31,fixed_black_box_contamination,credit_approval,lgbm,2,HuberRidgeAIME,0.1,0.25,21,10,42,52,1.2302596250083297,0.8743961352657005,0.3482357812202646,144,63,0.0006312920013442636,X ~= Y A^T,SVD normal-system solve,1.3968157029340353,1.3967336707823619,48.36319207633389,48.373192076333886,67.55446613623809,67.5644661362381,48.373192076333886,6.75644661362381e-11,2.6004595202689487,8,True,0.8886692130043811,0.2708333333333333,0.01,1.0,rms,7.211102550927978,0.8751623578106296,0.9355011265683381,0.012711540351600492,0.17318502449372863,4.2420829280465995,2.059631745736747,-0.006303072105559693,0.09434629056458513,0.9499867755753877,0.7648038315729513,0.8181818181818182,0.14658211140747135,0.1,0.031785914953265874,0.0,0.8978999175427747,0.26680335903363733,0.9556393818935381,0.9209680017684004,0.7977366391774591,0.6498501498501498,,0.14511360272375862,0.41505009777220325
r5_final_inverse_map_complete_2026-08-31,fixed_black_box_contamination,credit_approval,lgbm,2,RidgeAIME,0.1,0.5,21,21,42,63,1.2302596250083297,0.8743961352657005,0.3482357812202646,144,63,0.0001430839765816927,X ~= Y A^T,SVD normal-system solve,1.2984037185797475,1.2983520453451391,57.73821739769834,57.74821739769835,74.9675161733374,74.97751617333739,57.74821739769834,7.49775161733374e-11,4.604080595860392,1,True,1.0,0.0,0.01,1.0,rms,7.937253933193772,1.3266263489964147,1.1517926675389172,-0.018196354321483588,0.1439037343252846,2.4796875661159077,1.5747023738204968,-0.017118869215756893,0.11028066998650847,0.8471035874151595,0.5875279053182026,0.6666666666666666,0.3820199916443621,0.19047619047619047,0.024452927749639603,0.0,0.125,1.0,1.0,0.8515554599489696,0.6548017545733683,0.5668914418914419,,0.11339246644032934,0.6631429174840503
r5_final_inverse_map_complete_2026-08-31,fixed_black_box_contamination,credit_approval,lgbm,2,HuberRidgeAIME,0.1,0.5,21,21,42,63,1.2302596250083297,0.8743961352657005,0.3482357812202646,144,63,0.0006539999740198255,X ~= Y A^T,SVD normal-system solve,1.2737656616624582,1.2737120185293447,51.024614454858046,51.03461445485804,64.9934017921641,65.0034017921641,51.03461445485804,6.500340179216409e-11,3.600689632384887,7,True,0.8721688665999133,0.2222222222222222,0.01,1.0,rms,7.937253933193772,1.2894157496431078,1.1355244381531855,0.010363078884645716,0.16541224517583467,2.44992015100709,1.565222077216869,-0.004908863403459751,0.118885621677367,0.9784110257077718,0.8898730250382697,1.0,0.39974042088733974,0.23809523809523808,0.021290817379684655,0.0,0.9846178286129267,0.20881880632678473,0.966933160924646,0.9423328770978034,0.8338008704328963,0.7356643356643356,,0.10507124675810889,0.5563856882272402
r5_final_inverse_map_complete_2026-08-31,fixed_black_box_contamination,credit_approval,svm,2,RidgeAIME,0.05,0.0,10,0,42,42,0.022001500008627772,0.8840579710144928,0.3697652672762235,144,63,0.00014037499204277992,X ~= Y A^T,SVD normal-system solve,2.3252572456202767,2.324839601167574,31.721709520887952,31.731709520887943,73.76113490690642,73.77113490690643,31.731709520887943,7.377113490690643e-11,3.6426929590302817,1,True,1.0,0.0,0.01,1.0,rms,6.48074069840786,0.7803500684697074,0.8833742516451946,0.012584953477138394,0.20116299994377407,1.8046280289834487,1.3433644438436834,-0.008115436442034607,0.12361584330407205,0.8984599017560299,0.88340427345572,0.6666666666666666,0.0,0.0,0.03471840890973225,0.06666666666666667,0.04861111111111111,1.0,1.0,0.8525931481023414,0.7869576501696478,0.5700965700965701,,0.3663929947611012,0.5614225662958399
r5_final_inverse_map_complete_2026-08-31,fixed_black_box_contamination,credit_approval,svm,2,HuberRidgeAIME,0.05,0.0,10,0,42,42,0.022001500008627772,0.8840579710144928,0.3697652672762235,144,63,0.0005271659465506673,X ~= Y A^T,SVD normal-system solve,2.29293291055559,2.292503847906161,30.12389565081969,30.13389565081969,69.07207173190687,69.08207173190686,30.133895650819692,6.908207173190686e-11,3.3662055484120086,7,True,0.9383054189499974,0.1597222222222222,0.01,1.0,rms,6.48074069840786,0.7552555923888458,0.8690544242962266,0.04433821943819949,0.2409318432466747,1.781341797133526,1.3346691714179681,0.004892900681987,0.14618517566416067,0.9931303295612258,0.9819655723383843,1.0,0.0,0.0,0.0253308834817374,0.0,1.0,0.201128344856048,0.9759714008380094,0.9439964858417886,0.8366020359174028,0.7111555111555111,,0.36031007329429865,0.5271406314899448
r5_final_inverse_map_complete_2026-08-31,fixed_black_box_contamination,credit_approval,svm,2,RidgeAIME,0.05,0.25,10,10,42,52,0.022001500008627772,0.8840579710144928,0.3697652672762235,144,63,0.00013708299957215786,X ~= Y A^T,SVD normal-system solve,2.4226965363294393,2.4222396269136937,31.12738713413674,31.137387134136745,75.41221299485863,75.42221299485864,31.13738713413675,7.542221299485862e-11,3.993465079802804,1,True,1.0,0.0,0.01,1.0,rms,7.211102550927978,0.8160781581972971,0.9033704435043783,0.02846678251254009,0.21973351361444168,2.6094340231152477,1.6153742671948343,-0.002820399811974683,0.11831728889505816,0.9206759515266605,0.8156939826969302,0.8181818181818182,0.2278796416252068,0.3,0.034171891149133084,0.0,0.041666666666666664,1.0,1.0,0.9049920803429441,0.8119442665580582,0.6031968031968032,,0.3842171047436644,0.6013498911685765
r5_final_inverse_map_complete_2026-08-31,fixed_black_box_contamination,credit_approval,svm,2,HuberRidgeAIME,0.05,0.25,10,10,42,52,0.022001500008627772,0.8840579710144928,0.3697652672762235,144,63,0.000657708034850657,X ~= Y A^T,SVD normal-system solve,2.3563082978112533,2.355860294272714,30.264499666486905,30.2744996664869,71.312491693249,71.322491693249,30.27449966648691,7.132249169324898e-11,4.015556767995843,8,True,0.9491787397949754,0.1736111111111111,0.01,1.0,rms,7.211102550927978,0.7994943837348886,0.8941444982411336,0.048209606897327784,0.2505554451519641,2.5850728920154826,1.607816187260062,0.00654172201710046,0.1443665790456926,0.9963210279135067,0.9819835285257036,0.8181818181818182,0.24218720660609203,0.2,0.030284105500816172,0.0,1.0,0.20170688510336035,0.9816775160859152,0.957200286293118,0.8838828967142293,0.6736596736596737,,0.3721495326237977,0.6037457699146536
r5_final_inverse_map_complete_2026-08-31,fixed_black_box_contamination,credit_approval,svm,2,RidgeAIME,0.05,0.5,10,21,42,63,0.022001500008627772,0.8840579710144928,0.3697652672762235,144,63,0.00015091593377292156,X ~= Y A^T,SVD normal-system solve,2.265821774435666,2.2654316286691256,32.43484197934666,32.44484197934665,73.49157120718368,73.5015712071837,32.444841979346656,7.35015712071837e-11,4.726089937385742,1,True,1.0,0.0,0.01,1.0,rms,7.937253933193772,0.7644926300658038,0.8743526920332572,0.0059740897420410555,0.19786523670081732,1.0732556037597742,1.0359805035616134,0.0005575350098533383,0.1672363985999896,0.8075282386128879,0.6579133723635291,0.42857142857142855,0.2913904382027052,0.047619047619047616,0.029834865122326516,0.0,0.05555555555555555,1.0,1.0,0.884889222522518,0.7507872071873759,0.5207375957375958,,0.3551509595896737,0.6745019819892604
r5_final_inverse_map_complete_2026-08-31,fixed_black_box_contamination,credit_approval,svm,2,HuberRidgeAIME,0.05,0.5,10,21,42,63,0.022001500008627772,0.8840579710144928,0.3697652672762235,144,63,0.0005733339348807931,X ~= Y A^T,SVD normal-system solve,2.2915246658407455,2.2910968554832465,30.17918647480487,30.189186474804863,69.15635020202278,69.16635020202278,30.189186474804867,6.916635020202278e-11,4.002955928546609,7,True,0.9350611223031936,0.19444444444444445,0.01,1.0,rms,7.937253933193772,0.7331716382700335,0.8562544237958911,0.046698978584060136,0.24534734544259484,1.0417230093539749,1.020648327953353,0.029921475687232357,0.20778357300819156,0.985382935395851,0.9076223297387633,0.6666666666666666,0.3276110775158068,0.09523809523809523,0.02553923804867103,0.0,0.9472222222222222,0.2630037702701112,0.9745939077169044,0.9437264219839685,0.8238778449212779,0.6516816516816517,,0.36004344925608706,0.6023808086675884
r5_final_inverse_map_complete_2026-08-31,fixed_black_box_contamination,credit_approval,svm,2,RidgeAIME,0.1,0.0,21,0,42,42,0.022001500008627772,0.8840579710144928,0.3697652672762235,144,63,0.0001348749501630664,X ~= Y A^T,SVD normal-system solve,2.265821774435666,2.2654316286691256,32.43484197934666,32.44484197934665,73.49157120718368,73.5015712071837,32.444841979346656,7.35015712071837e-11,3.59087598066542,1,True,1.0,0.0,0.01,1.0,rms,6.48074069840786,0.7750732832447981,0.8803824641851961,0.02242542099521072,0.21416517588039002,3.4650665522536905,1.8614689232575683,-0.0031638343406152902,0.13293680783725523,0.892188932747434,0.5668666077769072,0.8181818181818182,0.0,0.0,0.04654770137357834,0.06666666666666667,0.1111111111111111,1.0,1.0,0.8726551448653558,0.6145309706948744,0.31652122387416504,,0.3551509595896737,0.5552004060052841
r5_final_inverse_map_complete_2026-08-31,fixed_black_box_contamination,credit_approval,svm,2,HuberRidgeAIME,0.1,0.0,21,0,42,42,0.022001500008627772,0.8840579710144928,0.3697652672762235,144,63,0.0005454580532386899,X ~= Y A^T,SVD normal-system solve,2.212117052865874,2.2117125647329683,29.956690101863106,29.966690101863108,66.26770502174972,66.27770502174971,29.96669010186311,6.627770502174971e-11,3.2845193865830598,7,True,0.900765750342154,0.2152777777777778,0.01,1.0,rms,6.48074069840786,0.7577335113875854,0.8704788977267545,0.04429550804348292,0.2415513807197179,3.4368334002656478,1.853869844478206,0.005009883703970264,0.1615490986054929,0.9812954693594615,0.9165181013356114,1.0,0.0,0.0,0.04591128603969981,0.06666666666666667,0.9697966507177034,0.32282794327854625,0.9730079762251052,0.9361975740203194,0.8246206445445164,0.6153846153846154,,0.3447286851726199,0.51647182959583
r5_final_inverse_map_complete_2026-08-31,fixed_black_box_contamination,credit_approval,svm,2,RidgeAIME,0.1,0.25,21,10,42,52,0.022001500008627772,0.8840579710144928,0.3697652672762235,144,63,0.00014762498904019594,X ~= Y A^T,SVD normal-system solve,2.3645281452810702,2.3640978605052245,31.702210653930383,31.71221065393038,74.9607693588478,74.9707693588478,31.71221065393038,7.49707693588478e-11,4.136160912954606,1,True,1.0,0.0,0.01,1.0,rms,7.211102550927978,0.6822039522998637,0.8259563864392985,0.007721860931022229,0.21338951540757325,4.96654194006748,2.2285739700686356,-0.026213255460220575,0.05056141052126569,0.8843953699772903,0.7668694674912901,0.8181818181818182,0.10844388512113343,0.0,0.03370212135691442,0.06666666666666667,0.09027777777777778,1.0,1.0,0.8486713654061313,0.6913916035667796,0.5889110889110889,,0.37366544995784956,0.6165974261808718
r5_final_inverse_map_complete_2026-08-31,fixed_black_box_contamination,credit_approval,svm,2,HuberRidgeAIME,0.1,0.25,21,10,42,52,0.022001500008627772,0.8840579710144928,0.3697652672762235,144,63,0.0006237500347197056,X ~= Y A^T,SVD normal-system solve,2.2942220301721052,2.2937909571885315,30.01326936474963,30.023269364749623,68.85710377409815,68.86710377409815,30.023269364749623,6.886710377409814e-11,3.4436001550299484,8,True,0.9202037693245866,0.1736111111111111,0.01,1.0,rms,7.211102550927978,0.6612603617784499,0.8131791695428812,0.038184696799901,0.24132341850102945,4.923738624546418,2.218949892301856,-0.01736900722967749,0.07467884014798767,0.99096264816455,0.9499413011736557,1.0,0.10771389434505318,0.0,0.0350902073134904,0.0,0.9300213675213675,0.30717498812551025,0.9810386865428155,0.9193031702707308,0.7654838466093112,0.7367965367965368,,0.36055383628702836,0.5370127186976411
r5_final_inverse_map_complete_2026-08-31,fixed_black_box_contamination,credit_approval,svm,2,RidgeAIME,0.1,0.5,21,21,42,63,0.022001500008627772,0.8840579710144928,0.3697652672762235,144,63,0.00014587503392249346,X ~= Y A^T,SVD normal-system solve,2.328674887578507,2.328262334213777,32.19613382825219,32.206133828252185,74.97432832296772,74.98432832296773,32.20613382825218,7.498432832296772e-11,3.954188417016171,1,True,1.0,0.0,0.01,1.0,rms,7.937253933193772,0.7823639062523609,0.8845133725684201,-0.008777368991781387,0.15312605323168244,3.7833645881112345,1.9450872957559604,-0.007241677861553608,0.0967939849806609,0.8078012840092516,0.7557187797131305,0.5384615384615384,0.2858538700562098,0.047619047619047616,0.036542061004069294,0.13333333333333333,0.0763888888888889,1.0,1.0,0.8570152598061656,0.7542101242527852,0.38772893772893774,,0.3670319123535964,0.5970573595959707
r5_final_inverse_map_complete_2026-08-31,fixed_black_box_contamination,credit_approval,svm,2,HuberRidgeAIME,0.1,0.5,21,21,42,63,0.022001500008627772,0.8840579710144928,0.3697652672762235,144,63,0.000589667004533112,X ~= Y A^T,SVD normal-system solve,2.291417749470246,2.2909920836533177,30.328770418300866,30.338770418300864,69.49588285610274,69.50588285610273,30.33877041830086,6.950588285610274e-11,3.7119538900037767,7,True,0.9233315604410117,0.1597222222222222,0.01,1.0,rms,7.937253933193772,0.7599579917415843,0.8717556949866082,0.020112741236214204,0.19582630084644811,3.770179148856256,1.9416949165242865,-0.00373133048444374,0.10876377140496576,0.9819725557139416,0.9590744366096379,0.6666666666666666,0.26192515076632716,0.09523809523809523,0.027907050117670223,0.0,0.9542355371900827,0.2726046386474807,0.9771510802885969,0.9408927661714162,0.8413120754006516,0.4472527472527473,,0.3600235885208594,0.5696025727619922
r5_final_inverse_map_complete_2026-08-31,fixed_black_box_contamination,credit_approval,mlp,2,RidgeAIME,0.05,0.0,10,0,42,42,0.03711616701912135,0.821256038647343,0.40237910465157584,144,63,0.00013908394612371922,X ~= Y A^T,SVD normal-system solve,2.0573837471325778,2.057083120937007,35.16270825741272,35.17270825741272,72.34318447396541,72.3531844739654,35.17270825741273,7.23531844739654e-11,4.011568477204287,1,True,1.0,0.0,0.01,1.0,rms,6.48074069840786,0.7703115809529708,0.8776739605075285,0.03970527137765689,0.24691318657094039,1.731884429853223,1.3160108015716372,0.005373564776710804,0.16721181279743777,0.9140387692330887,0.8032906705285855,0.5384615384615384,0.0,0.0,0.030893297217613296,0.0,0.041666666666666664,1.0,1.0,0.8847276564113503,0.697628079560257,0.6195471195471195,,0.31325184066649564,0.6033142099794045
r5_final_inverse_map_complete_2026-08-31,fixed_black_box_contamination,credit_approval,mlp,2,HuberRidgeAIME,0.05,0.0,10,0,42,42,0.03711616701912135,0.821256038647343,0.40237910465157584,144,63,0.000530292047187686,X ~= Y A^T,SVD normal-system solve,2.1338077688042825,2.133451363771249,31.802338876240572,31.812338876240574,67.86007776026858,67.87007776026857,31.812338876240574,6.787007776026857e-11,3.567000857368031,7,True,0.9330895109822985,0.20833333333333334,0.01,1.0,rms,6.48074069840786,0.7488941308954624,0.8653866944294109,0.06640494057555935,0.27899258788450026,1.7118895664611353,1.3083919773757158,0.01685667494020726,0.18700235509176685,0.9624928389364498,0.7597665972691918,0.6666666666666666,0.0,0.0,0.020332345934516237,0.0,0.8388888888888888,0.26789767074155874,0.9620108953405915,0.9418188592934873,0.8455226829334386,0.5733932733932734,,0.3290827467094958,0.5523032137258393
r5_final_inverse_map_complete_2026-08-31,fixed_black_box_contamination,credit_approval,mlp,2,RidgeAIME,0.05,0.25,10,10,42,52,0.03711616701912135,0.821256038647343,0.40237910465157584,144,63,0.00018166599329560995,X ~= Y A^T,SVD normal-system solve,2.1549167596242547,2.154575059361868,33.78911831368393,33.79911831368392,72.81273734708434,72.82273734708434,33.79911831368393,7.282273734708432e-11,3.9055930068596436,1,True,1.0,0.0,0.01,1.0,rms,7.211102550927978,0.8723446562644241,0.9339939273166739,0.031859303985719234,0.24281770317872875,2.0159089771375407,1.4198270940989755,0.002602360436140483,0.16106769590630315,0.9382553450175858,0.759082958879484,0.42857142857142855,0.1810246208764106,0.2,0.03585867055040588,0.06666666666666667,0.05555555555555555,1.0,1.0,0.8861634218082226,0.659129607085888,0.5201465201465201,,0.33336162829157556,0.5916869844499603
r5_final_inverse_map_complete_2026-08-31,fixed_black_box_contamination,credit_approval,mlp,2,HuberRidgeAIME,0.05,0.25,10,10,42,52,0.03711616701912135,0.821256038647343,0.40237910465157584,144,63,0.0005879999371245503,X ~= Y A^T,SVD normal-system solve,2.165852746183551,2.165479515607833,31.226796287152894,31.2367962871529,67.63264249304441,67.6426424930444,31.23679628715289,6.76426424930444e-11,3.676613958701156,7,True,0.9300134664865435,0.1875,0.01,1.0,rms,7.211102550927978,0.8535825134084236,0.9238952935308328,0.05268180104910669,0.2758832761111985,1.9985909773399653,1.4137153098626205,0.011170669975887337,0.18118759695116668,0.9598447766326017,0.8035264549533615,0.8181818181818182,0.1497919028991611,0.1,0.028671034910712156,0.0,0.7256313131313131,0.2997316693250189,0.9670888663195742,0.9516086071597369,0.8444410505567959,0.6456876456876457,,0.33555407986888103,0.5654480317161799
r5_final_inverse_map_complete_2026-08-31,fixed_black_box_contamination,credit_approval,mlp,2,RidgeAIME,0.05,0.5,10,21,42,63,0.03711616701912135,0.821256038647343,0.40237910465157584,144,63,0.0001556250499561429,X ~= Y A^T,SVD normal-system solve,2.0899501097967597,2.0896360769623095,34.69815756275424,34.70815756275424,72.51741820802349,72.52741820802348,34.70815756275424,7.252741820802348e-11,4.448032813905081,1,True,1.0,0.0,0.01,1.0,rms,7.937253933193772,0.9182094560715792,0.9582324645260039,-0.006532407307276111,0.16573845839089346,1.5591879916161733,1.2486744938598582,-0.0059297551282491145,0.14157030336676385,0.9383620214638673,0.8182232804872694,0.42857142857142855,0.29512835788715963,0.09523809523809523,0.02954649687697955,0.06666666666666667,0.05555555555555555,1.0,1.0,0.8917257290280706,0.7718553022266684,0.4758241758241758,,0.3200706576282887,0.648167982451101
r5_final_inverse_map_complete_2026-08-31,fixed_black_box_contamination,credit_approval,mlp,2,HuberRidgeAIME,0.05,0.5,10,21,42,63,0.03711616701912135,0.821256038647343,0.40237910465157584,144,63,0.0005790409632027149,X ~= Y A^T,SVD normal-system solve,2.1176533023744386,2.117304234382969,32.00821220176839,32.01821220176838,67.78229627217662,67.79229627217663,32.01821220176838,6.779229627217663e-11,4.32826354773498,7,True,0.933722735212164,0.1875,0.01,1.0,rms,7.937253933193772,0.8952617501683675,0.9461827255706836,0.018622648015023224,0.20170217720560624,1.5391042322513981,1.240606396989552,0.007027534979483052,0.16579302053118236,0.9784295906840113,0.8875447083811686,0.5384615384615384,0.30208617208063804,0.09523809523809523,0.018735591983682923,0.0,0.875545634920635,0.2625807357841351,0.9732016763549893,0.9551091854105518,0.876933206808701,0.6094239094239094,,0.32578326605938374,0.6363136970713178
r5_final_inverse_map_complete_2026-08-31,fixed_black_box_contamination,credit_approval,mlp,2,RidgeAIME,0.1,0.0,21,0,42,42,0.03711616701912135,0.821256038647343,0.40237910465157584,144,63,0.00013533409219235182,X ~= Y A^T,SVD normal-system solve,2.0899501097967597,2.0896360769623095,34.69815756275424,34.70815756275424,72.51741820802349,72.52741820802348,34.70815756275424,7.252741820802348e-11,4.466539587903563,1,True,1.0,0.0,0.01,1.0,rms,6.48074069840786,0.9045686552647701,0.9510881427421805,-0.024894517507591196,0.17896264661709524,3.247433891475686,1.802063786738884,-0.027510850777578977,0.07846648901200542,0.8813945961090232,0.7264548763946839,0.42857142857142855,0.0,0.0,0.03529866144762598,0.0,0.10416666666666667,1.0,1.0,0.8994405026277331,0.8124120336171969,0.529070929070929,,0.3200706576282887,0.6499711875875296
r5_final_inverse_map_complete_2026-08-31,fixed_black_box_contamination,credit_approval,mlp,2,HuberRidgeAIME,0.1,0.0,21,0,42,42,0.03711616701912135,0.821256038647343,0.40237910465157584,144,63,0.0005283339414745569,X ~= Y A^T,SVD normal-system solve,2.1492961672985076,2.1489204600467997,30.580204529601332,30.590204529601333,65.7259163906766,65.73591639067659,30.59020452960133,6.57359163906766e-11,3.7800961953612204,7,True,0.9022203960208858,0.2222222222222222,0.01,1.0,rms,6.48074069840786,0.8538765006276086,0.9240543818561809,0.03254071536930603,0.23357741312143523,3.189876762704561,1.7860226097965728,-0.009299371705695947,0.11036462870322243,0.9684111671428269,0.8661857931529608,0.6666666666666666,0.0,0.0,0.030917410598456728,0.0,0.8412847337847338,0.3248174672747981,0.9693602714564774,0.9568332121714404,0.8877469251918406,0.7477855477855477,,0.3322203408511186,0.5775028518433071
r5_final_inverse_map_complete_2026-08-31,fixed_black_box_contamination,credit_approval,mlp,2,RidgeAIME,0.1,0.25,21,10,42,52,0.03711616701912135,0.821256038647343,0.40237910465157584,144,63,0.00014179095160216093,X ~= Y A^T,SVD normal-system solve,2.0462271623950565,2.045930587496701,35.2669964077819,35.276996407781894,72.16428598569222,72.17428598569222,35.2769964077819,7.21742859856922e-11,5.636242493929695,1,True,1.0,0.0,0.01,1.0,rms,7.211102550927978,0.8621601494656278,0.928525793645835,-0.03442951431844499,0.19331365163526953,5.829587970999607,2.4144539695342315,-0.0018340002568755231,0.11477772353516524,0.8161632811827547,0.7379498843774961,0.42857142857142855,0.20322463627904816,0.2,0.03095464216303335,0.06666666666666667,0.09722222222222222,1.0,1.0,0.8582990296315997,0.7365702306460326,0.5528804528804528,,0.31089089527128977,0.7509896699429995
r5_final_inverse_map_complete_2026-08-31,fixed_black_box_contamination,credit_approval,mlp,2,HuberRidgeAIME,0.1,0.25,21,10,42,52,0.03711616701912135,0.821256038647343,0.40237910465157584,144,63,0.0006288751028478146,X ~= Y A^T,SVD normal-system solve,2.146115243179153,2.1457361561830814,30.22356788963065,30.233567889630653,64.86325975119632,64.87325975119631,30.233567889630653,6.487325975119631e-11,4.341684934862465,8,True,0.8981809680988592,0.3125,0.01,1.0,rms,7.211102550927978,0.7928123474587139,0.8904001052665672,0.04877476413669557,0.25352133945826805,5.802982467860537,2.408938037364294,0.0027382435742937528,0.12253586938802917,0.9735273833822072,0.8509584666133787,0.8181818181818182,0.2223762204955735,0.3,0.026990683042023112,0.0,0.9999999999999998,0.22539976658430658,0.9706343282619649,0.9442231381176305,0.8258098396169915,0.7447552447552448,,0.3315763192336906,0.6376583046054363
r5_final_inverse_map_complete_2026-08-31,fixed_black_box_contamination,credit_approval,mlp,2,RidgeAIME,0.1,0.5,21,21,42,63,0.03711616701912135,0.821256038647343,0.40237910465157584,144,63,0.00014366605319082737,X ~= Y A^T,SVD normal-system solve,2.1349052179250236,2.1345754868233544,34.40911339808941,34.41911339808941,73.46019573775493,73.47019573775493,34.4191133980894,7.347019573775494e-11,5.103968161067227,1,True,1.0,0.0,0.01,1.0,rms,7.937253933193772,0.8408380999428735,0.9169722460046833,-0.014106852841788031,0.19676566595805783,3.5632206211510233,1.8876494963713533,-0.013862328764456366,0.09907644180594222,0.8012544945919247,0.49259499419619057,0.42857142857142855,0.33519357631885416,0.14285714285714285,0.02464978301473574,0.0,0.10416666666666667,1.0,1.0,0.8192222848763061,0.6106501280195991,0.5037545787545787,,0.329311517739711,0.7079079565602961
r5_final_inverse_map_complete_2026-08-31,fixed_black_box_contamination,credit_approval,mlp,2,HuberRidgeAIME,0.1,0.5,21,21,42,63,0.03711616701912135,0.821256038647343,0.40237910465157584,144,63,0.0006557919550687075,X ~= Y A^T,SVD normal-system solve,2.2299378670014023,2.2295230996537945,29.643681132251974,29.653681132251975,66.10356707412367,66.11356707412367,29.65368113225197,6.611356707412367e-11,4.264626840555153,8,True,0.8938823391822753,0.24305555555555555,0.01,1.0,rms,7.937253933193772,0.7941930793974434,0.89117511152267,0.04215015429107183,0.2570669666203491,3.5219033075146364,1.8766734685380504,-0.002106091282830347,0.12406516414931354,0.9558104463750113,0.8175751923456022,0.6666666666666666,0.3615680279818983,0.14285714285714285,0.021160892912829774,0.0,0.8843402893402894,0.23729908438753122,0.9702292292746872,0.9422605540158926,0.8334230414814522,0.6936729936729937,,0.34821197634932044,0.6298810359307822
r5_final_inverse_map_complete_2026-08-31,fixed_black_box_contamination,credit_approval,lgbm,3,RidgeAIME,0.05,0.0,10,0,42,42,1.3490781250875443,0.8502415458937198,0.396455488774904,144,63,0.00014758296310901642,X ~= Y A^T,SVD normal-system solve,1.4098186869545266,1.4097421306424056,53.52166520149698,53.53166520149697,75.45584375799424,75.46584375799426,53.53166520149697,7.546584375799427e-11,2.4919561763799236,1,True,1.0,0.0,0.01,1.0,rms,6.48074069840786,0.8497660989230065,0.9218275863321765,0.02201792249516521,0.19246327282734707,2.8242839368416544,1.680560601954495,0.0016168010491981466,0.12370153826942572,0.9742002295803889,0.873004298190762,0.6666666666666666,0.0,0.0,0.031935424551320174,0.0,0.027777777777777776,1.0,1.0,0.9033936045818824,0.6844411550794701,0.5481185481185481,,0.1491396789808248,0.3965404005378033
r5_final_inverse_map_complete_2026-08-31,fixed_black_box_contamination,credit_approval,lgbm,3,HuberRidgeAIME,0.05,0.0,10,0,42,42,1.3490781250875443,0.8502415458937198,0.396455488774904,144,63,0.0005427500000223517,X ~= Y A^T,SVD normal-system solve,1.4606015079731043,1.460509154006748,49.863495004548156,49.873495004548154,72.83069599645239,72.8406959964524,49.873495004548154,7.28406959964524e-11,2.301889265407886,7,True,0.9525687338790669,0.1597222222222222,0.01,1.0,rms,6.48074069840786,0.846415650986305,0.9200085059314969,0.025873898907803894,0.19564502693079117,2.8266438143279404,1.6812625655524305,0.0007825853376839387,0.1193896190265892,0.9814788435737718,0.8845935680237809,0.8181818181818182,0.0,0.0,0.03414171231069623,0.0,0.7470238095238095,0.42180593973452535,0.9677333851403396,0.9148606648462396,0.7617873572392921,0.5567765567765568,,0.1645042833377502,0.362084427643454
r5_final_inverse_map_complete_2026-08-31,fixed_black_box_contamination,credit_approval,lgbm,3,RidgeAIME,0.05,0.25,10,10,42,52,1.3490781250875443,0.8502415458937198,0.396455488774904,144,63,0.00013174989726394415,X ~= Y A^T,SVD normal-system solve,1.4311406892599072,1.4310587053201265,52.57843261399116,52.58843261399116,75.2471342913929,75.2571342913929,52.58843261399115,7.525713429139291e-11,2.762992639180752,1,True,1.0,0.0,0.01,1.0,rms,7.211102550927978,0.8688167690144277,0.932103411116185,0.010772698787327895,0.1734722899155652,2.0997558602330186,1.4490534359481084,-0.0005438496136180859,0.12368431492228997,0.9378565603511924,0.8010416460744664,0.8181818181818182,0.2141852485069919,0.4,0.027263469334306355,0.0,0.05555555555555555,1.0,1.0,0.8832551959945297,0.7404028458734655,0.6118548118548119,,0.1556574498839149,0.4413797279250384
r5_final_inverse_map_complete_2026-08-31,fixed_black_box_contamination,credit_approval,lgbm,3,HuberRidgeAIME,0.05,0.25,10,10,42,52,1.3490781250875443,0.8502415458937198,0.396455488774904,144,63,0.0006035830592736602,X ~= Y A^T,SVD normal-system solve,1.4494173558651302,1.4493248623025918,48.57904160793902,48.589041607939016,70.41130603784111,70.42130603784112,48.58904160793902,7.042130603784111e-11,2.5858814375815466,8,True,0.9341109330144045,0.2152777777777778,0.01,1.0,rms,7.211102550927978,0.861409371390328,0.928121420607416,0.01920669801711905,0.18478612786365625,2.0951083751721375,1.4474489197108606,0.001670699554645494,0.12772136862730477,0.9794358686063251,0.9536169414843013,1.0,0.2006695514892999,0.3,0.027080820923572883,0.0,0.8865936147186148,0.3772667650303405,0.9668664723075847,0.9121956650983428,0.8024033725251071,0.6516816516816517,,0.1611657423325947,0.4126086086400805
r5_final_inverse_map_complete_2026-08-31,fixed_black_box_contamination,credit_approval,lgbm,3,RidgeAIME,0.05,0.5,10,21,42,63,1.3490781250875443,0.8502415458937198,0.396455488774904,144,63,0.00014516699593514204,X ~= Y A^T,SVD normal-system solve,1.4687807397403012,1.468690365267405,51.86092380328139,51.87092380328138,76.17232602739904,76.18232602739906,51.87092380328138,7.618232602739904e-11,3.0249708656199843,1,True,1.0,0.0,0.01,1.0,rms,7.937253933193772,0.8771972199673096,0.9365880737908793,-0.020977703425304695,0.13019599853531066,1.947456341386783,1.3955129312861214,-0.029447492404749864,0.07415411690109841,0.8997803111992618,0.761236124105741,0.5384615384615384,0.26391030405871807,0.047619047619047616,0.02993420246780305,0.13333333333333333,0.04861111111111111,1.0,1.0,0.8613564585331559,0.633657053644509,0.5677655677655677,,0.16693024587208988,0.48072119619132864
r5_final_inverse_map_complete_2026-08-31,fixed_black_box_contamination,credit_approval,lgbm,3,HuberRidgeAIME,0.05,0.5,10,21,42,63,1.3490781250875443,0.8502415458937198,0.396455488774904,144,63,0.0006332920165732503,X ~= Y A^T,SVD normal-system solve,1.4681825876123336,1.4680857197731438,48.322097786872945,48.33209778687294,70.94566256758733,70.95566256758734,48.33209778687295,7.095566256758733e-11,2.6986724883966486,8,True,0.932295937036173,0.2152777777777778,0.01,1.0,rms,7.937253933193772,0.8615239566807897,0.9281831482421935,-0.002735451864079419,0.15260120534188054,1.9334387336318781,1.3904814754723913,-0.022037626085218198,0.08481631125495277,0.9719083924346401,0.9076987704652941,0.6666666666666666,0.2759242532727551,0.047619047619047616,0.028496463843357477,0.06666666666666667,1.0,0.2520109198575495,0.9670550255051538,0.9009247162787981,0.6566580921668435,0.6146853146853146,,0.16675141425689569,0.43115018166186153
r5_final_inverse_map_complete_2026-08-31,fixed_black_box_contamination,credit_approval,lgbm,3,RidgeAIME,0.1,0.0,21,0,42,42,1.3490781250875443,0.8502415458937198,0.396455488774904,144,63,0.0001355829881504178,X ~= Y A^T,SVD normal-system solve,1.4687807397403012,1.468690365267405,51.86092380328139,51.87092380328138,76.17232602739904,76.18232602739906,51.87092380328138,7.618232602739904e-11,2.690956813811864,1,True,1.0,0.0,0.01,1.0,rms,6.48074069840786,0.8251262619462297,0.9083646084839665,-0.01562754302870517,0.15126260928984744,4.149076201494972,2.0369281287013963,-0.010673417367752513,0.0801673467407875,0.8208899721447325,0.509664090641144,0.25,0.0,0.0,0.05430644376303253,0.13333333333333333,0.09722222222222222,1.0,1.0,0.8069398047906253,0.5896322899040978,0.4374542124542124,,0.16693024587208988,0.4299067279853445
r5_final_inverse_map_complete_2026-08-31,fixed_black_box_contamination,credit_approval,lgbm,3,HuberRidgeAIME,0.1,0.0,21,0,42,42,1.3490781250875443,0.8502415458937198,0.396455488774904,144,63,0.0005686249351128936,X ~= Y A^T,SVD normal-system solve,1.4151565422229635,1.4150698307731968,47.86793807381685,47.87793807381685,67.7406257278856,67.7506257278856,47.87793807381685,6.775062572788558e-11,2.335487861282343,7,True,0.8958374984829997,0.22916666666666666,0.01,1.0,rms,6.48074069840786,0.8022888607674498,0.8957057891782602,0.01248245021482175,0.18468998028036793,4.138904979357993,2.0344298904995455,-0.008195809501142515,0.08382731076805346,0.9740213605505337,0.8441995280980756,0.5384615384615384,0.0,0.0,0.040042822647389995,0.0,0.9689239332096475,0.26230078408943375,0.9640645292638453,0.9024864193955718,0.705864901582573,0.5132783882783882,,0.1507778719247357,0.3683776143804721
r5_final_inverse_map_complete_2026-08-31,fixed_black_box_contamination,credit_approval,lgbm,3,RidgeAIME,0.1,0.25,21,10,42,52,1.3490781250875443,0.8502415458937198,0.396455488774904,144,63,0.00014274998102337122,X ~= Y A^T,SVD normal-system solve,1.403974205712843,1.4038993050465296,53.92466114466024,53.93466114466024,75.70883329890857,75.71883329890858,53.93466114466024,7.571883329890858e-11,3.3879705853749957,1,True,1.0,0.0,0.01,1.0,rms,7.211102550927978,0.9047805022695812,0.951199507080182,-0.016478997756949054,0.1492072381243861,1.6338560816546015,1.2782237995181445,-0.01573285897622556,0.1101426699309415,0.7764206488573001,0.5384106395380073,0.3333333333333333,0.15398610588157968,0.1,0.0353950931575406,0.06666666666666667,0.11805555555555555,1.0,1.0,0.8013353812499823,0.5890483034951827,0.466025641025641,,0.14733595905381003,0.5299396310964551
r5_final_inverse_map_complete_2026-08-31,fixed_black_box_contamination,credit_approval,lgbm,3,HuberRidgeAIME,0.1,0.25,21,10,42,52,1.3490781250875443,0.8502415458937198,0.396455488774904,144,63,0.0006344580324366689,X ~= Y A^T,SVD normal-system solve,1.3723867583358516,1.372309773359789,48.36135469550471,48.3713546955047,66.37048279929402,66.38048279929403,48.37135469550471,6.638048279929403e-11,2.3619248776479425,8,True,0.8861251035590825,0.3263888888888889,0.01,1.0,rms,7.211102550927978,0.8655625742404913,0.9303561545131473,0.027580528368024604,0.1959704451118421,1.5971830205677566,1.2637970646301393,0.007065987019700626,0.13969939540756443,0.9648136992841362,0.8536361519348236,1.0,0.1375012729413783,0.2,0.0350673820726863,0.13333333333333333,0.988795518207283,0.27944419535720066,0.9673343589876808,0.8809476948252613,0.6460881197777523,0.4948717948717948,,0.13745215632372937,0.37326608051636456
r5_final_inverse_map_complete_2026-08-31,fixed_black_box_contamination,credit_approval,lgbm,3,RidgeAIME,0.1,0.5,21,21,42,63,1.3490781250875443,0.8502415458937198,0.396455488774904,144,63,0.00014583300799131393,X ~= Y A^T,SVD normal-system solve,1.2443947888189788,1.244352619598079,57.94572780408909,57.955727804089086,72.10736171373146,72.11736171373147,57.95572780408907,7.211736171373149e-11,3.6805551891436106,1,True,1.0,0.0,0.01,1.0,rms,7.937253933193772,0.8152662011507671,0.9029209274076923,-0.05819422440915378,0.09819231761192464,4.516556425479208,2.125219147636123,-0.021713807255803852,0.0669952987229736,0.7466242792407791,0.44555655594434396,0.3333333333333333,0.34661528544904036,0.14285714285714285,0.037833194805567946,0.13333333333333333,0.10416666666666667,1.0,1.0,0.8451141088120211,0.6916746810479244,0.3760450333979745,,0.0949434664041609,0.5659133342700301
r5_final_inverse_map_complete_2026-08-31,fixed_black_box_contamination,credit_approval,lgbm,3,HuberRidgeAIME,0.1,0.5,21,21,42,63,1.3490781250875443,0.8502415458937198,0.396455488774904,144,63,0.0006000419380143285,X ~= Y A^T,SVD normal-system solve,1.2443712242870792,1.2443238854416754,51.61171197953556,51.62171197953557,64.22412922352679,64.23412922352678,51.621711979535554,6.423412922352679e-11,2.6186476076357,7,True,0.891640404053327,0.1875,0.01,1.0,rms,7.937253933193772,0.7663861959133732,0.8754348610338597,0.005250745047802652,0.1503710035981557,4.465133618858799,2.113086278138874,-0.01008118572238792,0.10408173939686173,0.9702110198122639,0.8865526558401278,0.42857142857142855,0.28584273560390183,0.14285714285714285,0.03217346631949006,0.0,0.9684782608695652,0.27506968620038835,0.9633346735711105,0.8919656732035822,0.7767457369436322,0.5591075591075592,,0.09493343771176677,0.4180770591903023
r5_final_inverse_map_complete_2026-08-31,fixed_black_box_contamination,credit_approval,svm,3,RidgeAIME,0.05,0.0,10,0,42,42,0.020787667017430067,0.7874396135265701,0.4226972987649577,144,63,0.0001466670073568821,X ~= Y A^T,SVD normal-system solve,2.1156226954592627,2.1153032564893275,34.91443942226957,34.92443942226957,73.86578044099109,73.87578044099108,34.92443942226957,7.387578044099109e-11,3.2224147426380862,1,True,1.0,0.0,0.01,1.0,rms,6.48074069840786,1.141253160781026,1.068294510320551,0.0007683460995203673,0.15241990858011348,2.9861256957837385,1.7280409994510368,-0.0068449034339534975,0.10063257038747285,0.8991076907889946,0.8868536491699911,0.6666666666666666,0.0,0.0,0.045235853828895264,0.2,0.041666666666666664,1.0,1.0,0.8935557024816922,0.8317502868739453,0.5962370962370962,,0.32537263798946087,0.5081814357875394
r5_final_inverse_map_complete_2026-08-31,fixed_black_box_contamination,credit_approval,svm,3,HuberRidgeAIME,0.05,0.0,10,0,42,42,0.020787667017430067,0.7874396135265701,0.4226972987649577,144,63,0.0005382910603657365,X ~= Y A^T,SVD normal-system solve,2.0486010167147692,2.0482866323395528,33.34410724510442,33.354107245104416,68.30877200376722,68.31877200376721,33.354107245104416,6.831877200376722e-11,2.914651738684407,7,True,0.922557201654715,0.19444444444444445,0.01,1.0,rms,6.48074069840786,1.1189378204348168,1.0577985727135468,0.020306687992246997,0.186452786891375,2.967766253959938,1.722720596602925,-0.000654571105918933,0.11766400416088828,0.9869819941299973,0.9062246985349726,0.8181818181818182,0.0,0.0,0.04054043061093316,0.06666666666666667,1.0,0.24927580611426056,0.9518303058086479,0.9361045001916452,0.8462889874516535,0.6778221778221778,,0.3113907306890864,0.4645866699000751
r5_final_inverse_map_complete_2026-08-31,fixed_black_box_contamination,credit_approval,svm,3,RidgeAIME,0.05,0.25,10,10,42,52,0.020787667017430067,0.7874396135265701,0.4226972987649577,144,63,0.00013883400242775679,X ~= Y A^T,SVD normal-system solve,2.0376614949704392,2.0373737567025203,36.05268649893902,36.062686498939016,73.46317106912865,73.47317106912864,36.062686498939016,7.347317106912864e-11,3.274121599626474,1,True,1.0,0.0,0.01,1.0,rms,7.211102550927978,1.2097046942187006,1.0998657619085617,0.0012350941652214953,0.14192712380391312,2.9594697602309767,1.720310948704035,-0.008514954268315833,0.09758933620280982,0.9407457372498539,0.8939267848977082,0.5384615384615384,0.13220075800820194,0.0,0.03287926187762854,0.13333333333333333,0.027777777777777776,1.0,1.0,0.8974492869644474,0.7594214559957999,0.5421245421245421,,0.3090707077354138,0.5150948049067395
r5_final_inverse_map_complete_2026-08-31,fixed_black_box_contamination,credit_approval,svm,3,HuberRidgeAIME,0.05,0.25,10,10,42,52,0.020787667017430067,0.7874396135265701,0.4226972987649577,144,63,0.000511458027176559,X ~= Y A^T,SVD normal-system solve,1.9994359116755063,1.9991477337798182,34.67121346672495,34.68121346672495,69.32286930673729,69.3328693067373,34.68121346672495,6.933286930673729e-11,3.1171016705818904,6,True,0.9394865535424041,0.1527777777777778,0.01,1.0,rms,7.211102550927978,1.203297225668363,1.096949053360439,0.006525273457656522,0.15106865591061863,2.9548764080892886,1.7189753948469677,-0.006949652136371887,0.10148359217513227,0.9891023257764482,0.9609136568770998,0.8181818181818182,0.1355958987816205,0.0,0.02856287963929559,0.0,1.0,0.2324817963624208,0.959686689461832,0.9383218400174798,0.8479936084171797,0.6132201132201132,,0.3008448889628636,0.49375096790166406
r5_final_inverse_map_complete_2026-08-31,fixed_black_box_contamination,credit_approval,svm,3,RidgeAIME,0.05,0.5,10,21,42,63,0.020787667017430067,0.7874396135265701,0.4226972987649577,144,63,0.00014366698451340199,X ~= Y A^T,SVD normal-system solve,2.0966465215937338,2.09633539039709,35.237076905977396,35.2470769059774,73.8796947260484,73.88969472604839,35.24707690597739,7.38896947260484e-11,3.9882965639156884,1,True,1.0,0.0,0.01,1.0,rms,7.937253933193772,1.0668929828704594,1.0329051180386606,-0.01244010146266894,0.14014303255182112,2.2188346193006536,1.489575315081669,-0.027354061745434866,0.07644125525248407,0.862618491330361,0.8018386735672111,0.8181818181818182,0.3756485038920549,0.19047619047619047,0.040118838058688565,0.13333333333333333,0.05555555555555555,1.0,1.0,0.8801723971431032,0.7913101195344747,0.6475191475191474,,0.3214607661677341,0.6007874443445962
r5_final_inverse_map_complete_2026-08-31,fixed_black_box_contamination,credit_approval,svm,3,HuberRidgeAIME,0.05,0.5,10,21,42,63,0.020787667017430067,0.7874396135265701,0.4226972987649577,144,63,0.0005684589268639684,X ~= Y A^T,SVD normal-system solve,2.0265752892414737,2.0262683629370857,33.43696347505853,33.446963475058524,67.76252392582333,67.77252392582334,33.44696347505853,6.777252392582334e-11,3.675943495694866,7,True,0.9141513155806132,0.16666666666666666,0.01,1.0,rms,7.937253933193772,1.038618473854382,1.0191263287023753,0.014391312031143744,0.18528823222924087,2.1872497462466005,1.4789353421453557,-0.012729786759125838,0.10993633878899649,0.9690758584037039,0.8761296687682446,1.0,0.3521491691578141,0.19047619047619047,0.03220185135793267,0.0,0.959375,0.2143457449399742,0.9553163491477096,0.9381007141315975,0.8447249608629894,0.7360972360972362,,0.30669696364243765,0.5653688270621352
r5_final_inverse_map_complete_2026-08-31,fixed_black_box_contamination,credit_approval,svm,3,RidgeAIME,0.1,0.0,21,0,42,42,0.020787667017430067,0.7874396135265701,0.4226972987649577,144,63,0.000139000010676682,X ~= Y A^T,SVD normal-system solve,2.0966465215937338,2.09633539039709,35.237076905977396,35.2470769059774,73.8796947260484,73.88969472604839,35.24707690597739,7.38896947260484e-11,3.906449257577316,1,True,1.0,0.0,0.01,1.0,rms,6.48074069840786,1.2040320949063634,1.0972839627490978,-0.03228496793247482,0.12167389240472888,4.807937802590301,2.1927010290028828,-0.028568008925903055,0.0454095936394831,0.8385878919310771,0.6921705505311392,0.5384615384615384,0.0,0.0,0.046399516968091276,0.13333333333333333,0.11805555555555555,1.0,1.0,0.8436103821774052,0.6770560851622373,0.4928071928071929,,0.3214607661677341,0.5917821874585238
r5_final_inverse_map_complete_2026-08-31,fixed_black_box_contamination,credit_approval,svm,3,HuberRidgeAIME,0.1,0.0,21,0,42,42,0.020787667017430067,0.7874396135265701,0.4226972987649577,144,63,0.00054379110224545,X ~= Y A^T,SVD normal-system solve,2.0932085072773843,2.092858540721519,31.227513669643276,31.23751366964327,65.36569727441811,65.37569727441812,31.237513669643274,6.537569727441811e-11,3.0779215998357277,7,True,0.8754763516590274,0.2361111111111111,0.01,1.0,rms,6.48074069840786,1.1592006863965365,1.0766618254570637,0.006151539941124162,0.16518153023806775,4.76180108398294,2.1821551466343863,-0.018697924339787786,0.06361714143586313,0.9784334674277076,0.9170044038301296,0.6666666666666666,0.0,0.0,0.03967860199407154,0.0,0.9720452509812372,0.26189392083193763,0.9576094329508428,0.9295157170623854,0.8132709542158831,0.5624042624042624,,0.3207398747504158,0.48825755337968296
r5_final_inverse_map_complete_2026-08-31,fixed_black_box_contamination,credit_approval,svm,3,RidgeAIME,0.1,0.25,21,10,42,52,0.020787667017430067,0.7874396135265701,0.4226972987649577,144,63,0.00013441697228699923,X ~= Y A^T,SVD normal-system solve,2.1084853529555003,2.108167411186162,34.854414174445374,34.86441417444537,73.49002177266264,73.50002177266263,34.86441417444538,7.350002177266264e-11,4.478803820703964,1,True,1.0,0.0,0.01,1.0,rms,7.211102550927978,0.8899414976871453,0.9433671065323114,-0.003973486705118434,0.18542864218432745,2.3745350097692026,1.540952630605238,0.00330830512111957,0.14478004029232636,0.8078236338319646,0.5199684102103496,0.17647058823529413,0.21043650906996406,0.3,0.05150745310680218,0.13333333333333333,0.1111111111111111,1.0,1.0,0.8418436013192014,0.6817553146077008,0.5076923076923076,,0.3239050955668244,0.6511620400174387
r5_final_inverse_map_complete_2026-08-31,fixed_black_box_contamination,credit_approval,svm,3,HuberRidgeAIME,0.1,0.25,21,10,42,52,0.020787667017430067,0.7874396135265701,0.4226972987649577,144,63,0.0005842079408466816,X ~= Y A^T,SVD normal-system solve,2.0660295514052844,2.065690062341585,31.390998305796437,31.40099830579644,64.85473014788866,64.86473014788865,31.40099830579643,6.486473014788866e-11,3.6088289962482847,7,True,0.8743937442619283,0.2777777777777778,0.01,1.0,rms,7.211102550927978,0.8475602035512932,0.9206303294761113,0.04383830289591528,0.23641465138129178,2.3420600203553152,1.5303790446668155,0.01693941694172263,0.17266563341188487,0.9732371724382631,0.8808299021239855,0.5384615384615384,0.23144007210729836,0.2,0.0345598418020784,0.0,0.9421724292863999,0.2514090436454546,0.9522668318389874,0.9329395051787112,0.8244002390506274,0.5010905760905761,,0.31506516020764025,0.5573663035764738
r5_final_inverse_map_complete_2026-08-31,fixed_black_box_contamination,credit_approval,svm,3,RidgeAIME,0.1,0.5,21,21,42,63,0.020787667017430067,0.7874396135265701,0.4226972987649577,144,63,0.0001444999361410737,X ~= Y A^T,SVD normal-system solve,1.9727305700724378,1.9724671656776764,36.919170105578374,36.929170105578365,72.83157548897893,72.84157548897893,36.929170105578365,7.284157548897893e-11,4.737196627925661,1,True,1.0,0.0,0.01,1.0,rms,7.937253933193772,1.0821217191205768,1.0402507962604868,-0.028254246399353367,0.12019897475773195,2.2798964863746907,1.5099326098785637,-0.01791683286164769,0.08547463047606794,0.8125666983948231,0.6531293133546057,0.3333333333333333,0.33222091190367115,0.14285714285714285,0.025153197237035536,0.0,0.11805555555555555,1.0,1.0,0.8518332952700659,0.7577140937019969,0.47018814518814517,,0.29500978253611554,0.675521411464464
r5_final_inverse_map_complete_2026-08-31,fixed_black_box_contamination,credit_approval,svm,3,HuberRidgeAIME,0.1,0.5,21,21,42,63,0.020787667017430067,0.7874396135265701,0.4226972987649577,144,63,0.0005773329176008701,X ~= Y A^T,SVD normal-system solve,1.93621212007104,1.9359289472524308,33.05151079988344,33.06151079988343,63.99473579739319,64.0047357973932,33.06151079988343,6.400473579739319e-11,3.5604651807983565,7,True,0.8841648071028188,0.2638888888888889,0.01,1.0,rms,7.937253933193772,1.050745419129226,1.025058739355568,0.00156015722302838,0.13853950791621406,2.2549180425711244,1.5016384526813118,-0.006764581626430788,0.08968272135103983,0.9749826931620734,0.9172037209665043,0.8181818181818182,0.3226688543051108,0.09523809523809523,0.03138034919099225,0.0,0.9637736807901625,0.3163406368853736,0.9601727668957051,0.9186739879886237,0.7987327188940092,0.5999000999000998,,0.2868894137252362,0.5515067429885367
r5_final_inverse_map_complete_2026-08-31,fixed_black_box_contamination,credit_approval,mlp,3,RidgeAIME,0.05,0.0,10,0,42,42,0.06792895891703665,0.8357487922705314,0.37410051874422956,144,63,0.00016629102174192667,X ~= Y A^T,SVD normal-system solve,1.757826562913946,1.7576477458522142,42.36999190755557,42.37999190755557,74.47909724555012,74.48909724555013,42.37999190755557,7.448909724555011e-11,3.1015667018628004,1,True,1.0,0.0,0.01,1.0,rms,6.48074069840786,0.7573571059080659,0.8702626648938043,0.01771436550868888,0.20841694844861675,4.111172632024862,2.0276026810065284,-0.010486750197174821,0.0707298546673763,0.9687152685127385,0.9553871783381217,0.8181818181818182,0.0,0.0,0.041159020222703735,0.0,0.027777777777777776,1.0,1.0,0.9063151225746594,0.7965693511606572,0.5805860805860805,,0.2449318415219829,0.4915811254782385
r5_final_inverse_map_complete_2026-08-31,fixed_black_box_contamination,credit_approval,mlp,3,HuberRidgeAIME,0.05,0.0,10,0,42,42,0.06792895891703665,0.8357487922705314,0.37410051874422956,144,63,0.0008678339654579759,X ~= Y A^T,SVD normal-system solve,1.7493326649844727,1.7491466473925301,40.27289244906875,40.282892449068754,70.45068627456249,70.46068627456248,40.282892449068754,7.046068627456248e-11,2.907915909345122,7,True,0.9471838458602336,0.1597222222222222,0.01,1.0,rms,6.48074069840786,0.7515387732731864,0.8669133597270182,0.025260692755571523,0.21734107440008016,4.103196494258852,2.0256348373433086,-0.008526292135278668,0.07529831025292666,0.9894872725416093,0.9415292423388156,0.8181818181818182,0.0,0.0,0.031854503957650326,0.0,1.0,0.23595346398476938,0.9675047139138182,0.9368286538581186,0.853570697037499,0.5957375957375958,,0.24282622199068263,0.4635818435090671
r5_final_inverse_map_complete_2026-08-31,fixed_black_box_contamination,credit_approval,mlp,3,RidgeAIME,0.05,0.25,10,10,42,52,0.06792895891703665,0.8357487922705314,0.37410051874422956,144,63,0.00013408297672867775,X ~= Y A^T,SVD normal-system solve,1.8422766545705287,1.842067352544508,40.232164425558175,40.24216442555818,74.11877728404875,74.12877728404874,40.24216442555817,7.412877728404874e-11,4.212014259778795,1,True,1.0,0.0,0.01,1.0,rms,7.211102550927978,1.0164582799010116,1.0081955563783307,0.009347937870333611,0.1981113112045656,1.7916067936675355,1.3385091683165773,0.004124933385558194,0.15849248979873268,0.8958288478093377,0.8285195905876838,0.5384615384615384,0.27442539703678476,0.4,0.034220599707547796,0.13333333333333333,0.04861111111111111,1.0,1.0,0.9227003026600386,0.8313158599457351,0.637029637029637,,0.2653055055045098,0.6244898328203722
r5_final_inverse_map_complete_2026-08-31,fixed_black_box_contamination,credit_approval,mlp,3,HuberRidgeAIME,0.05,0.25,10,10,42,52,0.06792895891703665,0.8357487922705314,0.37410051874422956,144,63,0.000581582891754806,X ~= Y A^T,SVD normal-system solve,1.8204035927955577,1.8201884157241002,38.116905772806334,38.126905772806325,69.38815221506638,69.39815221506639,38.126905772806325,6.939815221506637e-11,3.7377908936639814,7,True,0.940623323597396,0.1388888888888889,0.01,1.0,rms,7.211102550927978,0.983427145222342,0.9916789526970621,0.04154046591692828,0.2375930498082864,1.761782134910614,1.3273214135659133,0.020703143588423734,0.18557857499293998,0.9867076310791706,0.9612552088056115,0.8181818181818182,0.2835846043660114,0.3,0.02462979742535685,0.0,0.9999999999999998,0.22861138196631905,0.977003495797524,0.9610608517451048,0.8756893875252821,0.7198135198135198,,0.260116346047685,0.5726150016259993
r5_final_inverse_map_complete_2026-08-31,fixed_black_box_contamination,credit_approval,mlp,3,RidgeAIME,0.05,0.5,10,21,42,63,0.06792895891703665,0.8357487922705314,0.37410051874422956,144,63,0.0001465840032324195,X ~= Y A^T,SVD normal-system solve,1.7597155207736526,1.7595335207376577,41.73260277609936,41.742602776099375,73.43750882738367,73.44750882738366,41.742602776099375,7.344750882738366e-11,4.371186813796454,1,True,1.0,0.0,0.01,1.0,rms,7.937253933193772,0.781862023976681,0.8842296217480395,-0.04857543276822884,0.13353855959101732,2.21233215529001,1.487391056612218,-0.02813661081276475,0.07697566719206823,0.8861428810830376,0.6384628326003543,0.3333333333333333,0.3458955016432352,0.19047619047619047,0.03543788724595805,0.06666666666666667,0.04861111111111111,1.0,1.0,0.8912981124362286,0.7526702615672887,0.552880452880453,,0.24539754496076588,0.6405993675665739
r5_final_inverse_map_complete_2026-08-31,fixed_black_box_contamination,credit_approval,mlp,3,HuberRidgeAIME,0.05,0.5,10,21,42,63,0.06792895891703665,0.8357487922705314,0.37410051874422956,144,63,0.0005883750272914767,X ~= Y A^T,SVD normal-system solve,1.7635091817963782,1.7633143278865242,39.17367264839655,39.18367264839655,69.08313140013296,69.09313140013295,39.18367264839655,6.909313140013294e-11,3.6442227350923986,7,True,0.9371096014319011,0.2152777777777778,0.01,1.0,rms,7.937253933193772,0.7498086600311274,0.8659149265552173,-0.0055878352891514105,0.15736812437906397,2.177212185128316,1.4755379307656975,-0.011815315202813315,0.0946940425209897,0.987621986235478,0.9479369218787621,0.5384615384615384,0.3117952883887273,0.14285714285714285,0.02649009603143716,0.0,1.0,0.1999654182996862,0.9747739027598247,0.9362110649209768,0.8398963307497149,0.5742590742590743,,0.24632973640522646,0.5616049132146114
r5_final_inverse_map_complete_2026-08-31,fixed_black_box_contamination,credit_approval,mlp,3,RidgeAIME,0.1,0.0,21,0,42,42,0.06792895891703665,0.8357487922705314,0.37410051874422956,144,63,0.0001332079991698265,X ~= Y A^T,SVD normal-system solve,1.7597155207736526,1.7595335207376577,41.73260277609936,41.742602776099375,73.43750882738367,73.44750882738366,41.742602776099375,7.344750882738366e-11,3.823568119238561,1,True,1.0,0.0,0.01,1.0,rms,6.48074069840786,0.8924754900643093,0.9447092092619344,-0.04388344296909885,0.13568089953242252,4.609437520116138,2.146960064862907,-0.011693991213510557,0.0821590055928932,0.8053884051188496,0.8049927292593998,0.6666666666666666,0.0,0.0,0.04546564762568126,0.06666666666666667,0.09027777777777778,1.0,1.0,0.8196493094208084,0.7625969198404918,0.554945054945055,,0.24539754496076588,0.5824688318195453
r5_final_inverse_map_complete_2026-08-31,fixed_black_box_contamination,credit_approval,mlp,3,HuberRidgeAIME,0.1,0.0,21,0,42,42,0.06792895891703665,0.8357487922705314,0.37410051874422956,144,63,0.000532084028236568,X ~= Y A^T,SVD normal-system solve,1.8309236861737646,1.8306977708587628,36.77031682665472,36.780316826654726,67.32364402603586,67.33364402603586,36.78031682665472,6.733364402603587e-11,3.1787490246775207,7,True,0.9034984925702582,0.20833333333333334,0.01,1.0,rms,6.48074069840786,0.8539953743120757,0.9241187014188577,0.001124802259457991,0.16878808526541378,4.590417772818841,2.142526026170707,-0.007519476650486245,0.08513546590312768,0.9821662860620268,0.8984438586226788,0.8181818181818182,0.0,0.0,0.0366907737492687,0.0,0.9897435897435896,0.2454390380152079,0.9688021025642708,0.9365147873948217,0.8128768563136362,0.6282051282051282,,0.26261665272209517,0.5022562399309974
r5_final_inverse_map_complete_2026-08-31,fixed_black_box_contamination,credit_approval,mlp,3,RidgeAIME,0.1,0.25,21,10,42,52,0.06792895891703665,0.8357487922705314,0.37410051874422956,144,63,0.00012712494935840368,X ~= Y A^T,SVD normal-system solve,1.8154752832477041,1.8152758246408058,40.874436923036534,40.88443692303654,74.20652995044017,74.21652995044016,40.88443692303654,7.421652995044016e-11,4.27803628865865,1,True,1.0,0.0,0.01,1.0,rms,7.211102550927978,0.7903744728481643,0.8890300742090587,-0.002467696427719712,0.20079331317623295,3.3747096318837064,1.837038277196125,-0.019053692567372993,0.0821246239965973,0.7515286129279111,0.5559563716066817,0.42857142857142855,0.20254249750880238,0.1,0.03551358626570369,0.13333333333333333,0.1111111111111111,1.0,1.0,0.8326666701117322,0.7384973269726295,0.44661172161172163,,0.25894262387254496,0.6312444641759872
r5_final_inverse_map_complete_2026-08-31,fixed_black_box_contamination,credit_approval,mlp,3,HuberRidgeAIME,0.1,0.25,21,10,42,52,0.06792895891703665,0.8357487922705314,0.37410051874422956,144,63,0.0005403750110417604,X ~= Y A^T,SVD normal-system solve,1.7720434828330167,1.7718333487890965,36.7305237355795,36.740523735579494,65.08808520667709,65.0980852066771,36.7405237355795,6.509808520667709e-11,3.4170883768300517,7,True,0.8819613009850861,0.2152777777777778,0.01,1.0,rms,7.211102550927978,0.751441087195169,0.8668570165806867,0.04691327774398546,0.24780789963289385,3.33854474369234,1.827168504460478,-0.008133060313709306,0.09759485211092682,0.9737379156377424,0.850434376009883,0.5384615384615384,0.19888690110141374,0.1,0.028671804158661652,0.0,0.9820586622807017,0.1995181285704591,0.9672666975369144,0.9303527045203962,0.840905065191748,0.4945054945054944,,0.24842287155505646,0.5336562111877825
r5_final_inverse_map_complete_2026-08-31,fixed_black_box_contamination,credit_approval,mlp,3,RidgeAIME,0.1,0.5,21,21,42,63,0.06792895891703665,0.8357487922705314,0.37410051874422956,144,63,0.00014216697309166193,X ~= Y A^T,SVD normal-system solve,1.8691270378126466,1.8689116522632296,40.342151765332076,40.35215176533208,75.40460662812337,75.41460662812338,40.352151765332074,7.54146066281234e-11,4.601589363402733,1,True,1.0,0.0,0.01,1.0,rms,7.937253933193772,0.828005482627137,0.9099480658955966,-0.0019405790901370068,0.18958122789431647,3.406606902359262,1.8456995699081857,-0.016184774780268363,0.10022173695387905,0.9080157570993423,0.7902790284149935,0.6666666666666666,0.31381384847600774,0.14285714285714285,0.034665151133735896,0.13333333333333333,0.1111111111111111,1.0,1.0,0.8790056101877081,0.7105799229048784,0.6346986346986347,,0.2715887717686408,0.6629078604940216
r5_final_inverse_map_complete_2026-08-31,fixed_black_box_contamination,credit_approval,mlp,3,HuberRidgeAIME,0.1,0.5,21,21,42,63,0.06792895891703665,0.8357487922705314,0.37410051874422956,144,63,0.0008285000221803784,X ~= Y A^T,SVD normal-system solve,1.851992038433183,1.8517582689051348,36.4358124867139,36.445812486713905,67.4788346392385,67.48883463923849,36.44581248671391,6.748883463923849e-11,3.653936625082287,7,True,0.8931224265439476,0.2222222222222222,0.01,1.0,rms,7.937253933193772,0.8016524735513246,0.8953504752616847,0.029948278807772954,0.20996570198835413,3.371165647022356,1.8360734318164826,-0.005612711403210957,0.1220720187484248,0.9856257537778931,0.9057065712440812,0.8181818181818182,0.32109119289578586,0.09523809523809523,0.03077027253729973,0.06666666666666667,0.9851190476190477,0.2754694400632456,0.9703290498540352,0.930059536700534,0.7669094691023115,0.6713286713286714,,0.26758429264149564,0.5627610105546309
r5_final_inverse_map_complete_2026-08-31,fixed_black_box_contamination,credit_approval,lgbm,4,RidgeAIME,0.05,0.0,10,0,42,42,1.2680815419880673,0.8743961352657005,0.3870374321374709,144,63,0.00014949997421354055,X ~= Y A^T,SVD normal-system solve,1.522006138665955,1.52190519418934,51.70220419113027,51.712204191130276,78.69107216146094,78.70107216146093,51.712204191130276,7.870107216146092e-11,2.7164590480600572,1,True,1.0,0.0,0.01,1.0,rms,6.48074069840786,1.0122427221420227,1.0061027393571804,-0.008202618373868376,0.15267413231816596,2.2769595103454106,1.5089597444416503,-0.010065488983578952,0.10536068326750633,0.9050926043708828,0.723368051051495,0.5384615384615384,0.0,0.0,0.044797709315516396,0.06666666666666667,0.041666666666666664,1.0,1.0,0.849961635708372,0.6369238601355007,0.5495837495837494,,0.18238759926580625,0.43400316221877333
r5_final_inverse_map_complete_2026-08-31,fixed_black_box_contamination,credit_approval,lgbm,4,HuberRidgeAIME,0.05,0.0,10,0,42,42,1.2680815419880673,0.8743961352657005,0.3870374321374709,144,63,0.0005847909487783909,X ~= Y A^T,SVD normal-system solve,1.490261367483576,1.490160579668715,48.63292059100115,48.64292059100115,72.47576274466554,72.48576274466555,48.64292059100114,7.248576274466554e-11,2.368813599460572,7,True,0.9282221325348272,0.19444444444444445,0.01,1.0,rms,6.48074069840786,0.9812295099210202,0.9905702952950993,0.022686812670133727,0.19887645908797325,2.2447310048884024,1.4982426388567383,0.004231164503555318,0.13857155648769742,0.9811463280703091,0.9151100193225948,0.6666666666666666,0.0,0.0,0.04114928644567471,0.0,0.976190476190476,0.20056834938359525,0.9598592535414027,0.902027518518454,0.7303791403065543,0.6067266067266067,,0.1732330704970825,0.37453088769166554
r5_final_inverse_map_complete_2026-08-31,fixed_black_box_contamination,credit_approval,lgbm,4,RidgeAIME,0.05,0.25,10,10,42,52,1.2680815419880673,0.8743961352657005,0.3870374321374709,144,63,0.00015524995978921652,X ~= Y A^T,SVD normal-system solve,1.6854522078108864,1.6853113269608042,48.644746717526345,48.65474671752634,81.98839575345615,81.99839575345615,48.65474671752633,8.199839575345616e-11,2.7848088095642503,1,True,1.0,0.0,0.01,1.0,rms,7.211102550927978,0.8265284461085962,0.909136098782023,0.03542497439414072,0.21337152132187975,2.8476062416106305,1.6874851826343928,0.00536752412983732,0.12329832801867902,0.9507566197546881,0.7708595716886932,0.6666666666666666,0.20550001181685357,0.2,0.025219745584648106,0.0,0.034722222222222224,1.0,1.0,0.8752164078918255,0.7104280411399821,0.5234432234432235,,0.2266801396832932,0.4447953841411739
r5_final_inverse_map_complete_2026-08-31,fixed_black_box_contamination,credit_approval,lgbm,4,HuberRidgeAIME,0.05,0.25,10,10,42,52,1.2680815419880673,0.8743961352657005,0.3870374321374709,144,63,0.0005897920345887542,X ~= Y A^T,SVD normal-system solve,1.7346040251029475,1.7344377923967083,44.181305172172245,44.19130517217224,76.63706978595165,76.64706978595166,44.19130517217224,7.664706978595165e-11,2.526082568174571,7,True,0.9244247009802982,0.2638888888888889,0.01,1.0,rms,7.211102550927978,0.8146115227211832,0.9025583209528253,0.04933225941944852,0.23716453358144582,2.8367495441947455,1.6842652832005847,0.009159629819431192,0.13563826461445036,0.9800294406442688,0.8679801080785573,1.0,0.18886219531659618,0.2,0.0246089865227987,0.0,0.8766666666666667,0.2882893000128514,0.9473072693604222,0.8922135197242078,0.7363312180674564,0.5939060939060938,,0.23915872798705892,0.4024475419107387
r5_final_inverse_map_complete_2026-08-31,fixed_black_box_contamination,credit_approval,lgbm,4,RidgeAIME,0.05,0.5,10,21,42,63,1.2680815419880673,0.8743961352657005,0.3870374321374709,144,63,0.00014529202599078417,X ~= Y A^T,SVD normal-system solve,1.5321435669856218,1.5320423825464287,52.581443035250196,52.59144303525021,80.56231968927952,80.57231968927951,52.59144303525021,8.057231968927951e-11,3.3017095999512693,1,True,1.0,0.0,0.01,1.0,rms,7.937253933193772,1.1370015344163023,1.0663027405086711,-0.008153586453425676,0.13027768911488644,1.752336220784194,1.3237583694859851,-0.01863437595501849,0.09195264820798889,0.7442207249041917,0.7417488797705233,0.42857142857142855,0.295275665307223,0.14285714285714285,0.02093001759770102,0.0,0.04861111111111111,1.0,1.0,0.8250388871682983,0.6789860663735718,0.5537462537462539,,0.18527077982102447,0.5187388724746503
r5_final_inverse_map_complete_2026-08-31,fixed_black_box_contamination,credit_approval,lgbm,4,HuberRidgeAIME,0.05,0.5,10,21,42,63,1.2680815419880673,0.8743961352657005,0.3870374321374709,144,63,0.0005773750599473715,X ~= Y A^T,SVD normal-system solve,1.7032867419689746,1.703134532011941,46.19504175122611,46.205041751226105,78.68340215956667,78.69340215956667,46.205041751226105,7.869340215956667e-11,2.637403816476752,7,True,0.9373213772476243,0.1875,0.01,1.0,rms,7.937253933193772,1.1132777530181648,1.0551197813604694,0.012881754816406077,0.1663472385998944,1.7290920100979839,1.3149494325250626,-0.005122498630289796,0.117088119087962,0.9713270403283141,0.9084035452370544,0.5384615384615384,0.27306937086404026,0.047619047619047616,0.02522587302130628,0.0,0.9999999999999998,0.2376109786010645,0.9730730034558426,0.8894865142216126,0.7239481714545525,0.47442361560008617,,0.23124895459958594,0.42117663030192776
r5_final_inverse_map_complete_2026-08-31,fixed_black_box_contamination,credit_approval,lgbm,4,RidgeAIME,0.1,0.0,21,0,42,42,1.2680815419880673,0.8743961352657005,0.3870374321374709,144,63,0.00013733399100601673,X ~= Y A^T,SVD normal-system solve,1.5321435669856218,1.5320423825464287,52.581443035250196,52.59144303525021,80.56231968927952,80.57231968927951,52.59144303525021,8.057231968927951e-11,3.009816508446207,1,True,1.0,0.0,0.01,1.0,rms,6.48074069840786,1.1668605509763186,1.0802131970015543,-0.008430999881058332,0.14342652951528576,3.7031448340501067,1.9243556932256851,-0.007902722838057263,0.08553941306499352,0.7971976157973085,0.4927865277786097,0.42857142857142855,0.0,0.0,0.05273152080567656,0.2,0.09722222222222222,1.0,1.0,0.8307822118748236,0.657494207131557,0.4089474251238957,,0.18527077982102447,0.4785400199133302
r5_final_inverse_map_complete_2026-08-31,fixed_black_box_contamination,credit_approval,lgbm,4,HuberRidgeAIME,0.1,0.0,21,0,42,42,1.2680815419880673,0.8743961352657005,0.3870374321374709,144,63,0.0005460840184241533,X ~= Y A^T,SVD normal-system solve,1.596610494014893,1.5964803008906285,45.8150385633804,45.82503856338039,73.14877135399016,73.15877135399018,45.825038563380396,7.315877135399016e-11,2.4495379170234224,7,True,0.8956786347645311,0.25,0.01,1.0,rms,6.48074069840786,1.131729854975242,1.063827925453756,0.021929854177501706,0.18903153805451334,3.6768105348561217,1.917501117302444,-0.0007351900919452259,0.10248926604520094,0.975210224109446,0.8911493212049035,0.6666666666666666,0.0,0.0,0.04279964384892736,0.13333333333333333,0.995238095238095,0.2535653978333343,0.9648292910494292,0.9022685175004049,0.6830833247017007,0.5249084249084249,,0.2031635641111167,0.3890841663996539
r5_final_inverse_map_complete_2026-08-31,fixed_black_box_contamination,credit_approval,lgbm,4,RidgeAIME,0.1,0.25,21,10,42,52,1.2680815419880673,0.8743961352657005,0.3870374321374709,144,63,0.00013791699893772602,X ~= Y A^T,SVD normal-system solve,1.5019059249910507,1.501810591705663,52.637501127104564,52.64750112710456,79.05657481952146,79.06657481952146,52.647501127104555,7.906657481952147e-11,3.0276159991873928,1,True,1.0,0.0,0.01,1.0,rms,7.211102550927978,0.9395540139254946,0.9693059444393677,-0.007766702603114739,0.1577058910028512,3.9630119300350914,1.9907315062647428,-0.013577097535679927,0.09914273803732213,0.9067408128178785,0.7763309631194901,0.8181818181818182,0.18588865724596515,0.2,0.04186326736454606,0.13333333333333333,0.09722222222222222,1.0,1.0,0.8768011189260845,0.7075557073337317,0.541891441891442,,0.1766151629184234,0.4811007915646844
r5_final_inverse_map_complete_2026-08-31,fixed_black_box_contamination,credit_approval,lgbm,4,HuberRidgeAIME,0.1,0.25,21,10,42,52,1.2680815419880673,0.8743961352657005,0.3870374321374709,144,63,0.0006275420309975743,X ~= Y A^T,SVD normal-system solve,1.5397974231645777,1.539681504845617,46.55705066142388,46.56705066142388,71.68842663860319,71.6984266386032,46.56705066142388,7.16984266386032e-11,2.8237018712305177,8,True,0.8894411155491435,0.2708333333333333,0.01,1.0,rms,7.211102550927978,0.9206007788766423,0.9594794311899772,0.012562558839813276,0.1897853562269269,3.9475439102323895,1.986842698915138,-0.009621007851108088,0.1130170043203475,0.9760436306818517,0.8978354682359699,0.8181818181818182,0.1780400513105912,0.2,0.038218052066194504,0.06666666666666667,0.9804748822605965,0.26908315440229724,0.9562488959803422,0.9230029764879888,0.8346196533765899,0.6531468531468533,,0.1874308929186495,0.45081884163107044
r5_final_inverse_map_complete_2026-08-31,fixed_black_box_contamination,credit_approval,lgbm,4,RidgeAIME,0.1,0.5,21,21,42,63,1.2680815419880673,0.8743961352657005,0.3870374321374709,144,63,0.00022183300461620092,X ~= Y A^T,SVD normal-system solve,1.5369367811155124,1.5368335757125267,52.01603406225037,52.02603406225037,79.94535595802994,79.95535595802994,52.02603406225037,7.995535595802994e-11,3.5163864745256954,1,True,1.0,0.0,0.01,1.0,rms,7.937253933193772,0.8782507107211897,0.9371503138350804,-0.0064562807288108814,0.1597459560602767,4.96331878811239,2.2278507104634255,-0.00883487264415761,0.07718061886746927,0.8428513248906055,0.5207800783453338,0.42857142857142855,0.28624103214919133,0.09523809523809523,0.03995621189529426,0.13333333333333333,0.08333333333333333,1.0,1.0,0.8521137284099376,0.6193723146386714,0.5294372294372295,,0.18662684013278158,0.5460966009096948
r5_final_inverse_map_complete_2026-08-31,fixed_black_box_contamination,credit_approval,lgbm,4,HuberRidgeAIME,0.1,0.5,21,21,42,63,1.2680815419880673,0.8743961352657005,0.3870374321374709,144,63,0.0005849589360877872,X ~= Y A^T,SVD normal-system solve,1.5741921485823858,1.5740667787265443,45.78985712864281,45.79985712864279,72.0820335766187,72.09203357661872,45.7998571286428,7.20920335766187e-11,3.062243122023916,7,True,0.8947328571250553,0.2847222222222222,0.01,1.0,rms,7.937253933193772,0.8504232143826137,0.9221839373913502,0.025433426987929053,0.20209998192188977,4.93367511306096,2.221187770779625,-0.0028095548231785727,0.09820888704638082,0.9690198124481205,0.8739513957059477,0.5384615384615384,0.3279180737228056,0.09523809523809523,0.03326458663290981,0.06666666666666667,0.9263392857142858,0.3083186560587321,0.9480432390401758,0.9177599784985988,0.7396008268905009,0.6067266067266067,,0.1970231530657717,0.48603966786513736
r5_final_inverse_map_complete_2026-08-31,fixed_black_box_contamination,credit_approval,svm,4,RidgeAIME,0.05,0.0,10,0,42,42,0.024462125031277537,0.8309178743961353,0.3934371003698126,144,63,0.00013108295388519764,X ~= Y A^T,SVD normal-system solve,2.019850411742286,2.0195661083789282,35.86190808072605,35.871908080726044,72.43568980271853,72.44568980271853,35.871908080726044,7.244568980271853e-11,3.217769466952588,1,True,1.0,0.0,0.01,1.0,rms,6.48074069840786,0.8455096073263322,0.9195159636060334,0.006144627652360235,0.18398910624260204,2.126411349284858,1.4582219821703615,-0.011685353388817488,0.10785054985112681,0.849657010750579,0.6895769372270412,0.3333333333333333,0.0,0.0,0.03480178802123062,0.06666666666666667,0.04861111111111111,1.0,1.0,0.8397188312806142,0.6325361895740615,0.49926739926739927,,0.30525807391317067,0.5075549263954657
r5_final_inverse_map_complete_2026-08-31,fixed_black_box_contamination,credit_approval,svm,4,HuberRidgeAIME,0.05,0.0,10,0,42,42,0.024462125031277537,0.8309178743961353,0.3934371003698126,144,63,0.0012045000912621617,X ~= Y A^T,SVD normal-system solve,1.9911149416305063,1.9908207393449129,33.67821352400583,33.68821352400583,67.05719415507059,67.06719415507058,33.688213524005825,6.706719415507058e-11,2.8353316172363834,7,True,0.9232656766477807,0.19444444444444445,0.01,1.0,rms,6.48074069840786,0.8278180689430278,0.9098450796388514,0.026940169553938298,0.2120185386386347,2.103626308377068,1.4503883301988707,-0.0008448863406478324,0.13177725253265796,0.9849062635644942,0.9168423029986238,0.8181818181818182,0.0,0.0,0.032040304911557516,0.0,0.9999999999999998,0.2353355007909663,0.9584153936623624,0.9223472776051149,0.7926743564406981,0.5852480852480852,,0.2990321563517418,0.45260386079977355
r5_final_inverse_map_complete_2026-08-31,fixed_black_box_contamination,credit_approval,svm,4,RidgeAIME,0.05,0.25,10,10,42,52,0.024462125031277537,0.8309178743961353,0.3934371003698126,144,63,0.0001538749784231186,X ~= Y A^T,SVD normal-system solve,1.9966282201043384,1.9963525242376419,36.13955247776883,36.14955247776883,72.15725033905491,72.1672503390549,36.149552477768836,7.216725033905491e-11,3.2419318026269677,1,True,1.0,0.0,0.01,1.0,rms,7.211102550927978,0.9217405114036885,0.9600731802335114,-0.0027160432827866288,0.1390887016977345,2.3523692303907455,1.5337435347510826,-0.011675436308273612,0.08169754270291256,0.8912247629404387,0.7741536160495884,0.42857142857142855,0.14654381161127752,0.1,0.03376105047959318,0.0,0.04861111111111111,1.0,1.0,0.8532362106573483,0.6995951736615549,0.5733932733932734,,0.30023723325039575,0.5108038747770532
r5_final_inverse_map_complete_2026-08-31,fixed_black_box_contamination,credit_approval,svm,4,HuberRidgeAIME,0.05,0.25,10,10,42,52,0.024462125031277537,0.8309178743961353,0.3934371003698126,144,63,0.0005363330710679293,X ~= Y A^T,SVD normal-system solve,1.9314026678514407,1.9311334147443966,34.582086163041545,34.59208616304155,66.79193347516683,66.80193347516682,34.59208616304154,6.680193347516684e-11,3.0057552488003756,7,True,0.9253954549493036,0.19444444444444445,0.01,1.0,rms,7.211102550927978,0.9160870456533035,0.9571243626892503,0.003434083285294931,0.14276635007143718,2.3406525346342204,1.529919126828023,-0.006636476803772551,0.09253928269709649,0.9882699009158347,0.9579046315173779,0.8181818181818182,0.1406748438899743,0.0,0.03007527427675405,0.0,0.9999999999999998,0.23630581964494585,0.9606044144174096,0.9143461962431806,0.8199241858471285,0.5831834831834832,,0.2858122785881866,0.477953614167406
r5_final_inverse_map_complete_2026-08-31,fixed_black_box_contamination,credit_approval,svm,4,RidgeAIME,0.05,0.5,10,21,42,63,0.024462125031277537,0.8309178743961353,0.3934371003698126,144,63,0.0001490419963374734,X ~= Y A^T,SVD normal-system solve,1.9498958827424562,1.949639215440313,36.998838866994845,37.00883886699485,72.14388357300481,72.1538835730048,37.008838866994836,7.21538835730048e-11,3.8293050834514126,1,True,1.0,0.0,0.01,1.0,rms,7.937253933193772,0.8081677054611422,0.8989814822682068,0.023410083249654545,0.19974689842079132,0.9281714102517836,0.9634165299867881,0.022641222297776653,0.19118897006755664,0.8888372616394795,0.6961510316059348,0.42857142857142855,0.36124487943790234,0.19047619047619047,0.04193132985094149,0.13333333333333333,0.0625,1.0,1.0,0.8663632642841463,0.7163909737035716,0.4362637362637362,,0.2899542517521958,0.5831199682754236
r5_final_inverse_map_complete_2026-08-31,fixed_black_box_contamination,credit_approval,svm,4,HuberRidgeAIME,0.05,0.5,10,21,42,63,0.024462125031277537,0.8309178743961353,0.3934371003698126,144,63,0.0008064160356298089,X ~= Y A^T,SVD normal-system solve,1.886847139155628,1.8865931995310419,34.913542972008145,34.923542972008136,65.87651867452065,65.88651867452066,34.92354297200814,6.588651867452064e-11,3.549158544843118,7,True,0.9134724760358056,0.2777777777777778,0.01,1.0,rms,7.937253933193772,0.7972876375993908,0.8929096469404901,0.036557558081357966,0.21873318396842145,0.9165494759818762,0.9573659049610427,0.034879047495916526,0.21109567256390377,0.9894780744490308,0.9540211968546267,0.8181818181818182,0.3747405581039163,0.09523809523809523,0.027589631329620272,0.0,0.9888888888888889,0.24107898622755336,0.9582987086896891,0.9323032103671023,0.8160706825247945,0.609057609057609,,0.2756782646349487,0.5501254001964403
r5_final_inverse_map_complete_2026-08-31,fixed_black_box_contamination,credit_approval,svm,4,RidgeAIME,0.1,0.0,21,0,42,42,0.024462125031277537,0.8309178743961353,0.3934371003698126,144,63,0.00012745894491672516,X ~= Y A^T,SVD normal-system solve,1.9498958827424562,1.949639215440313,36.998838866994845,37.00883886699485,72.14388357300481,72.1538835730048,37.008838866994836,7.21538835730048e-11,3.7249782437846917,1,True,1.0,0.0,0.01,1.0,rms,6.48074069840786,0.8384887305199297,0.9156903027333694,0.013318996079445311,0.19245945299307196,4.0168646366891485,2.0042117245164364,-0.010537624229851827,0.07393013126874029,0.8460108122492702,0.5365537522852624,0.5384615384615384,0.0,0.0,0.03994808118734269,0.06666666666666667,0.09027777777777778,1.0,1.0,0.857458570382251,0.7219810402123505,0.5201465201465201,,0.2899542517521958,0.571123740538849
r5_final_inverse_map_complete_2026-08-31,fixed_black_box_contamination,credit_approval,svm,4,HuberRidgeAIME,0.1,0.0,21,0,42,42,0.024462125031277537,0.8309178743961353,0.3934371003698126,144,63,0.0005507919704541564,X ~= Y A^T,SVD normal-system solve,1.891972257682229,1.891709782518049,33.97311076278969,33.983110762789686,64.27618307036364,64.28618307036365,33.983110762789686,6.428618307036365e-11,2.9179579201651427,7,True,0.8907787563790307,0.2638888888888889,0.01,1.0,rms,6.48074069840786,0.8231978513034054,0.9073025136653184,0.03131234471614408,0.20512648768616748,4.00048718303311,2.000121792049952,-0.006417487106648023,0.0770702869271709,0.9835748476943941,0.91992221879724,1.0,0.0,0.0,0.03673276898441304,0.0,0.9999999999999998,0.2261428232592608,0.9567349940168706,0.9315285418618066,0.8331643758501812,0.6067266067266067,,0.2768545096985974,0.46507902464727197
r5_final_inverse_map_complete_2026-08-31,fixed_black_box_contamination,credit_approval,svm,4,RidgeAIME,0.1,0.25,21,10,42,52,0.024462125031277537,0.8309178743961353,0.3934371003698126,144,63,0.00014929194003343582,X ~= Y A^T,SVD normal-system solve,2.0043861977112294,2.0041068436411855,35.943877369696075,35.953877369696066,72.04541169204383,72.05541169204383,35.95387736969608,7.205541169204382e-11,3.74011331093327,1,True,1.0,0.0,0.01,1.0,rms,7.211102550927978,0.9469517375253512,0.9731144524285678,-0.027391078289186854,0.12170920024659143,7.258552822267414,2.694170154661248,-0.021596921898469068,0.029954385540976628,0.747107112586669,0.6444520396111254,0.3333333333333333,0.14084817461450364,0.2,0.034903275605563014,0.06666666666666667,0.06944444444444445,1.0,1.0,0.8259944434576143,0.6843829060158713,0.5802114552114552,,0.30192087107089777,0.5728847598388785
r5_final_inverse_map_complete_2026-08-31,fixed_black_box_contamination,credit_approval,svm,4,HuberRidgeAIME,0.1,0.25,21,10,42,52,0.024462125031277537,0.8309178743961353,0.3934371003698126,144,63,0.0005992910591885448,X ~= Y A^T,SVD normal-system solve,1.991318966676731,1.9910196425293345,33.10857647631554,33.11857647631554,65.92973629695419,65.9397362969542,33.11857647631553,6.593973629695418e-11,2.9878649206901873,7,True,0.9148341159249817,0.20833333333333334,0.01,1.0,rms,7.211102550927978,0.9182508945214932,0.9582540866187282,0.003747773748404848,0.15295837229755396,7.1931249487383635,2.6820001768714268,-0.01238834880679307,0.06914725045538896,0.976841426520657,0.8940357841335924,0.8181818181818182,0.1398789593071143,0.1,0.0310261341729862,0.06666666666666667,0.9999999999999999,0.2207334169712834,0.9666326755483918,0.912425281705984,0.7286802053328731,0.6025641025641025,,0.2990755446080327,0.47536095943354356
r5_final_inverse_map_complete_2026-08-31,fixed_black_box_contamination,credit_approval,svm,4,RidgeAIME,0.1,0.5,21,21,42,63,0.024462125031277537,0.8309178743961353,0.3934371003698126,144,63,0.00015641702339053154,X ~= Y A^T,SVD normal-system solve,1.9814138603818467,1.9811438861632706,36.342132642879236,36.35213264287924,72.00880533443647,72.01880533443646,36.35213264287925,7.201880533443647e-11,3.726566154115236,1,True,1.0,0.0,0.01,1.0,rms,7.937253933193772,0.8315528392368079,0.9118951909275582,-1.7534045922751318e-05,0.15642388456937395,4.141345494611174,2.0350296053402204,0.0008144301913407537,0.11035485713730686,0.9027067451286002,0.6822927935886715,0.5384615384615384,0.2929311779548341,0.09523809523809523,0.034967688898741675,0.0,0.09722222222222222,1.0,1.0,0.8807602164363215,0.7170362903225806,0.4797119547119547,,0.2969160185458449,0.5713088352434973
r5_final_inverse_map_complete_2026-08-31,fixed_black_box_contamination,credit_approval,svm,4,HuberRidgeAIME,0.1,0.5,21,21,42,63,0.024462125031277537,0.8309178743961353,0.3934371003698126,144,63,0.0005923339631408453,X ~= Y A^T,SVD normal-system solve,1.9050700923836645,1.9048018333654206,33.72866415783578,33.73866415783578,64.2554693431458,64.2654693431458,33.738664157835785,6.42654693431458e-11,3.3954751928956415,7,True,0.8923362586584604,0.2847222222222222,0.01,1.0,rms,7.937253933193772,0.8208635853889187,0.9060152235966671,0.01283726094650084,0.1704911240799079,4.130783873066996,2.0324329934999077,0.0033626406351336957,0.1213078841922433,0.9807589449072529,0.9235736084049715,0.8181818181818182,0.3197814311484333,0.14285714285714285,0.031850151266585844,0.06666666666666667,1.0,0.29531664090337745,0.9566306790320847,0.9368179045949618,0.8473742319508448,0.5915667665667665,,0.279849800404017,0.5309005618892344
r5_final_inverse_map_complete_2026-08-31,fixed_black_box_contamination,credit_approval,mlp,4,RidgeAIME,0.05,0.0,10,0,42,42,0.039190832991153,0.8792270531400966,0.35411880287170533,144,63,0.00014954200014472008,X ~= Y A^T,SVD normal-system solve,2.241288790002017,2.2409090103849203,32.67444998421505,32.68444998421505,73.23287846910279,73.24287846910278,32.68444998421505,7.324287846910278e-11,3.7919169353760838,1,True,1.0,0.0,0.01,1.0,rms,6.48074069840786,1.291741072160581,1.1365478749971694,0.012919108023771941,0.17930630913591322,1.4117528694581694,1.1881720706438816,0.009496485133695387,0.17053276205721024,0.9030371010324884,0.8617042893603569,0.5384615384615384,0.0,0.0,0.05140299340519801,0.13333333333333333,0.0625,1.0,1.0,0.9025529342769278,0.8170112977488158,0.637029637029637,,0.3504242228492129,0.5788588152422618
r5_final_inverse_map_complete_2026-08-31,fixed_black_box_contamination,credit_approval,mlp,4,HuberRidgeAIME,0.05,0.0,10,0,42,42,0.039190832991153,0.8792270531400966,0.35411880287170533,144,63,0.0005638750735670328,X ~= Y A^T,SVD normal-system solve,2.1855487631336867,2.1851607884385444,30.547373405506942,30.55737340550694,66.76277416338857,66.77277416338856,30.557373405506937,6.677277416338857e-11,3.501857912822978,7,True,0.9128874609806902,0.2152777777777778,0.01,1.0,rms,6.48074069840786,1.2744137982580281,1.1288993747265645,0.026159703486638985,0.1980472995523545,1.3943329257189234,1.1808187522727285,0.021718536085940876,0.18847852111056754,0.9859538182300837,0.9452571081631904,1.0,0.0,0.0,0.036760127165931446,0.0,0.8182843472317156,0.3330543922428262,0.9515429988965475,0.9570218094674129,0.9076123679848969,0.696969696969697,,0.33948339872632777,0.544298520694086
r5_final_inverse_map_complete_2026-08-31,fixed_black_box_contamination,credit_approval,mlp,4,RidgeAIME,0.05,0.25,10,10,42,52,0.039190832991153,0.8792270531400966,0.35411880287170533,144,63,0.00014825002290308475,X ~= Y A^T,SVD normal-system solve,2.218436833089294,2.2180708445332344,33.28166480523717,33.29166480523717,73.83327107046976,73.84327107046977,33.29166480523716,7.384327107046976e-11,4.480389583136129,1,True,1.0,0.0,0.01,1.0,rms,7.211102550927978,0.7998763715002597,0.8943580778973597,0.03270014406359989,0.23408590171687743,1.2046555324716548,1.0975680081305463,0.015987853050097423,0.19090271354959845,0.9265247400416352,0.8669555397825763,0.6666666666666666,0.21155800924217358,0.2,0.0363829583080939,0.06666666666666667,0.04861111111111111,1.0,1.0,0.8838995248417311,0.7088491167581468,0.5207375957375958,,0.34597541327324083,0.6513157788307554
r5_final_inverse_map_complete_2026-08-31,fixed_black_box_contamination,credit_approval,mlp,4,HuberRidgeAIME,0.05,0.25,10,10,42,52,0.039190832991153,0.8792270531400966,0.35411880287170533,144,63,0.0005672089755535126,X ~= Y A^T,SVD normal-system solve,2.203654683310751,2.203259105293769,30.41774450652522,30.427744506525222,67.03020513755416,67.04020513755415,30.42774450652522,6.704020513755414e-11,4.104557760561288,7,True,0.9095477592206535,0.24305555555555555,0.01,1.0,rms,7.211102550927978,0.7783567761100988,0.8822453038186708,0.05872404258390462,0.2658887932269249,1.1813096439906239,1.086880694460355,0.03505773421316993,0.21980355953030248,0.9581926172145921,0.8449700117646509,0.6666666666666666,0.23046558519930072,0.3,0.03056245958638464,0.0,0.8333333333333333,0.21738677512871823,0.9449136489187816,0.944646524796562,0.8474118659146077,0.6585081585081586,,0.3430655735839761,0.613266371566479
r5_final_inverse_map_complete_2026-08-31,fixed_black_box_contamination,credit_approval,mlp,4,RidgeAIME,0.05,0.5,10,21,42,63,0.039190832991153,0.8792270531400966,0.35411880287170533,144,63,0.00014462508261203766,X ~= Y A^T,SVD normal-system solve,2.1170737636399704,2.1167492620781623,34.414295446124186,34.424295446124184,72.85760198314402,72.86760198314401,34.42429544612419,7.286760198314401e-11,5.395992781027275,1,True,1.0,0.0,0.01,1.0,rms,7.937253933193772,0.7830939754216492,0.8849259717183405,-0.023505994853395107,0.17936128740778434,2.5563437077860063,1.598857000418113,-0.015264228539877411,0.10247100518248166,0.9615961638214933,0.9526907016329885,0.8181818181818182,0.37955786564426364,0.19047619047619047,0.024963304059783576,0.0,0.05555555555555555,1.0,1.0,0.9248172499280732,0.8244151494466501,0.6850149850149851,,0.325669417043934,0.7320713599839074
r5_final_inverse_map_complete_2026-08-31,fixed_black_box_contamination,credit_approval,mlp,4,HuberRidgeAIME,0.05,0.5,10,21,42,63,0.039190832991153,0.8792270531400966,0.35411880287170533,144,63,0.0006735420320183039,X ~= Y A^T,SVD normal-system solve,2.079662759607164,2.0793263798472763,32.08654350088168,32.09654350088168,66.72918960329892,66.73918960329893,32.09654350088168,6.67391896032989e-11,4.899200040501834,7,True,0.9166378314313265,0.2222222222222222,0.01,1.0,rms,7.937253933193772,0.7587724919889053,0.8710754800755818,0.008282251357715764,0.20377009972725743,2.5299135391244754,1.5905701930831206,-0.004767359627219303,0.11856605033220703,0.9760943305590841,0.8751620183981356,0.8181818181818182,0.3951996222776483,0.19047619047619047,0.022742726680097282,0.0,0.8647186147186148,0.22924610907500315,0.9570726386287572,0.9620069665303115,0.8889643962018866,0.7123543123543123,,0.317922663377477,0.6901251726084926
r5_final_inverse_map_complete_2026-08-31,fixed_black_box_contamination,credit_approval,mlp,4,RidgeAIME,0.1,0.0,21,0,42,42,0.039190832991153,0.8792270531400966,0.35411880287170533,144,63,0.00013391708489507437,X ~= Y A^T,SVD normal-system solve,2.1170737636399704,2.1167492620781623,34.414295446124186,34.424295446124184,72.85760198314402,72.86760198314401,34.42429544612419,7.286760198314401e-11,4.252678450643368,1,True,1.0,0.0,0.01,1.0,rms,6.48074069840786,0.8396535343641081,0.9163261069969075,-0.017416419523316184,0.1768323042657418,5.46111584726643,2.3369030461845073,-0.01038423862443838,0.08575064026213872,0.8796769700156245,0.691222953886837,0.6666666666666666,0.0,0.0,0.046829691125966064,0.06666666666666667,0.09027777777777778,1.0,1.0,0.8643265707865486,0.6811993517017827,0.5948717948717949,,0.325669417043934,0.6286625465065129
r5_final_inverse_map_complete_2026-08-31,fixed_black_box_contamination,credit_approval,mlp,4,HuberRidgeAIME,0.1,0.0,21,0,42,42,0.039190832991153,0.8792270531400966,0.35411880287170533,144,63,0.0005485001020133495,X ~= Y A^T,SVD normal-system solve,2.08828669124062,2.0879359144816863,31.01505121917073,31.02505121917073,64.7683186891404,64.77831868914039,31.025051219170734,6.47783186891404e-11,3.762767708951462,7,True,0.8892275170385342,0.22916666666666666,0.01,1.0,rms,6.48074069840786,0.8150343644435001,0.9027925367677228,0.01241487003497832,0.19855782802098032,5.441252448681949,2.332649233957379,-0.006709226883876207,0.09339117293952452,0.9537347441732732,0.7262338949208519,0.6666666666666666,0.0,0.0,0.03826322816684247,0.0,0.9040445665445664,0.22015068843042804,0.9556244542286516,0.9542581978697104,0.8630632090761748,0.7841491841491842,,0.31971716462998695,0.5755074083718273
r5_final_inverse_map_complete_2026-08-31,fixed_black_box_contamination,credit_approval,mlp,4,RidgeAIME,0.1,0.25,21,10,42,52,0.039190832991153,0.8792270531400966,0.35411880287170533,144,63,0.0001444999361410737,X ~= Y A^T,SVD normal-system solve,2.2573469729833633,2.256961063892123,32.571429189566,32.581429189565995,73.52501708680876,73.53501708680875,32.58142918956599,7.353501708680876e-11,4.220757461142899,1,True,1.0,0.0,0.01,1.0,rms,7.211102550927978,1.5971925599458496,1.263800838718605,0.003263936905495979,0.14794020641682515,4.645008091671202,2.155228083445277,-0.010088174161378305,0.07893736944934074,0.8027372659041064,0.7340178033790435,0.6666666666666666,0.12265749334096772,0.0,0.030381738751891756,0.06666666666666667,0.09722222222222222,1.0,1.0,0.8572536189746259,0.7133586752843437,0.5014652014652015,,0.3535240668834082,0.6253903968562252
r5_final_inverse_map_complete_2026-08-31,fixed_black_box_contamination,credit_approval,mlp,4,HuberRidgeAIME,0.1,0.25,21,10,42,52,0.039190832991153,0.8792270531400966,0.35411880287170533,144,63,0.0006852910155430436,X ~= Y A^T,SVD normal-system solve,2.2461274496891006,2.245701209880092,29.225360549444552,29.235360549444554,65.64388455716835,65.65388455716834,29.235360549444554,6.565388455716836e-11,3.670506661770841,7,True,0.8942864968454844,0.2013888888888889,0.01,1.0,rms,7.211102550927978,1.5872687077613867,1.2598685279668616,0.009456966853875315,0.14991849059523973,4.657190926738226,2.158052577380409,-0.01273741338466916,0.05886133383471165,0.9810337300228439,0.9186535483839502,0.8181818181818182,0.10730669746386122,0.1,0.027562920455653294,0.0,0.9080378616092899,0.27428604757206254,0.961055775998007,0.9481531429835692,0.8755688882948676,0.6626706626706627,,0.35135197297067267,0.5647260166291542
r5_final_inverse_map_complete_2026-08-31,fixed_black_box_contamination,credit_approval,mlp,4,RidgeAIME,0.1,0.5,21,21,42,63,0.039190832991153,0.8792270531400966,0.35411880287170533,144,63,0.00014345906674861908,X ~= Y A^T,SVD normal-system solve,2.232085658116438,2.23170815754016,32.62798085459566,32.63798085459566,72.8284481188407,72.83844811884069,32.63798085459566,7.28384481188407e-11,5.723765398813985,1,True,1.0,0.0,0.01,1.0,rms,7.937253933193772,0.7879201055536039,0.8876486385691154,-0.05015815069208163,0.18175292139964702,3.499528108644652,1.8707025708659974,-0.02082834965499525,0.07906650168262837,0.8691483216759145,0.7547074712362231,0.3333333333333333,0.3586860375698114,0.19047619047619047,0.03878717999214285,0.06666666666666667,0.09027777777777778,1.0,1.0,0.8559774048098738,0.7292146697388634,0.3611757523522229,,0.3486374009031541,0.7576818249325121
r5_final_inverse_map_complete_2026-08-31,fixed_black_box_contamination,credit_approval,mlp,4,HuberRidgeAIME,0.1,0.5,21,21,42,63,0.039190832991153,0.8792270531400966,0.35411880287170533,144,63,0.0005776250036433339,X ~= Y A^T,SVD normal-system solve,2.266138710721471,2.2656955242197134,28.558981810112286,28.56898181011228,64.7186142186858,64.7286142186858,28.56898181011228,6.472861421868579e-11,4.3803086778669895,7,True,0.8851493154006049,0.2638888888888889,0.01,1.0,rms,7.937253933193772,0.7184173373139798,0.8475950314354018,0.042476747247501945,0.2501976940214747,3.4257952183515137,1.8508903852879872,0.0006798715612612583,0.11294127734332347,0.9439324096060677,0.8034563461553075,0.6666666666666666,0.33982498002331407,0.14285714285714285,0.027254616597697616,0.0,0.8759195932272854,0.24244970164284252,0.9489286663841996,0.9407698350372377,0.8655865975422425,0.7167832167832169,,0.3552015467295537,0.6415047160681965
r5_final_inverse_map_complete_2026-08-31,fixed_black_box_contamination,har,lgbm,0,RidgeAIME,0.05,0.0,45,0,561,561,12.121587458066642,0.9788888888888889,0.05846464131551089,630,270,0.0012436669785529375,X ~= Y A^T,SVD normal-system solve,1.4493532837736192,1.4492996119949189,83.7124505416694,83.72245054166942,121.32891508530523,121.33891508530527,83.72245054166935,1.2133891508530524e-10,43.20303301516597,1,True,1.0,0.0,0.01,1.0,rms,23.68543856465402,0.4920442133516788,0.7014586326731455,0.4875543724019953,0.7001693783233167,1.7657606367836733,1.3288192641528318,0.20805518302985426,0.4591318722941707,0.9872645068439535,0.9708184234882636,0.05263157894736842,0.0,0.0,0.0008396971635118555,0.0,0.050793650793650794,1.0,1.0,0.9820302107256271,0.9613133003383316,0.2094771241830065,,0.1611581759373019,1.6355142369888027
r5_final_inverse_map_complete_2026-08-31,fixed_black_box_contamination,har,lgbm,0,HuberRidgeAIME,0.05,0.0,45,0,561,561,12.121587458066642,0.9788888888888889,0.05846464131551089,630,270,0.005339958937838674,X ~= Y A^T,SVD normal-system solve,1.5239491854747773,1.5238805031869593,76.27592496279487,76.28592496279487,116.24063371838648,116.25063371838647,76.28592496279484,1.162506337183865e-10,41.33450181140322,8,True,0.9429297508027259,0.12063492063492064,0.01,1.0,rms,23.68543856465402,0.4759677716216616,0.6899041756806967,0.50429738461174,0.7106869498930115,1.7502926358029574,1.3229862568458364,0.2149925917308887,0.4657342944889642,0.9980465821812243,0.9934786921607934,0.25,0.0,0.0,0.000862462607504225,0.0,1.0,0.18878243433034517,0.9832854600453951,0.9946516517241122,0.9898913319342848,0.3478937728937729,,0.18295091264582003,1.6163127076136663
r5_final_inverse_map_complete_2026-08-31,fixed_black_box_contamination,har,lgbm,0,RidgeAIME,0.05,0.25,45,100,561,661,12.121587458066642,0.9788888888888889,0.05846464131551089,630,270,0.001304415985941887,X ~= Y A^T,SVD normal-system solve,1.4170832334985182,1.4170335719179665,83.9750904585696,83.98509045856959,118.99969272036037,119.00969272036039,83.98509045856963,1.1900969272036036e-10,45.24099351684424,1,True,1.0,0.0,0.01,1.0,rms,25.709920264364882,0.5077428981181976,0.7125608031025827,0.4917965011111811,0.7021272917804446,2.0651991826017118,1.4370800891396804,0.19102707779928962,0.44005660706517924,0.986459245710891,0.9745588596968636,0.0,0.1384600841284658,0.0,0.0011461627361050552,0.0,0.047619047619047616,1.0,1.0,0.9826032912844287,0.9679151969506712,0.2775500213580709,,0.15138013953892465,1.6555321337013695
r5_final_inverse_map_complete_2026-08-31,fixed_black_box_contamination,har,lgbm,0,HuberRidgeAIME,0.05,0.25,45,100,561,661,12.121587458066642,0.9788888888888889,0.05846464131551089,630,270,0.005236457916907966,X ~= Y A^T,SVD normal-system solve,1.4623026672892274,1.4622425464004838,76.88551451525015,76.89551451525027,112.4298929515549,112.43989295155491,76.89551451525023,1.1243989295155492e-10,43.807339350514376,7,True,0.9466888499432556,0.1111111111111111,0.01,1.0,rms,25.709920264364882,0.4963420561092579,0.7045154761318292,0.5032076854343798,0.7107901337597191,2.0535597329133677,1.433024679799119,0.1955864441337879,0.44561343352967137,0.998642478549182,0.9965311634357221,0.25,0.13683277375711375,0.0,0.0010367245172844593,0.0,0.9999999999999999,0.18589165107298272,0.9847287098867692,0.9943413737730307,0.9912035198699369,0.38220749838396895,,0.16501941627889521,1.6415468769974146
r5_final_inverse_map_complete_2026-08-31,fixed_black_box_contamination,har,lgbm,0,RidgeAIME,0.05,0.5,45,100,561,661,12.121587458066642,0.9788888888888889,0.05846464131551089,630,270,0.0017924580024555326,X ~= Y A^T,SVD normal-system solve,1.4146217239056378,1.4145724412212526,84.12131895745817,84.13131895745822,118.99984524081549,119.00984524081552,84.13131895745822,1.1900984524081543e-10,45.64763980502719,1,True,1.0,0.0,0.01,1.0,rms,25.709920264364882,0.5405858730119241,0.7352454508610876,0.4691549987806368,0.6855714098259313,1.5289840499875602,1.2365209460367261,0.23831743683336015,0.4899808008281647,0.9847790067235226,0.9751118575088472,0.0,0.13835157039781346,0.0,0.0008807981241584145,0.0,0.05714285714285714,1.0,1.0,0.9816704862509438,0.9690073590362909,0.32259570494864614,,0.15062519287966458,1.6594183274091658
r5_final_inverse_map_complete_2026-08-31,fixed_black_box_contamination,har,lgbm,0,HuberRidgeAIME,0.05,0.5,45,100,561,661,12.121587458066642,0.9788888888888889,0.05846464131551089,630,270,0.005352250067517161,X ~= Y A^T,SVD normal-system solve,1.4762192165826826,1.4761564632992243,75.87753772598197,75.88753772598201,112.01187929807205,112.02187929807207,75.88753772598204,1.1202187929807205e-10,44.399439151063305,7,True,0.9396068308406711,0.12222222222222222,0.01,1.0,rms,25.709920264364882,0.5258298192246743,0.7251412408797849,0.48364516173484484,0.6959471458542059,1.5144215514437174,1.2306183614117405,0.24557192795579863,0.4973208102066713,0.9988589088723514,0.9968756807817333,0.3333333333333333,0.13758752588885376,0.0,0.0008861366352325529,0.0,1.0,0.19155538192343333,0.9849432822902007,0.994705961290812,0.9913476248192028,0.36285103785103784,,0.16913239240988806,1.6473774841881157
r5_final_inverse_map_complete_2026-08-31,fixed_black_box_contamination,har,lgbm,0,RidgeAIME,0.1,0.0,90,0,561,561,12.121587458066642,0.9788888888888889,0.05846464131551089,630,270,0.001209708978421986,X ~= Y A^T,SVD normal-system solve,1.4146217239056378,1.4145724412212526,84.12131895745817,84.13131895745822,118.99984524081549,119.00984524081552,84.13131895745822,1.1900984524081543e-10,43.12878765481952,1,True,1.0,0.0,0.01,1.0,rms,23.68543856465402,0.5536947696042414,0.7441066923528113,0.4629145423262463,0.681650560334196,3.0917202516140785,1.7583288235179673,0.13002279857681853,0.3645454631764747,0.9716261788624754,0.9479039944736235,0.05263157894736842,0.0,0.0,0.001363728801638982,0.0,0.10476190476190476,1.0,1.0,0.9701487431117846,0.9455526073256866,0.17487100103199177,,0.15062519287966458,1.6347672503504007
r5_final_inverse_map_complete_2026-08-31,fixed_black_box_contamination,har,lgbm,0,HuberRidgeAIME,0.1,0.0,90,0,561,561,12.121587458066642,0.9788888888888889,0.05846464131551089,630,270,0.005054541979916394,X ~= Y A^T,SVD normal-system solve,1.5073820212618891,1.5073122190825419,72.6785644571429,72.68856445714297,109.55436139382056,109.56436139382056,72.68856445714292,1.0956436139382057e-10,41.41562833732536,7,True,0.9008778732497084,0.16825396825396827,0.01,1.0,rms,23.68543856465402,0.5257041766876528,0.7250546025560094,0.4900654948590125,0.7005527289876183,3.0636484678874236,1.7503281029245412,0.13792190000189808,0.3746558557368624,0.9977685869987531,0.9940999050306658,0.42857142857142855,0.0,0.0,0.001318956768013467,0.0,1.0,0.18769138762993126,0.9843358662477675,0.9941417222517241,0.9894224965948851,0.35574229691876746,,0.17820321978669348,1.6171642546449176
r5_final_inverse_map_complete_2026-08-31,fixed_black_box_contamination,har,lgbm,0,RidgeAIME,0.1,0.25,90,100,561,661,12.121587458066642,0.9788888888888889,0.05846464131551089,630,270,0.0013623329577967525,X ~= Y A^T,SVD normal-system solve,1.4109329781246276,1.41088471490075,85.13412115734978,85.14412115734984,120.1185391045624,120.12853910456245,85.14412115734979,1.2012853910456237e-10,46.980086978574114,1,True,1.0,0.0,0.01,1.0,rms,25.709920264364882,0.4919953302436589,0.7014237879083222,0.47681870480151933,0.6932228730072992,2.979530494128785,1.726131656082115,0.12801587920088486,0.3625392818744203,0.9739538395938362,0.9505762724175075,0.1111111111111111,0.14984665231762068,0.03,0.0012621499096016203,0.0,0.10317460317460317,1.0,1.0,0.9743286193746286,0.9527514136571182,0.2259803921568627,,0.14949152847586467,1.6719138164918173
r5_final_inverse_map_complete_2026-08-31,fixed_black_box_contamination,har,lgbm,0,HuberRidgeAIME,0.1,0.25,90,100,561,661,12.121587458066642,0.9788888888888889,0.05846464131551089,630,270,0.006257500033825636,X ~= Y A^T,SVD normal-system solve,1.4266830405393651,1.4266266370509164,75.6383423772805,75.64834237728051,107.91194028417604,107.92194028417603,75.64834237728053,1.0792194028417603e-10,44.5427186854698,8,True,0.9006709199682447,0.1634920634920635,0.01,1.0,rms,25.709920264364882,0.4635865855887841,0.6808719303869003,0.507028186294239,0.7125411406789685,2.949798585735137,1.7174977687715165,0.1367171668874524,0.37314021220776183,0.99666116587234,0.992456705141102,0.5384615384615384,0.14873151135451557,0.01,0.001220786441193679,0.0,1.0,0.1870412597790443,0.9827699074236391,0.9944104794531116,0.9903928157257592,0.35403289520936576,,0.15431032862636382,1.6487767208718909
r5_final_inverse_map_complete_2026-08-31,fixed_black_box_contamination,har,lgbm,0,RidgeAIME,0.1,0.5,90,100,561,661,12.121587458066642,0.9788888888888889,0.05846464131551089,630,270,0.0015338329831138253,X ~= Y A^T,SVD normal-system solve,1.4163417727808087,1.4162922916459049,84.13151647527273,84.14151647527268,119.15898119132561,119.1689811913256,84.14151647527274,1.1916898119132573e-10,46.861202022532154,1,True,1.0,0.0,0.01,1.0,rms,25.709920264364882,0.5466478174264474,0.7393563534767571,0.45742146198578204,0.6786570028245227,3.771208897633078,1.9419600659213048,0.10572629968205471,0.3304466893729174,0.9763416924296939,0.9605778500962908,0.0,0.15022748511657452,0.0,0.0012317030448856488,0.0,0.09365079365079365,1.0,1.0,0.9746494825102736,0.9548744484670095,0.30336134453781516,,0.15115289145342514,1.6708134243603368
r5_final_inverse_map_complete_2026-08-31,fixed_black_box_contamination,har,lgbm,0,HuberRidgeAIME,0.1,0.5,90,100,561,661,12.121587458066642,0.9788888888888889,0.05846464131551089,630,270,0.005622792057693005,X ~= Y A^T,SVD normal-system solve,1.4742280464464355,1.4741640539523655,74.09682351822615,74.10682351822618,109.23561538316082,109.24561538316081,74.10682351822614,1.0924561538316083e-10,45.026558901163305,7,True,0.9102890366754498,0.15714285714285714,0.01,1.0,rms,25.709920264364882,0.5237555231329697,0.7237095571656973,0.4801433446560949,0.6935312790050971,3.7469065817028384,1.93569279114813,0.11148915254519665,0.33815915020747217,0.9982090677386406,0.9956012179830208,0.25,0.15092596586927895,0.0,0.0011800613216007363,0.0,0.9999999999999998,0.18696526104991054,0.985028270934481,0.994646666292884,0.9916732198972786,0.4086080586080586,,0.1685458171469535,1.6534687578147926
r5_final_inverse_map_complete_2026-08-31,fixed_black_box_contamination,har,svm,0,RidgeAIME,0.05,0.0,45,0,561,561,1.1977661249693483,0.97,0.08393525511090742,630,270,0.0012184159131720662,X ~= Y A^T,SVD normal-system solve,1.3986903800358987,1.3986419156447334,82.25460096516132,82.26460096516121,115.04871908366269,115.05871908366265,82.26460096516118,1.150587190836627e-10,42.74220789432291,1,True,1.0,0.0,0.01,1.0,rms,23.68543856465402,0.4827177494060774,0.6947789212447923,0.4904055243460784,0.7016612383874177,2.014584569269477,1.4193606198811763,0.18631875892567862,0.43491445439719384,0.9867464034117053,0.9707838285921186,0.1111111111111111,0.0,0.0,0.0009445160083867877,0.0,0.047619047619047616,1.0,1.0,0.9841971398814305,0.9698122904936806,0.227858862843383,,0.14570653939144915,1.6308569523520269
r5_final_inverse_map_complete_2026-08-31,fixed_black_box_contamination,har,svm,0,HuberRidgeAIME,0.05,0.0,45,0,561,561,1.1977661249693483,0.97,0.08393525511090742,630,270,0.004700791090726852,X ~= Y A^T,SVD normal-system solve,1.4451733729779275,1.445114303872102,75.35484034463026,75.36484034463035,108.90080879106253,108.91080879106259,75.36484034463035,1.0891080879106256e-10,41.724489124907684,7,True,0.9450003331503034,0.11904761904761904,0.01,1.0,rms,23.68543856465402,0.4696658861183916,0.6853217391257858,0.5041840883963506,0.7107056382674147,2.0002095656220913,1.4142876530685302,0.19212475535128126,0.44113155145760796,0.9988402546599748,0.9968121041085932,0.5384615384615384,0.0,0.0,0.0008844268562306723,0.0,1.0,0.18827220831110625,0.9828367393922631,0.995440671715427,0.992387515666247,0.4377935789700495,,0.15990219974143832,1.620391027877544
r5_final_inverse_map_complete_2026-08-31,fixed_black_box_contamination,har,svm,0,RidgeAIME,0.05,0.25,45,100,561,661,1.1977661249693483,0.97,0.08393525511090742,630,270,0.0013254169607535005,X ~= Y A^T,SVD normal-system solve,1.4314804735504298,1.431427059220431,80.76990935337741,80.77990935337742,115.62054808979799,115.63054808979803,80.77990935337743,1.1563054808979796e-10,46.135147531041376,1,True,1.0,0.0,0.01,1.0,rms,25.709920264364882,0.4753482130339038,0.6894550116098249,0.5057065200411957,0.711890871585311,1.7248679872850639,1.3133422963131371,0.21837960791875666,0.4697301666973704,0.9823552041414677,0.9572726400541429,0.1111111111111111,0.14847541227137953,0.0,0.001040262357390449,0.0,0.05396825396825397,1.0,1.0,0.9775372493162442,0.9471381405500725,0.2299019607843137,,0.15576922271377802,1.664031913736959
r5_final_inverse_map_complete_2026-08-31,fixed_black_box_contamination,har,svm,0,HuberRidgeAIME,0.05,0.25,45,100,561,661,1.1977661249693483,0.97,0.08393525511090742,630,270,0.005930375074967742,X ~= Y A^T,SVD normal-system solve,1.5566977406390778,1.5566193908881085,71.04290492299519,71.05290492299517,110.59232958206343,110.60232958206343,71.05290492299508,1.1060232958206341e-10,44.319015211014964,8,True,0.9404384241957522,0.12063492063492064,0.01,1.0,rms,25.709920264364882,0.4599309288771823,0.6781820764936083,0.5217382686170466,0.7233317437227459,1.707946223040171,1.3068841658847088,0.22604767069300868,0.47801629318252326,0.9980047702524002,0.9931270004828193,0.5384615384615384,0.14931544641907457,0.0,0.0009916925186190212,0.0,1.0,0.18387364352493438,0.9835981600058323,0.9947763734816861,0.990315768348457,0.321218487394958,,0.19218243617522934,1.6465901016036377
r5_final_inverse_map_complete_2026-08-31,fixed_black_box_contamination,har,svm,0,RidgeAIME,0.05,0.5,45,100,561,661,1.1977661249693483,0.97,0.08393525511090742,630,270,0.0013068749103695154,X ~= Y A^T,SVD normal-system solve,1.4448717516906102,1.4448165574753382,80.59115530260408,80.60115530260413,116.44388373284357,116.4538837328436,80.6011553026041,1.164538837328436e-10,47.00114408074199,1,True,1.0,0.0,0.01,1.0,rms,25.709920264364882,0.48895978545798213,0.6992565948619878,0.4807986277297195,0.6958947929275073,1.9610301209784002,1.4003678520226035,0.18584301412134108,0.4351312864247331,0.9878815408907368,0.971363821245254,0.0,0.15336645598140614,0.0,0.0008987646558736781,0.0,0.050793650793650794,1.0,1.0,0.984318231084474,0.9674291684245897,0.2051341589267286,,0.15981270997591618,1.6721084294656277
r5_final_inverse_map_complete_2026-08-31,fixed_black_box_contamination,har,svm,0,HuberRidgeAIME,0.05,0.5,45,100,561,661,1.1977661249693483,0.97,0.08393525511090742,630,270,0.005423957947641611,X ~= Y A^T,SVD normal-system solve,1.5048603120137398,1.5047919354212294,73.82525465003546,73.83525465003544,111.09669574714616,111.10669574714615,73.83525465003542,1.1110669574714617e-10,45.74510829987534,7,True,0.9471277559785882,0.11428571428571428,0.01,1.0,rms,25.709920264364882,0.4771131749879942,0.6907337945894889,0.49337793710381883,0.7035216014628363,1.9492696733679342,1.3961624810056794,0.19072557583046146,0.4398644282757915,0.9987547289175038,0.9958829730482445,0.5384615384615384,0.1543261023251971,0.0,0.0008855997373934216,0.0,1.0,0.20168305633126227,0.9870177733510204,0.9949170778472727,0.9890047859542213,0.30441388676682796,,0.1774764550493373,1.660344660108382
r5_final_inverse_map_complete_2026-08-31,fixed_black_box_contamination,har,svm,0,RidgeAIME,0.1,0.0,90,0,561,561,1.1977661249693483,0.97,0.08393525511090742,630,270,0.0011829580180346966,X ~= Y A^T,SVD normal-system solve,1.4448717516906102,1.4448165574753382,80.59115530260408,80.60115530260413,116.44388373284357,116.4538837328436,80.6011553026041,1.164538837328436e-10,43.847217664112435,1,True,1.0,0.0,0.01,1.0,rms,23.68543856465402,0.5113052915699487,0.7150561457465762,0.4612009343826754,0.6832882298680215,3.494260728883651,1.869294179331774,0.10854520758318364,0.3356965505633437,0.9758880132997727,0.9572992614160672,0.0,0.0,0.0,0.0015625837390574305,0.0,0.09682539682539683,1.0,1.0,0.9731386952276843,0.9485661679747925,0.185375202712664,,0.15981270997591618,1.641942040314143
r5_final_inverse_map_complete_2026-08-31,fixed_black_box_contamination,har,svm,0,HuberRidgeAIME,0.1,0.0,90,0,561,561,1.1977661249693483,0.97,0.08393525511090742,630,270,0.005405750009231269,X ~= Y A^T,SVD normal-system solve,1.513879468832162,1.5138067385787972,70.64553123628005,70.65553123628014,106.94881930334554,106.95881930334558,70.65553123628011,1.0695881930334561e-10,42.19383268995954,8,True,0.9081804946176554,0.1634920634920635,0.01,1.0,rms,23.68543856465402,0.4873234286443931,0.6980855453627393,0.4864723437521684,0.6986997790935514,3.4703841256439816,1.8628967028914893,0.11463659973623519,0.3432267337648242,0.9983324694928564,0.9958161245248832,0.17647058823529413,0.0,0.0,0.0014656478788382054,0.0,1.0,0.19130829957921616,0.9850332255444477,0.9940928251303622,0.9873084911738879,0.37323313940960995,,0.1800704341295667,1.625248976448474
r5_final_inverse_map_complete_2026-08-31,fixed_black_box_contamination,har,svm,0,RidgeAIME,0.1,0.25,90,100,561,661,1.1977661249693483,0.97,0.08393525511090742,630,270,0.0013343750033527613,X ~= Y A^T,SVD normal-system solve,1.4475666961654312,1.447510699434559,79.91729025506108,79.92729025506115,115.68560782101258,115.69560782101259,79.92729025506114,1.156956078210126e-10,46.3147063594611,1,True,1.0,0.0,0.01,1.0,rms,25.709920264364882,0.494097643121446,0.702920794344175,0.47186284464738826,0.6893963136299789,2.979735898499645,1.7261911535225887,0.12650385901173467,0.3603784854343649,0.9744361658853288,0.9497888457487196,0.0,0.1355826954319007,0.0,0.0011194494375632046,0.0,0.10158730158730159,1.0,1.0,0.9691379168328729,0.9436769336947133,0.19558823529411765,,0.16062178254677267,1.6657189149194063
r5_final_inverse_map_complete_2026-08-31,fixed_black_box_contamination,har,svm,0,HuberRidgeAIME,0.1,0.25,90,100,561,661,1.1977661249693483,0.97,0.08393525511090742,630,270,0.005367416073568165,X ~= Y A^T,SVD normal-system solve,1.5185335855623685,1.5184586914405123,69.2255518323867,69.23555183238673,105.12132543656776,105.13132543656772,69.23555183238672,1.0513132543656774e-10,44.25024224314283,7,True,0.9050140097407087,0.1634920634920635,0.01,1.0,rms,25.709920264364882,0.4681309661709072,0.6842009691391172,0.4996184251273522,0.707388108792609,2.9536067565169444,1.718606050413225,0.13416349914988124,0.3698407254441485,0.9975598616014145,0.9930407828511516,0.3333333333333333,0.13525482539383613,0.0,0.0009985434576035121,0.0,1.0,0.1950296557034375,0.9852949260982798,0.9931682521482259,0.9886141111837325,0.38854087089381206,,0.18140298175085165,1.6459156525383016
r5_final_inverse_map_complete_2026-08-31,fixed_black_box_contamination,har,svm,0,RidgeAIME,0.1,0.5,90,100,561,661,1.1977661249693483,0.97,0.08393525511090742,630,270,0.0013087919214740396,X ~= Y A^T,SVD normal-system solve,1.4175510762191748,1.4174998677115156,81.52939556285997,81.53939556285995,115.57208242363096,115.58208242363092,81.53939556285995,1.1558208242363095e-10,46.9598212222692,1,True,1.0,0.0,0.01,1.0,rms,25.709920264364882,0.4580165896957639,0.6767692292766893,0.4950358897702831,0.706269273141059,3.0958165258748216,1.7594932582635323,0.12198240940894245,0.35471561696434606,0.9733037663007889,0.9494064965214393,0.1111111111111111,0.147496294180876,0.0,0.0012478875591598732,0.0,0.10158730158730159,1.0,1.0,0.9698810012755933,0.941249203785597,0.19362745098039216,,0.1515230270343188,1.6717264348679701
r5_final_inverse_map_complete_2026-08-31,fixed_black_box_contamination,har,svm,0,HuberRidgeAIME,0.1,0.5,90,100,561,661,1.1977661249693483,0.97,0.08393525511090742,630,270,0.006152249989099801,X ~= Y A^T,SVD normal-system solve,1.576652051309926,1.5765661229106551,67.09843634894007,67.10843634894003,105.79088730924487,105.80088730924487,67.10843634894002,1.0580088730924482e-10,44.894160565388454,8,True,0.9002810599411712,0.173015873015873,0.01,1.0,rms,25.709920264364882,0.4321801761818039,0.6574041193830503,0.5235205819301674,0.7242335331095502,3.0699632028264783,1.752131046133958,0.1293147794709132,0.3636927668097764,0.9978054217780964,0.9937790550822225,0.25,0.14748539059411947,0.0,0.0012274562861577566,0.0,1.0,0.19087716586381653,0.9804963412502715,0.9938424939803626,0.9891594468943172,0.363095238095238,,0.1977121902523403,1.6521898554987684
r5_final_inverse_map_complete_2026-08-31,fixed_black_box_contamination,har,mlp,0,RidgeAIME,0.05,0.0,45,0,561,561,0.203687125002034,0.9566666666666667,0.12493264191548682,630,270,0.0012019589776173234,X ~= Y A^T,SVD normal-system solve,1.454363699201971,1.4543071908782845,80.39650820234728,80.40650820234724,116.92576307208739,116.93576307208735,80.40650820234727,1.1693576307208732e-10,42.49365272912684,1,True,1.0,0.0,0.01,1.0,rms,23.68543856465402,0.4605156128735739,0.6786130067082224,0.504432734770236,0.7116969949357363,2.5255930910899784,1.5892114683357839,0.15479251788775183,0.39740287757184173,0.9888807012820762,0.971964948641642,0.1111111111111111,0.0,0.0,0.0010845840406770542,0.0,0.04126984126984127,1.0,1.0,0.9865954353975402,0.9707626810491046,0.2847751921281333,,0.16265615151078688,1.6283240643895953
r5_final_inverse_map_complete_2026-08-31,fixed_black_box_contamination,har,mlp,0,HuberRidgeAIME,0.05,0.0,45,0,561,561,0.203687125002034,0.9566666666666667,0.12493264191548682,630,270,0.0052816669922322035,X ~= Y A^T,SVD normal-system solve,1.5372378743901915,1.5371654245439497,74.14307309226959,74.1530730922696,113.97554008111712,113.98554008111712,74.1530730922695,1.1398554008111705e-10,40.90925372741476,8,True,0.9553940173550063,0.1,0.01,1.0,rms,23.68543856465402,0.45017425310397835,0.6709502612742455,0.5155612160562385,0.7187069668042673,2.515509238868409,1.586035699115379,0.15816714992022496,0.40123034341265046,0.9983009195914998,0.9946633804461664,0.5384615384615384,0.0,0.0,0.0010276554090592946,0.0,1.0,0.19152015821549087,0.9882760046689587,0.9952259003810934,0.9914609335852574,0.4707875457875458,,0.18672060731804146,1.6118215571072247
r5_final_inverse_map_complete_2026-08-31,fixed_black_box_contamination,har,mlp,0,RidgeAIME,0.05,0.25,45,100,561,661,0.203687125002034,0.9566666666666667,0.12493264191548682,630,270,0.0013519169297069311,X ~= Y A^T,SVD normal-system solve,1.477164077930157,1.4771033431484661,78.55520837780037,78.5652083778004,116.03893195000482,116.04893195000486,78.5652083778004,1.1604893195000487e-10,46.34217216437127,1,True,1.0,0.0,0.01,1.0,rms,25.709920264364882,0.4460687438178354,0.6678837801727449,0.4990555116401364,0.7091461313835035,1.4721215495081263,1.2133101621218403,0.23143389855431895,0.4846605166641776,0.9840928420112035,0.9654655795738665,0.0,0.1480226830976126,0.0,0.000831657521114915,0.0,0.05555555555555555,1.0,1.0,0.9797562067867395,0.9537901052104105,0.15542655658754728,,0.16941088108653235,1.6659763863139305
r5_final_inverse_map_complete_2026-08-31,fixed_black_box_contamination,har,mlp,0,HuberRidgeAIME,0.05,0.25,45,100,561,661,0.203687125002034,0.9566666666666667,0.12493264191548682,630,270,0.006240000016987324,X ~= Y A^T,SVD normal-system solve,1.4999777334240285,1.499909332535218,73.08521003605878,73.0952100360588,109.62618769670651,109.63618769670653,73.09521003605883,1.0963618769670649e-10,44.3856685876117,8,True,0.9425736386118314,0.1111111111111111,0.01,1.0,rms,25.709920264364882,0.42968719216759116,0.6555052953009541,0.5174523352770859,0.7203181678653945,1.4560994348095653,1.206689452514426,0.2397987338051195,0.4921372033049254,0.9980978836322351,0.9941592228995447,0.3333333333333333,0.148175724863682,0.0,0.0008422103152150443,0.0,1.0,0.18509334851300455,0.9871313027352918,0.9948443104787023,0.9906558105888517,0.41007326007326006,,0.17606500734251915,1.6472427661048694
r5_final_inverse_map_complete_2026-08-31,fixed_black_box_contamination,har,mlp,0,RidgeAIME,0.05,0.5,45,100,561,661,0.203687125002034,0.9566666666666667,0.12493264191548682,630,270,0.0013849999522790313,X ~= Y A^T,SVD normal-system solve,1.4530419594871247,1.4529857346529849,80.56684231941976,80.57684231941975,117.0670024334999,117.07700243349983,80.57684231941975,1.170770024334998e-10,46.10718293750974,1,True,1.0,0.0,0.01,1.0,rms,25.709920264364882,0.5204510217411861,0.7214229146216428,0.4758805006660878,0.6909758416018797,1.5037965865885945,1.2262938418619718,0.24128944661094376,0.4932342509410783,0.9829407821719025,0.9615166250654883,0.0,0.1468174486646021,0.01,0.0010008646124579194,0.0,0.05714285714285714,1.0,1.0,0.9806736764404624,0.9640949706673162,0.266374269005848,,0.16226135043573392,1.6637685884508384
r5_final_inverse_map_complete_2026-08-31,fixed_black_box_contamination,har,mlp,0,HuberRidgeAIME,0.05,0.5,45,100,561,661,0.203687125002034,0.9566666666666667,0.12493264191548682,630,270,0.005243125022388995,X ~= Y A^T,SVD normal-system solve,1.5183473242917844,1.5182769482414404,73.64393791682575,73.65393791682573,111.81707608632266,111.82707608632268,73.6539379168258,1.1182707608632265e-10,44.818229275304965,7,True,0.9433172012974532,0.1126984126984127,0.01,1.0,rms,25.709920264364882,0.5046284642835821,0.7103720604609828,0.49181458580846527,0.7018588729051498,1.4877163301733576,1.2197197752653506,0.24940241903836424,0.5011823114541771,0.9988859569136067,0.9966703373910336,0.3333333333333333,0.14841853700727164,0.0,0.0009472872489392648,0.0,1.0,0.18766408374883353,0.9891143599367636,0.9948360911443965,0.9905619476619657,0.32955182072829137,,0.18135099825413684,1.651454693984956
r5_final_inverse_map_complete_2026-08-31,fixed_black_box_contamination,har,mlp,0,RidgeAIME,0.1,0.0,90,0,561,561,0.203687125002034,0.9566666666666667,0.12493264191548682,630,270,0.001194584066979587,X ~= Y A^T,SVD normal-system solve,1.4530419594871247,1.4529857346529849,80.56684231941976,80.57684231941975,117.0670024334999,117.07700243349983,80.57684231941975,1.170770024334998e-10,43.000966180011254,1,True,1.0,0.0,0.01,1.0,rms,23.68543856465402,0.5383015395007151,0.7336903566905559,0.4630614318226476,0.6823392070867442,3.5469523178756215,1.8833354236236364,0.11293223611886127,0.3409378715581265,0.972506510331669,0.9478902312782025,0.05263157894736842,0.0,0.0,0.001409779991439535,0.0,0.09682539682539683,1.0,1.0,0.9679931087432097,0.9413346147258645,0.3105042016806723,,0.16226135043573392,1.633478213764083
r5_final_inverse_map_complete_2026-08-31,fixed_black_box_contamination,har,mlp,0,HuberRidgeAIME,0.1,0.0,90,0,561,561,0.203687125002034,0.9566666666666667,0.12493264191548682,630,270,0.004672458046115935,X ~= Y A^T,SVD normal-system solve,1.5496671318487043,1.549589567225122,70.8556996540782,70.86569965407827,109.80274885806858,109.81274885806863,70.8656996540782,1.0981274885806856e-10,41.360764517035406,7,True,0.9109316333883621,0.15079365079365079,0.01,1.0,rms,23.68543856465402,0.5127660000404558,0.7160768115505877,0.4885323156847765,0.6995073440250592,3.5201421805670337,1.876204194795181,0.11963726241194639,0.3499659711885512,0.998087967445397,0.9949245753103809,0.3333333333333333,0.0,0.0,0.001374492168674178,0.0,1.0,0.1859415031610065,0.9886546526218746,0.9939835207023922,0.9895450195607196,0.4799450549450549,,0.19021668378758205,1.616588557708255
r5_final_inverse_map_complete_2026-08-31,fixed_black_box_contamination,har,mlp,0,RidgeAIME,0.1,0.25,90,100,561,661,0.203687125002034,0.9566666666666667,0.12493264191548682,630,270,0.0016158749349415302,X ~= Y A^T,SVD normal-system solve,1.4584343243396376,1.4583771367943985,80.15331570394196,80.16331570394192,116.89834683226024,116.90834683226026,80.16331570394198,1.1690834683226025e-10,46.52264590223632,1,True,1.0,0.0,0.01,1.0,rms,25.709920264364882,0.452252983181082,0.6724975711339648,0.4965674913495689,0.7072876297858235,3.4423345199389392,1.8553529367586479,0.11146474162462883,0.33948096933731664,0.9734792657305864,0.9504694248802382,0.1111111111111111,0.14226370877762837,0.0,0.0013566410777217804,0.0,0.09523809523809523,1.0,1.0,0.9721268302879412,0.9494368972298595,0.23379479997127053,,0.1638698471980286,1.6676644065736856
r5_final_inverse_map_complete_2026-08-31,fixed_black_box_contamination,har,mlp,0,HuberRidgeAIME,0.1,0.25,90,100,561,661,0.203687125002034,0.9566666666666667,0.12493264191548682,630,270,0.005533750052563846,X ~= Y A^T,SVD normal-system solve,1.5272291644432292,1.5271546909832563,70.78423523925478,70.79423523925476,108.10374844020006,108.11374844020006,70.79423523925477,1.0811374844020007e-10,44.3097118779467,7,True,0.9120079789734407,0.14761904761904762,0.01,1.0,rms,25.709920264364882,0.4261325020206468,0.6527882520547125,0.5256439150477825,0.7257449930435763,3.417102168873696,1.8485405510493125,0.11797771514399846,0.3479959100947178,0.9974654368084126,0.9923829111585275,0.3333333333333333,0.14370113836236187,0.0,0.001391061557392532,0.0,1.0,0.19272474874825357,0.9877220032076709,0.9936287395958843,0.9869775389630868,0.3109656683186095,,0.1838830305323798,1.6464989260590395
r5_final_inverse_map_complete_2026-08-31,fixed_black_box_contamination,har,mlp,0,RidgeAIME,0.1,0.5,90,100,561,661,0.203687125002034,0.9566666666666667,0.12493264191548682,630,270,0.0014015421038493514,X ~= Y A^T,SVD normal-system solve,1.4361489354264596,1.4360951562748159,81.09000289929176,81.10000289929174,116.45732133754639,116.46732133754638,81.10000289929174,1.1646732133754641e-10,45.935859573363906,1,True,1.0,0.0,0.01,1.0,rms,25.709920264364882,0.5573921176819457,0.7465869793144974,0.47775105034030696,0.6919741401527058,3.5236028556403833,1.8771262226180698,0.12469787431589197,0.35741088171530805,0.9740134915835134,0.954767986691196,0.05263157894736842,0.15074855918941027,0.02,0.0011800839996310745,0.0,0.09682539682539683,1.0,1.0,0.970674338816068,0.9454324695921927,0.20988529014844803,,0.1571832173964673,1.6621518475094843
r5_final_inverse_map_complete_2026-08-31,fixed_black_box_contamination,har,mlp,0,HuberRidgeAIME,0.1,0.5,90,100,561,661,0.203687125002034,0.9566666666666667,0.12493264191548682,630,270,0.005298042087815702,X ~= Y A^T,SVD normal-system solve,1.3975257247106747,1.3974726338260648,74.86645527631255,74.87645527631257,104.62779716654802,104.63779716654807,74.87645527631253,1.0463779716654814e-10,44.1223885481077,7,True,0.9146818621107494,0.14761904761904762,0.01,1.0,rms,25.709920264364882,0.5342360247851216,0.7309145126381892,0.4994471684050573,0.7089629729092913,3.499109836473492,1.8705907720486306,0.13078221259677492,0.3666912817969017,0.9984305038494898,0.9967744010336899,0.3333333333333333,0.15197205639735728,0.0,0.001078722669867375,0.0,1.0,0.19262225689281792,0.9920907125822676,0.9938868762737789,0.9899352349959551,0.36694139194139197,,0.1453433120184254,1.6446590147650844
r5_final_inverse_map_complete_2026-08-31,fixed_black_box_contamination,har,lgbm,1,RidgeAIME,0.05,0.0,45,0,561,561,11.501661750022322,0.9777777777777777,0.05719186711838712,630,270,0.0011949999025091529,X ~= Y A^T,SVD normal-system solve,1.3707292220727212,1.3706859518191548,85.6676171881645,85.67761718816446,117.4271062651564,117.43710626515639,85.6776171881644,1.1743710626515642e-10,42.050451314323126,1,True,1.0,0.0,0.01,1.0,rms,23.68543856465402,0.49654699746564235,0.7046609095626366,0.4760272238434864,0.6916965237629146,1.6900841449433017,1.3000323630368984,0.20773151765145814,0.4593486412855966,0.984651615608265,0.9667401677941914,0.17647058823529413,0.0,0.0,0.0011504317756757853,0.0,0.05396825396825397,1.0,1.0,0.9810148077764342,0.9624341541857765,0.22965624846429797,,0.13693796170752867,1.6237706613055911
r5_final_inverse_map_complete_2026-08-31,fixed_black_box_contamination,har,lgbm,1,HuberRidgeAIME,0.05,0.0,45,0,561,561,11.501661750022322,0.9777777777777777,0.05719186711838712,630,270,0.005364084034226835,X ~= Y A^T,SVD normal-system solve,1.4463081356810374,1.446249778097041,76.46817218015605,76.4781721801561,110.59653954481806,110.60653954481803,76.47817218015606,1.1060653954481804e-10,40.676800919865286,8,True,0.9408362722513554,0.12380952380952381,0.01,1.0,rms,23.68543856465402,0.4790618493846513,0.6921429399948044,0.4944781290513838,0.7039462283754333,1.67298997095701,1.2934411354820172,0.21574483185338256,0.46727110287445867,0.9985674510356645,0.9956828764032875,0.5384615384615384,0.0,0.0,0.001079778673540763,0.0,1.0,0.18825448602431444,0.9837687902575958,0.9950081351723956,0.9922996487498267,0.446978021978022,,0.1602433053245506,1.6093467899370004
r5_final_inverse_map_complete_2026-08-31,fixed_black_box_contamination,har,lgbm,1,RidgeAIME,0.05,0.25,45,100,561,661,11.501661750022322,0.9777777777777777,0.05719186711838712,630,270,0.0013101249933242798,X ~= Y A^T,SVD normal-system solve,1.3940523697634906,1.394005858680758,84.71225255070561,84.7222525507056,118.09331641631445,118.10331641631441,84.72225255070563,1.181033164163144e-10,45.512210071135335,1,True,1.0,0.0,0.01,1.0,rms,25.709920264364882,0.4856668520346753,0.6968980212589754,0.48457615711817514,0.697526354876169,2.2837462859403996,1.511206897132355,0.16239722466229245,0.4068039712107551,0.9883687655760512,0.9805621830022209,0.0,0.15462918875042317,0.03,0.0008801943521567695,0.0,0.044444444444444446,1.0,1.0,0.9831991789128909,0.964954813577843,0.2997722435802931,,0.1442645990040119,1.6581279253414591
r5_final_inverse_map_complete_2026-08-31,fixed_black_box_contamination,har,lgbm,1,HuberRidgeAIME,0.05,0.25,45,100,561,661,11.501661750022322,0.9777777777777777,0.05719186711838712,630,270,0.005484458990395069,X ~= Y A^T,SVD normal-system solve,1.4215514664696955,1.4214982268502656,79.17003002046653,79.18003002046655,112.54427227604401,112.55427227604399,79.18003002046657,1.1255427227604399e-10,43.99493932021157,7,True,0.9489621046385566,0.10952380952380952,0.01,1.0,rms,25.709920264364882,0.47469418957432724,0.6889805436834391,0.49622111873798513,0.7049553892310267,2.2718855997222698,1.507277545683697,0.16674733297111632,0.4114625986455904,0.9985822819068944,0.9968798773989854,0.17647058823529413,0.15507772251309743,0.01,0.0008390783109906722,0.0,1.0,0.18559541665578907,0.9844675319865922,0.9946212927809226,0.992027414272876,0.36056884292178404,,0.1527463222961581,1.6434027230382688
r5_final_inverse_map_complete_2026-08-31,fixed_black_box_contamination,har,lgbm,1,RidgeAIME,0.05,0.5,45,100,561,661,11.501661750022322,0.9777777777777777,0.05719186711838712,630,270,0.0012982080224901438,X ~= Y A^T,SVD normal-system solve,1.3918406133740793,1.3917945244412202,85.00837405769013,85.01837405769014,118.3181074903886,118.32810749038862,85.0183740576901,1.1832810749038864e-10,45.348977087797444,1,True,1.0,0.0,0.01,1.0,rms,25.709920264364882,0.47370624467922384,0.688263208866509,0.4790818623861375,0.6943377482273756,1.6405541718500372,1.280841196967851,0.21076724830053928,0.46224137033484247,0.9857991269602218,0.9756997163294905,0.17647058823529413,0.14308674911808197,0.0,0.001125233700631606,0.0,0.05238095238095238,1.0,1.0,0.9813918720741002,0.9666075584121684,0.2632409644019551,,0.14357512357325025,1.6565674953622596
r5_final_inverse_map_complete_2026-08-31,fixed_black_box_contamination,har,lgbm,1,HuberRidgeAIME,0.05,0.5,45,100,561,661,11.501661750022322,0.9777777777777777,0.05719186711838712,630,270,0.005330333020538092,X ~= Y A^T,SVD normal-system solve,1.432903044909646,1.432847780449453,78.32299074993354,78.33299074993354,112.22925193200982,112.23925193200981,78.33299074993349,1.1223925193200985e-10,43.56671301817357,7,True,0.9416228297857616,0.12063492063492064,0.01,1.0,rms,25.709920264364882,0.4589641465904642,0.6774689266604514,0.4952932304379093,0.704539405549031,1.6255625196093493,1.274975497650582,0.21797938621921387,0.46923099869057483,0.9978985226578682,0.9954079242854216,0.6666666666666666,0.14212377686294006,0.0,0.001083409433464526,0.0,0.9999999999999998,0.19082223240389143,0.9831243703445584,0.9944521753726363,0.992518504577087,0.39908424908424905,,0.15620005528064115,1.6391547949158085
r5_final_inverse_map_complete_2026-08-31,fixed_black_box_contamination,har,lgbm,1,RidgeAIME,0.1,0.0,90,0,561,561,11.501661750022322,0.9777777777777777,0.05719186711838712,630,270,0.0011789159616455436,X ~= Y A^T,SVD normal-system solve,1.3918406133740793,1.3917945244412202,85.00837405769013,85.01837405769014,118.3181074903886,118.32810749038862,85.0183740576901,1.1832810749038864e-10,42.342969576810205,1,True,1.0,0.0,0.01,1.0,rms,23.68543856465402,0.4860929139015873,0.697203638761006,0.4704529192910176,0.6889550868602603,3.8288562124580765,1.9567463331914223,0.09935646480826688,0.32070867694329463,0.9746362149893606,0.9417140568035668,0.05263157894736842,0.0,0.0,0.0013530204441815172,0.0,0.09365079365079365,1.0,1.0,0.9717905487856024,0.9507057763254121,0.17764877880976954,,0.14357512357325025,1.6267813124835329
r5_final_inverse_map_complete_2026-08-31,fixed_black_box_contamination,har,lgbm,1,HuberRidgeAIME,0.1,0.0,90,0,561,561,11.501661750022322,0.9777777777777777,0.05719186711838712,630,270,0.004705083905719221,X ~= Y A^T,SVD normal-system solve,1.5039678056644739,1.5038983350093733,72.53398348841203,72.54398348841197,109.08877598317022,109.09877598317023,72.54398348841201,1.0909877598317022e-10,40.36275290591854,7,True,0.9094985733036769,0.15714285714285714,0.01,1.0,rms,23.68543856465402,0.45960379412263075,0.6779408485425781,0.49931002798019497,0.7073197067013823,3.802218589082444,1.9499278420194026,0.10562230555937036,0.32932462547992164,0.9973550212589578,0.9933649164119787,0.5384615384615384,0.0,0.0,0.0013030208307373025,0.0,0.9997175141242935,0.19281295526802772,0.9835519033634026,0.993576945982747,0.9899726163516197,0.5062271062271061,,0.1772184785184055,1.6059807792466676
r5_final_inverse_map_complete_2026-08-31,fixed_black_box_contamination,har,lgbm,1,RidgeAIME,0.1,0.25,90,100,561,661,11.501661750022322,0.9777777777777777,0.05719186711838712,630,270,0.001346041914075613,X ~= Y A^T,SVD normal-system solve,1.3755280198654198,1.37548403641481,85.369390352772,85.379390352772,117.42798846906655,117.43798846906652,85.37939035277196,1.1743798846906656e-10,46.252527927056086,1,True,1.0,0.0,0.01,1.0,rms,25.709920264364882,0.5103332039931588,0.7143760942200955,0.46647274315406795,0.6854721474387006,2.82133848902422,1.6796840444036552,0.1341936416587236,0.3714097635063553,0.9733667591311234,0.9553202365911939,0.05263157894736842,0.15093251022130294,0.0,0.0012188506529627323,0.0,0.10476190476190476,1.0,1.0,0.971270379199846,0.9436904085717337,0.2869460604754722,,0.1384555544224016,1.6651354740430238
r5_final_inverse_map_complete_2026-08-31,fixed_black_box_contamination,har,lgbm,1,HuberRidgeAIME,0.1,0.25,90,100,561,661,11.501661750022322,0.9777777777777777,0.05719186711838712,630,270,0.0054474169155582786,X ~= Y A^T,SVD normal-system solve,1.4088997043226892,1.408846169509055,76.37014902300913,76.38014902300915,107.59788037759728,107.60788037759724,76.38014902300918,1.0760788037759724e-10,43.92923547875016,7,True,0.9040283250078025,0.1523809523809524,0.01,1.0,rms,25.709920264364882,0.4857844718487248,0.6969824042604841,0.49213718673246587,0.7020835290969683,2.7970218797144972,1.6724299326771501,0.1416558710351571,0.38032650713657784,0.99698361790226,0.9940876103269282,0.1111111111111111,0.1527191494190668,0.0,0.0011999120911840727,0.0,1.0,0.19291698998408158,0.9872434812339824,0.9939463270146291,0.9899763535229346,0.351255117431588,,0.1488635755220125,1.6427536450989353
r5_final_inverse_map_complete_2026-08-31,fixed_black_box_contamination,har,lgbm,1,RidgeAIME,0.1,0.5,90,100,561,661,11.501661750022322,0.9777777777777777,0.05719186711838712,630,270,0.0014364589005708694,X ~= Y A^T,SVD normal-system solve,1.3935038020597437,1.3934573739454046,84.74549947911977,84.75549947911982,118.09317573160543,118.10317573160542,84.75549947911978,1.181031757316054e-10,45.22222166358789,1,True,1.0,0.0,0.01,1.0,rms,25.709920264364882,0.5824356622925911,0.7631747259262397,0.44682849269865554,0.6693971900648528,2.9903580650961143,1.7292651806753394,0.13284228500031092,0.36831225032608533,0.9709025589655645,0.9507999188765203,0.17647058823529413,0.14633053023258782,0.0,0.0014975180880261907,0.0,0.10634920634920635,1.0,1.0,0.9689410797143457,0.9457186372548978,0.22883925500024568,,0.14409368812399864,1.6553518944210148
r5_final_inverse_map_complete_2026-08-31,fixed_black_box_contamination,har,lgbm,1,HuberRidgeAIME,0.1,0.5,90,100,561,661,11.501661750022322,0.9777777777777777,0.05719186711838712,630,270,0.005492416908964515,X ~= Y A^T,SVD normal-system solve,1.4810693594637332,1.481002991270908,72.47492673686837,72.48492673686837,107.34039331935463,107.35039331935468,72.48492673686846,1.073503933193546e-10,43.194967405971774,7,True,0.9028878483456065,0.15873015873015872,0.01,1.0,rms,25.709920264364882,0.559271539228209,0.7478445956401698,0.468828747319742,0.6858603567529435,2.965846806469239,1.7221634087592381,0.13995017193557147,0.37788052340701206,0.9974444000813422,0.9945912043971996,0.42857142857142855,0.14576551159049211,0.01,0.0013676783675110383,0.0,1.0000000000000002,0.19153332708590975,0.9875428268969382,0.993664155038039,0.990457140292874,0.5501748251748253,,0.17055593569280691,1.6354331506312636
r5_final_inverse_map_complete_2026-08-31,fixed_black_box_contamination,har,svm,1,RidgeAIME,0.05,0.0,45,0,561,561,1.1400482910685241,0.9688888888888889,0.07737551742231202,630,270,0.0013057499891147017,X ~= Y A^T,SVD normal-system solve,1.4571110068890578,1.4570531760127583,79.03272529323515,79.0427252932351,115.15945392921218,115.16945392921217,79.04272529323511,1.1516945392921214e-10,43.98818934110671,1,True,1.0,0.0,0.01,1.0,rms,23.68543856465402,0.49319654467165713,0.7022795345670106,0.49080855223500675,0.7022406574230148,1.7183195196287024,1.3108468711595198,0.21655827178374887,0.46812555301196923,0.9860590277858117,0.9777333926998263,0.1111111111111111,0.0,0.0,0.001399357008807332,0.0,0.05396825396825397,1.0,1.0,0.981055528120289,0.9626472303710832,0.23648459383753498,,0.16347540189180892,1.6433360857470392
r5_final_inverse_map_complete_2026-08-31,fixed_black_box_contamination,har,svm,1,HuberRidgeAIME,0.05,0.0,45,0,561,561,1.1400482910685241,0.9688888888888889,0.07737551742231202,630,270,0.005204000044614077,X ~= Y A^T,SVD normal-system solve,1.4870673279659699,1.487000939604777,73.35637314365312,73.36637314365314,109.08586580000687,109.09586580000689,73.36637314365316,1.0909586580000689e-10,41.92099014284084,8,True,0.9356759863194049,0.13015873015873017,0.01,1.0,rms,23.68543856465402,0.47804723823853096,0.6914096023621099,0.506449167236587,0.7121687554064527,1.7038850986410221,1.3053294981118837,0.22313942714816715,0.4744518833443729,0.9983013461937122,0.9955433753731547,0.5384615384615384,0.0,0.0,0.0012039445771087206,0.0,1.0,0.18425026870114578,0.9785425541029971,0.994646947686935,0.9901079288730271,0.4136446886446886,,0.17231124294363603,1.6224315318118756
r5_final_inverse_map_complete_2026-08-31,fixed_black_box_contamination,har,svm,1,RidgeAIME,0.05,0.25,45,100,561,661,1.1400482910685241,0.9688888888888889,0.07737551742231202,630,270,0.0014301660703495145,X ~= Y A^T,SVD normal-system solve,1.4623102150731317,1.4622518900128934,79.25442136030242,79.26442136030235,115.89454994488044,115.90454994488047,79.26442136030235,1.159045499448805e-10,46.04700499284191,1,True,1.0,0.0,0.01,1.0,rms,25.709920264364882,0.6064256150609829,0.7787333401498763,0.459460458107423,0.6791342272616621,2.2478468250779233,1.4992821032340522,0.18433737601578615,0.432513481456882,0.9851635105714504,0.9752716821450929,0.17647058823529413,0.1483071213611867,0.0,0.0009735683400714705,0.0,0.049206349206349205,1.0,1.0,0.9810171662017947,0.96505049858707,0.25511204481792715,,0.1650221913768814,1.6632013879013388
r5_final_inverse_map_complete_2026-08-31,fixed_black_box_contamination,har,svm,1,HuberRidgeAIME,0.05,0.25,45,100,561,661,1.1400482910685241,0.9688888888888889,0.07737551742231202,630,270,0.005302125005982816,X ~= Y A^T,SVD normal-system solve,1.5532821680836184,1.5532066312548922,73.23667680953685,73.24667680953691,113.75722413795665,113.76722413795666,73.24667680953688,1.1376722413795672e-10,44.47422795704089,7,True,0.9471926916454533,0.10476190476190476,0.01,1.0,rms,25.709920264364882,0.5981278427605943,0.7733872527787061,0.46685670577009786,0.6856967206294236,2.2394731857274937,1.4964869480645309,0.18737586803787143,0.436710637961917,0.9985987855690474,0.9966386342329794,0.6666666666666666,0.14864059231729562,0.0,0.0009494999281857314,0.0,0.9999999999999999,0.18764583976150037,0.9865014602738382,0.9945813488935394,0.991027240193111,0.4750146911911618,,0.1912292360532915,1.6481084177586123
r5_final_inverse_map_complete_2026-08-31,fixed_black_box_contamination,har,svm,1,RidgeAIME,0.05,0.5,45,100,561,661,1.1400482910685241,0.9688888888888889,0.07737551742231202,630,270,0.0013059579068794847,X ~= Y A^T,SVD normal-system solve,1.45156023072765,1.4515038228065145,80.04262765219724,80.05262765219723,116.18669506287081,116.19669506287077,80.05262765219723,1.161966950628708e-10,46.81412020830951,1,True,1.0,0.0,0.01,1.0,rms,25.709920264364882,0.5568474596970334,0.746222124904531,0.4582455799195073,0.6780347653796238,1.8744696713077806,1.3691127314095726,0.19721813364725316,0.446865479627473,0.9874789184016873,0.9773123807730028,0.1111111111111111,0.1433509853435212,0.0,0.0008797314015356647,0.0,0.050793650793650794,1.0,1.0,0.9832049472018529,0.9677571008596392,0.2978057889822595,,0.16181818396485984,1.6703768659722853
r5_final_inverse_map_complete_2026-08-31,fixed_black_box_contamination,har,svm,1,HuberRidgeAIME,0.05,0.5,45,100,561,661,1.1400482910685241,0.9688888888888889,0.07737551742231202,630,270,0.00546716689132154,X ~= Y A^T,SVD normal-system solve,1.5051233592773747,1.5050548967516313,73.77099972090859,73.78099972090861,111.03445491718422,111.04445491718424,73.78099972090862,1.1104445491718425e-10,45.13516030179543,7,True,0.9455260520492507,0.1111111111111111,0.01,1.0,rms,25.709920264364882,0.5447880276328535,0.7380975732468259,0.4699781478079994,0.6862462378265337,1.8627014390958223,1.3648082059746791,0.20225813166023632,0.4520833629985876,0.9983790507792603,0.9955447714034448,0.8181818181818182,0.1448770405381862,0.0,0.0008856132018821055,0.0,1.0,0.19566133403860253,0.9856525921434659,0.9949479306362645,0.9917371299881663,0.44725274725274716,,0.1775523410737139,1.6545149892364746
r5_final_inverse_map_complete_2026-08-31,fixed_black_box_contamination,har,svm,1,RidgeAIME,0.1,0.0,90,0,561,561,1.1400482910685241,0.9688888888888889,0.07737551742231202,630,270,0.001163374981842935,X ~= Y A^T,SVD normal-system solve,1.45156023072765,1.4515038228065145,80.04262765219724,80.05262765219723,116.18669506287081,116.19669506287077,80.05262765219723,1.161966950628708e-10,44.09230781092635,1,True,1.0,0.0,0.01,1.0,rms,23.68543856465402,0.5683075635776518,0.753861766889429,0.44935119835771153,0.6723449455396429,3.609000538225485,1.8997369655364096,0.1134224647795552,0.3416525134482113,0.9754266598790221,0.9497251880682259,0.1111111111111111,0.0,0.0,0.0013525702001985387,0.0,0.09523809523809523,1.0,1.0,0.9726482423677296,0.9445051029146695,0.28431372549019607,,0.16181818396485984,1.644362830586824
r5_final_inverse_map_complete_2026-08-31,fixed_black_box_contamination,har,svm,1,HuberRidgeAIME,0.1,0.0,90,0,561,561,1.1400482910685241,0.9688888888888889,0.07737551742231202,630,270,0.004756125039421022,X ~= Y A^T,SVD normal-system solve,1.5597022175001523,1.5596218437777256,69.62746366378339,69.63746366378338,108.59810947531423,108.60810947531421,69.63746366378342,1.0860810947531418e-10,42.209942992176536,7,True,0.9072988969287302,0.15873015873015872,0.01,1.0,rms,23.68543856465402,0.544203871076521,0.7377017494058971,0.47270592780622844,0.6881222586387289,3.58474703123843,1.8933428192586863,0.11938051721465048,0.34978292389251814,0.998028975991633,0.9942737970577521,0.5384615384615384,0.0,0.0,0.0013556252997948407,0.0,1.0,0.18931202820231813,0.9828764620578263,0.9943026215779692,0.9891037819204032,0.4356227106227106,,0.1930193092074689,1.6254147656061997
r5_final_inverse_map_complete_2026-08-31,fixed_black_box_contamination,har,svm,1,RidgeAIME,0.1,0.25,90,100,561,661,1.1400482910685241,0.9688888888888889,0.07737551742231202,630,270,0.001291166990995407,X ~= Y A^T,SVD normal-system solve,1.4707299867525854,1.4706701361747527,78.64086750917272,78.65086750917273,115.65948202997743,115.66948202997749,78.65086750917264,1.1566948202997741e-10,47.59556597520166,1,True,1.0,0.0,0.01,1.0,rms,25.709920264364882,0.518929628631893,0.7203677037679389,0.47004066873741057,0.6877142474476428,3.761683071149086,1.939505883246835,0.10680102585752693,0.331547159662353,0.9746000620091195,0.9517521562614577,0.1111111111111111,0.14152430057051635,0.0,0.0010148249328448427,0.0,0.09365079365079365,1.0,1.0,0.9725334888259519,0.9465737330894033,0.2040095525389643,,0.1675152736086261,1.677566495531459
r5_final_inverse_map_complete_2026-08-31,fixed_black_box_contamination,har,svm,1,HuberRidgeAIME,0.1,0.25,90,100,561,661,1.1400482910685241,0.9688888888888889,0.07737551742231202,630,270,0.005252209026366472,X ~= Y A^T,SVD normal-system solve,1.554810080270651,1.5547300080745459,69.27873032755299,69.28873032755297,107.71526826163145,107.72526826163146,69.28873032755297,1.0772526826163151e-10,45.035664686252254,7,True,0.9084787108799928,0.15873015873015872,0.01,1.0,rms,25.709920264364882,0.49344519383108054,0.7024565423078359,0.4960667679991738,0.7047886282525773,3.736176452756296,1.9329191531867793,0.11285748647671567,0.33979223917589507,0.9971067515579334,0.9939657422239492,0.42857142857142855,0.14113211859175226,0.01,0.0009273593364698652,0.0,0.9999999999999998,0.18826327620227548,0.9828967680533472,0.9939161546315042,0.9904408565916583,0.38010127127774185,,0.19165498102585385,1.6535565769263685
r5_final_inverse_map_complete_2026-08-31,fixed_black_box_contamination,har,svm,1,RidgeAIME,0.1,0.5,90,100,561,661,1.1400482910685241,0.9688888888888889,0.07737551742231202,630,270,0.0013432499254122376,X ~= Y A^T,SVD normal-system solve,1.4504251511021289,1.4503682542043135,79.15515107159221,79.16515107159225,114.80862195352597,114.81862195352599,79.16515107159215,1.1481862195352597e-10,48.0505912841592,1,True,1.0,0.0,0.01,1.0,rms,25.709920264364882,0.5111189380242972,0.714925826938919,0.469013045955221,0.6878642802529769,3.526889454989708,1.8780014523396162,0.1124231251568859,0.3399754001009912,0.976468841203368,0.9574825332427548,0.17647058823529413,0.1468355249704658,0.0,0.0010096601737924209,0.0,0.09682539682539683,1.0,1.0,0.9729735934361112,0.947466897632901,0.2937552213868003,,0.1614782853133382,1.6816987362265745
r5_final_inverse_map_complete_2026-08-31,fixed_black_box_contamination,har,svm,1,HuberRidgeAIME,0.1,0.5,90,100,561,661,1.1400482910685241,0.9688888888888889,0.07737551742231202,630,270,0.006008957978338003,X ~= Y A^T,SVD normal-system solve,1.4841774734119992,1.4841094930127858,71.21309945557621,71.22309945557626,105.69287802381452,105.7028780238145,71.22309945557619,1.057028780238145e-10,45.58925731814289,8,True,0.9035627515467939,0.15873015873015872,0.01,1.0,rms,25.709920264364882,0.48397274943970864,0.6956814999981735,0.4972144505953493,0.7055851718239725,3.498885835534945,1.8705308967068532,0.11947051503319461,0.3490794205812698,0.9971884356341886,0.9932518810090734,0.3333333333333333,0.14793051766255644,0.0,0.0009922472814263392,0.0,1.0,0.18809491460641392,0.9802649273875024,0.9940536785074621,0.9899134250577868,0.3801012712777418,,0.17146594302999554,1.658862517289491
r5_final_inverse_map_complete_2026-08-31,fixed_black_box_contamination,har,mlp,1,RidgeAIME,0.05,0.0,45,0,561,561,0.20502429199405015,0.9533333333333334,0.14132980849021132,630,270,0.0012647080002352595,X ~= Y A^T,SVD normal-system solve,1.4302877716592655,1.4302343254390564,80.49855045927552,80.50855045927557,115.13609235819813,115.14609235819822,80.50855045927561,1.151460923581982e-10,42.45128951855071,1,True,1.0,0.0,0.01,1.0,rms,23.68543856465402,0.47176194709399577,0.686849289942121,0.5087475114245208,0.7139539121803131,1.7014857759778832,1.3044101256805252,0.2224741522900826,0.47394003017886166,0.9866614036678625,0.9701177918833317,0.17647058823529413,0.0,0.0,0.0009172278885834296,0.0,0.05238095238095238,1.0,1.0,0.9839335402117602,0.969480145665513,0.2131529804904418,,0.15540719684139284,1.6278908870955175
r5_final_inverse_map_complete_2026-08-31,fixed_black_box_contamination,har,mlp,1,HuberRidgeAIME,0.05,0.0,45,0,561,561,0.20502429199405015,0.9533333333333334,0.14132980849021132,630,270,0.005453874939121306,X ~= Y A^T,SVD normal-system solve,1.4757795484067144,1.475715591634333,74.38080033168306,74.39080033168307,109.76966392362122,109.77966392362121,74.3908003316831,1.0977966392362128e-10,41.05970751130871,8,True,0.9417016935102047,0.11904761904761904,0.01,1.0,rms,23.68543856465402,0.4603328290317785,0.6784783187632295,0.5206488161500766,0.7220704758032225,1.6899872718886495,1.29999510456334,0.22772860946251416,0.47938758047468566,0.9986817183853097,0.9962297000514886,0.42857142857142855,0.0,0.0,0.0008532455594100118,0.0,0.9999999999999999,0.18613828560810886,0.9834665050022806,0.9948452904444389,0.9913850593618229,0.42051282051282046,,0.16900266583017842,1.6134158513502799
r5_final_inverse_map_complete_2026-08-31,fixed_black_box_contamination,har,mlp,1,RidgeAIME,0.05,0.25,45,100,561,661,0.20502429199405015,0.9533333333333334,0.14132980849021132,630,270,0.0013417500304058194,X ~= Y A^T,SVD normal-system solve,1.4208210818758773,1.4207697077876904,81.90309991644224,81.91309991644228,116.36965103226754,116.37965103226757,81.91309991644225,1.1637965103226757e-10,46.39827032237711,1,True,1.0,0.0,0.01,1.0,rms,25.709920264364882,0.45868984053065887,0.6772664472204857,0.5093146604877277,0.7147818627693687,2.1511862754506903,1.4666922906495043,0.17812040442742216,0.4252333178887407,0.9869197748886973,0.9764588262194922,0.1111111111111111,0.1508822228135882,0.02,0.0008770639448354631,0.0,0.044444444444444446,1.0,1.0,0.9818236311740461,0.9619094031238455,0.18627450980392157,,0.1525236889462823,1.6665017908253834
r5_final_inverse_map_complete_2026-08-31,fixed_black_box_contamination,har,mlp,1,HuberRidgeAIME,0.05,0.25,45,100,561,661,0.20502429199405015,0.9533333333333334,0.14132980849021132,630,270,0.00631154200527817,X ~= Y A^T,SVD normal-system solve,1.4892131785917488,1.4891480046562517,75.05270334433935,75.06270334433943,111.76947490932719,111.7794749093272,75.0627033443394,1.1177947490932716e-10,44.78057226542243,8,True,0.9473705794974829,0.11587301587301588,0.01,1.0,rms,25.709920264364882,0.4469654925380785,0.6685547790107244,0.5218568298731314,0.7228745541083953,2.1384223691016304,1.4623345612757808,0.18299696686546285,0.4304725868854197,0.9986635637170063,0.9967314999711853,0.3333333333333333,0.15129236889359596,0.0,0.0008498542959817029,0.0,1.0,0.1852816338946444,0.9828165769673822,0.9944850564137193,0.9898972234104025,0.4689560439560439,,0.1729378639114527,1.6510896392681813
r5_final_inverse_map_complete_2026-08-31,fixed_black_box_contamination,har,mlp,1,RidgeAIME,0.05,0.5,45,100,561,661,0.20502429199405015,0.9533333333333334,0.14132980849021132,630,270,0.0013069999404251575,X ~= Y A^T,SVD normal-system solve,1.4480867686814578,1.448031119950829,80.51057317504484,80.52057317504475,116.58629575374275,116.59629575374271,80.52057317504479,1.1659629575374272e-10,45.706319391174794,1,True,1.0,0.0,0.01,1.0,rms,25.709920264364882,0.5211108088598438,0.7218800515735587,0.48962141647208834,0.7002164963428201,2.0501043438398003,1.4318185443134197,0.19476185918325806,0.44368770338698854,0.9840623847931359,0.9618749164572331,0.05263157894736842,0.14992924010428804,0.01,0.0008371484734570232,0.0,0.050793650793650794,1.0,1.0,0.9812539166928957,0.9567181839372652,0.2408496732026144,,0.16077789547831853,1.659976250113192
r5_final_inverse_map_complete_2026-08-31,fixed_black_box_contamination,har,mlp,1,HuberRidgeAIME,0.05,0.5,45,100,561,661,0.20502429199405015,0.9533333333333334,0.14132980849021132,630,270,0.006140541983768344,X ~= Y A^T,SVD normal-system solve,1.5332976860035117,1.5332241036962542,72.466347357427,72.47634735742706,111.11248271626951,111.12248271626949,72.47634735742706,1.111224827162695e-10,44.448416470206084,8,True,0.9462396226973234,0.10793650793650794,0.01,1.0,rms,25.709920264364882,0.5085858996591102,0.7131520873271775,0.501888376412283,0.7092978456531612,2.0369591371924884,1.4272207738091849,0.1999250216306423,0.44972827028308954,0.9985845528519978,0.9958711934344721,0.25,0.1516320603680598,0.0,0.0008312355549077368,0.0,1.0,0.1890797999164143,0.9867565362909507,0.9948252599402643,0.9900360576573493,0.34642857142857136,,0.18560563814557576,1.647856293303945
r5_final_inverse_map_complete_2026-08-31,fixed_black_box_contamination,har,mlp,1,RidgeAIME,0.1,0.0,90,0,561,561,0.20502429199405015,0.9533333333333334,0.14132980849021132,630,270,0.0012178330216556787,X ~= Y A^T,SVD normal-system solve,1.4480867686814578,1.448031119950829,80.51057317504484,80.52057317504475,116.58629575374275,116.59629575374271,80.52057317504479,1.1659629575374272e-10,42.66993660644856,1,True,1.0,0.0,0.01,1.0,rms,23.68543856465402,0.5430086472514796,0.7368912044877992,0.47326214822130597,0.68873856812721,3.2572381906497934,1.8047820341109875,0.1271472073876997,0.3606746731469495,0.9706733086778985,0.9383160767784826,0.17647058823529413,0.0,0.0,0.0014566327231064714,0.0,0.10158730158730159,1.0,1.0,0.9705530444729599,0.9430365876535018,0.26136249371543485,,0.16077789547831853,1.6301219976404222
r5_final_inverse_map_complete_2026-08-31,fixed_black_box_contamination,har,mlp,1,HuberRidgeAIME,0.1,0.0,90,0,561,561,0.20502429199405015,0.9533333333333334,0.14132980849021132,630,270,0.00475466693751514,X ~= Y A^T,SVD normal-system solve,1.5173989195363586,1.517325345216998,70.3133035708031,70.32330357080315,106.69333086736862,106.70333086736863,70.32330357080318,1.0670333086736856e-10,40.89120913646151,7,True,0.9053402136420412,0.1523809523809524,0.01,1.0,rms,23.68543856465402,0.5184436198246798,0.7200302909077366,0.49709110534965306,0.7059764810339162,3.2329163536668117,1.7980312437960615,0.13366480975187367,0.36959575744712925,0.9979754675570347,0.9946797943310763,0.42857142857142855,0.0,0.0,0.001493043568617038,0.0,1.0,0.18706723130437403,0.986558360054781,0.9939959465922751,0.988451678633278,0.4246336996336996,,0.18107871228511777,1.6116299526558087
r5_final_inverse_map_complete_2026-08-31,fixed_black_box_contamination,har,mlp,1,RidgeAIME,0.1,0.25,90,100,561,661,0.20502429199405015,0.9533333333333334,0.14132980849021132,630,270,0.0013238749234005809,X ~= Y A^T,SVD normal-system solve,1.459180483011644,1.4591228078135396,79.60489481120398,79.614894811204,116.15790886070373,116.16790886070358,79.61489481120395,1.1616790886070368e-10,46.94679709202414,1,True,1.0,0.0,0.01,1.0,rms,25.709920264364882,0.46617233906281824,0.6827681444405694,0.488069302577278,0.7017768624780907,2.6261110072100133,1.6205280025997741,0.13990386731570226,0.3798538302309225,0.9721320704854017,0.9404918011603257,0.05263157894736842,0.14713477793163593,0.0,0.0011084348929976077,0.0,0.10952380952380952,1.0,1.0,0.9641070258833663,0.9327406686580512,0.1600017199862401,,0.16409184604781657,1.6716059682164217
r5_final_inverse_map_complete_2026-08-31,fixed_black_box_contamination,har,mlp,1,HuberRidgeAIME,0.1,0.25,90,100,561,661,0.20502429199405015,0.9533333333333334,0.14132980849021132,630,270,0.006659083999693394,X ~= Y A^T,SVD normal-system solve,1.5446379841200955,1.5445605900115285,70.36202110143356,70.37202110143352,108.68385043273395,108.69385043273388,70.3720211014336,1.0869385043273395e-10,44.81318393494204,8,True,0.8955738333583063,0.18253968253968253,0.01,1.0,rms,25.709920264364882,0.4386672216161606,0.6623195766517554,0.5182742563621139,0.7205297419724661,2.5954663813335905,1.6110451208248608,0.149940504811796,0.3912428083770075,0.9973200617641538,0.9919504518282152,0.42857142857142855,0.14827233029286443,0.0,0.0010540409964012588,0.0,0.9999999999999998,0.19385092488298156,0.981881998571849,0.993759080969749,0.9874467538759489,0.3107142857142857,,0.18880494947239182,1.6514058012273214
r5_final_inverse_map_complete_2026-08-31,fixed_black_box_contamination,har,mlp,1,RidgeAIME,0.1,0.5,90,100,561,661,0.20502429199405015,0.9533333333333334,0.14132980849021132,630,270,0.0013834580313414335,X ~= Y A^T,SVD normal-system solve,1.4260505307675866,1.4259984581820804,81.80858585228707,81.81858585228714,116.66317727599964,116.67317727599963,81.81858585228709,1.1667317727599963e-10,46.68803693083415,1,True,1.0,0.0,0.01,1.0,rms,25.709920264364882,0.4981842436064153,0.7058216797509236,0.48334103448077825,0.6968105829339398,3.600473407565533,1.8974913458473357,0.11441633891225611,0.34259626528983544,0.9758230392317507,0.9505784122767995,0.0,0.14895413647717318,0.01,0.0012073020877722408,0.0,0.09682539682539683,1.0,1.0,0.972314157026067,0.9445172499616696,0.3603644291724787,,0.1541190559482615,1.6692056137459814
r5_final_inverse_map_complete_2026-08-31,fixed_black_box_contamination,har,mlp,1,HuberRidgeAIME,0.1,0.5,90,100,561,661,0.20502429199405015,0.9533333333333334,0.14132980849021132,630,270,0.005541083053685725,X ~= Y A^T,SVD normal-system solve,1.4912486119429513,1.491180323512553,71.92731194050621,71.93731194050625,107.26150409206755,107.27150409206754,71.93731194050615,1.0727150409206754e-10,44.99913696346515,7,True,0.9094622625880868,0.15873015873015872,0.01,1.0,rms,25.709920264364882,0.4751932394530291,0.6893426139830825,0.5071846396822328,0.7126624761923653,3.578004881836733,1.8915614930096067,0.11994276752921096,0.35024846270976595,0.9981075888159594,0.9952692073874349,0.3333333333333333,0.1499765467747331,0.0,0.0011347107756449347,0.0,1.0,0.19521253353190265,0.9860338504130906,0.9942545384652073,0.9890533930056125,0.36105365223012276,,0.17353016442628189,1.6532041845398104
r5_final_inverse_map_complete_2026-08-31,fixed_black_box_contamination,har,lgbm,2,RidgeAIME,0.05,0.0,45,0,561,561,11.321805165964179,0.98,0.07126490177054959,630,270,0.0011552079813554883,X ~= Y A^T,SVD normal-system solve,1.381182352188421,1.3811381152837858,86.15840516879958,86.16840516879967,119.0004687118456,119.0104687118456,86.16840516879957,1.1901046871184555e-10,43.258771283195756,1,True,1.0,0.0,0.01,1.0,rms,23.68543856465402,0.47579835845591095,0.6897813845385442,0.4887268812016706,0.7015562234543291,1.5130267443268692,1.230051521005063,0.22963948001834222,0.48262014450754787,0.9860826475475288,0.9689828550006659,0.05263157894736842,0.0,0.0,0.0012397065918712284,0.0,0.05714285714285714,1.0,1.0,0.9822965895537529,0.96021663244159,0.25254435107376283,,0.14023711066143177,1.6360741796313587
r5_final_inverse_map_complete_2026-08-31,fixed_black_box_contamination,har,lgbm,2,HuberRidgeAIME,0.05,0.0,45,0,561,561,11.321805165964179,0.98,0.07126490177054959,630,270,0.005547999986447394,X ~= Y A^T,SVD normal-system solve,1.4715055192812754,1.471445021039973,77.92706215742146,77.93706215742148,114.67010206602069,114.68010206602074,77.93706215742145,1.146801020660207e-10,41.564494918865016,8,True,0.939780856939783,0.12063492063492064,0.01,1.0,rms,23.68543856465402,0.4575172594219463,0.6764002213349329,0.5083709895766733,0.7135770654432707,1.4951368484506586,1.2227578862762074,0.23874815542100125,0.49069106244580374,0.9984594029589963,0.9952323611398357,0.17647058823529413,0.0,0.0,0.001119732321849333,0.0,1.0,0.18988946741451374,0.9852288199413143,0.9949253721994318,0.9906412116515331,0.3972527472527473,,0.16774403979273117,1.6187225074342657
r5_final_inverse_map_complete_2026-08-31,fixed_black_box_contamination,har,lgbm,2,RidgeAIME,0.05,0.25,45,100,561,661,11.321805165964179,0.98,0.07126490177054959,630,270,0.0013521249638870358,X ~= Y A^T,SVD normal-system solve,1.4033590857381015,1.4033115236477995,84.79684578369208,84.80684578369207,119.0004239724769,119.01042397247689,84.80684578369207,1.1901042397247688e-10,45.819535460766005,1,True,1.0,0.0,0.01,1.0,rms,25.709920264364882,0.5234371137912586,0.7234895395175099,0.4722188537487605,0.6884523665580349,1.8232216069599356,1.350267235387105,0.20278809045166146,0.4533042107427499,0.9860700338034885,0.9723763278710271,0.0,0.14281311828289134,0.0,0.0008775449953735632,0.0,0.050793650793650794,1.0,1.0,0.9823283064857133,0.9656281263960349,0.3808772496852992,,0.1471540915437855,1.6610506818012476
r5_final_inverse_map_complete_2026-08-31,fixed_black_box_contamination,har,lgbm,2,HuberRidgeAIME,0.05,0.25,45,100,561,661,11.321805165964179,0.98,0.07126490177054959,630,270,0.005317040951922536,X ~= Y A^T,SVD normal-system solve,1.4588993388312856,1.458840413634051,77.86828643354625,77.87828643354631,113.60199159382579,113.61199159382579,77.87828643354624,1.1361199159382576e-10,44.21143116596135,7,True,0.9479928899891037,0.10634920634920635,0.01,1.0,rms,25.709920264364882,0.51109737915821,0.7149107490856533,0.4846609964961388,0.6967983017347509,1.8105231185905215,1.3455568061551773,0.20834056203422335,0.4589754562907787,0.9985030129253518,0.9962920601290081,0.3333333333333333,0.1418144506124715,0.0,0.0008835672677309674,0.0,1.0,0.18670855368443318,0.9887305133365106,0.9941368929499731,0.9904400079109148,0.3236640810170222,,0.16400778588327783,1.64553457365773
r5_final_inverse_map_complete_2026-08-31,fixed_black_box_contamination,har,lgbm,2,RidgeAIME,0.05,0.5,45,100,561,661,11.321805165964179,0.98,0.07126490177054959,630,270,0.0013056660536676645,X ~= Y A^T,SVD normal-system solve,1.383822093556527,1.383777465263676,85.99420698270954,86.0042069827096,119.00068354054645,119.01068354054645,86.00420698270959,1.1901068354054637e-10,45.64020832132595,1,True,1.0,0.0,0.01,1.0,rms,25.709920264364882,0.5406053246864055,0.7352586787562629,0.47862411002941174,0.6925276308134181,1.6638331697009747,1.2898965732573193,0.22737340129631056,0.4791175721757883,0.9849459382791974,0.9706709223413064,0.0,0.14841731906641448,0.0,0.0007736237450224179,0.0,0.05396825396825397,1.0,1.0,0.9823009127620989,0.9663190774425241,0.2617359764418588,,0.141066253864437,1.6593476180554638
r5_final_inverse_map_complete_2026-08-31,fixed_black_box_contamination,har,lgbm,2,HuberRidgeAIME,0.05,0.5,45,100,561,661,11.321805165964179,0.98,0.07126490177054959,630,270,0.005451916949823499,X ~= Y A^T,SVD normal-system solve,1.4065874631034372,1.4065368650164825,80.34629162649088,80.35629162649093,113.01408650867475,113.02408650867477,80.35629162649093,1.1302408650867469e-10,44.49319909532892,7,True,0.9458193441228682,0.10952380952380952,0.01,1.0,rms,25.709920264364882,0.5288074800962459,0.7271915016666833,0.4900023030327777,0.7009278291912475,1.6517272593627907,1.2851954167996362,0.23299496750807436,0.48506538482530187,0.9991057347064789,0.9980894796082844,0.5384615384615384,0.14910677154228422,0.0,0.000744786368973566,0.0,1.0,0.18838806874079286,0.9890285108392953,0.9952350650059401,0.9924714661272839,0.4074175824175824,,0.14815111941157802,1.6482936329788735
r5_final_inverse_map_complete_2026-08-31,fixed_black_box_contamination,har,lgbm,2,RidgeAIME,0.1,0.0,90,0,561,561,11.321805165964179,0.98,0.07126490177054959,630,270,0.00125345797277987,X ~= Y A^T,SVD normal-system solve,1.383822093556527,1.383777465263676,85.99420698270954,86.0042069827096,119.00068354054645,119.01068354054645,86.00420698270959,1.1901068354054637e-10,42.794791673204976,1,True,1.0,0.0,0.01,1.0,rms,23.68543856465402,0.5677779259788027,0.7535104020375583,0.4603342107003351,0.6796701754290689,3.3204230908781165,1.8222028127730778,0.12377086800755732,0.3560383271698404,0.9715332001363028,0.9453814896101178,0.05263157894736842,0.0,0.0,0.0014302882142151825,0.0,0.10158730158730159,1.0,1.0,0.9717667706738833,0.9507132186423582,0.18957688338493292,,0.141066253864437,1.6313909165546145
r5_final_inverse_map_complete_2026-08-31,fixed_black_box_contamination,har,lgbm,2,HuberRidgeAIME,0.1,0.0,90,0,561,561,11.321805165964179,0.98,0.07126490177054959,630,270,0.004769249935634434,X ~= Y A^T,SVD normal-system solve,1.4979906166429149,1.4979246717800114,75.50621077296674,75.51621077296672,113.10759523616635,113.11759523616632,75.51621077296663,1.1311759523616635e-10,41.526095707326824,7,True,0.9071793167901891,0.15714285714285714,0.01,1.0,rms,23.68543856465402,0.5400094532398246,0.7348533549217998,0.4867277953619661,0.6984782187934788,3.292565523167245,1.8145427862597356,0.1311222240566633,0.3659192923924538,0.9984303151762625,0.9956537867853109,0.42857142857142855,0.0,0.0,0.0013034418787453935,0.0,1.0,0.18593452797662563,0.9887334978574474,0.9945547216251758,0.9908382631603272,0.46565934065934067,,0.1754899739423249,1.618321100566364
r5_final_inverse_map_complete_2026-08-31,fixed_black_box_contamination,har,lgbm,2,RidgeAIME,0.1,0.25,90,100,561,661,11.321805165964179,0.98,0.07126490177054959,630,270,0.0013467500684782863,X ~= Y A^T,SVD normal-system solve,1.3899584609249296,1.3899129180217153,85.61441860641513,85.62441860641522,119.00048551915542,119.01048551915544,85.62441860641519,1.190104855191554e-10,46.3256525998761,1,True,1.0,0.0,0.01,1.0,rms,25.709920264364882,0.5119670448449061,0.7155187243146793,0.4945665409648696,0.7039040806516595,4.1277902384228815,2.0316963942535513,0.10443124457950403,0.3281210198068229,0.9783444317724878,0.9633343628203721,0.0,0.15262206780771703,0.02,0.0010065029550329625,0.0,0.08571428571428572,1.0,1.0,0.9767433358922881,0.9595784229116953,0.19799820062977957,,0.14298759132793812,1.6658215460379673
r5_final_inverse_map_complete_2026-08-31,fixed_black_box_contamination,har,lgbm,2,HuberRidgeAIME,0.1,0.25,90,100,561,661,11.321805165964179,0.98,0.07126490177054959,630,270,0.005271625006571412,X ~= Y A^T,SVD normal-system solve,1.414722434008499,1.4146702857760831,79.51761096446626,79.52761096446628,112.4953481301906,112.50534813019067,79.52761096446619,1.1250534813019059e-10,44.497143322002074,7,True,0.9199074173159703,0.14126984126984127,0.01,1.0,rms,25.709920264364882,0.49185579881605046,0.701324317855905,0.5144211326777999,0.7182508303173379,4.107326969346588,2.026654131653102,0.10887097222067699,0.33489607597469245,0.998333903309227,0.9962726144173838,0.25,0.1530494270694631,0.01,0.0010093283318161176,0.0,1.0,0.1933683901088903,0.988020451116634,0.9945806004709699,0.9911161336618053,0.20032679738562092,,0.1506552315538714,1.6483321305469043
r5_final_inverse_map_complete_2026-08-31,fixed_black_box_contamination,har,lgbm,2,RidgeAIME,0.1,0.5,90,100,561,661,11.321805165964179,0.98,0.07126490177054959,630,270,0.0013450830010697246,X ~= Y A^T,SVD normal-system solve,1.398305828946746,1.3982590319399768,85.10352679255251,85.1135267925525,119.00075757795176,119.01075757795175,85.11352679255252,1.190107575779517e-10,46.102112740921065,1,True,1.0,0.0,0.01,1.0,rms,25.709920264364882,0.5090081648227122,0.7134480813785347,0.47303010407547064,0.6895834615802533,3.0894746147698076,1.7576901361644515,0.12819383296003817,0.3617869196894136,0.9733790712701795,0.9542567265230728,0.0,0.14074226483193164,0.01,0.0011156019366757794,0.0,0.1,1.0,1.0,0.9715177629155167,0.9491634149817532,0.21396997395449407,,0.14558763329906943,1.6637208284416845
r5_final_inverse_map_complete_2026-08-31,fixed_black_box_contamination,har,lgbm,2,HuberRidgeAIME,0.1,0.5,90,100,561,661,11.321805165964179,0.98,0.07126490177054959,630,270,0.005810791975818574,X ~= Y A^T,SVD normal-system solve,1.3996858831474457,1.3996347634762756,78.17631732014614,78.18631732014607,109.4222877494637,109.43228774946368,78.18631732014613,1.094322877494637e-10,44.03643693138443,7,True,0.9071130932624393,0.15079365079365079,0.01,1.0,rms,25.709920264364882,0.48384472609668766,0.6955894810135412,0.4990815028603507,0.7069390522604897,3.0643002616866695,1.7505142849136277,0.13529768037933687,0.3709370665632174,0.9976337004428657,0.9954560191811593,0.42857142857142855,0.1390195813974392,0.0,0.0010595779502067663,0.0,1.0,0.18773025132631835,0.9870445201442304,0.9940506816591691,0.9902479701466864,0.3945970695970696,,0.14601472074886776,1.6438121721607717
r5_final_inverse_map_complete_2026-08-31,fixed_black_box_contamination,har,svm,2,RidgeAIME,0.05,0.0,45,0,561,561,1.1680634159129113,0.9722222222222222,0.08254814904093359,630,270,0.0012293329928070307,X ~= Y A^T,SVD normal-system solve,1.508836210188769,1.5087704209435437,77.33337253011695,77.34337253011701,116.6833927294579,116.69339272945795,77.34337253011704,1.1669339272945802e-10,43.44797909846679,1,True,1.0,0.0,0.01,1.0,rms,23.68543856465402,0.5570595964684354,0.7463642518693104,0.4549360026149938,0.6760261342363088,1.5770773866809138,1.2558174177327346,0.22313842881307977,0.4757255539956783,0.9840379516734367,0.9683093080049947,0.1111111111111111,0.0,0.0,0.0013174231769133083,0.0,0.05714285714285714,1.0,1.0,0.9805420481763667,0.959714650014001,0.2678984414278532,,0.1786231612449767,1.637969580858436
r5_final_inverse_map_complete_2026-08-31,fixed_black_box_contamination,har,svm,2,HuberRidgeAIME,0.05,0.0,45,0,561,561,1.1680634159129113,0.9722222222222222,0.08254814904093359,630,270,0.005633542081341147,X ~= Y A^T,SVD normal-system solve,1.6155106548573201,1.6154210226913825,68.66073314858488,68.67073314858493,110.92214597185406,110.93214597185408,68.67073314858483,1.1093214597185405e-10,41.046547569766524,8,True,0.9350012160150862,0.11904761904761904,0.01,1.0,rms,23.68543856465402,0.54122424712458,0.7356794459032956,0.4704303570217201,0.6864484131988197,1.5609759507825844,1.2493902315860264,0.23106992722652597,0.48307065662370274,0.9964172168001836,0.9899307782636154,0.25,0.0,0.0,0.0011928671328450108,0.0,1.0,0.19090165627858335,0.9800981590294198,0.9945598078815943,0.9899080347117819,0.4167313079077785,,0.20828573038352546,1.613276634428567
r5_final_inverse_map_complete_2026-08-31,fixed_black_box_contamination,har,svm,2,RidgeAIME,0.05,0.25,45,100,561,661,1.1680634159129113,0.9722222222222222,0.08254814904093359,630,270,0.0013126250123605132,X ~= Y A^T,SVD normal-system solve,1.5153646444033761,1.5152975173276702,76.76448167884296,76.77448167884289,116.32618148206933,116.33618148206934,76.77448167884286,1.1633618148206922e-10,47.18486535104431,1,True,1.0,0.0,0.01,1.0,rms,25.709920264364882,0.4693716426106893,0.6851070300403356,0.49656939876193285,0.7068416914698222,2.1723149529093333,1.4738775230355246,0.17234723621377257,0.4191176715777559,0.9883328498022933,0.9754068049104825,0.1111111111111111,0.1491839409149809,0.01,0.0009156034844606288,0.0,0.046031746031746035,1.0,1.0,0.9833961551779051,0.9645061434719144,0.22058823529411767,,0.1804979116819714,1.6738027200631242
r5_final_inverse_map_complete_2026-08-31,fixed_black_box_contamination,har,svm,2,HuberRidgeAIME,0.05,0.25,45,100,561,661,1.1680634159129113,0.9722222222222222,0.08254814904093359,630,270,0.006136292009614408,X ~= Y A^T,SVD normal-system solve,1.5886462621810904,1.5885620079251082,69.85546321338032,69.86546321338035,110.9756205268653,110.98562052686528,69.86546321338037,1.1098562052686529e-10,44.83600287255958,8,True,0.9410636106433533,0.12222222222222222,0.01,1.0,rms,25.709920264364882,0.4526200011797415,0.6727703926152975,0.5145365875558698,0.7180607925923265,2.1547513423688445,1.4679071300218023,0.1790389780288496,0.4260703918371855,0.9968621103372934,0.9900912049581333,0.25,0.1508061944209882,0.0,0.0009259742712696094,0.0,0.9999999999999998,0.1878949094235836,0.9774061935641077,0.9949748162940975,0.991320367590324,0.41694139194139196,,0.20100417174366042,1.651626888317057
r5_final_inverse_map_complete_2026-08-31,fixed_black_box_contamination,har,svm,2,RidgeAIME,0.05,0.5,45,100,561,661,1.1680634159129113,0.9722222222222222,0.08254814904093359,630,270,0.0013549160212278366,X ~= Y A^T,SVD normal-system solve,1.4995625291664196,1.4994981529131077,77.59043548144093,77.60043548144094,116.35170966967347,116.36170966967347,77.60043548144102,1.1636170966967344e-10,46.17956910460001,1,True,1.0,0.0,0.01,1.0,rms,25.709920264364882,0.5327729468048572,0.7299129720760258,0.4733820673609288,0.6887850345704478,1.5422509578841104,1.2418739702095822,0.23556934636393434,0.4876385606198115,0.9846645386412483,0.9622547310938957,0.05263157894736842,0.14487460608347397,0.01,0.0011494165676486424,0.0,0.05396825396825397,1.0,1.0,0.981457042204789,0.9615946268356561,0.3403307476836889,,0.17594593513046494,1.664449876256178
r5_final_inverse_map_complete_2026-08-31,fixed_black_box_contamination,har,svm,2,HuberRidgeAIME,0.05,0.5,45,100,561,661,1.1680634159129113,0.9722222222222222,0.08254814904093359,630,270,0.006012417026795447,X ~= Y A^T,SVD normal-system solve,1.619543543141308,1.619453491839655,68.7889547919762,68.7989547919762,111.4067075727844,111.41670757278443,68.79895479197614,1.1141670757278444e-10,43.962623140823496,8,True,0.9389757274383642,0.11428571428571428,0.01,1.0,rms,25.709920264364882,0.5217783232156675,0.7223422479792162,0.4842496723686668,0.696885021177862,1.5310484375157216,1.2373554208535726,0.24112197703263405,0.493486230291991,0.9964344655358761,0.9906861273919736,0.5384615384615384,0.1470318194809158,0.01,0.0011676308094495775,0.0,1.0,0.19384814947358875,0.9814830053759523,0.9938908789688682,0.9889374085106544,0.4681318681318681,,0.20936848026998126,1.6430835978005234
r5_final_inverse_map_complete_2026-08-31,fixed_black_box_contamination,har,svm,2,RidgeAIME,0.1,0.0,90,0,561,561,1.1680634159129113,0.9722222222222222,0.08254814904093359,630,270,0.0012161670019850135,X ~= Y A^T,SVD normal-system solve,1.4995625291664196,1.4994981529131077,77.59043548144093,77.60043548144094,116.35170966967347,116.36170966967347,77.60043548144102,1.1636170966967344e-10,43.89681741779744,1,True,1.0,0.0,0.01,1.0,rms,23.68543856465402,0.5487239890189699,0.7407590627315807,0.46076166258596674,0.680661517165393,3.026575378031503,1.7397055434847308,0.13343926759503966,0.3694356021594183,0.9706012109159823,0.9420516798813666,0.17647058823529413,0.0,0.0,0.0012132130180855932,0.0,0.10634920634920635,1.0,1.0,0.96704832962033,0.9321092885552795,0.24101874217973288,,0.17594593513046494,1.642433034410857
r5_final_inverse_map_complete_2026-08-31,fixed_black_box_contamination,har,svm,2,HuberRidgeAIME,0.1,0.0,90,0,561,561,1.1680634159129113,0.9722222222222222,0.08254814904093359,630,270,0.005358709022402763,X ~= Y A^T,SVD normal-system solve,1.7176819619393258,1.7175666803037604,62.24466514447366,62.25466514447369,106.91653854561588,106.9265385456159,62.25466514447365,1.069265385456158e-10,41.12961337951555,8,True,0.8964110828308213,0.16666666666666666,0.01,1.0,rms,23.68543856465402,0.5230474758992109,0.7232202125903361,0.48599431237414614,0.697939539940026,3.001272244314658,1.7324180339383037,0.14068399120079078,0.3787492120898749,0.9961720818054296,0.9885443657115266,0.3333333333333333,0.0,0.0,0.0011937427265290034,0.0,0.999780509218613,0.18851973620734555,0.9806539251465811,0.992914832351355,0.9862182291227717,0.3931318681318681,,0.23491360647443443,1.6141546271378608
r5_final_inverse_map_complete_2026-08-31,fixed_black_box_contamination,har,svm,2,RidgeAIME,0.1,0.25,90,100,561,661,1.1680634159129113,0.9722222222222222,0.08254814904093359,630,270,0.0013271250063553452,X ~= Y A^T,SVD normal-system solve,1.4908602354015057,1.490797489371248,78.21968774139403,78.22968774139406,116.61462207916696,116.62462207916695,78.22968774139405,1.1662462207916697e-10,46.07061151616155,1,True,1.0,0.0,0.01,1.0,rms,25.709920264364882,0.6085717174856061,0.7801100675453472,0.44851176267889536,0.6706072800472314,3.1391185815016436,1.7717557905935128,0.13489467909523456,0.37088633758699424,0.9726602995370606,0.95056027541115,0.05263157894736842,0.14831926395552203,0.01,0.0012496384369853036,0.0,0.10476190476190476,1.0,1.0,0.9679896881264701,0.9379178759638194,0.2455882352941176,,0.17341865269386855,1.6634239768789436
r5_final_inverse_map_complete_2026-08-31,fixed_black_box_contamination,har,svm,2,HuberRidgeAIME,0.1,0.25,90,100,561,661,1.1680634159129113,0.9722222222222222,0.08254814904093359,630,270,0.0053315829718485475,X ~= Y A^T,SVD normal-system solve,1.49995236377373,1.4998797868108211,68.87582047841559,68.88582047841562,103.31044973345455,103.32044973345452,68.88582047841562,1.0332044973345453e-10,43.7268853775265,7,True,0.8979024177671022,0.1619047619047619,0.01,1.0,rms,25.709920264364882,0.5873532352643853,0.7663897411006917,0.4677399703372427,0.686400077757773,3.116280586514104,1.765299007679465,0.14118857034832177,0.3802851773522034,0.9972878413008611,0.9941402342452451,0.42857142857142855,0.1469826845030485,0.0,0.0012332796713992436,0.0,0.9980886566501339,0.19260042492331952,0.9804377573552042,0.9933552726608849,0.988007629531047,0.30965309200603314,,0.17605645237778045,1.6407485440833263
r5_final_inverse_map_complete_2026-08-31,fixed_black_box_contamination,har,svm,2,RidgeAIME,0.1,0.5,90,100,561,661,1.1680634159129113,0.9722222222222222,0.08254814904093359,630,270,0.0014072079211473465,X ~= Y A^T,SVD normal-system solve,1.5092056909882408,1.5091400764126297,77.59557562911407,77.60557562911411,117.10768433496739,117.1176843349674,77.60557562911411,1.1711768433496734e-10,46.78549813680979,1,True,1.0,0.0,0.01,1.0,rms,25.709920264364882,0.6103111627516311,0.7812241437331742,0.43303016330632416,0.6594644280315813,3.2125188714688107,1.7923500973495134,0.12245166276628627,0.3545841094477832,0.9728760004296809,0.9511208769949865,0.1111111111111111,0.1432888964921382,0.01,0.0012570357248294836,0.0,0.10158730158730159,1.0,1.0,0.9735523162250574,0.9532286603113558,0.22414199147945282,,0.17872955229359985,1.670111257878573
r5_final_inverse_map_complete_2026-08-31,fixed_black_box_contamination,har,svm,2,HuberRidgeAIME,0.1,0.5,90,100,561,661,1.1680634159129113,0.9722222222222222,0.08254814904093359,630,270,0.006044500041753054,X ~= Y A^T,SVD normal-system solve,1.587600734762395,1.5875151566935877,68.65253737133598,68.662537371336,108.99281877403578,109.00281877403579,68.66253737133603,1.0900281877403577e-10,43.945770924468576,8,True,0.9027003268948139,0.15396825396825398,0.01,1.0,rms,25.709920264364882,0.5894588471729655,0.7677622334896173,0.4524016490006344,0.6736202489655653,3.1925558070111095,1.7867724552978506,0.12790487711983667,0.36174860524290076,0.9967482642959866,0.992789338996676,0.3333333333333333,0.14170089905765645,0.01,0.0013185331704875405,0.0,0.9997596153846153,0.19095374589429792,0.9831805056651902,0.9942947017968425,0.9911787629622459,0.4415750915750916,,0.2007178803809998,1.6429170875431525
r5_final_inverse_map_complete_2026-08-31,fixed_black_box_contamination,har,mlp,2,RidgeAIME,0.05,0.0,45,0,561,561,0.251420333981514,0.9577777777777777,0.10735670836301978,630,270,0.001174457953311503,X ~= Y A^T,SVD normal-system solve,1.4848461799872292,1.484783727492561,77.62439756284753,77.63439756284748,115.26029019500415,115.27029019500408,77.63439756284754,1.1527029019500415e-10,42.635128746421735,1,True,1.0,0.0,0.01,1.0,rms,23.68543856465402,0.5221341359204512,0.7225884969472259,0.48983037023843734,0.7005672231026214,2.2358166673925357,1.4952647482611685,0.18276647515874356,0.4306309758931318,0.9873380951058234,0.9712125606252866,0.0,0.0,0.0,0.0010825397668705655,0.0,0.044444444444444446,1.0,1.0,0.9831124162451699,0.967532814160928,0.24323062558356678,,0.17166319924459214,1.62976757877179
r5_final_inverse_map_complete_2026-08-31,fixed_black_box_contamination,har,mlp,2,HuberRidgeAIME,0.05,0.0,45,0,561,561,0.251420333981514,0.9577777777777777,0.10735670836301978,630,270,0.004779374925419688,X ~= Y A^T,SVD normal-system solve,1.5800633967545803,1.5799798864517813,69.45009981031842,69.46009981031841,109.73556061123635,109.74556061123629,69.46009981031841,1.0974556061123636e-10,41.312044425422776,7,True,0.9477101973444059,0.10634920634920635,0.01,1.0,rms,23.68543856465402,0.5123324720268242,0.7157740369885067,0.49940743271270704,0.7074545272200452,2.2259450536739895,1.4919601380981964,0.18637473776485747,0.43494001438171176,0.9982752619191693,0.9951052979603798,0.42857142857142855,0.0,0.0,0.0010642256762262658,0.0,1.0,0.18800671940640248,0.9830452428298944,0.9949884403924274,0.9918619657503894,0.49926739926739927,,0.198651558309737,1.616076687610571
r5_final_inverse_map_complete_2026-08-31,fixed_black_box_contamination,har,mlp,2,RidgeAIME,0.05,0.25,45,100,561,661,0.251420333981514,0.9577777777777777,0.10735670836301978,630,270,0.0013181669637560844,X ~= Y A^T,SVD normal-system solve,1.4634749660277233,1.4634163119396084,79.0083567623587,79.01835676235869,115.62675222869915,115.63675222869917,79.01835676235866,1.1563675222869914e-10,45.650488665822614,1,True,1.0,0.0,0.01,1.0,rms,25.709920264364882,0.5139908560244594,0.7169315560250221,0.4953521799360786,0.7044933157025854,2.0144951416185983,1.4193291167374107,0.19897036181905092,0.44887089442847344,0.9875293226648967,0.9794219080789162,0.17647058823529413,0.1451366914649072,0.01,0.0010156280208325499,0.0,0.047619047619047616,1.0,1.0,0.9818154086259174,0.9673792028332115,0.22883925500024574,,0.1653678915788004,1.6594454308020674
r5_final_inverse_map_complete_2026-08-31,fixed_black_box_contamination,har,mlp,2,HuberRidgeAIME,0.05,0.25,45,100,561,661,0.251420333981514,0.9577777777777777,0.10735670836301978,630,270,0.0053587909787893295,X ~= Y A^T,SVD normal-system solve,1.5170616778459376,1.5169915837819643,73.75682824903254,73.76682824903254,111.89365761607195,111.90365761607202,73.76682824903253,1.1190365761607199e-10,44.236764871886635,7,True,0.9474100839511757,0.09682539682539683,0.01,1.0,rms,25.709920264364882,0.5056805979642287,0.71111222599828,0.503511378811135,0.7108326380257763,2.005630390591607,1.4162028070130377,0.20249527888686258,0.45318005437305864,0.9984135706631313,0.9959659705033076,0.3333333333333333,0.14450817791860907,0.0,0.000991765473311923,0.0,1.0,0.19360574538163652,0.9851003008796526,0.9947960357289599,0.9917112262571119,0.4586080586080586,,0.18098317134230688,1.645783358584574
r5_final_inverse_map_complete_2026-08-31,fixed_black_box_contamination,har,mlp,2,RidgeAIME,0.05,0.5,45,100,561,661,0.251420333981514,0.9577777777777777,0.10735670836301978,630,270,0.0013318749843165278,X ~= Y A^T,SVD normal-system solve,1.4460526144214683,1.4459964566119425,79.4184211208026,79.4284211208026,114.84321549496177,114.85321549496173,79.42842112080261,1.1485321549496166e-10,46.318768565102104,1,True,1.0,0.0,0.01,1.0,rms,25.709920264364882,0.5030344227621267,0.7092491965184922,0.4869037376987505,0.6987000238999567,2.128133700428307,1.4588124281168937,0.17909646984574468,0.42632160263757585,0.9862857888376034,0.9696490875910471,0.05263157894736842,0.14454946551319575,0.0,0.0009933863817713554,0.0,0.047619047619047616,1.0,1.0,0.9830934105472074,0.9695371703475532,0.2946311858076564,,0.16016722872907488,1.665757004681165
r5_final_inverse_map_complete_2026-08-31,fixed_black_box_contamination,har,mlp,2,HuberRidgeAIME,0.05,0.5,45,100,561,661,0.251420333981514,0.9577777777777777,0.10735670836301978,630,270,0.005356875015422702,X ~= Y A^T,SVD normal-system solve,1.4959568445527003,1.4958892611208006,73.374382918612,73.38438291861199,109.76491034192836,109.77491034192839,73.38438291861196,1.0977491034192836e-10,44.8719029853863,7,True,0.9463473770151022,0.10952380952380952,0.01,1.0,rms,25.709920264364882,0.49207245963253166,0.7014787663447353,0.49808496517498435,0.7062123303436396,2.1175550700754298,1.4551821432643508,0.1831770569813772,0.43067958195174827,0.9985415888275818,0.9958798775236376,0.3333333333333333,0.1451027911507401,0.0,0.0009340609549096376,0.0,1.0,0.1889178950751914,0.9842188511120978,0.9944061107448965,0.9911883954330369,0.48177655677655673,,0.17489944442131122,1.6519744880427123
r5_final_inverse_map_complete_2026-08-31,fixed_black_box_contamination,har,mlp,2,RidgeAIME,0.1,0.0,90,0,561,561,0.251420333981514,0.9577777777777777,0.10735670836301978,630,270,0.0012492499081417918,X ~= Y A^T,SVD normal-system solve,1.4460526144214683,1.4459964566119425,79.4184211208026,79.4284211208026,114.84321549496177,114.85321549496173,79.42842112080261,1.1485321549496166e-10,43.97506429010986,1,True,1.0,0.0,0.01,1.0,rms,23.68543856465402,0.5244409893168757,0.7241829805490292,0.4704363036304615,0.6884248651052467,2.512805583422813,1.5851831387643551,0.15455343455207093,0.39733877890840374,0.9687544920401348,0.9423183800237495,0.1111111111111111,0.0,0.0,0.0014761054163340412,0.0,0.1111111111111111,1.0,1.0,0.9673314607432555,0.9317503309961965,0.18357781709174897,,0.16016722872907488,1.6432064830543323
r5_final_inverse_map_complete_2026-08-31,fixed_black_box_contamination,har,mlp,2,HuberRidgeAIME,0.1,0.0,90,0,561,561,0.251420333981514,0.9577777777777777,0.10735670836301978,630,270,0.005092749954201281,X ~= Y A^T,SVD normal-system solve,1.5367141241309263,1.536635395435211,68.16261727268744,68.17261727268748,104.74645670066943,104.75645670066942,68.17261727268748,1.047564567006694e-10,41.79125123317174,7,True,0.8953981590108269,0.16507936507936508,0.01,1.0,rms,23.68543856465402,0.495492610890839,0.7039123602344535,0.4996674480213007,0.7073230628946566,2.4852356906741715,1.5764630318133601,0.16382946899256934,0.40768496779359426,0.9973612557282207,0.9937137539453068,0.3333333333333333,0.0,0.0,0.0013824325658329938,0.0,1.0,0.187905123209868,0.9838347884859467,0.993364535532441,0.9890513458699559,0.46505994005994006,,0.1865708326690411,1.6210853741473878
r5_final_inverse_map_complete_2026-08-31,fixed_black_box_contamination,har,mlp,2,RidgeAIME,0.1,0.25,90,100,561,661,0.251420333981514,0.9577777777777777,0.10735670836301978,630,270,0.0013572078896686435,X ~= Y A^T,SVD normal-system solve,1.4445960330709076,1.4445401611340878,79.56412224815253,79.57412224815253,114.93801537444988,114.94801537444987,79.57412224815253,1.1494801537444989e-10,47.22961101374864,1,True,1.0,0.0,0.01,1.0,rms,25.709920264364882,0.4616253407353179,0.6794301588355627,0.494538082844156,0.706338610519998,4.320268499511729,2.078525559022965,0.09137418256825824,0.3085377167356396,0.9770120112148615,0.955944618447132,0.17647058823529413,0.14436581788016117,0.02,0.0010273603252108493,0.0,0.08412698412698413,1.0,1.0,0.9743746756087432,0.9465208224868814,0.23529411764705882,,0.159729620611826,1.6742143687128808
r5_final_inverse_map_complete_2026-08-31,fixed_black_box_contamination,har,mlp,2,HuberRidgeAIME,0.1,0.25,90,100,561,661,0.251420333981514,0.9577777777777777,0.10735670836301978,630,270,0.006308958982117474,X ~= Y A^T,SVD normal-system solve,1.560176183092356,1.5600957656574626,69.64854902542162,69.65854902542166,108.66400737640312,108.6740073764031,69.65854902542165,1.0867400737640313e-10,44.83438312814138,8,True,0.9159343789044937,0.13968253968253969,0.01,1.0,rms,25.709920264364882,0.4374137171668054,0.6613726008588543,0.5210488754425477,0.7226306349884508,4.297166352000571,2.0729607695276266,0.09623295643130114,0.3152664901146556,0.997396955480252,0.9931458437097886,0.3333333333333333,0.14274002586216913,0.02,0.0010279170958422874,0.0,0.9999999999999999,0.19229150793728128,0.9824041746779117,0.9939597432724829,0.9895858147730026,0.37503052503052503,,0.19315125811091052,1.6516111987210964
r5_final_inverse_map_complete_2026-08-31,fixed_black_box_contamination,har,mlp,2,RidgeAIME,0.1,0.5,90,100,561,661,0.251420333981514,0.9577777777777777,0.10735670836301978,630,270,0.0015516250859946012,X ~= Y A^T,SVD normal-system solve,1.4425208217612722,1.4424653158104026,79.71493306280539,79.72493306280545,114.99045074840282,115.00045074840287,79.72493306280539,1.1500045074840287e-10,47.05532582344281,1,True,1.0,0.0,0.01,1.0,rms,25.709920264364882,0.5273687611706911,0.7262015981603808,0.4685919454908375,0.6864616466011187,3.2677135907692243,1.8076818278583275,0.12451302717432122,0.35698019228609285,0.973107952466119,0.9537927925633688,0.05263157894736842,0.1431791748538542,0.01,0.0011862043943395297,0.0,0.10317460317460317,1.0,1.0,0.9707535931400362,0.948355516534875,0.2552631578947368,,0.15910537930905339,1.672608784932969
r5_final_inverse_map_complete_2026-08-31,fixed_black_box_contamination,har,mlp,2,HuberRidgeAIME,0.1,0.5,90,100,561,661,0.251420333981514,0.9577777777777777,0.10735670836301978,630,270,0.0054660000605508685,X ~= Y A^T,SVD normal-system solve,1.4844876330810792,1.4844186964032529,70.27009593133153,70.28009593133153,104.31508838548271,104.3250883854827,70.28009593133146,1.0432508838548271e-10,44.98065711794044,7,True,0.9031452387059374,0.16031746031746033,0.01,1.0,rms,25.709920264364882,0.5030957336363886,0.7092924175799348,0.49305088824356536,0.7027727382833859,3.2459504683812406,1.801652149661871,0.13034381056749045,0.36459029627340683,0.9977620738196401,0.9948865257548275,0.5384615384615384,0.14288859619743555,0.0,0.0011970879033875578,0.0,0.9999999999999996,0.19257475231664928,0.9848922858126695,0.9939891778771699,0.9905352139713243,0.2519607843137254,,0.17155641569401134,1.6530257957107943
r5_final_inverse_map_complete_2026-08-31,fixed_black_box_contamination,har,lgbm,3,RidgeAIME,0.05,0.0,45,0,561,561,11.372674792073667,0.9811111111111112,0.07078241220136418,630,270,0.0013866249937564135,X ~= Y A^T,SVD normal-system solve,1.4226323732783561,1.4225818533570986,83.64657798862216,83.65657798862209,118.99832976056663,119.00832976056668,83.6565779886222,1.1900832976056667e-10,42.84236116299734,1,True,1.0,0.0,0.01,1.0,rms,23.68543856465402,0.5077402435931851,0.7125589404345336,0.4775205550030709,0.6928022868332678,1.8101664112886666,1.3454242495542685,0.20453344907695548,0.4552756665710876,0.9867957759170437,0.9717341347569497,0.05263157894736842,0.0,0.0,0.001056057603600597,0.0,0.050793650793650794,1.0,1.0,0.9814496878507841,0.9614279665279246,0.2216374269005848,,0.1530772644791224,1.6318733980095532
r5_final_inverse_map_complete_2026-08-31,fixed_black_box_contamination,har,lgbm,3,HuberRidgeAIME,0.05,0.0,45,0,561,561,11.372674792073667,0.9811111111111112,0.07078241220136418,630,270,0.004786083009094,X ~= Y A^T,SVD normal-system solve,1.4369090332546035,1.436852686093692,77.52878388704157,77.53878388704156,111.40180990453399,111.41180990453395,77.53878388704146,1.114118099045339e-10,41.50863363246942,7,True,0.9450373095228846,0.12222222222222222,0.01,1.0,rms,23.68543856465402,0.49369289025813456,0.7026328274839816,0.4919756892312207,0.7019713248172182,1.7949623259697856,1.3397620408004496,0.2112147913188216,0.4618943951747113,0.9989829012725531,0.9976860500262358,0.42857142857142855,0.0,0.0,0.001035762740413536,0.0,1.0,0.18683180126687146,0.9856101795298954,0.9948268313561289,0.9915232621680182,0.4667313079077785,,0.1574122441981292,1.6181384376510937
r5_final_inverse_map_complete_2026-08-31,fixed_black_box_contamination,har,lgbm,3,RidgeAIME,0.05,0.25,45,100,561,661,11.372674792073667,0.9811111111111112,0.07078241220136418,630,270,0.0013309159548953176,X ~= Y A^T,SVD normal-system solve,1.435605178776325,1.4355526336274753,82.89112185885516,82.9011218588552,118.99892381515191,119.00892381515186,82.90112185885516,1.1900892381515187e-10,45.81319261527749,1,True,1.0,0.0,0.01,1.0,rms,25.709920264364882,0.46467476712108235,0.6816705708192795,0.49875151191279643,0.7076978465380864,1.6387482136308749,1.2801360137231024,0.21580312764713627,0.46764352431412626,0.9863628167562029,0.9700943029757793,0.17647058823529413,0.14180615993242304,0.0,0.0010516961341224828,0.0,0.05238095238095238,1.0,1.0,0.9835300463548439,0.96921272623377,0.21107009605461619,,0.15701912025636588,1.6609905578071797
r5_final_inverse_map_complete_2026-08-31,fixed_black_box_contamination,har,lgbm,3,HuberRidgeAIME,0.05,0.25,45,100,561,661,11.372674792073667,0.9811111111111112,0.07078241220136418,630,270,0.005321000004187226,X ~= Y A^T,SVD normal-system solve,1.47669995888821,1.4766381421356818,77.10501160954088,77.11501160954086,113.86096747388396,113.87096747388395,77.11501160954086,1.1387096747388397e-10,44.71634474818805,7,True,0.9432492167267024,0.12063492063492064,0.01,1.0,rms,25.709920264364882,0.4505953387998633,0.6712639859249588,0.5139391068899608,0.7175146454056132,1.6253449841242684,1.2748901851235142,0.2222170297774826,0.4737663285188558,0.9987739908462776,0.9972112647345837,0.5384615384615384,0.142762666871691,0.0,0.0009761198492792535,0.0,0.9999999999999999,0.1938622182194137,0.9846726186542407,0.9947655155362549,0.9918423258590174,0.45537599655246713,,0.16927408222616824,1.6504662957600331
r5_final_inverse_map_complete_2026-08-31,fixed_black_box_contamination,har,lgbm,3,RidgeAIME,0.05,0.5,45,100,561,661,11.372674792073667,0.9811111111111112,0.07078241220136418,630,270,0.0014647500356659293,X ~= Y A^T,SVD normal-system solve,1.4363630645628633,1.436310400154726,82.84729964476576,82.8572996447658,118.99880120851356,119.0088012085136,82.85729964476587,1.190088012085136e-10,45.18897185734585,1,True,1.0,0.0,0.01,1.0,rms,25.709920264364882,0.474087755331873,0.6885403077030952,0.5098960452986524,0.7146283163409926,1.663161887108981,1.2896363390929169,0.22554429368548223,0.47726959620843823,0.9856908206347987,0.9697738642406364,0.05263157894736842,0.14757401940388912,0.0,0.0008033798317047143,0.0,0.05396825396825397,1.0,1.0,0.9816330822251309,0.9629882939343111,0.28807756570914467,,0.157248305161859,1.6550324603451239
r5_final_inverse_map_complete_2026-08-31,fixed_black_box_contamination,har,lgbm,3,HuberRidgeAIME,0.05,0.5,45,100,561,661,11.372674792073667,0.9811111111111112,0.07078241220136418,630,270,0.005413500010035932,X ~= Y A^T,SVD normal-system solve,1.449304457788828,1.4492461957302758,77.1078480406931,77.11784804069319,111.75274789588006,111.76274789588011,77.11784804069316,1.1176274789588011e-10,44.38103921938506,7,True,0.9419065367292916,0.12857142857142856,0.01,1.0,rms,25.709920264364882,0.4607419412924482,0.6787797443150821,0.5236927235841992,0.7244224917180694,1.6498225314807542,1.2844541764814945,0.23175579971199212,0.4838020027693053,0.9988032273738677,0.9974803883973845,0.3333333333333333,0.14769487218720345,0.0,0.0007936419147243143,0.0,1.0,0.188307406780429,0.9848970911223476,0.9943106158045915,0.9902610419823652,0.4272411798727588,,0.1611421690217519,1.647197467385856
r5_final_inverse_map_complete_2026-08-31,fixed_black_box_contamination,har,lgbm,3,RidgeAIME,0.1,0.0,90,0,561,561,11.372674792073667,0.9811111111111112,0.07078241220136418,630,270,0.0011758750770241022,X ~= Y A^T,SVD normal-system solve,1.4363630645628633,1.436310400154726,82.84729964476576,82.8572996447658,118.99880120851356,119.0088012085136,82.85729964476587,1.190088012085136e-10,42.40833306909018,1,True,1.0,0.0,0.01,1.0,rms,23.68543856465402,0.49111389655265586,0.7007951887339523,0.497894666518663,0.7064707696964831,3.94650628825678,1.98658155842059,0.10809183205101103,0.3329451453974002,0.976335117570073,0.9520095386761482,0.1111111111111111,0.0,0.0,0.0014721391444721208,0.0,0.09047619047619047,1.0,1.0,0.970818004420388,0.9466992474764089,0.22785886284338294,,0.157248305161859,1.6274512021196135
r5_final_inverse_map_complete_2026-08-31,fixed_black_box_contamination,har,lgbm,3,HuberRidgeAIME,0.1,0.0,90,0,561,561,11.372674792073667,0.9811111111111112,0.07078241220136418,630,270,0.004838332999497652,X ~= Y A^T,SVD normal-system solve,1.518470334046818,1.5183978382186472,71.50726480336037,71.51726480336036,108.58166027273289,108.59166027273291,71.51726480336032,1.0859166027273292e-10,41.33307735016556,7,True,0.9125068845243722,0.15714285714285714,0.01,1.0,rms,23.68543856465402,0.4677445668324263,0.6839185381552589,0.5217870164903831,0.7229909693829598,3.926920371751611,1.9816458744567886,0.1125182379989016,0.3394535437795843,0.9982741434013452,0.9954218854382646,0.3333333333333333,0.0,0.0,0.0012466696675385524,0.0,1.0000000000000002,0.1859795480597821,0.9847792373663995,0.9936720234574473,0.9888334117212073,0.34933563168857285,,0.18138557676763464,1.6162977407872143
r5_final_inverse_map_complete_2026-08-31,fixed_black_box_contamination,har,lgbm,3,RidgeAIME,0.1,0.25,90,100,561,661,11.372674792073667,0.9811111111111112,0.07078241220136418,630,270,0.001361084054224193,X ~= Y A^T,SVD normal-system solve,1.434104038535628,1.434051728951073,82.97747585667108,82.98747585667108,118.99833323354457,119.00833323354459,82.98747585667105,1.1900833323354452e-10,46.94941595946222,1,True,1.0,0.0,0.01,1.0,rms,25.709920264364882,0.5103508406757106,0.7143884382293085,0.45827667940680505,0.6815639122719379,2.6526458684733614,1.6286945289014025,0.1380777409627454,0.3771466811065938,0.9729202552509788,0.9423848494970879,0.1111111111111111,0.1499663381041253,0.0,0.001262018191719393,0.0,0.10952380952380952,1.0,1.0,0.970017114443599,0.9432291838495933,0.21098211214310286,,0.15656481743555575,1.6716301941067004
r5_final_inverse_map_complete_2026-08-31,fixed_black_box_contamination,har,lgbm,3,HuberRidgeAIME,0.1,0.25,90,100,561,661,11.372674792073667,0.9811111111111112,0.07078241220136418,630,270,0.005316334078088403,X ~= Y A^T,SVD normal-system solve,1.5756895707222227,1.5756056563535563,68.59440945518233,68.60440945518228,108.08349558838061,108.0934955883806,68.60440945518235,1.0809349558838058e-10,45.16365568558746,7,True,0.8985203025443698,0.17142857142857143,0.01,1.0,rms,25.709920264364882,0.48245914832117437,0.6945927931681802,0.4878829404237516,0.6996944861289688,2.6238446435023626,1.619828584604668,0.1474361016791459,0.3875488197147,0.9977399489029748,0.994236735666714,0.42857142857142855,0.1504490939156232,0.0,0.0012529532282407497,0.0,0.9999999999999998,0.191399924218394,0.9854923276860674,0.993674326159703,0.9889644413660028,0.3116946778711484,,0.19744753123759148,1.6547890878105491
r5_final_inverse_map_complete_2026-08-31,fixed_black_box_contamination,har,lgbm,3,RidgeAIME,0.1,0.5,90,100,561,661,11.372674792073667,0.9811111111111112,0.07078241220136418,630,270,0.0013201669789850712,X ~= Y A^T,SVD normal-system solve,1.4231324090827147,1.423081811974486,83.61778504827416,83.62778504827426,118.999179877911,119.00917987791095,83.62778504827419,1.190091798779109e-10,47.34448797434519,1,True,1.0,0.0,0.01,1.0,rms,25.709920264364882,0.48705466289011434,0.6978930167942035,0.4646390382604678,0.6876883780308166,3.478384692040541,1.8650428123881073,0.1064826353085454,0.3335290864534353,0.977625074135216,0.9561611597422818,0.05263157894736842,0.15202894472511602,0.0,0.0009838718772611158,0.0,0.09682539682539683,1.0,1.0,0.9737506196675879,0.9530185178798696,0.29045284780578895,,0.15322986808691386,1.6752694240643038
r5_final_inverse_map_complete_2026-08-31,fixed_black_box_contamination,har,lgbm,3,HuberRidgeAIME,0.1,0.5,90,100,561,661,11.372674792073667,0.9811111111111112,0.07078241220136418,630,270,0.005282417056150734,X ~= Y A^T,SVD normal-system solve,1.3572779829888448,1.3572334045507637,80.13591770574634,80.14591770574634,108.76671674861545,108.77671674861544,80.14591770574627,1.0877671674861545e-10,46.08687359742388,7,True,0.9068273168444112,0.16666666666666666,0.01,1.0,rms,25.709920264364882,0.4619919916850965,0.679699927677719,0.4921874363816603,0.7040059287928242,3.4541090123187708,1.8585233418816054,0.1127185014623735,0.3411691779191643,0.9982966039095136,0.996343666056011,0.5384615384615384,0.1520763214351946,0.0,0.0009670001912171755,0.0,1.0,0.1903953837069885,0.9836328492194248,0.9941756260009594,0.9894339346682453,0.3188034188034188,,0.13265454006351315,1.6635772478199007
r5_final_inverse_map_complete_2026-08-31,fixed_black_box_contamination,har,svm,3,RidgeAIME,0.05,0.0,45,0,561,561,1.12828420905862,0.9677777777777777,0.08699118596951276,630,270,0.0011773749720305204,X ~= Y A^T,SVD normal-system solve,1.4704406756271777,1.4703817409623179,79.8141029696918,79.82410296969182,117.36190349533075,117.3719034953308,79.82410296969178,1.1737190349533087e-10,42.87384471040596,1,True,1.0,0.0,0.01,1.0,rms,23.68543856465402,0.47431449164235145,0.6887049380121733,0.5036612563170877,0.7105459435625892,1.81616387611789,1.3476512442460364,0.20776848069057752,0.45829382692485354,0.9849398793096198,0.9717512962722278,0.1111111111111111,0.0,0.0,0.0013080228811661238,0.0,0.05396825396825397,1.0,1.0,0.981513243606756,0.9658883525838231,0.2280291603821015,,0.1674301010547226,1.6321924305982185
r5_final_inverse_map_complete_2026-08-31,fixed_black_box_contamination,har,svm,3,HuberRidgeAIME,0.05,0.0,45,0,561,561,1.12828420905862,0.9677777777777777,0.08699118596951276,630,270,0.005225875065661967,X ~= Y A^T,SVD normal-system solve,1.4726976089107444,1.4726344814577634,74.86987976533466,74.87987976533462,110.26069290984329,110.27069290984322,74.87987976533466,1.102706929098433e-10,41.20431468642171,8,True,0.9402365510753659,0.11428571428571428,0.01,1.0,rms,23.68543856465402,0.457941208796051,0.6767135352540623,0.520794813864019,0.7222670557400696,1.8001745898895027,1.3417058507323811,0.21474319078582782,0.4656672575251031,0.9975102315594581,0.9945060042535856,0.5384615384615384,0.0,0.0,0.0012416918484039997,0.0,1.0,0.18474109630920824,0.9833352850720929,0.9947564001083335,0.9897838618442838,0.4948717948717949,,0.1680949651828624,1.614942695314479
r5_final_inverse_map_complete_2026-08-31,fixed_black_box_contamination,har,svm,3,RidgeAIME,0.05,0.25,45,100,561,661,1.12828420905862,0.9677777777777777,0.08699118596951276,630,270,0.0013310419162735343,X ~= Y A^T,SVD normal-system solve,1.4383311212048058,1.4382772089666533,81.2945676140322,81.30456761403221,116.92850658415084,116.9385065841508,81.30456761403225,1.169385065841509e-10,47.08380846597759,1,True,1.0,0.0,0.01,1.0,rms,25.709920264364882,0.5063650420653525,0.7115933122685685,0.46841608472690965,0.6870380484687929,1.8519480680757991,1.3608629865184074,0.19209492761676317,0.44222062382177696,0.9870921860823995,0.9728296664109358,0.0,0.15175661267469237,0.01,0.0009391834282065567,0.0,0.050793650793650794,1.0,1.0,0.9837576585071941,0.9648401784911078,0.28191510072315024,,0.1578425986490769,1.6728715843511643
r5_final_inverse_map_complete_2026-08-31,fixed_black_box_contamination,har,svm,3,HuberRidgeAIME,0.05,0.25,45,100,561,661,1.12828420905862,0.9677777777777777,0.08699118596951276,630,270,0.0052629170240834355,X ~= Y A^T,SVD normal-system solve,1.456660935072631,1.456600822132282,75.95715988765316,75.9671598876532,110.64382754741018,110.65382754741016,75.9671598876532,1.1065382754741014e-10,45.39181213320787,7,True,0.9451087863462835,0.10952380952380952,0.01,1.0,rms,25.709920264364882,0.4944637952440264,0.703181196594467,0.48091005815783117,0.6944486156302265,1.839676417376547,1.3563467172432522,0.19744838704542966,0.4471561730639712,0.9982772289874042,0.9952667766734817,0.3333333333333333,0.1514035138925605,0.0,0.0008877706485915387,0.0,1.0,0.18927702700769378,0.9855546329998537,0.995241518738872,0.9916218186129278,0.5172161172161172,,0.16334055074211037,1.656977521005531
r5_final_inverse_map_complete_2026-08-31,fixed_black_box_contamination,har,svm,3,RidgeAIME,0.05,0.5,45,100,561,661,1.12828420905862,0.9677777777777777,0.08699118596951276,630,270,0.0012989169918000698,X ~= Y A^T,SVD normal-system solve,1.4207556245388548,1.4207044944042504,82.28112397007494,82.29112397007493,116.90136967386277,116.9113696738628,82.29112397007498,1.1691136967386273e-10,46.4692131289758,1,True,1.0,0.0,0.01,1.0,rms,25.709920264364882,0.5058469230411574,0.7112291635198583,0.47525121933582304,0.6907993302280135,1.919183623887459,1.3853460303792187,0.18838831241811638,0.43724294477705145,0.9862164979994633,0.9677631859688132,0.05263157894736842,0.14261571628085834,0.0,0.0010843112586033689,0.0,0.050793650793650794,1.0,1.0,0.9837555773718707,0.9672833808603564,0.21045751633986928,,0.1525037543555988,1.6671653185594133
r5_final_inverse_map_complete_2026-08-31,fixed_black_box_contamination,har,svm,3,HuberRidgeAIME,0.05,0.5,45,100,561,661,1.12828420905862,0.9677777777777777,0.08699118596951276,630,270,0.005233832984231412,X ~= Y A^T,SVD normal-system solve,1.4448465163613466,1.4447874741658921,75.3338304491696,75.34383044916962,108.84582248863903,108.855822488639,75.34383044916966,1.0885582248863908e-10,45.01514278549324,7,True,0.9443522088344302,0.10634920634920635,0.01,1.0,rms,25.709920264364882,0.4959821520658017,0.7042600031705633,0.485484604783199,0.6973490752982388,1.9085421355439953,1.381499958575459,0.19288853647449244,0.44168626006741635,0.9982855311243976,0.9951515151263751,0.25,0.14371050305737357,0.0,0.0009870437073034124,0.0,1.0,0.18452108287665597,0.9850120684174548,0.9950103555555309,0.991066837966162,0.3669413919413919,,0.15980396779486297,1.653358632040313
r5_final_inverse_map_complete_2026-08-31,fixed_black_box_contamination,har,svm,3,RidgeAIME,0.1,0.0,90,0,561,561,1.12828420905862,0.9677777777777777,0.08699118596951276,630,270,0.0011623339960351586,X ~= Y A^T,SVD normal-system solve,1.4207556245388548,1.4207044944042504,82.28112397007494,82.29112397007493,116.90136967386277,116.9113696738628,82.29112397007498,1.1691136967386273e-10,43.86777171287998,1,True,1.0,0.0,0.01,1.0,rms,23.68543856465402,0.5248733273024458,0.7244814195701956,0.4619643951195398,0.6825738090933356,3.521323360842156,1.876518947637395,0.1115025677200081,0.33925138324244325,0.9733224233108635,0.9422116727802374,0.17647058823529413,0.0,0.0,0.0013378448128134376,0.0,0.09682539682539683,1.0,1.0,0.9721143016782486,0.9461305729020821,0.17637598899208806,,0.1525037543555988,1.6421455747428033
r5_final_inverse_map_complete_2026-08-31,fixed_black_box_contamination,har,svm,3,HuberRidgeAIME,0.1,0.0,90,0,561,561,1.12828420905862,0.9677777777777777,0.08699118596951276,630,270,0.0046720829559490085,X ~= Y A^T,SVD normal-system solve,1.4966382527100268,1.4965684985249912,71.18834493917934,71.19834493917936,106.54320018309205,106.55320018309207,71.1983449391794,1.0655320018309208e-10,41.81511734143413,7,True,0.9066627218191065,0.15079365079365079,0.01,1.0,rms,23.68543856465402,0.500716699786147,0.7076133829897135,0.48672679972562216,0.6982464964783743,3.498282540995451,1.8703696268372867,0.11731620855148428,0.3466606249696284,0.9976945497062251,0.9934354655322115,0.3333333333333333,0.0,0.0,0.00127621362326848,0.0,1.0,0.18642918350774917,0.9838758076486191,0.9942113718207877,0.9885898406596543,0.4356227106227106,,0.1750965994592779,1.6213333198381552
r5_final_inverse_map_complete_2026-08-31,fixed_black_box_contamination,har,svm,3,RidgeAIME,0.1,0.25,90,100,561,661,1.12828420905862,0.9677777777777777,0.08699118596951276,630,270,0.0013210830511525273,X ~= Y A^T,SVD normal-system solve,1.4843976373627856,1.4843361783472941,78.80636786403804,78.816367864038,116.97998626652063,116.98998626652066,78.81636786403804,1.1698998626652062e-10,47.49037229914673,1,True,1.0,0.0,0.01,1.0,rms,25.709920264364882,0.5360490184761494,0.7321536850116575,0.4640347921659702,0.6834949160698294,3.7810325948441594,1.9444877461285683,0.10759831884118365,0.33293490264098186,0.9765829737115503,0.9463589006076479,0.05263157894736842,0.15136590505011902,0.01,0.0011163102517235974,0.0,0.09206349206349207,1.0,1.0,0.9701629721430282,0.936071381530153,0.2668357356437852,,0.17153227282073186,1.6766055742320767
r5_final_inverse_map_complete_2026-08-31,fixed_black_box_contamination,har,svm,3,HuberRidgeAIME,0.1,0.25,90,100,561,661,1.12828420905862,0.9677777777777777,0.08699118596951276,630,270,0.005343124968931079,X ~= Y A^T,SVD normal-system solve,1.5693079213891672,1.5692247989995034,68.4803217649605,68.49032176496051,107.46671140503149,107.47671140503148,68.49032176496048,1.0747671140503149e-10,45.186652027442534,7,True,0.9137471394272739,0.13968253968253969,0.01,1.0,rms,25.709920264364882,0.5139626139144768,0.7169118592368777,0.486117743543914,0.6976978899755398,3.757490526792227,1.9384247539670523,0.11315473248759012,0.3403886906231862,0.9978863737334687,0.9929376748738101,0.3333333333333333,0.14999746614299558,0.0,0.0009647732759380658,0.0,1.0,0.1896614674509856,0.9871684138584359,0.9939510668847301,0.9875394866250525,0.3268620268620268,,0.19568516281687828,1.6550101647463136
r5_final_inverse_map_complete_2026-08-31,fixed_black_box_contamination,har,svm,3,RidgeAIME,0.1,0.5,90,100,561,661,1.12828420905862,0.9677777777777777,0.08699118596951276,630,270,0.001301583950407803,X ~= Y A^T,SVD normal-system solve,1.4439675973208865,1.4439127492297685,80.93494963449818,80.9449496344981,116.86744476301331,116.8774447630133,80.94494963449814,1.1687744476301333e-10,46.29549511551751,1,True,1.0,0.0,0.01,1.0,rms,25.709920264364882,0.47909323941765775,0.6921656155990832,0.4964264813906001,0.705684423919033,3.284965345238082,1.812447335852295,0.12324915884421339,0.35545007593690414,0.9725035787943992,0.9459141422802401,0.1111111111111111,0.14099141625063083,0.02,0.0010880532279809768,0.0,0.10158730158730159,1.0,1.0,0.9710547740912485,0.9438741372526127,0.2975957049486461,,0.15954095107788,1.6655387330987863
r5_final_inverse_map_complete_2026-08-31,fixed_black_box_contamination,har,svm,3,HuberRidgeAIME,0.1,0.5,90,100,561,661,1.12828420905862,0.9677777777777777,0.08699118596951276,630,270,0.005907332990318537,X ~= Y A^T,SVD normal-system solve,1.4961710750902422,1.4961012848007373,71.08457184074236,71.09457184074242,106.35468027329304,106.36468027329305,71.09457184074236,1.0636468027329297e-10,44.195814062414286,8,True,0.9027410374947399,0.15873015873015872,0.01,1.0,rms,25.709920264364882,0.45278596675447563,0.6728937261964,0.524077979616954,0.7249545927873671,3.2584467290073387,1.8051168186594846,0.1303269257741737,0.3652378526379375,0.9972601294144869,0.9918603492092892,0.25,0.13919684741785282,0.01,0.001088840955493009,0.0,1.0,0.19087345986813192,0.9832348978624128,0.9938082826874034,0.9877991117301235,0.4639194139194139,,0.1749609958954688,1.6453811377725414
r5_final_inverse_map_complete_2026-08-31,fixed_black_box_contamination,har,mlp,3,RidgeAIME,0.05,0.0,45,0,561,561,0.21411454200278968,0.9677777777777777,0.11007373523082827,630,270,0.0011661250609904528,X ~= Y A^T,SVD normal-system solve,1.5217054675684534,1.5216377792932705,77.06471732015773,77.07471732015773,117.2698017027013,117.27980170270138,77.07471732015776,1.1727980170270142e-10,43.24636403907609,1,True,1.0,0.0,0.01,1.0,rms,23.68543856465402,0.5083874769916873,0.7130129570994396,0.4863690607655379,0.6985776338327798,2.0153356680760046,1.4196251857712319,0.19244329292859397,0.4414700967099677,0.9877632932127107,0.9719363687716438,0.05263157894736842,0.0,0.0,0.001122995190388284,0.0,0.047619047619047616,1.0,1.0,0.9827264025563431,0.9677093364036006,0.27595704948646127,,0.18231128241071176,1.635949599797487
r5_final_inverse_map_complete_2026-08-31,fixed_black_box_contamination,har,mlp,3,HuberRidgeAIME,0.05,0.0,45,0,561,561,0.21411454200278968,0.9677777777777777,0.11007373523082827,630,270,0.005245249951258302,X ~= Y A^T,SVD normal-system solve,1.531925090253,1.5318519375662727,72.70436143382452,72.71436143382451,111.37763545129835,111.38763545129832,72.71436143382454,1.1138763545129829e-10,41.807009243238326,8,True,0.9442368040801028,0.11904761904761904,0.01,1.0,rms,23.68543856465402,0.4954691135097629,0.7038956694779155,0.49942066307458033,0.7071886018171324,2.0028865682986696,1.4152337504096875,0.19743171951253147,0.4467341175892014,0.9983524881341262,0.9943010855662043,0.42857142857142855,0.0,0.0,0.0010040375620464126,0.0,1.0,0.18706906804992957,0.9820951908816117,0.9948834203636098,0.9917693275951596,0.4915750915750915,,0.18521679022774673,1.6212491004464697
r5_final_inverse_map_complete_2026-08-31,fixed_black_box_contamination,har,mlp,3,RidgeAIME,0.05,0.25,45,100,561,661,0.21411454200278968,0.9677777777777777,0.11007373523082827,630,270,0.0013206250732764602,X ~= Y A^T,SVD normal-system solve,1.5021154021802494,1.5020508328014934,77.75370345293831,77.76370345293824,116.79503553321427,116.80503553321427,77.7637034529383,1.1680503553321434e-10,46.280468985225355,1,True,1.0,0.0,0.01,1.0,rms,25.709920264364882,0.5175704113332033,0.7194236660919651,0.48958431305511296,0.7003397004756086,2.211896064505144,1.4872444535129874,0.1805759571690757,0.4277127902762765,0.9873932435522982,0.9752030404450855,0.1111111111111111,0.1427756360122648,0.0,0.0009775690048539052,0.0,0.046031746031746035,1.0,1.0,0.9847019901301861,0.9728566770158251,0.2667477517322719,,0.17668463042555724,1.6653977512447826
r5_final_inverse_map_complete_2026-08-31,fixed_black_box_contamination,har,mlp,3,HuberRidgeAIME,0.05,0.25,45,100,561,661,0.21411454200278968,0.9677777777777777,0.11007373523082827,630,270,0.00533637497574091,X ~= Y A^T,SVD normal-system solve,1.511635926739469,1.511566966535926,74.18292583950895,74.19292583950896,112.13757584965141,112.14757584965147,74.19292583950897,1.121475758496514e-10,44.69222340154505,7,True,0.9469394057212321,0.1111111111111111,0.01,1.0,rms,25.709920264364882,0.5091793945350596,0.7135680728108984,0.49785933517656367,0.7063549949183201,2.2029704618100863,1.4842407021134025,0.18388255622788952,0.4315915616987778,0.9983161586924862,0.9953617407203138,0.5384615384615384,0.14373683181135083,0.01,0.0009563466788488704,0.0,0.9999999999999998,0.19119823636578093,0.9834061177200809,0.9947053424198451,0.9911043405394115,0.47912087912087903,,0.17942739236913385,1.6502319609929277
r5_final_inverse_map_complete_2026-08-31,fixed_black_box_contamination,har,mlp,3,RidgeAIME,0.05,0.5,45,100,561,661,0.21411454200278968,0.9677777777777777,0.11007373523082827,630,270,0.001332291983999312,X ~= Y A^T,SVD normal-system solve,1.465633980063086,1.4655756652917675,79.83837624028916,79.84837624028914,117.01383713082913,117.02383713082912,79.8483762402892,1.1702383713082917e-10,47.17633232208584,1,True,1.0,0.0,0.01,1.0,rms,25.709920264364882,0.5324917804159852,0.7297203439784211,0.4743891047230343,0.6900679499330608,2.0701787889723042,1.4388115891152338,0.18409590128574282,0.43235099988773495,0.9865738727034086,0.9716008885693409,0.05263157894736842,0.15083824961597617,0.01,0.0008109548848588976,0.0,0.047619047619047616,1.0,1.0,0.981939352977793,0.9599925426531069,0.20542655658754727,,0.16600824527216235,1.673724174061334
r5_final_inverse_map_complete_2026-08-31,fixed_black_box_contamination,har,mlp,3,HuberRidgeAIME,0.05,0.5,45,100,561,661,0.21411454200278968,0.9677777777777777,0.11007373523082827,630,270,0.005962125025689602,X ~= Y A^T,SVD normal-system solve,1.5561457034237658,1.5560697356042528,73.19806454530368,73.20806454530371,113.9068536411098,113.91685364110982,73.20806454530367,1.1391685364110985e-10,45.23511173232806,8,True,0.9474093564625325,0.12063492063492064,0.01,1.0,rms,25.709920264364882,0.519048230044607,0.7204500191162514,0.48765893687120576,0.6987881953324886,2.056725860481157,1.434128955317881,0.18939800347812663,0.4377330218098993,0.998157699942198,0.9944478130493031,0.3333333333333333,0.15050936775869897,0.0,0.0007667040734075277,0.0,1.0,0.18556572467403845,0.9855015380519571,0.9943531768611253,0.9901358259603452,0.384004884004884,,0.1920290560916373,1.6554756673767927
r5_final_inverse_map_complete_2026-08-31,fixed_black_box_contamination,har,mlp,3,RidgeAIME,0.1,0.0,90,0,561,561,0.21411454200278968,0.9677777777777777,0.11007373523082827,630,270,0.0011572919320315123,X ~= Y A^T,SVD normal-system solve,1.465633980063086,1.4655756652917675,79.83837624028916,79.84837624028914,117.01383713082913,117.02383713082912,79.8483762402892,1.1702383713082917e-10,43.980299004377166,1,True,1.0,0.0,0.01,1.0,rms,23.68543856465402,0.5552424610870091,0.745145932745398,0.4578024055700798,0.6788785732192387,3.815159993023889,1.9532434546220523,0.10976732071005146,0.3362852991364987,0.9739563831798123,0.9416217924194472,0.17647058823529413,0.0,0.0,0.0012997514178340014,0.0,0.09365079365079365,1.0,1.0,0.9672836461984211,0.9336304709525349,0.21000171998624012,,0.16600824527216235,1.6432581776284472
r5_final_inverse_map_complete_2026-08-31,fixed_black_box_contamination,har,mlp,3,HuberRidgeAIME,0.1,0.0,90,0,561,561,0.21411454200278968,0.9677777777777777,0.11007373523082827,630,270,0.005261707934550941,X ~= Y A^T,SVD normal-system solve,1.5929739432490884,1.5928854194336246,66.97467978852526,66.98467978852527,106.6889197605721,106.69891976057211,66.98467978852531,1.06698919760572e-10,41.96016550668763,8,True,0.9078643754789597,0.16984126984126985,0.01,1.0,rms,23.68543856465402,0.5294968587487583,0.7276653480472726,0.48294314071418387,0.6954191105351699,3.79060672441049,1.9469480538551844,0.11549660130195316,0.34415943842243174,0.9976789830474709,0.9924988545964045,0.42857142857142855,0.0,0.0,0.001162934715196541,0.0,0.9999999999999998,0.18621700305239725,0.9824303911937883,0.9930804131044313,0.98625797585291,0.3443869855634561,,0.20218453694525296,1.6228371925458147
r5_final_inverse_map_complete_2026-08-31,fixed_black_box_contamination,har,mlp,3,RidgeAIME,0.1,0.25,90,100,561,661,0.21411454200278968,0.9677777777777777,0.11007373523082827,630,270,0.0013015000149607658,X ~= Y A^T,SVD normal-system solve,1.5312070996744347,1.5311372736207838,76.0657728534366,76.07577285343666,116.472451435405,116.48245143540504,76.07577285343663,1.16482451435405e-10,48.37746984041229,1,True,1.0,0.0,0.01,1.0,rms,25.709920264364882,0.5285065579511177,0.7269845651395342,0.45251874631782263,0.6784058458356639,2.90197787201523,1.703519260828955,0.12686924019388657,0.36293616579200905,0.972295610487678,0.9438590463466083,0.0,0.14390424100884494,0.01,0.0011808409451947405,0.0,0.10634920634920635,1.0,1.0,0.9743083988655741,0.9481193800143848,0.19627622979016168,,0.18501412897615652,1.6846431508575785
r5_final_inverse_map_complete_2026-08-31,fixed_black_box_contamination,har,mlp,3,HuberRidgeAIME,0.1,0.25,90,100,561,661,0.21411454200278968,0.9677777777777777,0.11007373523082827,630,270,0.005902834003791213,X ~= Y A^T,SVD normal-system solve,1.5389489288845788,1.5388711671137358,69.29769747787714,69.30769747787716,106.64561730774659,106.65561730774654,69.30769747787717,1.066556173077466e-10,45.56777718172731,8,True,0.8994253273266326,0.17142857142857143,0.01,1.0,rms,25.709920264364882,0.4956892618204977,0.7040520306202502,0.48651426474185866,0.698592431159903,2.8683847918441456,1.6936306539042525,0.1369765369782131,0.3739709022905186,0.9971155913363922,0.9914505557672059,0.17647058823529413,0.14382336447155158,0.0,0.001181567068056299,0.0,1.0000000000000002,0.18893077878758327,0.9839779645417592,0.9942201232270378,0.9892678234645684,0.46712454212454213,,0.18720226261664613,1.6586578440036683
r5_final_inverse_map_complete_2026-08-31,fixed_black_box_contamination,har,mlp,3,RidgeAIME,0.1,0.5,90,100,561,661,0.21411454200278968,0.9677777777777777,0.11007373523082827,630,270,0.0013068750267848372,X ~= Y A^T,SVD normal-system solve,1.552830347927381,1.5527570034781457,75.36453122958508,75.37453122958517,117.02833125062058,117.03833125062059,75.37453122958513,1.1703833125062052e-10,46.98630659518061,1,True,1.0,0.0,0.01,1.0,rms,25.709920264364882,0.5556253540312083,0.7454028132702534,0.4700208272803815,0.686693324054951,3.016098740611612,1.736691895706205,0.14061741965863261,0.3788023763233149,0.9690181377891683,0.9347247764917366,0.05263157894736842,0.146530370751853,0.01,0.0015340136428027575,0.0,0.10317460317460317,1.0,1.0,0.9686763928170097,0.9300402833588388,0.28113912231559285,,0.19110349674228874,1.6719713082199334
r5_final_inverse_map_complete_2026-08-31,fixed_black_box_contamination,har,mlp,3,HuberRidgeAIME,0.1,0.5,90,100,561,661,0.21411454200278968,0.9677777777777777,0.11007373523082827,630,270,0.00587975000962615,X ~= Y A^T,SVD normal-system solve,1.5960540120870716,1.5959659725529496,67.69299480014041,67.70299480014039,108.04167594095338,108.05167594095334,67.7029948001404,1.080516759409533e-10,44.38116851166882,8,True,0.903564904922655,0.16507936507936508,0.01,1.0,rms,25.709920264364882,0.5280077259559687,0.7266414012124335,0.4963636994578299,0.7059871337592057,2.989501420215137,1.7290174725014023,0.14819584324427892,0.38914115939285937,0.9969910693184462,0.9894200578277658,0.17647058823529413,0.14705952285909596,0.0,0.0015046591229521632,0.0,1.0,0.18977998915182104,0.9856817536396537,0.9936197313074657,0.9860496920888805,0.29964447317388493,,0.20302362755980735,1.6471987325847919
r5_final_inverse_map_complete_2026-08-31,fixed_black_box_contamination,har,lgbm,4,RidgeAIME,0.05,0.0,45,0,561,561,11.09472062496934,0.9855555555555555,0.04951310773446871,630,270,0.001617542002350092,X ~= Y A^T,SVD normal-system solve,1.4337133579046097,1.4336611101930663,83.00097695856991,83.01097695856993,118.9996093846344,119.00960938463442,83.01097695856994,1.190096093846344e-10,42.77657720012484,1,True,1.0,0.0,0.01,1.0,rms,23.68543856465402,0.5199490450564048,0.7210749233307208,0.455463302990989,0.6784212606313169,2.099612265863541,1.4490038874563247,0.17019699107109387,0.4170732802376105,0.9872901321702315,0.9715404645082952,0.17647058823529413,0.0,0.0,0.0010692570540678397,0.0,0.047619047619047616,1.0,1.0,0.9835242012685008,0.970090660334014,0.2960084033613445,,0.15644650463249976,1.6312060312273586
r5_final_inverse_map_complete_2026-08-31,fixed_black_box_contamination,har,lgbm,4,HuberRidgeAIME,0.05,0.0,45,0,561,561,11.09472062496934,0.9855555555555555,0.04951310773446871,630,270,0.005191875039599836,X ~= Y A^T,SVD normal-system solve,1.5165684449874777,1.5165001831308733,75.66453782924617,75.6745378292462,114.75045047639604,114.76045047639607,75.67453782924619,1.1476045047639604e-10,41.42244430245221,7,True,0.9451202913214669,0.10952380952380952,0.01,1.0,rms,23.68543856465402,0.5062725813077072,0.7115283418864685,0.4697865072881935,0.6869766769390869,2.086174275664862,1.444359468991311,0.17550791675109556,0.42223328506085794,0.9985409831373457,0.9957382690169576,0.3333333333333333,0.0,0.0,0.0010556254116887089,0.0,1.0,0.18914850645070153,0.9829188805650053,0.9949549963521596,0.9916432295985362,0.5332334332334333,,0.18084246709160348,1.6172357226536673
r5_final_inverse_map_complete_2026-08-31,fixed_black_box_contamination,har,lgbm,4,RidgeAIME,0.05,0.25,45,100,561,661,11.09472062496934,0.9855555555555555,0.04951310773446871,630,270,0.0014403749955818057,X ~= Y A^T,SVD normal-system solve,1.432262401328526,1.4322103812010558,83.08522147336387,83.09522147336385,118.99983882235254,119.00983882235259,83.09522147336388,1.1900983882235252e-10,44.806864266046375,1,True,1.0,0.0,0.01,1.0,rms,25.709920264364882,0.5126460416167034,0.7159930457879485,0.48787577492813716,0.698955075461405,1.7213366187510017,1.3119971870209943,0.21915127734309792,0.47036710058322073,0.9847678963636494,0.9678561763590168,0.17647058823529413,0.14402942018505402,0.0,0.0008686052241816563,0.0,0.05238095238095238,1.0,1.0,0.9804664041617592,0.9615437854556923,0.3241006929087424,,0.1560068173320225,1.6513445515987286
r5_final_inverse_map_complete_2026-08-31,fixed_black_box_contamination,har,lgbm,4,HuberRidgeAIME,0.05,0.25,45,100,561,661,11.09472062496934,0.9855555555555555,0.04951310773446871,630,270,0.005193875054828823,X ~= Y A^T,SVD normal-system solve,1.5139660663010182,1.5138976443876073,75.1071723620036,75.1171723620036,113.70971029189514,113.71971029189513,75.1171723620036,1.137197102918951e-10,43.18886706367413,7,True,0.9409982889380025,0.11428571428571428,0.01,1.0,rms,25.709920264364882,0.5011989214889587,0.7079540391077367,0.4993112431631751,0.7078980803224861,1.7093138655515376,1.3074073066766674,0.22460515044168605,0.4766660088161836,0.9978813781474848,0.99459567109378,0.6666666666666666,0.1435431048638554,0.01,0.000815773846302742,0.0,1.0,0.1873506156950062,0.9826572055494245,0.9947454858915036,0.9914624999117049,0.6206793206793206,,0.1800965132219465,1.6353718117240883
r5_final_inverse_map_complete_2026-08-31,fixed_black_box_contamination,har,lgbm,4,RidgeAIME,0.05,0.5,45,100,561,661,11.09472062496934,0.9855555555555555,0.04951310773446871,630,270,0.0013549999566748738,X ~= Y A^T,SVD normal-system solve,1.444465392457263,1.4444114479758188,82.38311613459156,82.3931161345915,118.99956017920508,119.0095601792051,82.39311613459151,1.190095601792051e-10,45.5451412813529,1,True,1.0,0.0,0.01,1.0,rms,25.709920264364882,0.48852568922602696,0.6989461275563568,0.48718309773626234,0.6988922666583974,2.164276648637331,1.4711480716220686,0.17684763291587735,0.42345483228335395,0.9887996272113705,0.9793907450795182,0.05263157894736842,0.14431421989669757,0.01,0.0007408532189988996,0.0,0.046031746031746035,1.0,1.0,0.9856548432717943,0.9714857059518405,0.18598211214310287,,0.15969092185740916,1.658442053597794
r5_final_inverse_map_complete_2026-08-31,fixed_black_box_contamination,har,lgbm,4,HuberRidgeAIME,0.05,0.5,45,100,561,661,11.09472062496934,0.9855555555555555,0.04951310773446871,630,270,0.006002416950650513,X ~= Y A^T,SVD normal-system solve,1.4750340868819558,1.4749708028551276,75.05382110720765,75.06382110720764,110.70694448387171,110.71694448387173,75.06382110720763,1.1071694448387182e-10,44.08079382168342,8,True,0.9445039060116346,0.1126984126984127,0.01,1.0,rms,25.709920264364882,0.4760488912251764,0.6899629636619464,0.5002802859539452,0.7077489369485405,2.1520697226227052,1.4669934296453768,0.18149036657475892,0.4287542222439634,0.9982071609947069,0.99554743064606,0.5384615384615384,0.14391500141831362,0.0,0.0007705133502867445,0.0,1.0,0.19593978182417576,0.9806243046829096,0.9952075524315511,0.9921377977571788,0.4510989010989011,,0.16878342351119408,1.644249406834484
r5_final_inverse_map_complete_2026-08-31,fixed_black_box_contamination,har,lgbm,4,RidgeAIME,0.1,0.0,90,0,561,561,11.09472062496934,0.9855555555555555,0.04951310773446871,630,270,0.0011845839908346534,X ~= Y A^T,SVD normal-system solve,1.444465392457263,1.4444114479758188,82.38311613459156,82.3931161345915,118.99956017920508,119.0095601792051,82.39311613459151,1.190095601792051e-10,42.815489362741474,1,True,1.0,0.0,0.01,1.0,rms,23.68543856465402,0.5058427798945775,0.7112262508474905,0.4758573667339977,0.6915413118364129,3.8065576776078633,1.9510401527410612,0.10577739183859336,0.3300932121941017,0.9760411762817751,0.950067534810627,0.0,0.0,0.0,0.0014523652002690801,0.0,0.09523809523809523,1.0,1.0,0.9731397273689512,0.9413591505835592,0.1773563811489508,,0.15969092185740916,1.6316009121864525
r5_final_inverse_map_complete_2026-08-31,fixed_black_box_contamination,har,lgbm,4,HuberRidgeAIME,0.1,0.0,90,0,561,561,11.09472062496934,0.9855555555555555,0.04951310773446871,630,270,0.005792499985545874,X ~= Y A^T,SVD normal-system solve,1.534865921075831,1.5347906563712668,71.05464101315636,71.06464101315636,109.05934702537076,109.0693470253707,71.0646410131564,1.0906934702537072e-10,40.921117537708064,8,True,0.9052619585985645,0.15714285714285714,0.01,1.0,rms,23.68543856465402,0.482019043322261,0.694275912964191,0.5005429736410527,0.7079278414864286,3.7837859223226746,1.9451956000162747,0.11112684930861161,0.33756769680899823,0.9973229970696655,0.9927579764855062,0.25,0.0,0.0,0.001374175286814016,0.0,1.0,0.1904665821637872,0.9805035771706463,0.9943509745827658,0.9894455303959175,0.3124706562787058,,0.1860491465995445,1.6119474855932177
r5_final_inverse_map_complete_2026-08-31,fixed_black_box_contamination,har,lgbm,4,RidgeAIME,0.1,0.25,90,100,561,661,11.09472062496934,0.9855555555555555,0.04951310773446871,630,270,0.001314291963353753,X ~= Y A^T,SVD normal-system solve,1.4559400389217532,1.4558842622129495,81.73380466262326,81.74380466262325,118.99951874172268,119.00951874172272,81.7438046626232,1.190095187417227e-10,46.733350985083106,1,True,1.0,0.0,0.01,1.0,rms,25.709920264364882,0.47461225877671454,0.6889210831268807,0.48933240817489854,0.7022035628680472,2.6995762459127057,1.643038723193311,0.14152153926639144,0.3806750343364185,0.9734511660886328,0.9440162532909046,0.05263157894736842,0.1529226971692146,0.02,0.001183041068028542,0.0,0.10952380952380952,1.0,1.0,0.9717915865867731,0.9490685839246339,0.25294117647058817,,0.16312685143297342,1.669626922949267
r5_final_inverse_map_complete_2026-08-31,fixed_black_box_contamination,har,lgbm,4,HuberRidgeAIME,0.1,0.25,90,100,561,661,11.09472062496934,0.9855555555555555,0.04951310773446871,630,270,0.00598691706545651,X ~= Y A^T,SVD normal-system solve,1.4464200922513493,1.4463589960059582,73.05833495106071,73.0683349510607,105.6730435796432,105.68304357964323,73.06833495106079,1.056830435796432e-10,44.7644965964888,8,True,0.8952132630003489,0.16666666666666666,0.01,1.0,rms,25.709920264364882,0.446594314717582,0.6682771241914405,0.5194788187573923,0.721420561709772,2.674392674336381,1.635357047967318,0.14953003830224976,0.3899395805726475,0.9971193211499684,0.9922314382061205,0.17647058823529413,0.15394998597077936,0.02,0.0011875826556936775,0.0,0.9999999999999999,0.18757053714031202,0.9822495340954337,0.9942648928644955,0.9893682929454055,0.44761904761904764,,0.16027610114237084,1.6509337049554487
r5_final_inverse_map_complete_2026-08-31,fixed_black_box_contamination,har,lgbm,4,RidgeAIME,0.1,0.5,90,100,561,661,11.09472062496934,0.9855555555555555,0.04951310773446871,630,270,0.0013183330884203315,X ~= Y A^T,SVD normal-system solve,1.4522460389470935,1.4521908547111178,81.9420341174774,81.95203411747737,118.99999447037416,119.00999447037414,81.95203411747734,1.1900999447037413e-10,46.86587901942789,1,True,1.0,0.0,0.01,1.0,rms,25.709920264364882,0.47360339878478835,0.6881884907383938,0.49266924530480805,0.7041277147446111,3.381085356480117,1.8387727854414522,0.11749080674464873,0.34756856792208546,0.9728904890242583,0.9439736846337271,0.0,0.1519197280606765,0.0,0.0009361056992435128,0.0,0.1,1.0,1.0,0.9728578264187255,0.9452976252554848,0.18725490196078434,,0.1620236974253065,1.670856767093788
r5_final_inverse_map_complete_2026-08-31,fixed_black_box_contamination,har,lgbm,4,HuberRidgeAIME,0.1,0.5,90,100,561,661,11.09472062496934,0.9855555555555555,0.04951310773446871,630,270,0.005280832992866635,X ~= Y A^T,SVD normal-system solve,1.5900790365583706,1.5899954639683875,70.59676672556682,70.60676672556683,112.25443881912533,112.26443881912533,70.60676672556686,1.1226443881912525e-10,44.321056744459675,7,True,0.9031402824254952,0.15396825396825398,0.01,1.0,rms,25.709920264364882,0.44702829387678295,0.6686017453438055,0.5211368789064176,0.7223503266005179,3.3558557404863985,1.8318994897336476,0.12407607913775354,0.3560762144384777,0.9972647057600855,0.992254124869682,0.3333333333333333,0.1533646471471892,0.0,0.0009113794315789618,0.0,1.0,0.18933436082583371,0.9824520514921241,0.9941551603964781,0.9905801260729937,0.39340659340659345,,0.20139588534164077,1.646610106702692
r5_final_inverse_map_complete_2026-08-31,fixed_black_box_contamination,har,svm,4,RidgeAIME,0.05,0.0,45,0,561,561,1.147530416958034,0.9633333333333334,0.10171645087899739,630,270,0.001178500009700656,X ~= Y A^T,SVD normal-system solve,1.4516178957831147,1.451561051395316,79.43810618418354,79.44810618418352,115.31377654408014,115.32377654408015,79.44810618418353,1.1532377654408021e-10,44.084990677118576,1,True,1.0,0.0,0.01,1.0,rms,23.68543856465402,0.564314367580437,0.7512086045702864,0.46831392879579015,0.6859011808018536,2.09865035479806,1.4486719279388485,0.18911647378961982,0.43826471590970373,0.9868212978688946,0.9696791707393797,0.0,0.0,0.0,0.0011672538369305369,0.0,0.049206349206349205,1.0,1.0,0.9815631719249858,0.961999952725565,0.20947712418300654,,0.16183530660000847,1.6442907532857989
r5_final_inverse_map_complete_2026-08-31,fixed_black_box_contamination,har,svm,4,HuberRidgeAIME,0.05,0.0,45,0,561,561,1.147530416958034,0.9633333333333334,0.10171645087899739,630,270,0.005264041945338249,X ~= Y A^T,SVD normal-system solve,1.5221217711236752,1.5220491051227834,71.84227819287523,71.85227819287525,109.35269572449903,109.36269572449905,71.85227819287525,1.0936269572449907e-10,42.1996640150847,8,True,0.9419895721004282,0.11587301587301588,0.01,1.0,rms,23.68543856465402,0.5520912511055122,0.7430284322322479,0.4798303124815163,0.6939033735436154,2.085940776734446,1.4442786354213117,0.19402724296720442,0.443567264158158,0.9977381029766851,0.9934712158571078,0.3333333333333333,0.0,0.0,0.0010684306225409855,0.0,1.0,0.18558741744990045,0.9811355934596374,0.9947063329047229,0.990469088544401,0.3500646412411118,,0.18242866409016362,1.625308993213437
r5_final_inverse_map_complete_2026-08-31,fixed_black_box_contamination,har,svm,4,RidgeAIME,0.05,0.25,45,100,561,661,1.147530416958034,0.9633333333333334,0.10171645087899739,630,270,0.001314540975727141,X ~= Y A^T,SVD normal-system solve,1.452199794043913,1.4521432091173319,79.90523915751895,79.91523915751894,116.03837184757863,116.04837184757861,79.91523915751901,1.1604837184757864e-10,48.27133935729023,1,True,1.0,0.0,0.01,1.0,rms,25.709920264364882,0.5054104240869511,0.7109222349082571,0.49465435412679737,0.7046047344739254,2.0075492115350886,1.4168800977976537,0.19605206251708018,0.44570493960292124,0.986963040904695,0.9664343956744837,0.1111111111111111,0.15471825938377046,0.0,0.0008765813077220031,0.0,0.047619047619047616,1.0,1.0,0.9852778889502829,0.967019654705757,0.20595115239078088,,0.16200944822530725,1.6836893491068763
r5_final_inverse_map_complete_2026-08-31,fixed_black_box_contamination,har,svm,4,HuberRidgeAIME,0.05,0.25,45,100,561,661,1.147530416958034,0.9633333333333334,0.10171645087899739,630,270,0.006074208999052644,X ~= Y A^T,SVD normal-system solve,1.6210819100368608,1.6209928439019037,69.72266666746,69.73266666745997,113.02615365414943,113.03615365414942,69.73266666746002,1.130361536541494e-10,46.00488684995385,8,True,0.9443836204545057,0.1111111111111111,0.01,1.0,rms,25.709920264364882,0.4948693308190773,0.7034694953010239,0.505194096347759,0.7112836891719295,1.9977303691688786,1.413410898913999,0.19998413951097282,0.4496096232595726,0.9975867943989649,0.9938058760370377,0.5384615384615384,0.1557408739061919,0.01,0.0008767695208852517,0.0,0.9999999999999999,0.19923103545510906,0.9816412497044754,0.9948762482134501,0.990578006989651,0.3599852761617467,,0.20978109759942476,1.6628039668825076
r5_final_inverse_map_complete_2026-08-31,fixed_black_box_contamination,har,svm,4,RidgeAIME,0.05,0.5,45,100,561,661,1.147530416958034,0.9633333333333334,0.10171645087899739,630,270,0.0013269169721752405,X ~= Y A^T,SVD normal-system solve,1.4513144193004113,1.4512580032438114,79.98751249885832,79.99751249885828,116.08703025356495,116.09703025356492,79.99751249885828,1.1609703025356499e-10,47.19119070592046,1,True,1.0,0.0,0.01,1.0,rms,25.709920264364882,0.5267632989978375,0.7257846092318557,0.4928808344162662,0.7028548822011236,2.099129180924275,1.4488371823377102,0.19384632246114686,0.4430112594774685,0.9878333432786887,0.973694335767565,0.0,0.1490686125125697,0.03,0.0008056406004385388,0.0,0.046031746031746035,1.0,1.0,0.983942426914342,0.9665573984638612,0.31362134597428715,,0.16174462775441023,1.673860935395226
r5_final_inverse_map_complete_2026-08-31,fixed_black_box_contamination,har,svm,4,HuberRidgeAIME,0.05,0.5,45,100,561,661,1.147530416958034,0.9633333333333334,0.10171645087899739,630,270,0.005203083041124046,X ~= Y A^T,SVD normal-system solve,1.4798985732061236,1.4798337078613157,73.97381595396325,73.98381595396327,109.4737446848826,109.48374468488264,73.98381595396326,1.0948374468488264e-10,45.148279808708146,7,True,0.944941823840479,0.11587301587301588,0.01,1.0,rms,25.709920264364882,0.5174611922355783,0.7193477547303379,0.5018360456628018,0.7097360170269488,2.0908491818418895,1.4459768953347385,0.19702618950836892,0.4468714598067536,0.9977907648421196,0.9941089673691825,0.5384615384615384,0.14886514201496798,0.0,0.0008021602402138806,0.0,0.9999999999999999,0.18950008029350435,0.9813940876721965,0.9947048701867007,0.9891954661091363,0.41895604395604397,,0.17021291551941126,1.6546412079425985
r5_final_inverse_map_complete_2026-08-31,fixed_black_box_contamination,har,svm,4,RidgeAIME,0.1,0.0,90,0,561,561,1.147530416958034,0.9633333333333334,0.10171645087899739,630,270,0.0011585419997572899,X ~= Y A^T,SVD normal-system solve,1.4513144193004113,1.4512580032438114,79.98751249885832,79.99751249885828,116.08703025356495,116.09703025356492,79.99751249885828,1.1609703025356499e-10,44.19831161384354,1,True,1.0,0.0,0.01,1.0,rms,23.68543856465402,0.5486515316970283,0.740710153634354,0.47520999610345993,0.6906109454525411,2.661746561745567,1.6314859980231418,0.15735919619425576,0.4002650364792385,0.9702056248742361,0.9435594124523528,0.1111111111111111,0.0,0.0,0.0015527103156874273,0.0,0.1111111111111111,1.0,1.0,0.9688903784053501,0.9382613524219134,0.18402132782937736,,0.16174462775441023,1.6454056795120742
r5_final_inverse_map_complete_2026-08-31,fixed_black_box_contamination,har,svm,4,HuberRidgeAIME,0.1,0.0,90,0,561,561,1.147530416958034,0.9633333333333334,0.10171645087899739,630,270,0.005278042051941156,X ~= Y A^T,SVD normal-system solve,1.4822893796471934,1.4822210256604202,70.54760788874246,70.5576078887424,104.57196993299752,104.58196993299751,70.55760788874241,1.045819699329975e-10,41.88849585525342,8,True,0.8922616727596638,0.1761904761904762,0.01,1.0,rms,23.68543856465402,0.5215202768174508,0.7221636080677638,0.5011612794434179,0.7090746659479495,2.6349118644852747,1.6232411602979007,0.16585437420792337,0.41091672436432825,0.996630160733663,0.9912556132598942,0.5384615384615384,0.0,0.0,0.0015216477630216896,0.0,1.0,0.18931553881144922,0.9801299395031906,0.9934190923466837,0.9868703663930793,0.49633699633699635,,0.17091296954573462,1.6220947658639244
r5_final_inverse_map_complete_2026-08-31,fixed_black_box_contamination,har,svm,4,RidgeAIME,0.1,0.25,90,100,561,661,1.147530416958034,0.9633333333333334,0.10171645087899739,630,270,0.001309916959144175,X ~= Y A^T,SVD normal-system solve,1.457274739210167,1.457217150862735,79.39403911614215,79.40403911614217,115.69892764781785,115.70892764781786,79.40403911614223,1.1570892764781783e-10,48.72453399105175,1,True,1.0,0.0,0.01,1.0,rms,25.709920264364882,0.5152148392683072,0.7177846747237693,0.4668540034142885,0.6873637973467234,2.941782373974909,1.7151624920032822,0.1291483608671914,0.36513799642723693,0.9757212679005027,0.9450571805721288,0.1111111111111111,0.14350106280506456,0.01,0.001090061062452976,0.0,0.10634920634920635,1.0,1.0,0.9708394876867097,0.9461903867576404,0.1946078431372549,,0.16352427407222006,1.6877476941502016
r5_final_inverse_map_complete_2026-08-31,fixed_black_box_contamination,har,svm,4,HuberRidgeAIME,0.1,0.25,90,100,561,661,1.147530416958034,0.9633333333333334,0.10171645087899739,630,270,0.005885915947146714,X ~= Y A^T,SVD normal-system solve,1.5285190889047755,1.528442129991688,68.66548769822904,68.67548769822903,104.95650869569913,104.96650869569915,68.67548769822906,1.0496650869569918e-10,46.03181245699586,8,True,0.8964779924475287,0.17142857142857143,0.01,1.0,rms,25.709920264364882,0.48510763260697704,0.6964966852806818,0.4980090390935069,0.7062511931121727,2.9108206730906785,1.706112737509066,0.13831390900695395,0.3754432704226125,0.9965682780636129,0.9916883086772795,0.42857142857142855,0.1451587905381477,0.01,0.0010587882598581263,0.0,1.0000000000000002,0.1917513679557066,0.9803442159660936,0.9935010875701634,0.9881875064663206,0.33081260844418736,,0.1842490000780982,1.6630580751454485
r5_final_inverse_map_complete_2026-08-31,fixed_black_box_contamination,har,svm,4,RidgeAIME,0.1,0.5,90,100,561,661,1.147530416958034,0.9633333333333334,0.10171645087899739,630,270,0.001303166034631431,X ~= Y A^T,SVD normal-system solve,1.457848176431068,1.4577908796905679,79.89824127573483,79.90824127573477,116.47950534387951,116.48950534387953,79.90824127573478,1.164895053438795e-10,48.399443752209336,1,True,1.0,0.0,0.01,1.0,rms,25.709920264364882,0.582489264295991,0.7632098428977387,0.44200667277265526,0.6679418184052625,3.7043847898335875,1.9246778405316531,0.10830257045599101,0.3345377364883179,0.9777080192561403,0.9475251862477836,0.05263157894736842,0.1433222687411165,0.0,0.0010021690501691473,0.0,0.09365079365079365,1.0,1.0,0.9740099473407327,0.9444802823450027,0.2876750700280112,,0.1636952288446546,1.6848403703895727
r5_final_inverse_map_complete_2026-08-31,fixed_black_box_contamination,har,svm,4,HuberRidgeAIME,0.1,0.5,90,100,561,661,1.147530416958034,0.9633333333333334,0.10171645087899739,630,270,0.005842040991410613,X ~= Y A^T,SVD normal-system solve,1.5893855496192282,1.5892993491671812,68.36383512875135,68.37383512875138,108.65649167018876,108.66649167018872,68.37383512875137,1.0866649167018871e-10,46.038279244498895,8,True,0.9085431899941382,0.15555555555555556,0.01,1.0,rms,25.709920264364882,0.558670253823456,0.7474424752604417,0.4648240012961198,0.6826235928926551,3.6820301368341513,1.918861677358259,0.1136836492987322,0.3413815568135416,0.9974856334852334,0.9934049328867834,0.25,0.1436208110347113,0.0,0.0010401677929874013,0.0,0.9999999999999999,0.1946500589002988,0.9823079793716102,0.9942688530417023,0.9889585619484931,0.3793956043956044,,0.20120570554421077,1.663119082799094
r5_final_inverse_map_complete_2026-08-31,fixed_black_box_contamination,har,mlp,4,RidgeAIME,0.05,0.0,45,0,561,561,0.173619500012137,0.9488888888888889,0.15775631026002968,630,270,0.0012079579755663872,X ~= Y A^T,SVD normal-system solve,1.6900338090436822,1.6899350332920091,69.8486239391461,69.85862393914611,118.0465359723348,118.05653597233483,69.85862393914609,1.1805653597233476e-10,43.43520253652633,1,True,1.0,0.0,0.01,1.0,rms,23.68543856465402,0.4542975734281404,0.6740160038368084,0.5072448588892741,0.7139125882582433,2.551355465456339,1.5972962985796777,0.15564125617682678,0.397929701822142,0.9885800020681711,0.971341798729451,0.1111111111111111,0.0,0.0,0.00109549880285354,0.0,0.04126984126984127,1.0,1.0,0.9843295541993511,0.9627629447391165,0.321218487394958,,0.22787000921419787,1.6378418509506676
r5_final_inverse_map_complete_2026-08-31,fixed_black_box_contamination,har,mlp,4,HuberRidgeAIME,0.05,0.0,45,0,561,561,0.173619500012137,0.9488888888888889,0.15775631026002968,630,270,0.005301124998368323,X ~= Y A^T,SVD normal-system solve,1.694474554470736,1.6943722083640078,67.84549315727583,67.85549315727586,114.96246179052233,114.97246179052232,67.85549315727584,1.1497246179052238e-10,41.74589690895862,8,True,0.9508543508039597,0.10317460317460317,0.01,1.0,rms,23.68543856465402,0.44185325270778936,0.664720431992119,0.5207426263686632,0.7223282359207892,2.538874505237478,1.59338460681578,0.1597717695587476,0.40272060566838547,0.997837432461392,0.990888017000955,0.42857142857142855,0.0,0.0,0.0010376955003443544,0.0,1.0,0.19701562233735975,0.9833043622942439,0.9946885626636226,0.9895851706410908,0.37784241901888954,,0.22900881938455006,1.6206137962898806
r5_final_inverse_map_complete_2026-08-31,fixed_black_box_contamination,har,mlp,4,RidgeAIME,0.05,0.25,45,100,561,661,0.173619500012137,0.9488888888888889,0.15775631026002968,630,270,0.0012974579585716128,X ~= Y A^T,SVD normal-system solve,1.8169312251768124,1.8168081148651696,66.34766040110782,66.35766040110784,120.5491359001999,120.55913590019983,66.35766040110782,1.2055913590019977e-10,46.38698638510194,1,True,1.0,0.0,0.01,1.0,rms,25.709920264364882,0.5092753808974249,0.7136353276691288,0.4902802185808165,0.7009661786948638,2.034556408351927,1.426378774502736,0.18936036089305397,0.4382183645989582,0.9859745193631029,0.9677081728872095,0.1111111111111111,0.14665458345413773,0.03,0.0008118605076678643,0.0,0.049206349206349205,1.0,1.0,0.9821017748780123,0.9642522731323917,0.24669639785738853,,0.2593090610142404,1.6663961587047036
r5_final_inverse_map_complete_2026-08-31,fixed_black_box_contamination,har,mlp,4,HuberRidgeAIME,0.05,0.25,45,100,561,661,0.173619500012137,0.9488888888888889,0.15775631026002968,630,270,0.005301958997733891,X ~= Y A^T,SVD normal-system solve,1.820292563268941,1.8201639267845056,63.75826659007594,63.768266590075946,116.05869852083381,116.06869852083382,63.768266590075974,1.1606869852083385e-10,44.8352150262754,7,True,0.9479468982901731,0.1,0.01,1.0,rms,25.709920264364882,0.4983781548459386,0.7059590319883574,0.5011869536977802,0.7086775602800494,2.0219345424510466,1.4219474471481168,0.1943893612081813,0.44374842488654204,0.9982683302873929,0.9938676618771772,0.5384615384615384,0.14606183891779642,0.02,0.0008201595779311185,0.0,1.0,0.18751440668588182,0.9873015013615136,0.9945596219403843,0.9906812728294874,0.45467032967032966,,0.2601105029806777,1.651619256943204
r5_final_inverse_map_complete_2026-08-31,fixed_black_box_contamination,har,mlp,4,RidgeAIME,0.05,0.5,45,100,561,661,0.173619500012137,0.9488888888888889,0.15775631026002968,630,270,0.0013269579503685236,X ~= Y A^T,SVD normal-system solve,1.7714781579079644,1.7713643708486135,67.79016658382281,67.80016658382286,120.08879942418447,120.09879942418456,67.80016658382286,1.2009879942418457e-10,46.93292415313435,1,True,1.0,0.0,0.01,1.0,rms,25.709920264364882,0.4736440530041087,0.6882180272298225,0.4993424144824469,0.7080396307432056,1.8963051481353586,1.3770639593480611,0.2013056914483734,0.4513529372998492,0.9863714809121369,0.9647475425170714,0.17647058823529413,0.1393740724504967,0.0,0.0009626578733760609,0.0,0.050793650793650794,1.0,1.0,0.9805627447562131,0.9601493205844847,0.2223033072878274,,0.24830790504796785,1.671477613748139
r5_final_inverse_map_complete_2026-08-31,fixed_black_box_contamination,har,mlp,4,HuberRidgeAIME,0.05,0.5,45,100,561,661,0.173619500012137,0.9488888888888889,0.15775631026002968,630,270,0.005250666989013553,X ~= Y A^T,SVD normal-system solve,1.800113562675658,1.7999900787642835,64.78496428112285,64.79496428112286,116.62029285990731,116.63029285990727,64.79496428112282,1.1663029285990734e-10,45.15651678567658,7,True,0.9450042171495531,0.1126984126984127,0.01,1.0,rms,25.709920264364882,0.4603478102213458,0.6784893589595534,0.5133969872483284,0.7169759561149668,1.8829974287963946,1.3722235345585625,0.20691069637402282,0.4571617646923357,0.99834650202824,0.9938805218082624,0.25,0.1400029730139423,0.01,0.0009506675982774363,0.0,1.0,0.19636395632566644,0.9850652344511656,0.9946092277654264,0.9903129512141311,0.30699741435035555,,0.25527011135341726,1.6547204346014204
r5_final_inverse_map_complete_2026-08-31,fixed_black_box_contamination,har,mlp,4,RidgeAIME,0.1,0.0,90,0,561,561,0.173619500012137,0.9488888888888889,0.15775631026002968,630,270,0.0011669170344248414,X ~= Y A^T,SVD normal-system solve,1.7714781579079644,1.7713643708486135,67.79016658382281,67.80016658382286,120.08879942418447,120.09879942418456,67.80016658382286,1.2009879942418457e-10,44.23259020017199,1,True,1.0,0.0,0.01,1.0,rms,23.68543856465402,0.48584275370714963,0.6970242131426638,0.4925461249541575,0.7042202052198229,3.6828810500700473,1.9190833879928322,0.10906351300961081,0.3354581924062364,0.9744908790871979,0.9480704441802228,0.1111111111111111,0.0,0.0,0.0015726906802573993,0.0,0.09365079365079365,1.0,1.0,0.96580833038519,0.9343492152603519,0.2207983193277311,,0.24830790504796785,1.645742371806965
r5_final_inverse_map_complete_2026-08-31,fixed_black_box_contamination,har,mlp,4,HuberRidgeAIME,0.1,0.0,90,0,561,561,0.173619500012137,0.9488888888888889,0.15775631026002968,630,270,0.00526016706135124,X ~= Y A^T,SVD normal-system solve,1.7999180007554862,1.7997887254876395,61.86711029897712,61.87711029897706,111.35572548185405,111.36572548185401,61.877110298977115,1.1136572548185401e-10,41.91653909287499,8,True,0.9095743283763799,0.15396825396825398,0.01,1.0,rms,23.68543856465402,0.46225705085506,0.6798948822097869,0.5171809604367239,0.7195955665481577,3.6590501648393694,1.9128643874669655,0.11482851190059795,0.34277753930155996,0.9976477205005094,0.9917283535352112,0.25,0.0,0.0,0.0013651888293760074,0.0,1.0,0.18946871148455677,0.983981038352943,0.9936832780070611,0.9883180771499799,0.37057746175393236,,0.25522152691431366,1.6223854172267183
r5_final_inverse_map_complete_2026-08-31,fixed_black_box_contamination,har,mlp,4,RidgeAIME,0.1,0.25,90,100,561,661,0.173619500012137,0.9488888888888889,0.15775631026002968,630,270,0.001308124978095293,X ~= Y A^T,SVD normal-system solve,1.6680201893932756,1.667925491317634,70.53210815350356,70.54210815350353,117.648980400514,117.65898040051405,70.54210815350345,1.1765898040051412e-10,47.57912807326683,1,True,1.0,0.0,0.01,1.0,rms,25.709920264364882,0.4737064404406149,0.6882633510805402,0.4858733351437994,0.7003734474484944,3.724643430985298,1.929933530198721,0.10510305633918504,0.33051095707500566,0.9736156120592167,0.950009521335123,0.05263157894736842,0.1505353993898476,0.0,0.0011853421410971722,0.0,0.09523809523809523,1.0,1.0,0.9656102970778647,0.9290953134602097,0.2571195144724556,,0.22217664616242122,1.6774164789698778
r5_final_inverse_map_complete_2026-08-31,fixed_black_box_contamination,har,mlp,4,HuberRidgeAIME,0.1,0.25,90,100,561,661,0.173619500012137,0.9488888888888889,0.15775631026002968,630,270,0.005899957963265479,X ~= Y A^T,SVD normal-system solve,1.7645814055379092,1.764458223686506,62.05932245540686,62.06932245540686,109.50872644509217,109.51872644509216,62.06932245540691,1.0951872644509221e-10,45.44279873674608,8,True,0.9071116247287129,0.15714285714285714,0.01,1.0,rms,25.709920264364882,0.44944149686795726,0.6704039803491304,0.5122087476417392,0.7164875540468458,3.700806714115158,1.9237480900874622,0.11083015625337833,0.3379890555320701,0.997375216663641,0.9913032794320511,0.17647058823529413,0.15193473343220779,0.0,0.0010745475996499175,0.0,1.0,0.19379387300805515,0.9821977038572034,0.9933614910530973,0.9864878146475198,0.39173130790777844,,0.24661138021528095,1.6574650709092766
r5_final_inverse_map_complete_2026-08-31,fixed_black_box_contamination,har,mlp,4,RidgeAIME,0.1,0.5,90,100,561,661,0.173619500012137,0.9488888888888889,0.15775631026002968,630,270,0.0013180830283090472,X ~= Y A^T,SVD normal-system solve,1.6743998270156886,1.6743048060758032,70.96381143874233,70.97381143874232,118.8217935974041,118.83179359740407,70.97381143874233,1.1883179359740404e-10,47.85093899313594,1,True,1.0,0.0,0.01,1.0,rms,25.709920264364882,0.4688018105474156,0.6846910329100386,0.4935086697902302,0.7053008736775561,3.8636469947496583,1.96561618703898,0.10298103485707899,0.32691916014019684,0.9730806137749236,0.9529446395964206,0.1111111111111111,0.15194706352230136,0.0,0.0012728140874027271,0.0,0.09365079365079365,1.0,1.0,0.9664112624675528,0.928264931954572,0.15460956312349503,,0.22383452387623523,1.6798904644856163
r5_final_inverse_map_complete_2026-08-31,fixed_black_box_contamination,har,mlp,4,HuberRidgeAIME,0.1,0.5,90,100,561,661,0.173619500012137,0.9488888888888889,0.15775631026002968,630,270,0.006024917005561292,X ~= Y A^T,SVD normal-system solve,1.824976441622361,1.8248443964427112,62.466831324663,62.47683132466303,114.00049555030772,114.01049555030778,62.476831324663,1.1401049555030774e-10,45.37833903758309,8,True,0.9097126125436251,0.14761904761904762,0.01,1.0,rms,25.709920264364882,0.44394733923480834,0.6662937334500515,0.5203613268268645,0.7218868687932997,3.840756014642868,1.9597846857863923,0.10829561026068169,0.3339399657054823,0.9971877580254853,0.9914108125553069,0.3333333333333333,0.15259920273863287,0.0,0.0011790054091267235,0.0,0.9999999999999998,0.18788115746021297,0.9842976490583735,0.9933957122239662,0.9872894680311347,0.3917313079077785,,0.26122583830078167,1.6568485955591923
