metric,better_direction_for_target,n_pairs,mean_target,mean_baseline,mean_better_diff,HL_better_diff,p_raw,p_holm
bootstrap_spearman_global,greater,27,0.582764436442115,0.6737050329469713,-0.09094059650485635,-0.09022371356845196,1.0,1.0
bootstrap_cosine_flat,greater,27,0.5022566734876134,0.28428934578914145,0.21796732769847205,0.21829464354480477,6.26593828201294e-05,0.00031329691410064697
noise_spearman_global,greater,27,0.6263057714454845,0.5824714535804871,0.043834317864997446,0.04544002433016853,0.001623593270778656,0.006494373083114624
noise_cosine_flat,greater,27,0.408330178599777,0.25649716043309767,0.15183301816667935,0.1616753774247907,7.450580596923828e-09,5.960464477539063e-08
decoy_decoy_resistance_mass,greater,27,0.972171694968192,0.982061074039678,-0.009889379071485889,-0.009289598493869594,1.0,1.0
decoy_decoy_mass_ratio,less,27,0.02782830503180789,0.01793892596032198,-0.009889379071485915,-0.009289598493869585,1.0,1.0
cond_reg_median,less,27,3368736.0490748426,1.191806074826769e+16,1.1918060744898954e+16,2156057626326.1282,2.7662315089561387e-06,1.6597389053736832e-05
coef_l2_norm_mean,less,27,4.318407724494069,11814.212299731726,11809.89389200723,307.2307334224107,7.450580596923828e-09,5.960464477539063e-08
