metric,better_direction_for_target,n_pairs,mean_target,mean_baseline,mean_better_diff,HL_better_diff,p_raw,p_holm
bootstrap_spearman_global,greater,243,0.6368446060100202,0.6538453154975006,-0.017000709487480354,-0.04302340582625358,0.9999998317534018,1.0
bootstrap_cosine_flat,greater,243,0.5689472308119677,0.31333843884500173,0.25560879196696595,0.2558246314544299,3.111197929576495e-31,1.5555989647882475e-30
noise_spearman_global,greater,243,0.6602784532555394,0.6635904110578306,-0.0033119578022911683,0.0020478553076176825,0.27171453451090893,1.0
noise_cosine_flat,greater,243,0.47320531495262474,0.27837944254548175,0.194825872407143,0.1833491343629357,1.0757222700643087e-41,6.454333620385853e-41
decoy_decoy_resistance_mass,greater,243,0.9459078083653424,0.9593655218262789,-0.013457713460936266,-0.007994449923517721,0.9999999999998406,1.0
decoy_decoy_mass_ratio,less,243,0.054092191634657526,0.04063447817372125,-0.01345771346093628,-0.007994449923517761,0.9999999999998406,1.0
cond_reg_median,less,243,6070918.036180691,5.559273160136564e+16,5.559273159529472e+16,1207423594632332.0,6.470096095398232e-42,5.176076876318586e-41
coef_l2_norm_mean,less,243,3.3815451748879592,2.367617274995147e+43,2.367617274995147e+43,58133.37730458939,6.477938589603715e-42,5.176076876318586e-41
