pipeline_version,dataset,learner,repeat,method,outlier_rate,clone_frac,n_outlier_rows,n_clones,d_original,d_total,model_fit_time_sec,model_test_accuracy,model_test_log_loss,explain_time_sec,n_explanation_fit,n_explanation_val,orientation,solver,cond_raw,cond_reg,lambda_min_raw,lambda_min_reg,lambda_max_raw,lambda_max_reg,system_min_singular_value,solver_svd_tolerance,coef_fro_norm,mean_iter,converged,mean_huber_weight,frac_downweighted,ridge_lambda,huber_delta,residual_mode,effective_delta_on_l2_norm,clean_target_reconstruction_mse,clean_target_reconstruction_rmse,clean_target_reconstruction_r2,clean_target_reconstruction_cosine,observed_target_reconstruction_mse,observed_target_reconstruction_rmse,observed_target_reconstruction_r2,observed_target_reconstruction_cosine,operator_cosine_flat,operator_spearman_global,operator_topk_jaccard,clone_mass_ratio,clone_topk_infiltration,irrelevant_decoy_mass_ratio,irrelevant_decoy_topk_infiltration,outlier_weight_ap,mean_weight_outlier_rows,mean_weight_nonoutlier_rows,bootstrap_cosine_flat,bootstrap_spearman_global,bootstrap_topk_jaccard,error,log10_cond_raw,log10_cond_reg,log10_coef_norm
main_corrected_inverse_map_2026-08-31_v2,breast_cancer,lgbm,0,AIME,0.0,0.0,0,0,30,30,1.0843806670745835,0.935672514619883,0.3509590460274741,0.000139000010676682,119,52,X ~= Y A^T,SVD normal-system solve,1.6873546273270734,1.6873546273270734,43.305205411665426,43.305205411665426,73.07123873872308,73.07123873872308,43.30520541166543,7.307123873872308e-11,4.86026158263163,1,True,1.0,0.0,0.0,1.0,rms,5.477225575051661,0.7376119929408291,0.8588434042017375,0.24621404130220925,0.5100977970330336,0.7376119929408291,0.8588434042017375,0.24621404130220925,0.5100977970330336,1.0,1.0,1.0,0.0,0.0,0.019625736650282184,0.0,,,,0.9850694341449705,0.960222469410456,0.8545454545454545,,0.22720636682499054,0.22720636682499054,0.6866596439199691
main_corrected_inverse_map_2026-08-31_v2,breast_cancer,lgbm,0,HuberAIME,0.0,0.0,0,0,30,30,1.0843806670745835,0.935672514619883,0.3509590460274741,0.0005424580303952098,119,52,X ~= Y A^T,SVD normal-system solve,1.7326302757815057,1.7326302757815057,41.55487943764555,41.55487943764555,71.99924222011504,71.99924222011504,41.55487943764555,7.199924222011503e-11,4.754519657517652,9,True,0.9741775588923809,0.11764705882352941,0.0,1.0,rms,5.477225575051661,0.7353185478312892,0.8575071707171255,0.2485577758634151,0.5117541900287661,0.7353185478312892,0.8575071707171255,0.2485577758634151,0.5117541900287661,1.0000000000000002,1.0,1.0,0.0,0.0,0.0202555641943037,0.0,,,,0.9878474851881907,0.9664516129032258,0.9636363636363636,,0.23870589894095234,0.23870589894095234,0.6771066473245483
main_corrected_inverse_map_2026-08-31_v2,breast_cancer,lgbm,0,RidgeAIME,0.0,0.0,0,0,30,30,1.0843806670745835,0.935672514619883,0.3509590460274741,0.00011179200373589993,119,52,X ~= Y A^T,SVD normal-system solve,1.6873546273270734,1.6871959406440038,43.305205411665426,43.315205411665424,73.07123873872308,73.08123873872309,43.31520541166542,7.308123873872308e-11,4.859239868544175,1,True,1.0,0.0,0.01,1.0,rms,5.477225575051661,0.7376045883142941,0.8588390933779704,0.24622160829347972,0.5100969978860019,0.7376045883142941,0.8588390933779704,0.24622160829347972,0.5100969978860019,1.0000000000000002,1.0,1.0,0.0,0.0,0.019626046098668123,0.0,,,,0.9850696139526548,0.960222469410456,0.8545454545454545,,0.22720636682499054,0.22716552182980004,0.686568337839276
main_corrected_inverse_map_2026-08-31_v2,breast_cancer,lgbm,0,HuberRidgeAIME,0.0,0.0,0,0,30,30,1.0843806670745835,0.935672514619883,0.3509590460274741,0.00053070904687047,119,52,X ~= Y A^T,SVD normal-system solve,1.7326412322419873,1.7324649667163994,41.554635500537735,41.56463550053772,71.99927485901833,72.00927485901835,41.56463550053773,7.200927485901833e-11,4.753466336251501,9,True,0.9741757772545282,0.11764705882352941,0.01,1.0,rms,5.477225575051661,0.7353142170269956,0.857504645484207,0.2485622016312954,0.511752079293169,0.7353142170269956,0.857504645484207,0.2485622016312954,0.511752079293169,0.9999999999999999,1.0,1.0,0.0,0.0,0.020256228337502027,0.0,,,,0.987847525599193,0.9664516129032258,0.9636363636363636,,0.23870864523677207,0.23866446122578758,0.6770104226107694
main_corrected_inverse_map_2026-08-31_v2,breast_cancer,svm,0,AIME,0.0,0.0,0,0,30,30,0.005823040963150561,0.9766081871345029,0.08237271585794079,0.00013983296230435371,119,52,X ~= Y A^T,SVD normal-system solve,1.6853448030506522,1.6853448030506522,41.34794004386943,41.34794004386943,69.6855358697853,69.6855358697853,41.34794004386942,6.96855358697853e-11,5.091609766170843,1,True,1.0,0.0,0.0,1.0,rms,5.477225575051661,0.7482154721742016,0.8649944925687109,0.3165994182191779,0.571662301724819,0.7482154721742016,0.8649944925687109,0.3165994182191779,0.571662301724819,0.9999999999999999,1.0,1.0,0.0,0.0,0.020000081934036098,0.0,,,,0.985960560304223,0.9751724137931035,0.9636363636363636,,0.2266887661824295,0.2266887661824295,0.7068551108313745
main_corrected_inverse_map_2026-08-31_v2,breast_cancer,svm,0,HuberAIME,0.0,0.0,0,0,30,30,0.005823040963150561,0.9766081871345029,0.08237271585794079,0.000580000109039247,119,52,X ~= Y A^T,SVD normal-system solve,1.7293361355523202,1.7293361355523202,39.617021486939684,39.617021486939684,68.51114684031751,68.51114684031751,39.617021486939684,6.85111468403175e-11,4.893641935169507,8,True,0.9653064422916523,0.14285714285714285,0.0,1.0,rms,5.477225575051661,0.7612375419154357,0.8724892789687652,0.30470539788932594,0.5615926157395791,0.7612375419154357,0.8724892789687652,0.30470539788932594,0.5615926157395791,1.0,1.0,1.0,0.0,0.0,0.019721458865737954,0.0,,,,0.9868437009747613,0.9771301446051167,0.9636363636363636,,0.23787941642440996,0.23787941642440996,0.6896321891128213
main_corrected_inverse_map_2026-08-31_v2,breast_cancer,svm,0,RidgeAIME,0.0,0.0,0,0,30,30,0.005823040963150561,0.9766081871345029,0.08237271585794079,0.00012145808432251215,119,52,X ~= Y A^T,SVD normal-system solve,1.6853448030506522,1.685179092475531,41.34794004386943,41.35794004386943,69.6855358697853,69.6955358697853,41.35794004386942,6.96955358697853e-11,5.09045440218647,1,True,1.0,0.0,0.01,1.0,rms,5.477225575051661,0.748234604361916,0.8650055516364713,0.31658194337576584,0.5716564315251398,0.748234604361916,0.8650055516364713,0.31658194337576584,0.5716564315251398,1.0,1.0,1.0,0.0,0.0,0.0200002380643669,0.0,,,,0.985959924156489,0.9751724137931035,0.9636363636363636,,0.2266887661824295,0.2266460623235299,0.7067565516007785
main_corrected_inverse_map_2026-08-31_v2,breast_cancer,svm,0,HuberRidgeAIME,0.0,0.0,0,0,30,30,0.005823040963150561,0.9766081871345029,0.08237271585794079,0.00047941599041223526,119,52,X ~= Y A^T,SVD normal-system solve,1.729346355621029,1.7291623017476687,39.61678656556408,39.626786565564075,68.51114546857437,68.52114546857437,39.62678656556408,6.852114546857438e-11,4.892471083894862,8,True,0.9653042674538327,0.14285714285714285,0.01,1.0,rms,5.477225575051661,0.7612610673130025,0.8725027606334563,0.3046839104021225,0.5615835050091914,0.7612610673130025,0.8725027606334563,0.3046839104021225,0.5615835050091914,1.0000000000000002,1.0,1.0,0.0,0.0,0.01972163971047819,0.0,,,,0.9868435027857501,0.9771301446051167,0.9636363636363636,,0.23788198301990185,0.23783575871366605,0.6895282675151158
main_corrected_inverse_map_2026-08-31_v2,breast_cancer,mlp,0,AIME,0.0,0.0,0,0,30,30,0.02807116589974612,0.9649122807017544,0.10093164046099767,0.00012683309614658356,119,52,X ~= Y A^T,SVD normal-system solve,1.8978843914455874,1.8978843914455874,37.24858266896837,37.24858266896837,70.69350365090568,70.69350365090568,37.248582668968375,7.069350365090566e-11,6.067181581465934,1,True,1.0,0.0,0.0,1.0,rms,5.477225575051661,0.9282956598315781,0.9634810116611423,0.27245489120496047,0.529824008532404,0.9282956598315781,0.9634810116611423,0.27245489120496047,0.529824008532404,1.0,1.0,1.0,0.0,0.0,0.016209601399339676,0.0,,,,0.9861232311720771,0.9363737486095662,0.7766233766233767,,0.27826975409421806,0.27826975409421806,0.782986992908212
main_corrected_inverse_map_2026-08-31_v2,breast_cancer,mlp,0,HuberAIME,0.0,0.0,0,0,30,30,0.02807116589974612,0.9649122807017544,0.10093164046099767,0.0004815829452127218,119,52,X ~= Y A^T,SVD normal-system solve,1.9650993138901283,1.9650993138901283,34.90484916411252,34.90484916411252,68.59149514383593,68.59149514383593,34.90484916411252,6.859149514383591e-11,5.761988691784122,8,True,0.9612110173183365,0.14285714285714285,0.0,1.0,rms,5.477225575051661,0.9444037666036129,0.9718043870057456,0.2598302773011656,0.5172882075447127,0.9444037666036129,0.9718043870057456,0.2598302773011656,0.5172882075447127,0.9999999999999998,1.0,1.0,0.0,0.0,0.014993355585207894,0.0,,,,0.9848210420639651,0.9348609566184649,0.834965034965035,,0.29338450401655125,0.29338450401655125,0.760572401618713
main_corrected_inverse_map_2026-08-31_v2,breast_cancer,mlp,0,RidgeAIME,0.0,0.0,0,0,30,30,0.02807116589974612,0.9649122807017544,0.10093164046099767,0.00011016696225851774,119,52,X ~= Y A^T,SVD normal-system solve,1.8978843914455874,1.8976434041811427,37.24858266896837,37.25858266896837,70.69350365090568,70.70350365090567,37.25858266896836,7.070350365090568e-11,6.065640311298358,1,True,1.0,0.0,0.01,1.0,rms,5.477225575051661,0.9282852169059701,0.9634755922730841,0.2724630757734944,0.5298215346434829,0.9282852169059701,0.9634755922730841,0.2724630757734944,0.5298215346434829,1.0,1.0,1.0,0.0,0.0,0.016209780754943073,0.0,,,,0.9861230217290734,0.9363737486095662,0.7766233766233767,,0.27826975409421806,0.27821460527437886,0.7828766533452618
main_corrected_inverse_map_2026-08-31_v2,breast_cancer,mlp,0,HuberRidgeAIME,0.0,0.0,0,0,30,30,0.02807116589974612,0.9649122807017544,0.10093164046099767,0.00047445797827094793,119,52,X ~= Y A^T,SVD normal-system solve,1.9651241977622107,1.9648477720683153,34.90441711370733,34.91441711370733,68.5915146789317,68.60151467893171,34.91441711370734,6.860151467893171e-11,5.760389352840134,8,True,0.9612076951073811,0.14285714285714285,0.01,1.0,rms,5.477225575051661,0.9443992236022549,0.9718020495976817,0.2598338378461087,0.5172833590389738,0.9443992236022549,0.9718020495976817,0.2598338378461087,0.5172833590389738,0.9999999999999998,1.0,1.0,0.0,0.0,0.014994020664436253,0.0,,,,0.9848212889591821,0.9348609566184649,0.834965034965035,,0.2933900034128588,0.29332890875130163,0.760451838991825
main_corrected_inverse_map_2026-08-31_v2,breast_cancer,lgbm,0,AIME,0.0,0.25,0,8,30,38,1.1740356249501929,0.9649122807017544,0.1825909690261818,0.00014779192861169577,119,52,X ~= Y A^T,SVD normal-system solve,1.715908757629849,1.715908757629849,42.57861325497233,42.57861325497233,73.0610153719414,73.0610153719414,42.57861325497233,7.30610153719414e-11,5.197635176582735,1,True,1.0,0.0,0.0,1.0,rms,6.164414002968976,0.7307906763171492,0.8548629576237055,0.26453040625347835,0.5204114084399675,0.7307906763171492,0.8548629576237055,0.26453040625347835,0.5204114084399675,0.9999999999999999,1.0,1.0,0.24057122618325125,0.375,0.013215736476130599,0.0,,,,0.9839369142653283,0.9493161177371704,0.8153846153846154,,0.23449419079042613,0.23449419079042613,0.7158057929877414
main_corrected_inverse_map_2026-08-31_v2,breast_cancer,lgbm,0,HuberAIME,0.0,0.25,0,8,30,38,1.1740356249501929,0.9649122807017544,0.1825909690261818,0.0004812090191990137,119,52,X ~= Y A^T,SVD normal-system solve,1.7414959686373859,1.7414959686373859,40.76974527414121,40.76974527414121,71.00034703729003,71.00034703729003,40.769745274141215,7.100034703729001e-11,4.934985856455864,7,True,0.9673777661882691,0.13445378151260504,0.0,1.0,rms,6.164414002968976,0.7269929349002313,0.8526388068228137,0.2683524628663665,0.5230304064792608,0.7269929349002313,0.8526388068228137,0.2683524628663665,0.5230304064792608,1.0,1.0,1.0,0.24369258505585753,0.375,0.01479370467551575,0.0,,,,0.9850348805307407,0.9531677426414269,0.8713286713286713,,0.2409224734537071,0.2409224734537071,0.6932859123304833
main_corrected_inverse_map_2026-08-31_v2,breast_cancer,lgbm,0,RidgeAIME,0.0,0.25,0,8,30,38,1.1740356249501929,0.9649122807017544,0.1825909690261818,0.00012620794586837292,119,52,X ~= Y A^T,SVD normal-system solve,1.715908757629849,1.7157406589990383,42.57861325497233,42.58861325497233,73.0610153719414,73.0710153719414,42.58861325497234,7.30710153719414e-11,5.196525721275608,1,True,1.0,0.0,0.01,1.0,rms,6.164414002968976,0.7307820010025682,0.8548578835119719,0.2645391371121185,0.5204124435654263,0.7307820010025682,0.8548578835119719,0.2645391371121185,0.5204124435654263,1.0,1.0,1.0,0.24057124847939623,0.375,0.013215719839099055,0.0,,,,0.9839360932657641,0.9493161177371704,0.8153846153846154,,0.23449419079042613,0.23445164314119293,0.7157130812576906
main_corrected_inverse_map_2026-08-31_v2,breast_cancer,lgbm,0,HuberRidgeAIME,0.0,0.25,0,8,30,38,1.1740356249501929,0.9649122807017544,0.1825909690261818,0.00047470792196691036,119,52,X ~= Y A^T,SVD normal-system solve,1.7415060613070312,1.7413242283492567,40.76951931165062,40.77951931165062,71.00036499781362,71.01036499781362,40.77951931165062,7.101036499781363e-11,4.9338817589461295,7,True,0.9673760201681931,0.13445378151260504,0.01,1.0,rms,6.164414002968976,0.7269909959359683,0.85263766978475,0.2683544142449281,0.5230305715254407,0.7269909959359683,0.85263766978475,0.2683544142449281,0.5230305715254407,1.0,1.0,1.0,0.243692733149702,0.375,0.014793769630950157,0.0,,,,0.9850342853415736,0.9531677426414269,0.8713286713286713,,0.24092499035762904,0.24087964272728604,0.6931887373603351
main_corrected_inverse_map_2026-08-31_v2,breast_cancer,svm,0,AIME,0.0,0.25,0,8,30,38,0.005492875003255904,0.9532163742690059,0.18579430746784037,0.00013166700955480337,119,52,X ~= Y A^T,SVD normal-system solve,1.675771230196877,1.675771230196877,42.56862775414517,42.56862775414517,71.33528169935677,71.33528169935677,42.56862775414517,7.133528169935676e-11,4.697935202912166,1,True,1.0,0.0,0.0,1.0,rms,6.164414002968976,0.7635174450717639,0.8737948529670817,0.31351503893635113,0.5789626576850367,0.7635174450717639,0.8737948529670817,0.31351503893635113,0.5789626576850367,0.9999999999999999,1.0,1.0,0.24877504086709543,0.375,0.014866707645021288,0.0,,,,0.9853963997389042,0.9475216106795055,0.7575757575757576,,0.2242147301388347,0.2242147301388347,0.6719070224007699
main_corrected_inverse_map_2026-08-31_v2,breast_cancer,svm,0,HuberAIME,0.0,0.25,0,8,30,38,0.005492875003255904,0.9532163742690059,0.18579430746784037,0.00045816705096513033,119,52,X ~= Y A^T,SVD normal-system solve,1.7081770832157224,1.7081770832157224,41.42447756172192,41.42447756172192,70.76034325511729,70.76034325511729,41.42447756172192,7.076034325511731e-11,4.640685569797092,7,True,0.9812394375268534,0.09243697478991597,0.0,1.0,rms,6.164414002968976,0.7669183702231356,0.875738756835128,0.31045723850862106,0.5765095348848226,0.7669183702231356,0.875738756835128,0.31045723850862106,0.5765095348848226,1.0000000000000002,1.0,1.0,0.24748379538481788,0.375,0.01475931395445542,0.0,,,,0.9863413703224806,0.9512856986541196,0.7575757575757576,,0.2325328911052877,0.2325328911052877,0.6665821437415633
main_corrected_inverse_map_2026-08-31_v2,breast_cancer,svm,0,RidgeAIME,0.0,0.25,0,8,30,38,0.005492875003255904,0.9532163742690059,0.18579430746784037,0.00023970799520611763,119,52,X ~= Y A^T,SVD normal-system solve,1.675771230196877,1.6756125188278548,42.56862775414517,42.57862775414516,71.33528169935677,71.34528169935678,42.57862775414517,7.134528169935677e-11,4.69693577026621,1,True,1.0,0.0,0.01,1.0,rms,6.164414002968976,0.7635499187549055,0.8738134347530402,0.3134858415745213,0.5789571479945175,0.7635499187549055,0.8738134347530402,0.3134858415745213,0.5789571479945175,0.9999999999999999,1.0,1.0,0.24877416290301269,0.375,0.01486683562116764,0.0,,,,0.9853962878248058,0.9475216106795055,0.7575757575757576,,0.2242147301388347,0.22417359640005993,0.6718146213265989
main_corrected_inverse_map_2026-08-31_v2,breast_cancer,svm,0,HuberRidgeAIME,0.0,0.25,0,8,30,38,0.005492875003255904,0.9532163742690059,0.18579430746784037,0.0004993750480934978,119,52,X ~= Y A^T,SVD normal-system solve,1.7081794709549174,1.7080085552504831,41.42442952173338,41.43442952173338,70.76036010504379,70.77036010504379,41.434429521733385,7.077036010504378e-11,4.639670039373681,7,True,0.9812391469400258,0.09243697478991597,0.01,1.0,rms,6.164414002968976,0.766952324084884,0.8757581424599397,0.31042671030574787,0.5765029842601979,0.766952324084884,0.8757581424599397,0.31042671030574787,0.5765029842601979,1.0000000000000002,1.0,1.0,0.24748288852357958,0.375,0.014759548754231862,0.0,,,,0.9863412738619953,0.9512856986541196,0.7575757575757576,,0.23253349817421634,0.23249004169769985,0.6664870958189564
main_corrected_inverse_map_2026-08-31_v2,breast_cancer,mlp,0,AIME,0.0,0.25,0,8,30,38,0.01760745793581009,0.9415204678362573,0.41973450602651696,0.00012795906513929367,119,52,X ~= Y A^T,SVD normal-system solve,6.473109435977446,6.473109435977446,9.216558441320448,9.216558441320448,59.65979141374898,59.65979141374898,9.216558441320448,5.965979141374898e-11,14.331125358944583,1,True,1.0,0.0,0.0,1.0,rms,6.164414002968976,0.43012902727601743,0.6558422274267016,0.4686636983027679,0.688842671243502,0.43012902727601743,0.6558422274267016,0.4686636983027679,0.688842671243502,1.0000000000000002,1.0,1.0,0.23217775128538656,0.375,0.009126610994734271,0.0,,,,0.9938719173133705,0.9614399824926141,0.731934731934732,,0.8111129493691384,0.8111129493691384,1.1562802949325937
main_corrected_inverse_map_2026-08-31_v2,breast_cancer,mlp,0,HuberAIME,0.0,0.25,0,8,30,38,0.01760745793581009,0.9415204678362573,0.41973450602651696,0.0006001670844852924,119,52,X ~= Y A^T,SVD normal-system solve,6.508909498446953,6.508909498446953,8.873811266715176,8.873811266715176,57.758834441348,57.758834441348,8.87381126671518,5.7758834441348e-11,14.279413292915306,9,True,0.9676909276076213,0.1092436974789916,0.0,1.0,rms,6.164414002968976,0.43014899449818106,0.6558574498305109,0.46863903289005027,0.6886732863409821,0.43014899449818106,0.6558574498305109,0.46863903289005027,0.6886732863409821,1.0,1.0,1.0,0.23195666789480493,0.375,0.008876751118857001,0.0,,,,0.9939756115097597,0.9606959185906554,0.7575757575757576,,0.8135082330416005,0.8135082330416005,1.1547103636807758
main_corrected_inverse_map_2026-08-31_v2,breast_cancer,mlp,0,RidgeAIME,0.0,0.25,0,8,30,38,0.01760745793581009,0.9415204678362573,0.41973450602651696,0.00011658307630568743,119,52,X ~= Y A^T,SVD normal-system solve,6.473109435977446,6.467177528136851,9.216558441320448,9.22655844132045,59.65979141374898,59.66979141374898,9.226558441320451,5.966979141374897e-11,14.315612272608918,1,True,1.0,0.0,0.01,1.0,rms,6.164414002968976,0.4300827444472409,0.6558069414448439,0.46872087125673,0.6888400850092616,0.4300827444472409,0.6558069414448439,0.46872087125673,0.6888400850092616,1.0,1.0,1.0,0.23217765757733966,0.375,0.00912775973497334,0.0,,,,0.993870469812159,0.9614399824926141,0.731934731934732,,0.8111129493691384,0.8107147827705268,1.155809927343928
main_corrected_inverse_map_2026-08-31_v2,breast_cancer,mlp,0,HuberRidgeAIME,0.0,0.25,0,8,30,38,0.01760745793581009,0.9415204678362573,0.41973450602651696,0.0005929169710725546,119,52,X ~= Y A^T,SVD normal-system solve,6.509137698592724,6.502936119608163,8.873443575108196,8.883443575108195,57.75846609107215,57.768466091072156,8.883443575108195,5.7768466091072157e-11,14.263004625386593,9,True,0.9676835905181147,0.1092436974789916,0.01,1.0,rms,6.164414002968976,0.43010235520639556,0.6558218928995856,0.4686966461810389,0.688671779487084,0.43010235520639556,0.6558218928995856,0.4686966461810389,0.688671779487084,1.0,1.0,1.0,0.23195663841613884,0.375,0.008878293905659211,0.0,,,,0.9939747969681175,0.9606959185906554,0.7575757575757576,,0.8135234589910211,0.8131094878172267,1.1542110230454758
main_corrected_inverse_map_2026-08-31_v2,breast_cancer,lgbm,0,AIME,0.0,0.5,0,15,30,45,1.1397310409229249,0.9649122807017544,0.08691263209022332,0.00014979206025600433,119,52,X ~= Y A^T,SVD normal-system solve,1.942509624490029,1.942509624490029,38.790605390486974,38.790605390486974,75.35112431081575,75.35112431081575,38.79060539048697,7.535112431081576e-11,5.049354726817963,1,True,1.0,0.0,0.0,1.0,rms,6.708203932499369,0.4340544354803145,0.6588280773314952,0.36122658054290924,0.6145296484277827,0.4340544354803145,0.6588280773314952,0.36122658054290924,0.6145296484277827,1.0000000000000002,0.9999999999999999,1.0,0.26235596568804787,0.13333333333333333,0.01475607523592142,0.0,,,,0.9546662453554153,0.8645059288537549,0.5840120663650076,,0.2883631792631994,0.2883631792631994,0.703235881784442
main_corrected_inverse_map_2026-08-31_v2,breast_cancer,lgbm,0,HuberAIME,0.0,0.5,0,15,30,45,1.1397310409229249,0.9649122807017544,0.08691263209022332,0.0006206670077517629,119,52,X ~= Y A^T,SVD normal-system solve,2.039226054906065,2.039226054906065,35.92827483129969,35.92827483129969,73.26587414381213,73.26587414381213,35.928274831299696,7.326587414381211e-11,4.712794467115084,9,True,0.9570026186780466,0.18487394957983194,0.0,1.0,rms,6.708203932499369,0.43439390750494716,0.6590856602179622,0.3607269987203099,0.6169120255359253,0.43439390750494716,0.6590856602179622,0.3607269987203099,0.6169120255359253,1.0,0.9999999999999999,1.0,0.254719318362422,0.13333333333333333,0.016713590982401823,0.0,,,,0.9664612457981928,0.9008695652173913,0.8136363636363637,,0.3094653714165082,0.3094653714165082,0.6732784998605972
main_corrected_inverse_map_2026-08-31_v2,breast_cancer,lgbm,0,RidgeAIME,0.0,0.5,0,15,30,45,1.1397310409229249,0.9649122807017544,0.08691263209022332,0.0001247080508619547,119,52,X ~= Y A^T,SVD normal-system solve,1.942509624490029,1.9422667134284617,38.790605390486974,38.800605390486965,75.35112431081575,75.36112431081577,38.800605390486965,7.536112431081578e-11,5.048188575739158,1,True,1.0,0.0,0.01,1.0,rms,6.708203932499369,0.4340590141896413,0.6588315522116722,0.3612198423147649,0.6145304315905913,0.4340590141896413,0.6588315522116722,0.3612198423147649,0.6145304315905913,1.0000000000000002,0.9999999999999999,1.0,0.26235830259997583,0.13333333333333333,0.014756622905491032,0.0,,,,0.9546679934605511,0.8645059288537549,0.5840120663650076,,0.2883631792631994,0.28830886729020894,0.7031355696658074
main_corrected_inverse_map_2026-08-31_v2,breast_cancer,lgbm,0,HuberRidgeAIME,0.0,0.5,0,15,30,45,1.1397310409229249,0.9649122807017544,0.08691263209022332,0.0006092089461162686,119,52,X ~= Y A^T,SVD normal-system solve,2.039238734794513,2.0389495598048843,35.92805730324461,35.938057303244605,73.26588611869329,73.2758861186933,35.938057303244605,7.327588611869329e-11,4.711611073654412,9,True,0.957000966403078,0.18487394957983194,0.01,1.0,rms,6.708203932499369,0.43440619486980775,0.6590949816754849,0.36070891609880784,0.6169112031487495,0.43440619486980775,0.6590949816754849,0.36070891609880784,0.6169112031487495,1.0000000000000002,0.9999999999999999,1.0,0.2547226435152827,0.13333333333333333,0.01671426493102383,0.0,,,,0.9664634437636099,0.9008695652173913,0.8136363636363637,,0.3094680718471203,0.30940648219336303,0.6731694338297758
main_corrected_inverse_map_2026-08-31_v2,breast_cancer,svm,0,AIME,0.0,0.5,0,15,30,45,0.006823041941970587,0.9766081871345029,0.10850716872552017,0.00013608403969556093,119,52,X ~= Y A^T,SVD normal-system solve,1.982754570449746,1.982754570449746,35.8932906598612,35.8932906598612,71.16758610432097,71.16758610432097,35.89329065986121,7.116758610432096e-11,5.394768909570387,1,True,1.0,0.0,0.0,1.0,rms,6.708203932499369,0.6792068416379878,0.8241400619057344,0.19257447430805597,0.45261067262112975,0.6792068416379878,0.8241400619057344,0.19257447430805597,0.45261067262112975,1.0,0.9999999999999999,1.0,0.260751193934249,0.06666666666666667,0.013313859829547641,0.0,,,,0.9813743635052591,0.9586824769433464,0.890909090909091,,0.29726895964353445,0.29726895964353445,0.7319728459701973
main_corrected_inverse_map_2026-08-31_v2,breast_cancer,svm,0,HuberAIME,0.0,0.5,0,15,30,45,0.006823041941970587,0.9766081871345029,0.10850716872552017,0.000471667037345469,119,52,X ~= Y A^T,SVD normal-system solve,2.004712194493278,2.004712194493278,34.79150097835575,34.79150097835575,69.74694627603458,69.74694627603458,34.79150097835574,6.974694627603458e-11,5.218256765372803,7,True,0.9684665507423388,0.10084033613445378,0.0,1.0,rms,6.708203932499369,0.6781978247774639,0.8235276709239733,0.193773970424844,0.45262417732297316,0.6781978247774639,0.8235276709239733,0.193773970424844,0.45262417732297316,1.0000000000000002,0.9999999999999999,1.0,0.26039679100723223,0.13333333333333333,0.013060558379442394,0.0,,,,0.9847068939383405,0.966482213438735,0.890909090909091,,0.30205203216057364,0.30205203216057364,0.7175254448372237
main_corrected_inverse_map_2026-08-31_v2,breast_cancer,svm,0,RidgeAIME,0.0,0.5,0,15,30,45,0.006823041941970587,0.9766081871345029,0.10850716872552017,0.00012920796871185303,119,52,X ~= Y A^T,SVD normal-system solve,1.982754570449746,1.9824808477484597,35.8932906598612,35.9032906598612,71.16758610432097,71.17758610432098,35.903290659861206,7.117758610432096e-11,5.393369805180673,1,True,1.0,0.0,0.01,1.0,rms,6.708203932499369,0.6791932123854776,0.8241317930922685,0.1925906764510531,0.4526113273459411,0.6791932123854776,0.8241317930922685,0.1925906764510531,0.4526113273459411,1.0,0.9999999999999999,1.0,0.26075221257467374,0.06666666666666667,0.01331412721201705,0.0,,,,0.9813734187106047,0.9586824769433464,0.890909090909091,,0.29726895964353445,0.29720900039955944,0.7318601994172502
main_corrected_inverse_map_2026-08-31_v2,breast_cancer,svm,0,HuberRidgeAIME,0.0,0.5,0,15,30,45,0.006823041941970587,0.9766081871345029,0.10850716872552017,0.000480332993902266,119,52,X ~= Y A^T,SVD normal-system solve,2.0047156275605755,2.0044269282064904,34.79145048279403,34.80145048279403,69.74696448835712,69.75696448835713,34.80145048279403,6.975696448835712e-11,5.216878119209234,7,True,0.9684661625567178,0.10084033613445378,0.01,1.0,rms,6.708203932499369,0.6781877508172505,0.823521554555344,0.19378594611784716,0.45262349751476727,0.6781877508172505,0.823521554555344,0.19378594611784716,0.45262349751476727,1.0000000000000002,0.9999999999999999,1.0,0.2603987696863533,0.13333333333333333,0.01306084916824265,0.0,,,,0.9847064512192064,0.966482213438735,0.890909090909091,,0.3020527758887311,0.3019902285809809,0.7174106905132133
main_corrected_inverse_map_2026-08-31_v2,breast_cancer,mlp,0,AIME,0.0,0.5,0,15,30,45,0.031673874938860536,0.9883040935672515,0.09883977323089907,0.00014533300418406725,119,52,X ~= Y A^T,SVD normal-system solve,1.68460495212324,1.68460495212324,39.94409386737756,39.94409386737756,67.29001833705978,67.29001833705978,39.94409386737757,6.729001833705977e-11,6.076561700852528,1,True,1.0,0.0,0.0,1.0,rms,6.708203932499369,0.5744676648031395,0.7579364516917889,0.2693460555435343,0.5289208889171715,0.5744676648031395,0.7579364516917889,0.2693460555435343,0.5289208889171715,1.0,0.9999999999999999,1.0,0.2677761876926248,0.06666666666666667,0.0146585215888173,0.0,,,,0.9877286274721986,0.9512779973649538,0.8242424242424242,,0.2264980730245418,0.2264980730245418,0.7836579120481623
main_corrected_inverse_map_2026-08-31_v2,breast_cancer,mlp,0,HuberAIME,0.0,0.5,0,15,30,45,0.031673874938860536,0.9883040935672515,0.09883977323089907,0.00061179103795439,119,52,X ~= Y A^T,SVD normal-system solve,1.7203002157590723,1.7203002157590723,37.76598072350346,37.76598072350346,64.96882478699597,64.96882478699597,37.76598072350346,6.496882478699596e-11,5.976885981697679,9,True,0.9586456199078853,0.15126050420168066,0.0,1.0,rms,6.708203932499369,0.5827353594796567,0.7633710496735232,0.2588305398808223,0.5194618289774635,0.5827353594796567,0.7633710496735232,0.2588305398808223,0.5194618289774635,1.0000000000000002,0.9999999999999999,1.0,0.2595203005370403,0.13333333333333333,0.01436022477750342,0.0,,,,0.9913658924915035,0.9695652173913045,0.8545454545454545,,0.23560424380880726,0.23560424380880726,0.7764749710768065
main_corrected_inverse_map_2026-08-31_v2,breast_cancer,mlp,0,RidgeAIME,0.0,0.5,0,15,30,45,0.031673874938860536,0.9883040935672515,0.09883977323089907,0.0001407500822097063,119,52,X ~= Y A^T,SVD normal-system solve,1.68460495212324,1.6844336042372399,39.94409386737756,39.95409386737756,67.29001833705978,67.30001833705978,39.95409386737755,6.730001833705978e-11,6.075110192653056,1,True,1.0,0.0,0.01,1.0,rms,6.708203932499369,0.574459437876495,0.7579310244847449,0.26935651920715165,0.5289203756885681,0.574459437876495,0.7579310244847449,0.26935651920715165,0.5289203756885681,1.0,0.9999999999999999,1.0,0.2677756326213348,0.06666666666666667,0.0146589742785935,0.0,,,,0.987728579816989,0.9512779973649538,0.8242424242424242,,0.2264980730245418,0.22645389695460677,0.7835541597398396
main_corrected_inverse_map_2026-08-31_v2,breast_cancer,mlp,0,HuberRidgeAIME,0.0,0.5,0,15,30,45,0.031673874938860536,0.9883040935672515,0.09883977323089907,0.0005873750196769834,119,52,X ~= Y A^T,SVD normal-system solve,1.72030894791618,1.7201182679929325,37.765814865555775,37.77581486555577,64.96886923856148,64.97886923856147,37.77581486555577,6.497886923856147e-11,5.975372448938557,9,True,0.9586447038706521,0.15126050420168066,0.01,1.0,rms,6.708203932499369,0.5827266835526881,0.7633653670115563,0.2588415746189805,0.5194601233691977,0.5827266835526881,0.7633653670115563,0.2588415746189805,0.5194601233691977,1.0,0.9999999999999999,1.0,0.25952021311178725,0.13333333333333333,0.014360631351478194,0.0,,,,0.9913658998035026,0.9695652173913045,0.8545454545454545,,0.2356064482600928,0.2355583081697122,0.7763649803277285
main_corrected_inverse_map_2026-08-31_v2,breast_cancer,lgbm,0,AIME,0.05,0.0,28,0,30,30,1.1477429170627147,0.9649122807017544,0.08144077124245502,0.0001379579771310091,119,52,X ~= Y A^T,SVD normal-system solve,1.9987056633765299,1.9987056633765299,38.010310058715596,38.010310058715596,75.97142198105274,75.97142198105274,38.0103100587156,7.597142198105275e-11,4.6788731879920356,1,True,1.0,0.0,0.0,1.0,rms,5.477225575051661,0.4378332407411295,0.6616896861377919,0.37864735171428443,0.6259182836398132,1.280691701503217,1.1316765003759763,0.14968849316809085,0.4049063489313566,0.9687633520426924,0.9185761957730811,1.0,0.0,0.0,0.027055198572436687,0.0,0.04201680672268908,1.0,1.0,0.9290216342644314,0.8087652947719688,0.5724275724275725,,0.30074884305098504,0.30074884305098504,0.6701412746211979
main_corrected_inverse_map_2026-08-31_v2,breast_cancer,lgbm,0,HuberAIME,0.05,0.0,28,0,30,30,1.1477429170627147,0.9649122807017544,0.08144077124245502,0.000549791962839663,119,52,X ~= Y A^T,SVD normal-system solve,2.1383111245913278,2.1383111245913278,33.6932904091413,33.6932904091413,72.04673770595313,72.04673770595313,33.6932904091413,7.204673770595314e-11,4.233509293681185,9,True,0.9287681787610578,0.19327731092436976,0.0,1.0,rms,5.477225575051661,0.41520286451266714,0.6443623704971195,0.41076333308074053,0.6528284078703279,1.2531061062162294,1.119422219815307,0.1680038684202313,0.4250076773804729,0.997360699565015,0.9911012235817575,1.0,0.0,0.0,0.018908192892298198,0.0,0.9666666666666667,0.23227057640758897,0.9593163192151574,0.9708398200409926,0.9055839822024472,0.8303030303030303,,0.3300708953829339,0.3300708953829339,0.6267005175008526
main_corrected_inverse_map_2026-08-31_v2,breast_cancer,lgbm,0,RidgeAIME,0.05,0.0,28,0,30,30,1.1477429170627147,0.9649122807017544,0.08144077124245502,0.0001217919634655118,119,52,X ~= Y A^T,SVD normal-system solve,1.9987056633765299,1.9984429864909827,38.010310058715596,38.020310058715594,75.97142198105274,75.98142198105275,38.020310058715594,7.598142198105273e-11,4.677773788735997,1,True,1.0,0.0,0.01,1.0,rms,5.477225575051661,0.4378291525789293,0.6616865969467186,0.37865315344465433,0.625917342753658,1.2806802618487318,1.1316714460693669,0.14969608849320437,0.40490575476937574,0.9687618790173923,0.9185761957730811,1.0,0.0,0.0,0.027055538808208445,0.0,0.04201680672268908,1.0,1.0,0.9290202746408085,0.8087652947719688,0.5724275724275725,,0.30074884305098504,0.300691762801,0.670039216045366
main_corrected_inverse_map_2026-08-31_v2,breast_cancer,lgbm,0,HuberRidgeAIME,0.05,0.0,28,0,30,30,1.1477429170627147,0.9649122807017544,0.08144077124245502,0.0005332920700311661,119,52,X ~= Y A^T,SVD normal-system solve,2.138323643544756,2.137985892970204,33.69308533310753,33.70308533310753,72.04672099175488,72.05672099175489,33.70308533310753,7.205672099175488e-11,4.232369073569509,9,True,0.928766418230272,0.19327731092436976,0.01,1.0,rms,5.477225575051661,0.4152170174486332,0.6443733525283561,0.4107432478897929,0.6528265468569024,1.2531129333608573,1.1194252692166893,0.16799933555753754,0.42500666312000074,0.9973606357115032,0.9911012235817575,1.0,0.0,0.0,0.018908694219098268,0.0,0.9666666666666667,0.23226990768608266,0.9593145107979998,0.970841599331599,0.9055839822024472,0.8303030303030303,,0.3300734379953793,0.33000483528557073,0.6265835322846309
main_corrected_inverse_map_2026-08-31_v2,breast_cancer,svm,0,AIME,0.05,0.0,28,0,30,30,0.006306750001385808,0.9532163742690059,0.13793613368403165,0.00013745797332376242,119,52,X ~= Y A^T,SVD normal-system solve,2.0927090449442587,2.0927090449442587,33.591377090184295,33.591377090184295,70.29697866876202,70.29697866876202,33.591377090184295,7.029697866876202e-11,5.002427988877907,1,True,1.0,0.0,0.0,1.0,rms,5.477225575051661,0.6841101166218843,0.8271094949411983,0.20396742059818518,0.473396862155583,1.3609364200408085,1.1665917966627437,0.09553818151484084,0.340591490421231,0.9752045299096938,0.9719688542825362,0.8181818181818182,0.0,0.0,0.02459472800556368,0.0,0.07563025210084033,1.0,1.0,0.9673245732192601,0.9274749721913237,0.890909090909091,,0.32070885138747607,0.32070885138747607,0.6991808455825003
main_corrected_inverse_map_2026-08-31_v2,breast_cancer,svm,0,HuberAIME,0.05,0.0,28,0,30,30,0.006306750001385808,0.9532163742690059,0.13793613368403165,0.00047833402641117573,119,52,X ~= Y A^T,SVD normal-system solve,2.0214948697080737,2.0214948697080737,32.41167028600091,32.41167028600091,65.52002520182046,65.52002520182046,32.411670286000906,6.552002520182046e-11,4.720546025681256,7,True,0.9161555749927183,0.17647058823529413,0.0,1.0,rms,5.477225575051661,0.6592101166542402,0.811917555330737,0.2329411350920233,0.49463394374067315,1.3300956240933999,1.1532977170242729,0.11603459999211752,0.36098441237778284,0.9981512018548646,0.9955506117908787,1.0,0.0,0.0,0.022529757872816667,0.0,0.9253086419753087,0.2910119597769894,0.9673036889649144,0.9858591788845512,0.9725917686318131,0.9636363636363636,,0.3056726434879956,0.3056726434879956,0.6739922363936339
main_corrected_inverse_map_2026-08-31_v2,breast_cancer,svm,0,RidgeAIME,0.05,0.0,28,0,30,30,0.006306750001385808,0.9532163742690059,0.13793613368403165,0.00012016703840345144,119,52,X ~= Y A^T,SVD normal-system solve,2.0927090449442587,2.092383847247149,33.591377090184295,33.60137709018429,70.29697866876202,70.30697866876203,33.6013770901843,7.030697866876201e-11,5.001036726092445,1,True,1.0,0.0,0.01,1.0,rms,5.477225575051661,0.6840853933621259,0.827094549227672,0.20399618865724256,0.4733943050571526,1.360906092913082,1.1665787984157272,0.09555833655565626,0.34059134746223096,0.9752001118151201,0.9719688542825362,0.8181818181818182,0.0,0.0,0.024595643776398196,0.0,0.07563025210084033,1.0,1.0,0.9673207005341423,0.9274749721913237,0.890909090909091,,0.32070885138747607,0.3206413587084342,0.6990600438859451
main_corrected_inverse_map_2026-08-31_v2,breast_cancer,svm,0,HuberRidgeAIME,0.05,0.0,28,0,30,30,0.006306750001385808,0.9532163742690059,0.13793613368403165,0.00042824994307011366,119,52,X ~= Y A^T,SVD normal-system solve,2.0214960324249778,2.021180966435535,32.411653452126686,32.42165345212669,65.52002885780743,65.53002885780742,32.421653452126684,6.553002885780744e-11,4.719181384198,7,True,0.9161555279866063,0.17647058823529413,0.01,1.0,rms,5.477225575051661,0.6591971069248947,0.8119095435606696,0.23295627325203083,0.49463341825026685,1.3300782397765585,1.1532901802133575,0.11604615339798707,0.36098655224835213,0.9981510160030609,0.9955506117908787,1.0,0.0,0.0,0.022530440639777088,0.0,0.9253086419753087,0.29101138658295334,0.9673036850105415,0.9858580907805526,0.9725917686318131,0.9636363636363636,,0.3056728932840242,0.3056051998121163,0.6738666699986844
main_corrected_inverse_map_2026-08-31_v2,breast_cancer,mlp,0,AIME,0.05,0.0,28,0,30,30,0.01821899996139109,0.8888888888888888,0.48181519230403247,0.00012795801740139723,119,52,X ~= Y A^T,SVD normal-system solve,6.763125859136867,6.763125859136867,8.800520487219353,8.800520487219353,59.51902768097699,59.51902768097699,8.800520487219355,5.951902768097699e-11,12.81967820171833,1,True,1.0,0.0,0.0,1.0,rms,5.477225575051661,0.5694962761652779,0.7546497705328465,0.31091550124389256,0.5649211538714367,0.8349855138537615,0.9137754176239157,0.22044876901918442,0.48313899971982555,0.9388194764390156,0.7664071190211346,0.5384615384615384,0.0,0.0,0.018672750141341912,0.0,0.08403361344537816,1.0,1.0,0.9697164945518336,0.9036262513904338,0.7016317016317016,,0.8301474695516232,0.8301474695516232,1.1078771237029186
main_corrected_inverse_map_2026-08-31_v2,breast_cancer,mlp,0,HuberAIME,0.05,0.0,28,0,30,30,0.01821899996139109,0.8888888888888888,0.48181519230403247,0.000593292061239481,119,52,X ~= Y A^T,SVD normal-system solve,7.26325391585408,7.26325391585408,7.453854289772071,7.453854289772071,54.13923635839273,54.13923635839273,7.453854289772073,5.413923635839273e-11,13.26455736337011,10,True,0.9098853964466626,0.20168067226890757,0.0,1.0,rms,5.477225575051661,0.5338029548138193,0.7306182004397505,0.35410404431572184,0.601537267948154,0.7959611002849608,0.892166520490968,0.2568823707178015,0.5184569910846271,0.996973445963386,0.9777530589543939,1.0,0.0,0.0,0.011864741126589057,0.0,0.9669230769230769,0.2875040378521021,0.9669846036571728,0.9921613277902962,0.9623581757508342,0.8242424242424244,,0.8611312269132521,0.8611312269132521,1.122692762207286
main_corrected_inverse_map_2026-08-31_v2,breast_cancer,mlp,0,RidgeAIME,0.05,0.0,28,0,30,30,0.01821899996139109,0.8888888888888888,0.48181519230403247,0.00012229196727275848,119,52,X ~= Y A^T,SVD normal-system solve,6.763125859136867,6.756584672532174,8.800520487219353,8.810520487219353,59.51902768097699,59.52902768097698,8.810520487219355,5.952902768097698e-11,12.805213336174365,1,True,1.0,0.0,0.01,1.0,rms,5.477225575051661,0.5695071063549157,0.7546569461383866,0.3109023968284461,0.5648934423557802,0.8349884642717574,0.9137770320333934,0.22044601447800682,0.48311147932288157,0.9388145049747887,0.7664071190211346,0.5384615384615384,0.0,0.0,0.01867631757837612,0.0,0.08403361344537816,1.0,1.0,0.9697132118527045,0.9036262513904338,0.7016317016317016,,0.8301474695516232,0.8297272236502737,1.1073868182555635
main_corrected_inverse_map_2026-08-31_v2,breast_cancer,mlp,0,HuberRidgeAIME,0.05,0.0,28,0,30,30,0.01821899996139109,0.8888888888888888,0.48181519230403247,0.0006195829482749104,119,52,X ~= Y A^T,SVD normal-system solve,7.263394534426472,7.255002682140678,7.453661562572012,7.463661562572012,54.138884655050234,54.14888465505023,7.463661562572011,5.414888465505023e-11,13.246547687741286,10,True,0.9098795237451187,0.20168067226890757,0.01,1.0,rms,5.477225575051661,0.5338335952764802,0.7306391689996371,0.3540669696784714,0.6015284564649761,0.7959838302131728,0.8921792590131048,0.25686114981848807,0.5184478899700905,0.9969729365957297,0.9777530589543939,1.0,0.0,0.0,0.0118672158137669,0.0,0.9669230769230769,0.2875099730314255,0.9669776476638062,0.9921605310600097,0.9623581757508342,0.8242424242424244,,0.861139634891218,0.8606375773304302,1.1221027072899559
main_corrected_inverse_map_2026-08-31_v2,breast_cancer,lgbm,0,AIME,0.05,0.25,28,8,30,38,1.078759790980257,0.9707602339181286,0.1632720848862036,0.00019587494898587465,119,52,X ~= Y A^T,SVD normal-system solve,1.454986230946132,1.454986230946132,47.83025419245394,47.83025419245394,69.592361272674,69.592361272674,47.830254192453936,6.959236127267402e-11,5.462093173886089,1,True,1.0,0.0,0.0,1.0,rms,6.164414002968976,0.7853337832587527,0.886190602104735,0.2705040504078696,0.5323471581168059,1.0502939284791908,1.0248384889723798,0.2087276697263144,0.47102136867862965,0.9754009390142028,0.9520735310208993,0.8181818181818182,0.17784446480261074,0.125,0.02193698838942641,0.0,0.03361344537815126,1.0,1.0,0.9733818449654257,0.933253091147828,0.9636363636363636,,0.16285888345772653,0.16285888345772653,0.737359104181498
main_corrected_inverse_map_2026-08-31_v2,breast_cancer,lgbm,0,HuberAIME,0.05,0.25,28,8,30,38,1.078759790980257,0.9707602339181286,0.1632720848862036,0.0005829159636050463,119,52,X ~= Y A^T,SVD normal-system solve,1.5594913305054727,1.5594913305054727,42.95173531964589,42.95173531964589,66.98285886115347,66.98285886115347,42.951735319645884,6.698285886115347e-11,5.149910177090172,9,True,0.937052048745039,0.17647058823529413,0.0,1.0,rms,6.164414002968976,0.7664686346842928,0.8754819442365975,0.28802787246530914,0.5499119067204157,1.0312250151548537,1.01549249881762,0.22309384196895832,0.48654816392773703,0.9984106327400879,0.9890578837947259,1.0,0.1857789609745783,0.125,0.01879949236574938,0.0,0.8541666666666666,0.2452601072097978,0.9611143771462649,0.9829988309309694,0.958201116095853,0.890909090909091,,0.19298296477825425,0.19298296477825425,0.7117996542966705
main_corrected_inverse_map_2026-08-31_v2,breast_cancer,lgbm,0,RidgeAIME,0.05,0.25,28,8,30,38,1.078759790980257,0.9707602339181286,0.1632720848862036,0.00012679200153797865,119,52,X ~= Y A^T,SVD normal-system solve,1.454986230946132,1.4548911256339587,47.83025419245394,47.84025419245393,69.592361272674,69.60236127267402,47.84025419245394,6.9602361272674e-11,5.4610183607244185,1,True,1.0,0.0,0.01,1.0,rms,6.164414002968976,0.7853335296480443,0.8861904590143387,0.2705042859866623,0.5323469266245068,1.0502919998729274,1.0248375480401406,0.20872912270317256,0.47102081739202817,0.9754005690759685,0.9520735310208993,0.8181818181818182,0.1778450044252809,0.125,0.021937041084786797,0.0,0.03361344537815126,1.0,1.0,0.9733820887558456,0.933253091147828,0.9636363636363636,,0.16285888345772653,0.16283049483014544,0.7372736366981315
main_corrected_inverse_map_2026-08-31_v2,breast_cancer,lgbm,0,HuberRidgeAIME,0.05,0.25,28,8,30,38,1.078759790980257,0.9707602339181286,0.1632720848862036,0.0008190000662580132,119,52,X ~= Y A^T,SVD normal-system solve,1.5594895862779485,1.559359356745204,42.951805550989654,42.96180555098965,66.98289346860375,66.99289346860375,42.96180555098966,6.699289346860375e-11,5.148722157960709,9,True,0.9370529361038933,0.18487394957983194,0.01,1.0,rms,6.164414002968976,0.7664794351381934,0.8754881125053574,0.2880178399319556,0.5499113790849678,1.0312340929625796,1.0154969684654798,0.22308700291383454,0.486547143030338,0.9984106423274001,0.9890578837947259,1.0,0.18577881298043172,0.125,0.018799873617610197,0.0,0.8541666666666666,0.2452603924491421,0.9611152854484063,0.9829986261201424,0.958201116095853,0.890909090909091,,0.19298247903729643,0.192946210549455,0.7116994564960647
main_corrected_inverse_map_2026-08-31_v2,breast_cancer,svm,0,AIME,0.05,0.25,28,8,30,38,0.005859625060111284,0.935672514619883,0.1566806811951155,0.00013641698751598597,119,52,X ~= Y A^T,SVD normal-system solve,2.2705683124669043,2.2705683124669043,33.42855660596091,33.42855660596091,75.90182136100104,75.90182136100104,33.4285566059609,7.590182136100103e-11,5.446119096597743,1,True,1.0,0.0,0.0,1.0,rms,6.164414002968976,0.6850488689800542,0.8276767901663392,0.3297551862976632,0.5790789661621001,2.457689673695709,1.567702036005474,0.11245159462689758,0.35271276740768803,0.9441357933135588,0.8012911697122223,0.42857142857142855,0.17642398618620697,0.0,0.02769909420420348,0.0,0.06722689075630252,1.0,1.0,0.9442834599096888,0.8230003282634861,0.5760905760905761,,0.35613457264576087,0.35613457264576087,0.7360871343285263
main_corrected_inverse_map_2026-08-31_v2,breast_cancer,svm,0,HuberAIME,0.05,0.25,28,8,30,38,0.005859625060111284,0.935672514619883,0.1566806811951155,0.0005784160457551479,119,52,X ~= Y A^T,SVD normal-system solve,2.4917232453577314,2.4917232453577314,29.560091150389038,29.560091150389038,73.65556625431773,73.65556625431773,29.560091150389034,7.365556625431773e-11,4.9665178651369795,9,True,0.9151696133590552,0.16806722689075632,0.0,1.0,rms,6.164414002968976,0.6735111087596704,0.8206772256860003,0.34104361300650066,0.5950377470523572,2.4416254522860785,1.562570143157125,0.11825288607889684,0.3657837828359816,0.9965310644267241,0.9776780829412409,0.6666666666666666,0.19622433447206472,0.125,0.02358869927748331,0.0,0.9861111111111112,0.19392698948584208,0.9671510637282958,0.9835496613292671,0.9438450596345334,0.6456876456876457,,0.3964998037621622,0.3964998037621622,0.6960520020178481
main_corrected_inverse_map_2026-08-31_v2,breast_cancer,svm,0,RidgeAIME,0.05,0.25,28,8,30,38,0.005859625060111284,0.935672514619883,0.1566806811951155,0.0001258340198546648,119,52,X ~= Y A^T,SVD normal-system solve,2.2705683124669043,2.270188341427054,33.42855660596091,33.438556605960905,75.90182136100104,75.91182136100105,33.4385566059609,7.591182136100106e-11,5.444666639883522,1,True,1.0,0.0,0.01,1.0,rms,6.164414002968976,0.6850658022492881,0.8276870195002989,0.32973861896006573,0.5790746431042133,2.4577098496185172,1.5677084708639286,0.11244430847181175,0.3527095227231257,0.9441370570570257,0.8012911697122223,0.42857142857142855,0.17642703388294853,0.0,0.02770041137194641,0.0,0.06722689075630252,1.0,1.0,0.9442836523222471,0.8230003282634861,0.5760905760905761,,0.35613457264576087,0.35606188902104663,0.7359712943964604
main_corrected_inverse_map_2026-08-31_v2,breast_cancer,svm,0,HuberRidgeAIME,0.05,0.25,28,8,30,38,0.005859625060111284,0.935672514619883,0.1566806811951155,0.0005895840004086494,119,52,X ~= Y A^T,SVD normal-system solve,2.4917468838700287,2.4912424006237894,29.559800285528723,29.569800285528725,73.65554024928659,73.6655402492866,29.56980028552872,7.36655402492866e-11,4.965071044770469,9,True,0.9151668182339006,0.16806722689075632,0.01,1.0,rms,6.164414002968976,0.6735467088578775,0.8206989148633483,0.3410087822341704,0.5950274240836654,2.441667301093707,1.5625835341170426,0.11823777316904704,0.36577618588547756,0.9965312215590292,0.9776780829412409,0.6666666666666666,0.1962246794986666,0.125,0.023589360984483877,0.0,0.9861111111111112,0.19392640401235267,0.967148109348967,0.9835488846392817,0.9438450596345334,0.6456876456876457,,0.39650392381312466,0.3964159869229192,0.6959254671578926
main_corrected_inverse_map_2026-08-31_v2,breast_cancer,mlp,0,AIME,0.05,0.25,28,8,30,38,0.02339766698423773,0.9473684210526315,0.2666535679598664,0.0001402089837938547,119,52,X ~= Y A^T,SVD normal-system solve,3.156236082774155,3.156236082774155,20.13900363198655,20.13900363198655,63.563449934395706,63.563449934395706,20.139003631986547,6.356344993439571e-11,8.865527272895019,1,True,1.0,0.0,0.0,1.0,rms,6.164414002968976,0.5465405499418514,0.7392838087918951,0.39743443697157865,0.6353310894759245,1.7133581145843308,1.3089530604969495,0.17352799161263877,0.4377614112691772,0.9936406762016428,0.9623591202538571,0.8181818181818182,0.20932547275778474,0.25,0.01231063008648451,0.0,0.05042016806722689,1.0,1.0,0.9852728277618865,0.9310646679067732,0.7062937062937064,,0.4991694804725699,0.4991694804725699,0.9477045701567949
main_corrected_inverse_map_2026-08-31_v2,breast_cancer,mlp,0,HuberAIME,0.05,0.25,28,8,30,38,0.02339766698423773,0.9473684210526315,0.2666535679598664,0.0006654169410467148,119,52,X ~= Y A^T,SVD normal-system solve,3.2495960704012705,3.2495960704012705,18.382746736257218,18.382746736257218,59.73650155732324,59.73650155732324,18.382746736257218,5.973650155732323e-11,8.667817745486643,10,True,0.9311528372078028,0.19327731092436976,0.0,1.0,rms,6.164414002968976,0.5383144118082696,0.7336991289406507,0.40650382360087567,0.6435098428564977,1.7007474460447634,1.304127082014925,0.17961099578222095,0.4458866537099169,0.9986303229233541,0.974614290403764,0.8181818181818182,0.20765015571519252,0.25,0.010337195553751323,0.0,0.9242424242424243,0.35578584978569605,0.9617032967169412,0.9908636162558311,0.9270379691432323,0.6796536796536796,,0.5118293808871482,0.5118293808871482,0.9379097710186161
main_corrected_inverse_map_2026-08-31_v2,breast_cancer,mlp,0,RidgeAIME,0.05,0.25,28,8,30,38,0.02339766698423773,0.9473684210526315,0.2666535679598664,0.00012504204642027617,119,52,X ~= Y A^T,SVD normal-system solve,3.156236082774155,3.1551659375093277,20.13900363198655,20.149003631986552,63.563449934395706,63.573449934395704,20.149003631986556,6.357344993439569e-11,8.861164415429418,1,True,1.0,0.0,0.01,1.0,rms,6.164414002968976,0.5465613966174611,0.739297907894687,0.39741145333600514,0.6353228323337411,1.7133902271952468,1.3089653269644872,0.17351250146273245,0.4377553373516894,0.9936393838748853,0.9623591202538571,0.8181818181818182,0.20932478812041327,0.25,0.012311529563717491,0.0,0.05042016806722689,1.0,1.0,0.9852695764177938,0.9310646679067732,0.7062937062937064,,0.4991694804725699,0.4990222047369062,0.9474907947954119
main_corrected_inverse_map_2026-08-31_v2,breast_cancer,mlp,0,HuberRidgeAIME,0.05,0.25,28,8,30,38,0.02339766698423773,0.9473684210526315,0.2666535679598664,0.0006249169819056988,119,52,X ~= Y A^T,SVD normal-system solve,3.249599592079571,3.2483765003766782,18.382730379571424,18.392730379571425,59.73651314276404,59.74651314276404,18.39273037957142,5.974651314276404e-11,8.663120032330433,10,True,0.9311530052896823,0.19327731092436976,0.01,1.0,rms,6.164414002968976,0.538346407657535,0.7337209330920953,0.40646854790737175,0.6435039082274305,1.70079201832923,1.304144170837423,0.17958949546354952,0.44588341358605815,0.9986301757366928,0.974614290403764,0.8181818181818182,0.20764978142152052,0.25,0.010338172221124821,0.0,0.9242424242424243,0.35578233037021406,0.9617036605951408,0.9908618749641869,0.9274318853266221,0.6796536796536796,,0.5118298515439903,0.5116663600272031,0.9376743318314897
main_corrected_inverse_map_2026-08-31_v2,breast_cancer,lgbm,0,AIME,0.05,0.5,28,15,30,45,1.116990666021593,0.9649122807017544,0.14339574611939826,0.00015308300498872995,119,52,X ~= Y A^T,SVD normal-system solve,1.5747883537900638,1.5747883537900638,45.36813252737905,45.36813252737905,71.4452067373207,71.4452067373207,45.368132527379046,7.144520673732071e-11,6.785570979592647,1,True,1.0,0.0,0.0,1.0,rms,6.708203932499369,0.7161114176184717,0.8462336660866617,0.33827677821518654,0.5887505423013161,1.214181829530369,1.101899192090805,0.25414695648426866,0.5136183958018752,0.9818145116982323,0.9221343873517786,0.6666666666666666,0.3625344779068382,0.26666666666666666,0.017567042794700803,0.0,0.04201680672268908,1.0,1.0,0.9691039203131242,0.9353886693017127,0.6647352647352647,,0.19722219434310118,0.19722219434310118,0.8315863977368135
main_corrected_inverse_map_2026-08-31_v2,breast_cancer,lgbm,0,HuberAIME,0.05,0.5,28,15,30,45,1.116990666021593,0.9649122807017544,0.14339574611939826,0.0007475418969988823,119,52,X ~= Y A^T,SVD normal-system solve,1.6621912486724657,1.6621912486724657,40.97190344123777,40.97190344123777,68.10313934147871,68.10313934147871,40.97190344123777,6.81031393414787e-11,6.1206479808704355,9,True,0.9342949443142554,0.20168067226890757,0.0,1.0,rms,6.708203932499369,0.7110496623463965,0.8432376072889518,0.34295409647058184,0.5925244653534639,1.218280611498902,1.1037574966897856,0.2516291383687397,0.5140496613540838,0.9989138549949028,0.9927536231884057,1.0,0.3568390900697958,0.26666666666666666,0.014544118816711278,0.0,0.9666666666666668,0.21746892684866462,0.9657346819223955,0.9846848636524971,0.9702239789196311,0.8181818181818181,,0.2206809914484986,0.2206809914484986,0.7867974024755423
main_corrected_inverse_map_2026-08-31_v2,breast_cancer,lgbm,0,RidgeAIME,0.05,0.5,28,15,30,45,1.116990666021593,0.9649122807017544,0.14339574611939826,0.00015491596423089504,119,52,X ~= Y A^T,SVD normal-system solve,1.5747883537900638,1.5746616874153638,45.36813252737905,45.37813252737905,71.4452067373207,71.45520673732071,45.37813252737906,7.14552067373207e-11,6.7841940240308904,1,True,1.0,0.0,0.01,1.0,rms,6.708203932499369,0.7161098701533001,0.8462327517611807,0.3382782081513861,0.588745678531178,1.214191772495309,1.1019037038213952,0.25414084867530473,0.5136140342306936,0.9818137040188625,0.9221343873517786,0.6666666666666666,0.36253268774351843,0.26666666666666666,0.017567129116337662,0.0,0.04201680672268908,1.0,1.0,0.9691031041610852,0.9353886693017127,0.6647352647352647,,0.19722219434310118,0.1971872609376591,0.8314982599976279
main_corrected_inverse_map_2026-08-31_v2,breast_cancer,lgbm,0,HuberRidgeAIME,0.05,0.5,28,15,30,45,1.116990666021593,0.9649122807017544,0.14339574611939826,0.0006232500309124589,119,52,X ~= Y A^T,SVD normal-system solve,1.6622061824121555,1.6620445959871697,40.971547952998954,40.98154795299895,68.10316031047095,68.11316031047096,40.981547952998966,6.811316031047095e-11,6.119228512282107,9,True,0.9342921371753072,0.20168067226890757,0.01,1.0,rms,6.708203932499369,0.7110664028895033,0.8432475335804448,0.3429386273608225,0.5925170775723064,1.2183084741127792,1.1037701183275344,0.2516120227976981,0.5140430381492431,0.9989137740460498,0.9927536231884057,1.0,0.35683778157909257,0.26666666666666666,0.014544723729947149,0.0,0.9666666666666668,0.21746739181496028,0.9657318189893577,0.9846844693243325,0.9702239789196311,0.8181818181818181,,0.2206848932928935,0.22064267259568676,0.7866966714954129
main_corrected_inverse_map_2026-08-31_v2,breast_cancer,svm,0,AIME,0.05,0.5,28,15,30,45,0.007033708970993757,0.9707602339181286,0.09733655260781934,0.00013708299957215786,119,52,X ~= Y A^T,SVD normal-system solve,1.7679247244821585,1.7679247244821585,40.539294891239784,40.539294891239784,71.67042175129608,71.67042175129608,40.53929489123978,7.167042175129608e-11,6.7537217039330635,1,True,1.0,0.0,0.0,1.0,rms,6.708203932499369,0.9182407258849011,0.9582487807896763,0.2741915012966861,0.5294054831926065,1.4010255600900252,1.1836492555187221,0.1941783334597751,0.4522363413340263,0.9906457250863486,0.9888010540184451,1.0,0.3542911131480132,0.26666666666666666,0.015250278388099068,0.0,0.01680672268907563,1.0,1.0,0.9813010718327198,0.9284584980237153,0.7463203463203463,,0.24746376947909435,0.24746376947909435,0.82954316098753
main_corrected_inverse_map_2026-08-31_v2,breast_cancer,svm,0,HuberAIME,0.05,0.5,28,15,30,45,0.007033708970993757,0.9707602339181286,0.09733655260781934,0.0005849580047652125,119,52,X ~= Y A^T,SVD normal-system solve,1.8182070345299435,1.8182070345299435,38.21194788216087,38.21194788216087,69.47723244243647,69.47723244243647,38.21194788216087,6.947723244243645e-11,6.266278140728594,9,True,0.9457454432003315,0.18487394957983194,0.0,1.0,rms,6.708203932499369,0.9188579070095462,0.9585707626511181,0.2737036604801346,0.5289643472736433,1.410494715939474,1.1876425034241045,0.18873200102680965,0.4463344033131729,0.999468978974109,0.9963109354413702,1.0,0.3545319557908004,0.26666666666666666,0.013039066751224201,0.0,0.8333333333333333,0.23288247097429773,0.9579311350332551,0.9834588448764439,0.9177865612648219,0.70995670995671,,0.259643333690453,0.259643333690453,0.7970096679639314
main_corrected_inverse_map_2026-08-31_v2,breast_cancer,svm,0,RidgeAIME,0.05,0.5,28,15,30,45,0.007033708970993757,0.9707602339181286,0.09733655260781934,0.0001330000814050436,119,52,X ~= Y A^T,SVD normal-system solve,1.7679247244821585,1.7677353439450765,40.539294891239784,40.549294891239775,71.67042175129608,71.68042175129608,40.549294891239775,7.168042175129608e-11,6.752165935692828,1,True,1.0,0.0,0.01,1.0,rms,6.708203932499369,0.9182373829644687,0.958247036501793,0.2741941436539592,0.5294045058062371,1.4010225107754635,1.183647967419141,0.19418008732052694,0.45223612368014326,0.9906454443659812,0.9888010540184451,1.0,0.35429139449624264,0.26666666666666666,0.015250734479175071,0.0,0.01680672268907563,1.0,1.0,0.9813009428157857,0.9284584980237153,0.7463203463203463,,0.24746376947909435,0.24741724525407188,0.8294431066137826
main_corrected_inverse_map_2026-08-31_v2,breast_cancer,svm,0,HuberRidgeAIME,0.05,0.5,28,15,30,45,0.007033708970993757,0.9707602339181286,0.09733655260781934,0.0005823749816045165,119,52,X ~= Y A^T,SVD normal-system solve,1.8182167757804577,1.81800270492825,38.21177411548005,38.221774115480045,69.47728872909929,69.48728872909929,38.22177411548004,6.94872887290993e-11,6.264731649543546,9,True,0.9457446903378434,0.18487394957983194,0.01,1.0,rms,6.708203932499369,0.9188671218326726,0.9585755691820403,0.27369637677255043,0.5289610095091438,1.4105028785049423,1.1876459398764188,0.18872730620017963,0.4463320545171216,0.9994690455715006,0.9963109354413702,1.0,0.35453209152355764,0.26666666666666666,0.013039320234851421,0.0,0.8333333333333333,0.2328840602386123,0.9579303421344113,0.9834591666794603,0.9177865612648219,0.70995670995671,,0.25964566046618975,0.25959452505456193,0.7969024726775771
main_corrected_inverse_map_2026-08-31_v2,breast_cancer,mlp,0,AIME,0.05,0.5,28,15,30,45,0.01971129106823355,0.9415204678362573,0.3790758814320606,0.00014274998102337122,119,52,X ~= Y A^T,SVD normal-system solve,5.404111304980815,5.404111304980815,11.197124505796522,11.197124505796522,60.510507125052705,60.510507125052705,11.197124505796527,6.051050712505271e-11,14.863945676090939,1,True,1.0,0.0,0.0,1.0,rms,6.708203932499369,0.8054570971536027,0.8974726163809137,0.3124751050087342,0.5682130160388306,2.2487728116226124,1.4995908814148653,0.1158010463869995,0.3707980146467844,0.9853751833281765,0.9076416337285901,0.6666666666666666,0.3542495044063333,0.3333333333333333,0.00872864363506489,0.0,0.05042016806722689,1.0,1.0,0.9817677415426391,0.9209749670619235,0.6063936063936064,,0.7327242853243023,0.7327242853243023,1.172134109417526
main_corrected_inverse_map_2026-08-31_v2,breast_cancer,mlp,0,HuberAIME,0.05,0.5,28,15,30,45,0.01971129106823355,0.9415204678362573,0.3790758814320606,0.0006229999708011746,119,52,X ~= Y A^T,SVD normal-system solve,5.94105262099085,5.94105262099085,9.583746941148808,9.583746941148808,56.937544883625165,56.937544883625165,9.583746941148812,5.693754488362516e-11,14.932284328204323,9,True,0.9371176830150754,0.15966386554621848,0.0,1.0,rms,6.708203932499369,0.7719453222197741,0.8786041897349307,0.34108020343517187,0.5916252924941912,2.2161776398718596,1.4886831898936252,0.12861719953768458,0.3847754419128135,0.9983771940088947,0.9861660079051383,0.8181818181818182,0.35338148223462357,0.3333333333333333,0.0070279929073715644,0.0,0.976190476190476,0.30293753375492144,0.9707909652766763,0.9943693751432793,0.9604479578392621,0.675990675990676,,0.7738633990194662,0.7738633990194662,1.1741262508092198
main_corrected_inverse_map_2026-08-31_v2,breast_cancer,mlp,0,RidgeAIME,0.05,0.5,28,15,30,45,0.01971129106823355,0.9415204678362573,0.3790758814320606,0.00013275002129375935,119,52,X ~= Y A^T,SVD normal-system solve,5.404111304980815,5.400181562518597,11.197124505796522,11.20712450579652,60.510507125052705,60.52050712505271,11.207124505796523,6.05205071250527e-11,14.850742150619363,1,True,1.0,0.0,0.01,1.0,rms,6.708203932499369,0.8054334521919226,0.8974594432017096,0.3124952879580851,0.5682003287831431,2.248634440232498,1.4995447443249228,0.11585545287827204,0.37079039003501,0.9853732757553938,0.9076416337285901,0.6666666666666666,0.354247661482577,0.3333333333333333,0.008729537276734256,0.0,0.05042016806722689,1.0,1.0,0.9817655300626029,0.9209749670619235,0.6063936063936064,,0.7327242853243023,0.7324083617256306,1.1717481576172037
main_corrected_inverse_map_2026-08-31_v2,breast_cancer,mlp,0,HuberRidgeAIME,0.05,0.5,28,15,30,45,0.01971129106823355,0.9415204678362573,0.3790758814320606,0.0006145000224933028,119,52,X ~= Y A^T,SVD normal-system solve,5.941132784377333,5.935982346617111,9.583617114526016,9.593617114526015,56.93754183203021,56.94754183203022,9.593617114526007,5.6947541832030214e-11,14.916571820612077,9,True,0.9371163135255988,0.15966386554621848,0.01,1.0,rms,6.708203932499369,0.7719376155981973,0.878599804005326,0.3410867816802565,0.5916215641958298,2.216033059754599,1.4886346293683346,0.1286740472493495,0.38477269117901824,0.9983766716679453,0.9861660079051383,0.8181818181818182,0.3533813373257304,0.3333333333333333,0.0070289008205974,0.0,0.976190476190476,0.3029502784513143,0.9707888463614014,0.9943684123735631,0.9604479578392621,0.675990675990676,,0.7738692589711861,0.7734926006978278,1.173669023507748
main_corrected_inverse_map_2026-08-31_v2,breast_cancer,lgbm,0,AIME,0.1,0.0,57,0,30,30,1.1583266669185832,0.9766081871345029,0.10807948343137284,0.00013929209671914577,119,52,X ~= Y A^T,SVD normal-system solve,1.707310999474566,1.707310999474566,43.02466668766434,43.02466668766434,73.45648668457628,73.45648668457628,43.02466668766434,7.345648668457628e-11,5.43459137440559,1,True,1.0,0.0,0.0,1.0,rms,5.477225575051661,0.7658878784401999,0.8751502033595147,0.30045790127278904,0.557053075498548,1.4268134826417034,1.1944929814116545,0.16521937050341073,0.42789357108797205,0.9415400040468618,0.8447163515016683,0.6666666666666666,0.0,0.0,0.02941070576762848,0.0,0.10084033613445378,1.0,1.0,0.9345521936157926,0.8183759733036707,0.7016317016317016,,0.23231263831060311,0.23231263831060311,0.735166895154166
main_corrected_inverse_map_2026-08-31_v2,breast_cancer,lgbm,0,HuberAIME,0.1,0.0,57,0,30,30,1.1583266669185832,0.9766081871345029,0.10807948343137284,0.0005731669953092933,119,52,X ~= Y A^T,SVD normal-system solve,1.877681761106716,1.877681761106716,36.74172816083277,36.74172816083277,68.9892728391367,68.9892728391367,36.74172816083277,6.89892728391367e-11,5.06189929225975,9,True,0.9091350223673599,0.2184873949579832,0.0,1.0,rms,5.477225575051661,0.7301249970039034,0.8544735203643841,0.3331227884458696,0.5840056164221884,1.3960824832965109,1.181559343958868,0.1831990456960939,0.4450542185625826,0.9952240726465749,0.9804226918798665,1.0,0.0,0.0,0.019454289536115246,0.0,0.8843452642365687,0.38393097401922677,0.9680364109671507,0.9847650832482104,0.9665406006674082,0.9272727272727274,,0.27362198776671176,0.27362198776671176,0.7043135005118937
main_corrected_inverse_map_2026-08-31_v2,breast_cancer,lgbm,0,RidgeAIME,0.1,0.0,57,0,30,30,1.1583266669185832,0.9766081871345029,0.10807948343137284,0.00013516691979020834,119,52,X ~= Y A^T,SVD normal-system solve,1.707310999474566,1.7071466410505525,43.02466668766434,43.03466668766434,73.45648668457628,73.46648668457628,43.03466668766434,7.34664866845763e-11,5.43344192707048,1,True,1.0,0.0,0.01,1.0,rms,5.477225575051661,0.7658823505642508,0.8751470451097065,0.3004629502911268,0.5570484268823983,1.426802249682656,1.1944882794245644,0.1652259425303355,0.427890053439507,0.9415397492532296,0.8447163515016683,0.6666666666666666,0.0,0.0,0.029410389557735273,0.0,0.10084033613445378,1.0,1.0,0.9345529412510866,0.8183759733036707,0.7016317016317016,,0.23231263831060311,0.23227082788905248,0.7350750296578263
main_corrected_inverse_map_2026-08-31_v2,breast_cancer,lgbm,0,HuberRidgeAIME,0.1,0.0,57,0,30,30,1.1583266669185832,0.9766081871345029,0.10807948343137284,0.0005406660493463278,119,52,X ~= Y A^T,SVD normal-system solve,1.8777036753981564,1.8774648529075564,36.7412989748921,36.7512989748921,68.98927212405742,68.99927212405743,36.751298974892094,6.899927212405743e-11,5.060610915775618,9,True,0.9091314127385565,0.2184873949579832,0.01,1.0,rms,5.477225575051661,0.7301412197698663,0.8544830131546597,0.33310797099273026,0.5839975274602531,1.3960902995249829,1.1815626515445479,0.1831944726834307,0.4450483186821379,0.9952239793321006,0.9804226918798665,1.0,0.0,0.0,0.01945422553673637,0.0,0.8843452642365687,0.38392993515081936,0.96803251302877,0.9847648189701236,0.9665406006674082,0.9272727272727274,,0.27362705635741086,0.2735718155397591,0.7042029479336903
main_corrected_inverse_map_2026-08-31_v2,breast_cancer,svm,0,AIME,0.1,0.0,57,0,30,30,0.006556833046488464,0.9590643274853801,0.12435545220167496,0.0001230419147759676,119,52,X ~= Y A^T,SVD normal-system solve,1.6793408255582465,1.6793408255582465,40.98515291442833,40.98515291442833,68.82804053094705,68.82804053094705,40.98515291442833,6.882804053094705e-11,5.1749493105282705,1,True,1.0,0.0,0.0,1.0,rms,5.477225575051661,0.9393580734502003,0.9692048666046824,0.26378480335691823,0.5201415317777599,1.7766785860352148,1.3329210726953096,0.14167388553963622,0.39314051443250686,0.982028582239849,0.9439377085650723,0.8181818181818182,0.0,0.0,0.02287783654229041,0.0,0.1092436974789916,1.0,1.0,0.9691956319496271,0.9100333704115684,0.6969696969696969,,0.22513884601171244,0.22513884601171244,0.713906100164573
main_corrected_inverse_map_2026-08-31_v2,breast_cancer,svm,0,HuberAIME,0.1,0.0,57,0,30,30,0.006556833046488464,0.9590643274853801,0.12435545220167496,0.0005659169983118773,119,52,X ~= Y A^T,SVD normal-system solve,1.731169121184453,1.731169121184453,36.96175720904029,36.96175720904029,63.98705274500741,63.98705274500741,36.96175720904029,6.398705274500741e-11,4.872540721559109,9,True,0.889730976097832,0.2689075630252101,0.0,1.0,rms,5.477225575051661,0.9471917557953606,0.9732377694044557,0.25764521063803214,0.5149024372589905,1.7872094721055396,1.3368655400247025,0.13658633926446118,0.38688915794023715,0.9966927105446739,0.985761957730812,0.8181818181818182,0.0,0.0,0.01848668690189557,0.0,0.882029295490834,0.3626685810629127,0.9543707037907937,0.9765306581789694,0.9001557285873192,0.675990675990676,,0.23833949699694654,0.23833949699694654,0.6877554773585692
main_corrected_inverse_map_2026-08-31_v2,breast_cancer,svm,0,RidgeAIME,0.1,0.0,57,0,30,30,0.006556833046488464,0.9590643274853801,0.12435545220167496,0.0001140000531449914,119,52,X ~= Y A^T,SVD normal-system solve,1.6793408255582465,1.6791751130831705,40.98515291442833,40.99515291442833,68.82804053094705,68.83804053094705,40.99515291442833,6.883804053094706e-11,5.173759155977902,1,True,1.0,0.0,0.01,1.0,rms,5.477225575051661,0.9393622388712615,0.9692070154880543,0.2637815387378424,0.5201393890485234,1.7766796773428875,1.3329214820621984,0.14167335832110506,0.3931392859424761,0.9820277380533822,0.9439377085650723,0.8181818181818182,0.0,0.0,0.022878351611421866,0.0,0.1092436974789916,1.0,1.0,0.9691950678754621,0.9100333704115684,0.6969696969696969,,0.22513884601171244,0.2250959889790937,0.7138062079784536
main_corrected_inverse_map_2026-08-31_v2,breast_cancer,svm,0,HuberRidgeAIME,0.1,0.0,57,0,30,30,0.006556833046488464,0.9590643274853801,0.12435545220167496,0.0005402920069172978,119,52,X ~= Y A^T,SVD normal-system solve,1.7311806865325443,1.730982918004315,36.961539055213095,36.97153905521309,63.98710255690325,63.99710255690326,36.9715390552131,6.399710255690324e-11,4.87126248675562,9,True,0.889729926433286,0.2689075630252101,0.01,1.0,rms,5.477225575051661,0.94720432218801,0.9732442253555939,0.2576353618173354,0.5148988714901999,1.787217368898206,1.3368684934944821,0.13658252426752282,0.38688707808348277,0.9966925906937772,0.985761957730812,0.8181818181818182,0.0,0.0,0.01848753310261096,0.0,0.882029295490834,0.3626711817144914,0.9543692064459683,0.9765316464245597,0.9001557285873192,0.675990675990676,,0.2383423983599724,0.23829278211394347,0.6876415320513728
main_corrected_inverse_map_2026-08-31_v2,breast_cancer,mlp,0,AIME,0.1,0.0,57,0,30,30,0.01801716594491154,0.8538011695906432,0.5069721922172439,0.000140791991725564,119,52,X ~= Y A^T,SVD normal-system solve,5.52763170459384,5.52763170459384,10.783615931547043,10.783615931547043,59.607857313382674,59.607857313382674,10.783615931547036,5.960785731338269e-11,13.481498599042904,1,True,1.0,0.0,0.0,1.0,rms,5.477225575051661,0.9434303315598193,0.9713034188963916,0.2147593589487743,0.4858311345154202,3.559020648249453,1.8865366808650854,0.0375058372552769,0.2552212126417278,0.9105678117403054,0.761067853170189,0.5384615384615384,0.0,0.0,0.019971483372896812,0.0,0.12605042016806722,1.0,1.0,0.9389553077495965,0.8683870967741936,0.8242424242424242,,0.7425390991289816,0.7425390991289816,1.1297381709174292
main_corrected_inverse_map_2026-08-31_v2,breast_cancer,mlp,0,HuberAIME,0.1,0.0,57,0,30,30,0.01801716594491154,0.8538011695906432,0.5069721922172439,0.0005435830680653453,119,52,X ~= Y A^T,SVD normal-system solve,6.700778768627996,6.700778768627996,7.842685398075382,7.842685398075382,52.55209980445232,52.55209980445232,7.8426853980753775,5.255209980445232e-11,12.99797334203818,9,True,0.8810844223426136,0.226890756302521,0.0,1.0,rms,5.477225575051661,0.8128680632459443,0.9015919605042761,0.323429597585668,0.5779004873004387,3.3863180611696406,1.8401951149727684,0.0842111667219636,0.32097523032981157,0.9943493957762369,0.957285873192436,0.8181818181818182,0.0,0.0,0.013481574106147018,0.0,0.9859649122807017,0.2661171009595188,0.9697816321574831,0.9925908343468798,0.9635150166852057,0.8606060606060606,,0.8261252796057942,0.8261252796057942,1.1138756419234368
main_corrected_inverse_map_2026-08-31_v2,breast_cancer,mlp,0,RidgeAIME,0.1,0.0,57,0,30,30,0.01801716594491154,0.8538011695906432,0.5069721922172439,0.00011312495917081833,119,52,X ~= Y A^T,SVD normal-system solve,5.52763170459384,5.523436973436733,10.783615931547043,10.793615931547038,59.607857313382674,59.61785731338267,10.793615931547038,5.961785731338267e-11,13.469137880914813,1,True,1.0,0.0,0.01,1.0,rms,5.477225575051661,0.9433537126068061,0.971263976788394,0.21482313081805604,0.4857980615364254,3.558877034865907,1.886498617774714,0.037544675760870505,0.2552001374052735,0.9105588032008084,0.761067853170189,0.5384615384615384,0.0,0.0,0.019976476510191576,0.0,0.12605042016806722,1.0,1.0,0.9389513019488499,0.8682091212458287,0.8242424242424242,,0.7425390991289816,0.7422094027466377,1.1293397987264207
main_corrected_inverse_map_2026-08-31_v2,breast_cancer,mlp,0,HuberRidgeAIME,0.1,0.0,57,0,30,30,0.01801716594491154,0.8538011695906432,0.5069721922172439,0.0005394170293584466,119,52,X ~= Y A^T,SVD normal-system solve,6.700893041536728,6.693633098025364,7.842530853188283,7.852530853188284,52.55196042216646,52.56196042216645,7.85253085318828,5.256196042216646e-11,12.981268462352494,9,True,0.8810825046361049,0.226890756302521,0.01,1.0,rms,5.477225575051661,0.812932010017576,0.901627423062085,0.32337637308962464,0.5778933584769033,3.3863246488511836,1.8401969049129454,0.08420938516302989,0.32097299921681594,0.9943485140689798,0.957285873192436,0.8181818181818182,0.0,0.0,0.013486292015595633,0.0,0.9859649122807017,0.2661202856589767,0.9697789785270369,0.9925895802732674,0.9635150166852057,0.8606060606060606,,0.8261326858599388,0.8256619034400438,1.1133171315463566
main_corrected_inverse_map_2026-08-31_v2,breast_cancer,lgbm,0,AIME,0.1,0.25,57,8,30,38,1.1143574169836938,0.9415204678362573,0.19653777412072637,0.0001442090142518282,119,52,X ~= Y A^T,SVD normal-system solve,1.773188010531991,1.773188010531991,41.84739550176299,41.84739550176299,74.2032999757165,74.2032999757165,41.84739550176299,7.42032999757165e-11,4.59469827214667,1,True,1.0,0.0,0.0,1.0,rms,6.164414002968976,0.7611262095256729,0.8724254750554187,0.3011357588328245,0.5615122934411956,7.99034728473179,2.8267202346061397,0.027177475564443943,0.2051313849872644,0.981047154153967,0.9697997592734434,0.8181818181818182,0.22412534815621937,0.25,0.02466199334512938,0.1111111111111111,0.04201680672268908,1.0,1.0,0.9695649498306776,0.932333953386585,0.5897435897435896,,0.2487547861410569,0.2487547861410569,0.6622569971053258
main_corrected_inverse_map_2026-08-31_v2,breast_cancer,lgbm,0,HuberAIME,0.1,0.25,57,8,30,38,1.1143574169836938,0.9415204678362573,0.19653777412072637,0.0005444580456241965,119,52,X ~= Y A^T,SVD normal-system solve,1.763848149437027,1.763848149437027,40.01226172741559,40.01226172741559,70.57555380269197,70.57555380269197,40.01226172741559,7.057555380269196e-11,4.523580218703417,8,True,0.9521199537697917,0.11764705882352941,0.0,1.0,rms,6.164414002968976,0.747960432596752,0.8648470573441017,0.3132245433046412,0.5764292568146112,7.960220120266646,2.82138620544346,0.030845449326369012,0.21683505753587998,0.9986539685977667,0.9899332530911478,1.0,0.22600267984179503,0.25,0.015314068231786776,0.0,1.0,0.2540287008107206,0.9827379911802773,0.9862902885993657,0.9616150563518984,0.8181818181818181,,0.24646119377752787,0.24646119377752787,0.6554822962623845
main_corrected_inverse_map_2026-08-31_v2,breast_cancer,lgbm,0,RidgeAIME,0.1,0.25,57,8,30,38,1.1143574169836938,0.9415204678362573,0.19653777412072637,0.0001253749942407012,119,52,X ~= Y A^T,SVD normal-system solve,1.773188010531991,1.773003290961826,41.84739550176299,41.85739550176299,74.2032999757165,74.21329997571651,41.857395501762994,7.42132999757165e-11,4.593723828993024,1,True,1.0,0.0,0.01,1.0,rms,6.164414002968976,0.7611542265338651,0.8724415318712567,0.3011100336837955,0.5615049862351899,7.990382787741632,2.8267265144936875,0.027173153083026147,0.20512633448276232,0.9810447586112486,0.9697997592734434,0.8181818181818182,0.22412568839320537,0.25,0.02466178072775881,0.1111111111111111,0.04201680672268908,1.0,1.0,0.9695634792735269,0.932333953386585,0.5897435897435896,,0.2487547861410569,0.2487095417178015,0.6621648822064923
main_corrected_inverse_map_2026-08-31_v2,breast_cancer,lgbm,0,HuberRidgeAIME,0.1,0.25,57,8,30,38,1.1143574169836938,0.9415204678362573,0.19653777412072637,0.0004557910142466426,119,52,X ~= Y A^T,SVD normal-system solve,1.7638528013019639,1.7636619438637813,40.01216568423424,40.02216568423424,70.57557052829488,70.58557052829488,40.02216568423424,7.058557052829487e-11,4.522567656697672,7,True,0.9521192895963929,0.11764705882352941,0.01,1.0,rms,6.164414002968976,0.7479932883317418,0.8648660522484056,0.3131943752483921,0.5764220361380389,7.960263566603847,2.8213939048994643,0.030840159747089646,0.21683016146948997,0.998653871015113,0.9899332530911478,1.0,0.2260026599235239,0.25,0.015314239763838578,0.0,1.0,0.25402892773229796,0.9827372879237654,0.9862903388443861,0.9616150563518984,0.8181818181818181,,0.24646233915764984,0.2464153438432136,0.6553850725380824
main_corrected_inverse_map_2026-08-31_v2,breast_cancer,svm,0,AIME,0.1,0.25,57,8,30,38,0.006246875040233135,0.9473684210526315,0.11080080981946452,0.0001420410117134452,119,52,X ~= Y A^T,SVD normal-system solve,1.7587576644743637,1.7587576644743637,38.379458610897196,38.379458610897196,67.50016699029206,67.50016699029206,38.3794586108972,6.750016699029205e-11,5.927186668054995,1,True,1.0,0.0,0.0,1.0,rms,6.164414002968976,0.5085814377397361,0.7131489590118856,0.35242924692044786,0.6023420513028698,5.813352945387897,2.4110895763923614,0.03069036267136327,0.21899095827513007,0.9785329858654684,0.9212167633220264,0.6666666666666666,0.23454852601783818,0.25,0.023596619375048436,0.0,0.1092436974789916,1.0,1.0,0.9675156520378188,0.8818251449830397,0.5504495504495505,,0.24520600305498116,0.24520600305498116,0.7728486049224407
main_corrected_inverse_map_2026-08-31_v2,breast_cancer,svm,0,HuberAIME,0.1,0.25,57,8,30,38,0.006246875040233135,0.9473684210526315,0.11080080981946452,0.0006528329104185104,119,52,X ~= Y A^T,SVD normal-system solve,1.8549284774199906,1.8549284774199906,34.029225371836326,34.029225371836326,63.12177920676207,63.12177920676207,34.029225371836326,6.312177920676206e-11,5.293236249751051,10,True,0.8846600120569283,0.24369747899159663,0.0,1.0,rms,6.164414002968976,0.48259482384616725,0.6946904518173308,0.3855176962430078,0.6247620787875132,5.81878570168928,2.412215931812341,0.029784513140178825,0.2172445174252735,0.9969007431105832,0.9866506182295656,0.8181818181818182,0.22282521436093208,0.25,0.0163380067331723,0.0,0.9505494505494503,0.3038245501560409,0.9558945498372259,0.9875631582698002,0.9554437028121239,0.7986013986013987,,0.26832716868925033,0.26832716868925033,0.7237212780217824
main_corrected_inverse_map_2026-08-31_v2,breast_cancer,svm,0,RidgeAIME,0.1,0.25,57,8,30,38,0.006246875040233135,0.9473684210526315,0.11080080981946452,0.00012229103595018387,119,52,X ~= Y A^T,SVD normal-system solve,1.7587576644743637,1.7585600170753306,38.379458610897196,38.389458610897194,67.50016699029206,67.51016699029206,38.389458610897194,6.751016699029206e-11,5.925673725982404,1,True,1.0,0.0,0.01,1.0,rms,6.164414002968976,0.5085604478308441,0.7131342425033621,0.3524559731241581,0.6023432112964536,5.813346735216441,2.4110882885569414,0.030691398145916038,0.21899166822136956,0.9785308769896677,0.9212167633220264,0.6666666666666666,0.23454795411462578,0.25,0.02359731621365678,0.0,0.1092436974789916,1.0,1.0,0.9675131836743647,0.8818251449830397,0.5504495504495505,,0.24520600305498116,0.24515719473988173,0.7727377350774766
main_corrected_inverse_map_2026-08-31_v2,breast_cancer,svm,0,HuberRidgeAIME,0.1,0.25,57,8,30,38,0.006246875040233135,0.9473684210526315,0.11080080981946452,0.0006274590268731117,119,52,X ~= Y A^T,SVD normal-system solve,1.8549495370057199,1.8546983682006135,34.028842389008666,34.038842389008664,63.12178543433224,63.131785434332244,34.03884238900867,6.313178543433223e-11,5.291672687975539,10,True,0.8846567861633304,0.24369747899159663,0.01,1.0,rms,6.164414002968976,0.48259533934361754,0.6946908228439596,0.38551703986617747,0.6247644749475535,5.8187955293308455,2.4122179688682457,0.029782874494156397,0.21724422629084206,0.9969007653486097,0.9862129335813546,0.8181818181818182,0.2228243972999533,0.25,0.01633870636094666,0.0,0.9505494505494503,0.30382519617043624,0.9558908490869873,0.9875621239580481,0.9545245650508807,0.7986013986013987,,0.2683320993429473,0.2682732898661247,0.7235929734213076
main_corrected_inverse_map_2026-08-31_v2,breast_cancer,mlp,0,AIME,0.1,0.25,57,8,30,38,0.02986437501385808,0.9532163742690059,0.24990587035712317,0.00013579195365309715,119,52,X ~= Y A^T,SVD normal-system solve,2.110847527411821,2.110847527411821,32.12135008811646,32.12135008811646,67.8032724106301,67.8032724106301,32.12135008811646,6.78032724106301e-11,6.438129139259836,1,True,1.0,0.0,0.0,1.0,rms,6.164414002968976,0.7524962406049672,0.867465411762894,0.3190193911513912,0.5725115670501153,1.5009204060548202,1.2251205679666064,0.2008092152548896,0.4576356920322547,0.9674782285247979,0.8621293358135463,0.8181818181818182,0.2098698077049153,0.25,0.01702987524343148,0.0,0.06722689075630252,1.0,1.0,0.9543102281062339,0.856570740781267,0.6380952380952379,,0.3244568641010299,0.3244568641010299,0.8087596837359654
main_corrected_inverse_map_2026-08-31_v2,breast_cancer,mlp,0,HuberAIME,0.1,0.25,57,8,30,38,0.02986437501385808,0.9532163742690059,0.24990587035712317,0.0005351250292733312,119,52,X ~= Y A^T,SVD normal-system solve,2.254736619373201,2.254736619373201,27.998776653876597,27.998776653876597,63.12986701914703,63.12986701914703,27.9987766538766,6.312986701914702e-11,6.171170940689961,8,True,0.9129956275826597,0.2184873949579832,0.0,1.0,rms,6.164414002968976,0.7241066775158659,0.8509445795795787,0.34471087094113706,0.5986694118189884,1.4783360119649238,1.215868418853341,0.2128346628155232,0.47525508492547025,0.9970699790137594,0.9638910165225953,0.8181818181818182,0.2133866023673903,0.25,0.01683870989251409,0.0,0.8068910256410257,0.37227513133430346,0.9519664741591178,0.9843187490513141,0.9238428712112924,0.7016317016317016,,0.35309581830561426,0.35309581830561426,0.7903675764857158
main_corrected_inverse_map_2026-08-31_v2,breast_cancer,mlp,0,RidgeAIME,0.1,0.25,57,8,30,38,0.02986437501385808,0.9532163742690059,0.24990587035712317,0.00012445903848856688,119,52,X ~= Y A^T,SVD normal-system solve,2.110847527411821,2.1105018066362033,32.12135008811646,32.131350088116456,67.8032724106301,67.8132724106301,32.13135008811645,6.781327241063011e-11,6.436233150455729,1,True,1.0,0.0,0.01,1.0,rms,6.164414002968976,0.7525130287928238,0.8674750882837061,0.31900419847696826,0.5725065631955268,1.5009476236400237,1.2251316760414057,0.20079472278534227,0.45763217060320166,0.9674787613776147,0.8621293358135463,0.8181818181818182,0.20987068387246588,0.25,0.01703130732682209,0.0,0.06722689075630252,1.0,1.0,0.9543076846306888,0.856570740781267,0.6380952380952379,,0.3244568641010299,0.3243857282562635,0.8086317678885165
main_corrected_inverse_map_2026-08-31_v2,breast_cancer,mlp,0,HuberRidgeAIME,0.1,0.25,57,8,30,38,0.02986437501385808,0.9532163742690059,0.24990587035712317,0.0005169590003788471,119,52,X ~= Y A^T,SVD normal-system solve,2.254754945810135,2.2543069559057693,27.998554067490495,28.008554067490497,63.129878259206656,63.139878259206654,28.0085540674905,6.313987825920664e-11,6.169081644699302,8,True,0.9129938994865395,0.2184873949579832,0.01,1.0,rms,6.164414002968976,0.7241442307218704,0.8509666448938351,0.3446768867114369,0.5986623535131598,1.478383664884071,1.2158880149438396,0.21280928920230902,0.475249564144357,0.9970698972125253,0.9638910165225953,0.8181818181818182,0.21338620056576596,0.25,0.016840573655883154,0.0,0.8068910256410257,0.37227657147220816,0.9519645177218067,0.9843188161936782,0.9238428712112924,0.7016317016317016,,0.35309934822481615,0.3530130510976996,0.7902205179515088
main_corrected_inverse_map_2026-08-31_v2,breast_cancer,lgbm,0,AIME,0.1,0.5,57,15,30,45,1.1393324170494452,0.9239766081871345,0.31607341547815754,0.0001479999627918005,119,52,X ~= Y A^T,SVD normal-system solve,1.8756338845609917,1.8756338845609917,40.46050449211154,40.46050449211154,75.88909321183662,75.88909321183662,40.460504492111546,7.588909321183662e-11,6.180917631713333,1,True,1.0,0.0,0.0,1.0,rms,6.708203932499369,0.7256690127450924,0.8518620855191833,0.14784052699061778,0.4388666759784806,3.187053446380415,1.7852320427273354,0.037844037670831665,0.23709791505412894,0.9399328850463209,0.9191040843214756,0.5384615384615384,0.36321417113801446,0.2,0.01601682740821522,0.0,0.08403361344537816,1.0,1.0,0.9543529580866661,0.9407114624505928,0.7016317016317016,,0.27314806995342594,0.27314806995342594,0.791052956125277
main_corrected_inverse_map_2026-08-31_v2,breast_cancer,lgbm,0,HuberAIME,0.1,0.5,57,15,30,45,1.1393324170494452,0.9239766081871345,0.31607341547815754,0.0005058330716565251,119,52,X ~= Y A^T,SVD normal-system solve,1.858342124798787,1.858342124798787,37.35943736035795,37.35943736035795,69.42661620553478,69.42661620553478,37.35943736035795,6.942661620553479e-11,5.429153817415328,7,True,0.9132157628430073,0.16806722689075632,0.0,1.0,rms,6.708203932499369,0.6709587658012389,0.8191207272443048,0.2120872488225508,0.4762205349935919,3.126804997541489,1.7682774096678069,0.05603275186930001,0.26100787228853645,0.9964574725011038,0.9903820816864294,0.6666666666666666,0.3689997917357224,0.2,0.013733868358141397,0.0,0.9019497607655501,0.29311238989286936,0.9701059805448549,0.9861934965929409,0.9680105401844532,0.7682983682983683,,0.2691256715705285,0.2691256715705285,0.7347321461516052
main_corrected_inverse_map_2026-08-31_v2,breast_cancer,lgbm,0,RidgeAIME,0.1,0.5,57,15,30,45,1.1393324170494452,0.9239766081871345,0.31607341547815754,0.0001296249683946371,119,52,X ~= Y A^T,SVD normal-system solve,1.8756338845609917,1.8754175210894837,40.46050449211154,40.47050449211154,75.88909321183662,75.89909321183663,40.47050449211154,7.589909321183663e-11,6.179559471854808,1,True,1.0,0.0,0.01,1.0,rms,6.708203932499369,0.7256327688416908,0.8518408119136408,0.14788308852360332,0.43886321883856044,3.1870216167493726,1.7852231280009154,0.03785364688191073,0.23709700549250892,0.9399289019111289,0.9191040843214756,0.5384615384615384,0.363211682471097,0.2,0.016016917049975463,0.0,0.08403361344537816,1.0,1.0,0.954350475241767,0.9407114624505928,0.7016317016317016,,0.27314806995342594,0.27309796908745326,0.7909575162276854
main_corrected_inverse_map_2026-08-31_v2,breast_cancer,lgbm,0,HuberRidgeAIME,0.1,0.5,57,15,30,45,1.1393324170494452,0.9239766081871345,0.31607341547815754,0.0004788750084117055,119,52,X ~= Y A^T,SVD normal-system solve,1.8583465545653897,1.8581168620080104,37.359367312353605,37.369367312353596,69.42665152565516,69.43665152565518,37.369367312353596,6.943665152565517e-11,5.427847367123608,7,True,0.9132154968526488,0.16806722689075632,0.01,1.0,rms,6.708203932499369,0.6709459164462719,0.8191128838238793,0.2121023379325513,0.4762181161711047,3.1267976648720697,1.7682753362731918,0.05603496556659748,0.2610079733165401,0.9964571717232652,0.9903820816864294,0.6666666666666666,0.3689991327126449,0.2,0.01373403990074746,0.0,0.9019497607655501,0.2931129514988602,0.9701056386282259,0.9861931641121074,0.9680105401844532,0.7682983682983683,,0.2691267068055765,0.269073024474204,0.7346276266538785
main_corrected_inverse_map_2026-08-31_v2,breast_cancer,svm,0,AIME,0.1,0.5,57,15,30,45,0.00742833293043077,0.9766081871345029,0.07485170007990379,0.00014604104217141867,119,52,X ~= Y A^T,SVD normal-system solve,1.7132528580164876,1.7132528580164876,40.749732845469914,40.749732845469914,69.81459626090967,69.81459626090967,40.749732845469914,6.981459626090966e-11,6.5625935301000276,1,True,1.0,0.0,0.0,1.0,rms,6.708203932499369,0.5562051591597008,0.745791632535322,0.302330581544374,0.5642536225779123,1.5502864576191733,1.2451049986323135,0.09842467647377984,0.34384000134313325,0.9937972472997618,0.9895915678524374,0.6666666666666666,0.37334673652900635,0.26666666666666666,0.01597621084351684,0.0,0.06722689075630252,1.0,1.0,0.9856768778530471,0.9700658761528326,0.7016317016317016,,0.23382146497199727,0.23382146497199727,0.8170755060242041
main_corrected_inverse_map_2026-08-31_v2,breast_cancer,svm,0,HuberAIME,0.1,0.5,57,15,30,45,0.00742833293043077,0.9766081871345029,0.07485170007990379,0.0005639169830828905,119,52,X ~= Y A^T,SVD normal-system solve,1.6708158115173317,1.6708158115173317,38.85108469671957,38.85108469671957,64.9130066058781,64.9130066058781,38.85108469671957,6.49130066058781e-11,6.346055513930452,8,True,0.9263217195221505,0.20168067226890757,0.0,1.0,rms,6.708203932499369,0.551163158848526,0.7424036360690363,0.3086549555042718,0.5664197386720647,1.5394639540393056,1.240751366728768,0.10471854695070282,0.34864115369660653,0.9991971665764128,0.998155467720685,0.8181818181818182,0.37377048994511064,0.26666666666666666,0.014779729131985398,0.0,0.7889705882352941,0.4528306916076641,0.9604471990114828,0.9918704871431634,0.9770750988142292,0.8242424242424242,,0.22292857649387107,0.22292857649387107,0.8025038668958482
main_corrected_inverse_map_2026-08-31_v2,breast_cancer,svm,0,RidgeAIME,0.1,0.5,57,15,30,45,0.00742833293043077,0.9766081871345029,0.07485170007990379,0.0001284580212086439,119,52,X ~= Y A^T,SVD normal-system solve,1.7132528580164876,1.7130778684352952,40.749732845469914,40.759732845469905,69.81459626090967,69.82459626090967,40.75973284546992,6.982459626090966e-11,6.561094362239911,1,True,1.0,0.0,0.01,1.0,rms,6.708203932499369,0.5561848664914794,0.7457780276271749,0.30235603541477374,0.5642523545579953,1.550263031633681,1.2450955913638442,0.09843829994984465,0.34383685174768125,0.9937963266400207,0.9895915678524374,0.6666666666666666,0.3733462153998719,0.26666666666666666,0.015976689737604896,0.0,0.06722689075630252,1.0,1.0,0.9856757471523249,0.9700658761528326,0.7016317016317016,,0.23382146497199727,0.23377710439175214,0.8169762838638984
main_corrected_inverse_map_2026-08-31_v2,breast_cancer,svm,0,HuberRidgeAIME,0.1,0.5,57,15,30,45,0.00742833293043077,0.9766081871345029,0.07485170007990379,0.0005516249220818281,119,52,X ~= Y A^T,SVD normal-system solve,1.6708307481772253,1.6706581239300091,38.8507486486794,38.86074864867939,64.91302543191833,64.92302543191835,38.86074864867939,6.492302543191834e-11,6.3444945431291595,8,True,0.9263189892363792,0.20168067226890757,0.01,1.0,rms,6.708203932499369,0.551147339067989,0.742392981558951,0.3086747988604607,0.5664185538141292,1.5394453081609796,1.2407438527596981,0.1047293905362231,0.3486380335346414,0.9991970798585121,0.998155467720685,0.8181818181818182,0.3737699858505053,0.26666666666666666,0.014780128535946874,0.0,0.7889705882352941,0.45282689737492826,0.9604445454065739,0.9918704867691893,0.9770750988142292,0.8242424242424242,,0.22293245895651576,0.22288758688843785,0.8023970281842424
main_corrected_inverse_map_2026-08-31_v2,breast_cancer,mlp,0,AIME,0.1,0.5,57,15,30,45,0.019189042039215565,0.8947368421052632,0.4625172978379853,0.00014012493193149567,119,52,X ~= Y A^T,SVD normal-system solve,4.806503151590126,4.806503151590126,12.623272220388504,12.623272220388504,60.673797710677434,60.673797710677434,12.6232722203885,6.067379771067743e-11,14.487801126464996,1,True,1.0,0.0,0.0,1.0,rms,6.708203932499369,0.6486571678118662,0.8053925551008441,0.3338631545101859,0.5848235015441114,3.758259327246983,1.9386230492921988,0.050535886042263334,0.2662023837426846,0.9629274520379246,0.8694334650856388,0.42857142857142855,0.3845944655052723,0.3333333333333333,0.010101610469251872,0.0,0.08403361344537816,1.0,1.0,0.964133410354901,0.8719894598155467,0.579020979020979,,0.681829231412008,0.681829231412008,1.1610024758018853
main_corrected_inverse_map_2026-08-31_v2,breast_cancer,mlp,0,HuberAIME,0.1,0.5,57,15,30,45,0.019189042039215565,0.8947368421052632,0.4625172978379853,0.0005648749647662044,119,52,X ~= Y A^T,SVD normal-system solve,4.93368530200467,4.93368530200467,11.213870680034281,11.213870680034281,55.32570895266625,55.32570895266625,11.213870680034278,5.532570895266624e-11,14.519754176164623,8,True,0.9169138820392089,0.19327731092436976,0.0,1.0,rms,6.708203932499369,0.6185104893942737,0.7864543784570556,0.3648222100168621,0.6089871263225899,3.702581063368366,1.9242092046782142,0.06460210896013219,0.2871305554754418,0.9983146403358694,0.9722002635046112,0.6666666666666666,0.3752192205849447,0.26666666666666666,0.0090597892450201,0.0,0.9909090909090909,0.2217764033973202,0.9806879626485564,0.9937631260966302,0.944953886693017,0.6606060606060606,,0.6931714443102669,0.6931714443102669,1.1619592636892155
main_corrected_inverse_map_2026-08-31_v2,breast_cancer,mlp,0,RidgeAIME,0.1,0.5,57,15,30,45,0.019189042039215565,0.8947368421052632,0.4625172978379853,0.0001289580250158906,119,52,X ~= Y A^T,SVD normal-system solve,4.806503151590126,4.803490073833874,12.623272220388504,12.633272220388507,60.673797710677434,60.683797710677425,12.633272220388504,6.068379771067744e-11,14.47640658150375,1,True,1.0,0.0,0.01,1.0,rms,6.708203932499369,0.6486331042357452,0.8053776159266814,0.3338878665391033,0.5848092478376349,3.7581791135214786,1.938602360857295,0.05055615075717035,0.26618891325696087,0.9629233253869071,0.8694334650856388,0.42857142857142855,0.3845933609549578,0.3333333333333333,0.010101926217249943,0.0,0.08403361344537816,1.0,1.0,0.9641271312377679,0.8719894598155467,0.579020979020979,,0.681829231412008,0.6815568975913132,1.1606607721167268
main_corrected_inverse_map_2026-08-31_v2,breast_cancer,mlp,0,HuberRidgeAIME,0.1,0.5,57,15,30,45,0.019189042039215565,0.8947368421052632,0.4625172978379853,0.0005588330095633864,119,52,X ~= Y A^T,SVD normal-system solve,4.933685789738021,4.930181046808164,11.213892503579604,11.223892503579606,55.325822092560415,55.335822092560406,11.223892503579608,5.5335822092560404e-11,14.506736684099685,8,True,0.9169158042923383,0.19327731092436976,0.01,1.0,rms,6.708203932499369,0.6185017673428355,0.786448833264336,0.3648311671056288,0.6089840478600594,3.7025158628109525,1.92419226243402,0.06461858083822358,0.2871256881773202,0.9983143975510754,0.9722002635046112,0.6666666666666666,0.3752195460927597,0.26666666666666666,0.009059900310500928,0.0,0.9909090909090909,0.2217775529695712,0.9806899557898401,0.9937624948872609,0.944953886693017,0.6606060606060606,,0.6931714872436685,0.6928628677936695,1.1615697281178472
main_corrected_inverse_map_2026-08-31_v2,breast_cancer,lgbm,1,AIME,0.0,0.0,0,0,30,30,1.1464775829808787,0.9824561403508771,0.09182513619984772,0.00014254206325858831,119,52,X ~= Y A^T,SVD normal-system solve,1.7634097177484944,1.7634097177484944,42.28107800014851,42.28107800014851,74.55886382234397,74.55886382234397,42.281078000148504,7.455886382234397e-11,4.962804660028065,1,True,1.0,0.0,0.0,1.0,rms,5.477225575051661,0.7280022876406872,0.8532305008851284,0.30089076548059424,0.5552758019897278,0.7280022876406872,0.8532305008851284,0.30089076548059424,0.5552758019897278,0.9999999999999999,1.0,1.0,0.0,0.0,0.0276719563734041,0.0,,,,0.9815340492154977,0.927741935483871,0.787878787878788,,0.24635322976062213,0.24635322976062213,0.6957271813545927
main_corrected_inverse_map_2026-08-31_v2,breast_cancer,lgbm,1,HuberAIME,0.0,0.0,0,0,30,30,1.1464775829808787,0.9824561403508771,0.09182513619984772,0.000534582999534905,119,52,X ~= Y A^T,SVD normal-system solve,1.8674147662206322,1.8674147662206322,39.08178013987786,39.08178013987786,72.98189332339615,72.98189332339615,39.08178013987785,7.298189332339615e-11,4.724866740625021,9,True,0.956614911965445,0.13445378151260504,0.0,1.0,rms,5.477225575051661,0.7309825211554912,0.854975158209577,0.29802881187605823,0.5522115772291262,0.7309825211554912,0.854975158209577,0.29802881187605823,0.5522115772291262,1.0,1.0,1.0,0.0,0.0,0.024453723109428272,0.0,,,,0.9839094904322161,0.9488320355951056,0.8606060606060606,,0.2712407885839261,0.2712407885839261,0.6743895642469031
main_corrected_inverse_map_2026-08-31_v2,breast_cancer,lgbm,1,RidgeAIME,0.0,0.0,0,0,30,30,1.1464775829808787,0.9824561403508771,0.09182513619984772,0.00012162502389401197,119,52,X ~= Y A^T,SVD normal-system solve,1.7634097177484944,1.7632292045637177,42.28107800014851,42.2910780001485,74.55886382234397,74.56886382234399,42.2910780001485,7.456886382234399e-11,4.961728763867223,1,True,1.0,0.0,0.01,1.0,rms,5.477225575051661,0.7279971759753674,0.8532275054024966,0.3008956742734503,0.5552749625561514,0.7279971759753674,0.8532275054024966,0.3008956742734503,0.5552749625561514,0.9999999999999999,1.0,1.0,0.0,0.0,0.027672040766811182,0.0,,,,0.9815341227014447,0.927741935483871,0.787878787878788,,0.24635322976062213,0.24630877049963468,0.6956330195945123
main_corrected_inverse_map_2026-08-31_v2,breast_cancer,lgbm,1,HuberRidgeAIME,0.0,0.0,0,0,30,30,1.1464775829808787,0.9824561403508771,0.09182513619984772,0.0005390830338001251,119,52,X ~= Y A^T,SVD normal-system solve,1.8674171100097636,1.8671952173135191,39.081737794427234,39.09173779442723,72.98190584622866,72.99190584622866,39.09173779442723,7.299190584622867e-11,4.723746218120901,9,True,0.956614660116281,0.13445378151260504,0.01,1.0,rms,5.477225575051661,0.7309848206083034,0.8549765029568376,0.29802660368423983,0.5522084563376228,0.7309848206083034,0.8549765029568376,0.29802660368423983,0.5522084563376228,0.9999999999999999,1.0,1.0,0.0,0.0,0.024454078620712843,0.0,,,,0.9839095401152512,0.9488320355951056,0.8606060606060606,,0.2712413336658576,0.27118972628858745,0.6742865572246461
main_corrected_inverse_map_2026-08-31_v2,breast_cancer,svm,1,AIME,0.0,0.0,0,0,30,30,0.00582983298227191,0.9766081871345029,0.10662104861229722,0.00013704202137887478,119,52,X ~= Y A^T,SVD normal-system solve,1.8998338555453742,1.8998338555453742,38.58199800668738,38.58199800668738,73.29938602768883,73.29938602768883,38.58199800668737,7.329938602768883e-11,4.704505245307016,1,True,1.0,0.0,0.0,1.0,rms,5.477225575051661,0.6626943832468815,0.8140604297267381,0.3370805687203534,0.5911256139928717,0.6626943832468815,0.8140604297267381,0.3370805687203534,0.5911256139928717,1.0000000000000002,1.0,1.0,0.0,0.0,0.021793476406341553,0.0,,,,0.9866621576841392,0.9613793103448277,0.9636363636363636,,0.2787156226502863,0.2787156226502863,0.6725139570871551
main_corrected_inverse_map_2026-08-31_v2,breast_cancer,svm,1,HuberAIME,0.0,0.0,0,0,30,30,0.00582983298227191,0.9766081871345029,0.10662104861229722,0.0004877919564023614,119,52,X ~= Y A^T,SVD normal-system solve,1.922615038371215,1.922615038371215,36.71585484980163,36.71585484980163,70.59045468088333,70.59045468088333,36.71585484980163,7.059045468088332e-11,4.617610370894865,8,True,0.9530956252415502,0.16806722689075632,0.0,1.0,rms,5.477225575051661,0.667995757005426,0.8173100739654602,0.33177739463911804,0.5868436291746718,0.667995757005426,0.8173100739654602,0.33177739463911804,0.5868436291746718,1.0,1.0,1.0,0.0,0.0,0.022240056821511395,0.0,,,,0.9867603153376278,0.9599555061179087,0.9636363636363636,,0.2838923349676787,0.2838923349676787,0.6644172848156339
main_corrected_inverse_map_2026-08-31_v2,breast_cancer,svm,1,RidgeAIME,0.0,0.0,0,0,30,30,0.00582983298227191,0.9766081871345029,0.10662104861229722,0.00011362496297806501,119,52,X ~= Y A^T,SVD normal-system solve,1.8998338555453742,1.8996006896296347,38.58199800668738,38.591998006687376,73.29938602768883,73.30938602768883,38.59199800668738,7.330938602768883e-11,4.703405040360278,1,True,1.0,0.0,0.01,1.0,rms,5.477225575051661,0.6627181468434389,0.8140750253161184,0.33705679705378544,0.5911182973323791,0.6627181468434389,0.8140750253161184,0.33705679705378544,0.5911182973323791,1.0,1.0,1.0,0.0,0.0,0.021793994602192026,0.0,,,,0.9866619881821714,0.9613793103448277,0.9636363636363636,,0.2787156226502863,0.2786623185759581,0.6724123802385245
main_corrected_inverse_map_2026-08-31_v2,breast_cancer,svm,1,HuberRidgeAIME,0.0,0.0,0,0,30,30,0.00582983298227191,0.9766081871345029,0.10662104861229722,0.00048037501983344555,119,52,X ~= Y A^T,SVD normal-system solve,1.9226358346704422,1.922384609750704,36.71549027503523,36.72549027503523,70.59051729027686,70.60051729027687,36.72549027503523,7.060051729027687e-11,4.6164480011873446,8,True,0.9530930302675465,0.16806722689075632,0.01,1.0,rms,5.477225575051661,0.6680234653872885,0.8173270247503679,0.3317496768476136,0.5868335576352705,0.6680234653872885,0.8173270247503679,0.3317496768476136,0.5868335576352705,1.0,1.0,1.0,0.0,0.0,0.022240606357177645,0.0,,,,0.9867603562590531,0.9599555061179087,0.9636363636363636,,0.28389703256390664,0.2838402809298952,0.6643079481118287
main_corrected_inverse_map_2026-08-31_v2,breast_cancer,mlp,1,AIME,0.0,0.0,0,0,30,30,0.023358582984656096,0.9122807017543859,0.26176325396158656,0.000132917077280581,119,52,X ~= Y A^T,SVD normal-system solve,2.9698402437708484,2.9698402437708484,21.88377591027945,21.88377591027945,64.99131838401094,64.99131838401094,21.88377591027946,6.499131838401093e-11,7.4646584990800795,1,True,1.0,0.0,0.0,1.0,rms,5.477225575051661,0.458457695131408,0.6770950414317092,0.45066849561290756,0.6744552095919584,0.458457695131408,0.6770950414317092,0.45066849561290756,0.6744552095919584,1.0,1.0,1.0,0.0,0.0,0.012636782210388131,0.0,,,,0.9889184431260885,0.9284538375973304,0.7463203463203463,,0.47273308799908276,0.47273308799908276,0.8730099439622365
main_corrected_inverse_map_2026-08-31_v2,breast_cancer,mlp,1,HuberAIME,0.0,0.0,0,0,30,30,0.023358582984656096,0.9122807017543859,0.26176325396158656,0.0004935419419780374,119,52,X ~= Y A^T,SVD normal-system solve,3.0607987978118874,3.0607987978118874,20.749848931764035,20.749848931764035,63.51111266512163,63.51111266512163,20.749848931764035,6.351111266512164e-11,7.368851234212144,8,True,0.9716981308220659,0.11764705882352941,0.0,1.0,rms,5.477225575051661,0.45873026712293874,0.6772962919748924,0.45034189539711567,0.6744804826933317,0.45873026712293874,0.6772962919748924,0.45034189539711567,0.6744804826933317,1.0,1.0,1.0,0.0,0.0,0.014184842151534859,0.0,,,,0.9877210316208135,0.9354838709677418,0.779020979020979,,0.4858347821056703,0.4858347821056703,0.8673997888727808
main_corrected_inverse_map_2026-08-31_v2,breast_cancer,mlp,1,RidgeAIME,0.0,0.0,0,0,30,30,0.023358582984656096,0.9122807017543859,0.26176325396158656,0.00011812499724328518,119,52,X ~= Y A^T,SVD normal-system solve,2.9698402437708484,2.968940517633227,21.88377591027945,21.89377591027945,64.99131838401094,65.00131838401094,21.893775910279455,6.500131838401093e-11,7.461294228064535,1,True,1.0,0.0,0.01,1.0,rms,5.477225575051661,0.4584717128564512,0.6771053927243906,0.4506516993456231,0.6744522532512969,0.4584717128564512,0.6771053927243906,0.4506516993456231,0.6744522532512969,1.0,1.0,1.0,0.0,0.0,0.012637141094925164,0.0,,,,0.9889173917714015,0.9288987764182425,0.7463203463203463,,0.47273308799908276,0.4726014966454089,0.8728141662602525
main_corrected_inverse_map_2026-08-31_v2,breast_cancer,mlp,1,HuberRidgeAIME,0.0,0.0,0,0,30,30,0.023358582984656096,0.9122807017543859,0.26176325396158656,0.0005006249994039536,119,52,X ~= Y A^T,SVD normal-system solve,3.06084445037536,3.0598517270518464,20.749504703496726,20.759504703496727,63.51100631973539,63.52100631973539,20.759504703496727,6.35210063197354e-11,7.365277666608991,8,True,0.9716940877685539,0.11764705882352941,0.01,1.0,rms,5.477225575051661,0.4587494122189905,0.6773104252992054,0.4503189554300753,0.6744765401617323,0.4587494122189905,0.6773104252992054,0.4503189554300753,0.6744765401617323,1.0000000000000002,1.0,1.0,0.0,0.0,0.014185695616563696,0.0,,,,0.9877206145738568,0.9354838709677418,0.779020979020979,,0.4858412596658931,0.48570038214061123,0.8671891241322134
main_corrected_inverse_map_2026-08-31_v2,breast_cancer,lgbm,1,AIME,0.0,0.25,0,8,30,38,1.1210487090284005,0.935672514619883,0.23734496317450843,0.00014283310156315565,119,52,X ~= Y A^T,SVD normal-system solve,1.7358544985121822,1.7358544985121822,41.792408314158955,41.792408314158955,72.54553997579075,72.54553997579075,41.79240831415896,7.254553997579073e-11,5.23469490100065,1,True,1.0,0.0,0.0,1.0,rms,6.164414002968976,0.5529711289186222,0.7436202854405077,0.3201023245294593,0.5696280987652667,0.5529711289186222,0.7436202854405077,0.3201023245294593,0.5696280987652667,1.0000000000000002,1.0,1.0,0.225229073886008,0.25,0.007323368358414034,0.0,,,,0.9811800663221651,0.9192909508698982,0.6124542124542124,,0.23951331926124098,0.23951331926124098,0.7188913743294411
main_corrected_inverse_map_2026-08-31_v2,breast_cancer,lgbm,1,HuberAIME,0.0,0.25,0,8,30,38,1.1210487090284005,0.935672514619883,0.23734496317450843,0.0005457920487970114,119,52,X ~= Y A^T,SVD normal-system solve,1.879544253757075,1.879544253757075,38.45016376617243,38.45016376617243,72.26878436272789,72.26878436272789,38.45016376617242,7.22687843627279e-11,4.7203485720739184,8,True,0.9695183390920802,0.11764705882352941,0.0,1.0,rms,6.164414002968976,0.5494731405439526,0.7412645550300868,0.32440322568032365,0.5727226297863318,0.5494731405439526,0.7412645550300868,0.32440322568032365,0.5727226297863318,1.0,1.0,1.0,0.22100732003537585,0.125,0.009100937445249218,0.0,,,,0.9838328297713821,0.9363606521501259,0.7123543123543123,,0.2740525556078213,0.2740525556078213,0.673974070104153
main_corrected_inverse_map_2026-08-31_v2,breast_cancer,lgbm,1,RidgeAIME,0.0,0.25,0,8,30,38,1.1210487090284005,0.935672514619883,0.23734496317450843,0.00011749996338039637,119,52,X ~= Y A^T,SVD normal-system solve,1.7358544985121822,1.735678466908218,41.792408314158955,41.80240831415895,72.54553997579075,72.55553997579075,41.80240831415896,7.255553997579075e-11,5.233547236845173,1,True,1.0,0.0,0.01,1.0,rms,6.164414002968976,0.5529626962513565,0.7436146154099962,0.32011269279386256,0.5696295157747738,0.5529626962513565,0.7436146154099962,0.32011269279386256,0.5696295157747738,0.9999999999999999,1.0,1.0,0.22522920470606939,0.25,0.0073235226650726,0.0,,,,0.9811803693596219,0.9192909508698982,0.6124542124542124,,0.23951331926124098,0.23946927557502554,0.718796148367864
main_corrected_inverse_map_2026-08-31_v2,breast_cancer,lgbm,1,HuberRidgeAIME,0.0,0.25,0,8,30,38,1.1210487090284005,0.935672514619883,0.23734496317450843,0.0005322920624166727,119,52,X ~= Y A^T,SVD normal-system solve,1.8795564030879897,1.8793277088676537,38.44993142251679,38.45993142251678,72.26881480348553,72.27881480348555,38.459931422516775,7.227881480348554e-11,4.719220970624583,8,True,0.9695167070649541,0.11764705882352941,0.01,1.0,rms,6.164414002968976,0.5494778490268427,0.7412677310033418,0.3243974364331015,0.5727219890479811,0.5494778490268427,0.7412677310033418,0.3243974364331015,0.5727219890479811,0.9999999999999999,1.0,1.0,0.2210075772513911,0.125,0.009101367413493334,0.0,,,,0.9838337457862633,0.9363606521501259,0.7123543123543123,,0.27405536286831084,0.27400251705817175,0.6738703130234203
main_corrected_inverse_map_2026-08-31_v2,breast_cancer,svm,1,AIME,0.0,0.25,0,8,30,38,0.006365958019159734,0.9824561403508771,0.07033319527006983,0.0001437499886378646,119,52,X ~= Y A^T,SVD normal-system solve,1.6083574605030528,1.6083574605030528,42.67866695874705,42.67866695874705,68.64255240742595,68.64255240742595,42.67866695874706,6.864255240742596e-11,5.318840721830528,1,True,1.0,0.0,0.0,1.0,rms,6.164414002968976,0.6455936095221657,0.8034884003656592,0.2701581455946608,0.5245328611324546,0.6455936095221657,0.8034884003656592,0.2701581455946608,0.5245328611324546,0.9999999999999999,1.0,1.0,0.22755366841643349,0.375,0.011295438816925255,0.0,,,,0.9826174832076557,0.9122004595688805,0.598068598068598,,0.20638257791439532,0.20638257791439532,0.725816985119261
main_corrected_inverse_map_2026-08-31_v2,breast_cancer,svm,1,HuberAIME,0.0,0.25,0,8,30,38,0.006365958019159734,0.9824561403508771,0.07033319527006983,0.0005343749653548002,119,52,X ~= Y A^T,SVD normal-system solve,1.6735570991955888,1.6735570991955888,40.121798014483915,40.121798014483915,67.14611989963103,67.14611989963103,40.1217980144839,6.714611989963105e-11,5.001083643100598,8,True,0.9547418306152262,0.16806722689075632,0.0,1.0,rms,6.164414002968976,0.6512656665671954,0.8070103261837456,0.2637459002270195,0.5188828715235838,0.6512656665671954,0.8070103261837456,0.2637459002270195,0.5188828715235838,1.0,1.0,1.0,0.22649686824766932,0.375,0.011861967627766984,0.0,,,,0.9807848267918574,0.9189408031513295,0.532051282051282,,0.22364053440668988,0.22364053440668988,0.6990641181815936
main_corrected_inverse_map_2026-08-31_v2,breast_cancer,svm,1,RidgeAIME,0.0,0.25,0,8,30,38,0.006365958019159734,0.9824561403508771,0.07033319527006983,0.0001180840190500021,119,52,X ~= Y A^T,SVD normal-system solve,1.6083574605030528,1.6082149502060947,42.67866695874705,42.688666958747056,68.64255240742595,68.65255240742596,42.68866695874705,6.865255240742595e-11,5.317668268333386,1,True,1.0,0.0,0.01,1.0,rms,6.164414002968976,0.6455945850820437,0.8034890074431906,0.2701570427268196,0.5245326347044845,0.6455945850820437,0.8034890074431906,0.2701570427268196,0.5245326347044845,0.9999999999999999,1.0,1.0,0.22755382276414604,0.375,0.011295529921075074,0.0,,,,0.9826170410208885,0.9122004595688805,0.598068598068598,,0.20638257791439532,0.20634409506512524,0.7257212412832655
main_corrected_inverse_map_2026-08-31_v2,breast_cancer,svm,1,HuberRidgeAIME,0.0,0.25,0,8,30,38,0.006365958019159734,0.9824561403508771,0.07033319527006983,0.0005371250445023179,119,52,X ~= Y A^T,SVD normal-system solve,1.6735664465012265,1.6733986069486673,40.12156828829235,40.13156828829235,67.14611046829373,67.15611046829373,40.13156828829235,6.715611046829373e-11,4.99991585362707,8,True,0.9547396885829269,0.16806722689075632,0.01,1.0,rms,6.164414002968976,0.6512717727266234,0.8070141093727069,0.2637389972300652,0.5188808299251199,0.6512717727266234,0.8070141093727069,0.2637389972300652,0.5188808299251199,1.0,1.0,1.0,0.22649683630476197,0.375,0.011862020521154155,0.0,,,,0.9807849412881033,0.9189408031513295,0.532051282051282,,0.22364296006155665,0.22359940311344476,0.6989626954134296
main_corrected_inverse_map_2026-08-31_v2,breast_cancer,mlp,1,AIME,0.0,0.25,0,8,30,38,0.01926241593901068,0.9122807017543859,0.35395738835079904,0.00013941701035946608,119,52,X ~= Y A^T,SVD normal-system solve,3.9253483092754506,3.9253483092754506,15.267396792970159,15.267396792970159,59.92985018832285,59.92985018832285,15.267396792970148,5.992985018832286e-11,10.19302971503813,1,True,1.0,0.0,0.0,1.0,rms,6.164414002968976,0.5761676885124019,0.7590571049087163,0.3503655942929199,0.5983112215552148,0.5761676885124019,0.7590571049087163,0.3503655942929199,0.5983112215552148,0.9999999999999999,1.0,1.0,0.23421403141821445,0.375,0.010283963499236702,0.0,,,,0.9928141858390367,0.9694058430900535,0.7636363636363636,,0.5938781991920566,0.5938781991920566,1.0083032902826654
main_corrected_inverse_map_2026-08-31_v2,breast_cancer,mlp,1,HuberAIME,0.0,0.25,0,8,30,38,0.01926241593901068,0.9122807017543859,0.35395738835079904,0.000526249990798533,119,52,X ~= Y A^T,SVD normal-system solve,4.024322034105185,4.024322034105185,14.683334361772607,14.683334361772607,59.0904660062153,59.0904660062153,14.68333436177261,5.90904660062153e-11,10.070713934602537,8,True,0.9848282400970669,0.08403361344537816,0.0,1.0,rms,6.164414002968976,0.572857725432203,0.7568736522248631,0.35409760832527404,0.6011861067807156,0.572857725432203,0.7568736522248631,0.35409760832527404,0.6011861067807156,1.0000000000000002,1.0,1.0,0.23222428143830304,0.25,0.011006043608143912,0.0,,,,0.9930210028878392,0.9644600065652698,0.6713286713286714,,0.6046927265306933,0.6046927265306933,1.0030602597162523
main_corrected_inverse_map_2026-08-31_v2,breast_cancer,mlp,1,RidgeAIME,0.0,0.25,0,8,30,38,0.01926241593901068,0.9122807017543859,0.35395738835079904,0.00012379197869449854,119,52,X ~= Y A^T,SVD normal-system solve,3.9253483092754506,3.9234334880864,15.267396792970159,15.277396792970151,59.92985018832285,59.93985018832286,15.277396792970155,5.993985018832286e-11,10.186373531091466,1,True,1.0,0.0,0.01,1.0,rms,6.164414002968976,0.5761575232276761,0.7590504088844667,0.35037705574560696,0.5983089776612114,0.5761575232276761,0.7590504088844667,0.35037705574560696,0.5983089776612114,1.0,1.0,1.0,0.2342138366556261,0.375,0.010284058945981639,0.0,,,,0.9928129097889418,0.9694058430900535,0.7636363636363636,,0.5938781991920566,0.5936662946406996,1.0080195975732718
main_corrected_inverse_map_2026-08-31_v2,breast_cancer,mlp,1,HuberRidgeAIME,0.0,0.25,0,8,30,38,0.01926241593901068,0.9122807017543859,0.35395738835079904,0.0005149999633431435,119,52,X ~= Y A^T,SVD normal-system solve,4.024448257621561,4.022389798696946,14.682779250821707,14.69277925082171,59.09008537301142,59.10008537301141,14.692779250821712,5.910008537301141e-11,10.063666152122197,8,True,0.9848200016178088,0.08403361344537816,0.01,1.0,rms,6.164414002968976,0.5728525515859395,0.7568702343109679,0.3541034418848604,0.6011848088079933,0.5728525515859395,0.7568702343109679,0.3541034418848604,0.6011848088079933,0.9999999999999999,1.0,1.0,0.23222257212542644,0.25,0.011006743224974734,0.0,,,,0.9930194979104225,0.9644600065652698,0.6713286713286714,,0.6047063480342686,0.6044841545800378,1.002756221235535
main_corrected_inverse_map_2026-08-31_v2,breast_cancer,lgbm,1,AIME,0.0,0.5,0,15,30,45,1.1267461250536144,0.9707602339181286,0.11255004927755959,0.00015062501188367605,119,52,X ~= Y A^T,SVD normal-system solve,1.648609411760122,1.648609411760122,44.09289048164581,44.09289048164581,72.69195423974958,72.69195423974958,44.0928904816458,7.269195423974959e-11,5.605940935732812,1,True,1.0,0.0,0.0,1.0,rms,6.708203932499369,0.7357108234473991,0.8577358704446254,0.3792151364083377,0.6367125908220287,0.7357108234473991,0.8577358704446254,0.3792151364083377,0.6367125908220287,1.0,0.9999999999999999,1.0,0.3644699377364996,0.26666666666666666,0.015217555858903,0.0,,,,0.985427633631198,0.9262187088274043,0.5743589743589743,,0.2171177748621777,0.2171177748621777,0.7486485177160176
main_corrected_inverse_map_2026-08-31_v2,breast_cancer,lgbm,1,HuberAIME,0.0,0.5,0,15,30,45,1.1267461250536144,0.9707602339181286,0.11255004927755959,0.0006255829939618707,119,52,X ~= Y A^T,SVD normal-system solve,1.7381513231403432,1.7381513231403432,41.08844957792857,41.08844957792857,71.41794299966182,71.41794299966182,41.08844957792858,7.14179429996618e-11,5.410688042366584,9,True,0.9628453665064433,0.14285714285714285,0.0,1.0,rms,6.708203932499369,0.7535244157909895,0.8680578412703784,0.36418421917746746,0.6254158959096242,0.7535244157909895,0.8680578412703784,0.36418421917746746,0.6254158959096242,0.9999999999999999,0.9999999999999999,1.0,0.36287556665378745,0.26666666666666666,0.015708561036886965,0.0,,,,0.9857688998220517,0.9363636363636362,0.6713286713286714,,0.2400875833577677,0.2400875833577677,0.7332524950517182
main_corrected_inverse_map_2026-08-31_v2,breast_cancer,lgbm,1,RidgeAIME,0.0,0.5,0,15,30,45,1.1267461250536144,0.9707602339181286,0.11255004927755959,0.00013145909179002047,119,52,X ~= Y A^T,SVD normal-system solve,1.648609411760122,1.6484623444353557,44.09289048164581,44.10289048164581,72.69195423974958,72.70195423974958,44.1028904816458,7.270195423974958e-11,5.60479056405645,1,True,1.0,0.0,0.01,1.0,rms,6.708203932499369,0.7357458506911921,0.8577562886340107,0.3791855807975365,0.6367095504465912,0.7357458506911921,0.8577562886340107,0.3791855807975365,0.6367095504465912,1.0000000000000002,0.9999999999999999,1.0,0.36446972555245866,0.26666666666666666,0.015217553171636778,0.0,,,,0.9854279205887672,0.9262187088274043,0.5743589743589743,,0.2171177748621777,0.2170790310723062,0.748559388817882
main_corrected_inverse_map_2026-08-31_v2,breast_cancer,lgbm,1,HuberRidgeAIME,0.0,0.5,0,15,30,45,1.1267461250536144,0.9707602339181286,0.11255004927755959,0.0006132080452516675,119,52,X ~= Y A^T,SVD normal-system solve,1.738165486451717,1.7379858760039792,41.08813742752413,41.098137427524144,71.41798237910749,71.42798237910748,41.09813742752413,7.142798237910748e-11,5.409433168986046,9,True,0.9628431119916967,0.14285714285714285,0.01,1.0,rms,6.708203932499369,0.7535665118945856,0.8680820882235651,0.3641486989389501,0.6254093921812116,0.7535665118945856,0.8680820882235651,0.3641486989389501,0.6254093921812116,0.9999999999999999,0.9999999999999999,1.0,0.36287476421378334,0.26666666666666666,0.015708684634218026,0.0,,,,0.9857691817589647,0.9363636363636362,0.6713286713286714,,0.24009112218826684,0.24004624276946096,0.7331517596576402
main_corrected_inverse_map_2026-08-31_v2,breast_cancer,svm,1,AIME,0.0,0.5,0,15,30,45,0.006916332989931107,0.9649122807017544,0.07608066967297217,0.00015379092656075954,119,52,X ~= Y A^T,SVD normal-system solve,1.798704276557641,1.798704276557641,39.549895865461465,39.549895865461465,71.1385668306149,71.1385668306149,39.549895865461465,7.113856683061491e-11,5.6881450554762205,1,True,1.0,0.0,0.0,1.0,rms,6.708203932499369,0.7077168114094341,0.8412590631960134,0.3317896457767514,0.5885302077364335,0.7077168114094341,0.8412590631960134,0.3317896457767514,0.5885302077364335,1.0,0.9999999999999999,1.0,0.35299700125583483,0.2,0.013110481200108125,0.0,,,,0.9842345177375856,0.9372595520421607,0.7016317016317016,,0.25495976722758135,0.25495976722758135,0.7549706629660196
main_corrected_inverse_map_2026-08-31_v2,breast_cancer,svm,1,HuberAIME,0.0,0.5,0,15,30,45,0.006916332989931107,0.9649122807017544,0.07608066967297217,0.000557333929464221,119,52,X ~= Y A^T,SVD normal-system solve,1.8579187973295126,1.8579187973295126,37.702413587977006,37.702413587977006,70.04802290979411,70.04802290979411,37.70241358797699,7.004802290979413e-11,5.530850286553177,8,True,0.9687864151504807,0.13445378151260504,0.0,1.0,rms,6.708203932499369,0.7071378364863327,0.8409148806427037,0.3323363009249901,0.5908220154277569,0.7071378364863327,0.8409148806427037,0.3323363009249901,0.5908220154277569,1.0,0.9999999999999999,1.0,0.3564256572287778,0.2,0.013410359822185497,0.0,,,,0.984680637069491,0.9493017127799735,0.731934731934732,,0.26902672868756544,0.26902672868756544,0.7427919028004227
main_corrected_inverse_map_2026-08-31_v2,breast_cancer,svm,1,RidgeAIME,0.0,0.5,0,15,30,45,0.006916332989931107,0.9649122807017544,0.07608066967297217,0.00017454195767641068,119,52,X ~= Y A^T,SVD normal-system solve,1.798704276557641,1.7985023790907537,39.549895865461465,39.55989586546146,71.1385668306149,71.14856683061491,39.559895865461456,7.11485668306149e-11,5.68682312093149,1,True,1.0,0.0,0.01,1.0,rms,6.708203932499369,0.7077344260246049,0.8412695323287328,0.33177301445183016,0.5885291954588746,0.7077344260246049,0.8412695323287328,0.33177301445183016,0.5885291954588746,1.0000000000000002,0.9999999999999999,1.0,0.3529972965034892,0.2,0.013110734514266685,0.0,,,,0.9842335716280143,0.9375757575757575,0.7016317016317016,,0.25495976722758135,0.25491101664733107,0.7548697204628152
main_corrected_inverse_map_2026-08-31_v2,breast_cancer,svm,1,HuberRidgeAIME,0.0,0.5,0,15,30,45,0.006916332989931107,0.9649122807017544,0.07608066967297217,0.0005505839362740517,119,52,X ~= Y A^T,SVD normal-system solve,1.857943072658177,1.8577155734954425,37.70192220423235,37.71192220423235,70.048025185251,70.05802518525101,37.711922204232344,7.005802518525101e-11,5.529463246385388,8,True,0.9687820216659813,0.13445378151260504,0.01,1.0,rms,6.708203932499369,0.7071605245465936,0.8409283706396126,0.33231487936690474,0.5908203244400385,0.7071605245465936,0.8409283706396126,0.33231487936690474,0.5908203244400385,1.0000000000000002,0.9999999999999999,1.0,0.35642614331186395,0.2,0.013410694306044862,0.0,,,,0.9846793188635685,0.9493017127799735,0.731934731934732,,0.2690324030864825,0.2689792218658454,0.7426829757085437
main_corrected_inverse_map_2026-08-31_v2,breast_cancer,mlp,1,AIME,0.0,0.5,0,15,30,45,0.04075816704425961,0.9590643274853801,0.13738712157095623,0.00014254101552069187,119,52,X ~= Y A^T,SVD normal-system solve,1.7181907961930767,1.7181907961930767,41.880811173065325,41.880811173065325,71.95922429466101,71.95922429466101,41.88081117306533,7.1959224294661e-11,7.6240527634867385,1,True,1.0,0.0,0.0,1.0,rms,6.708203932499369,0.8958255121205705,0.9464805925747081,0.18669160012180452,0.48166159476293136,0.8958255121205705,0.9464805925747081,0.18669160012180452,0.48166159476293136,1.0,0.9999999999999999,1.0,0.3706237709176506,0.13333333333333333,0.011297505160587522,0.0,,,,0.9868456204665756,0.8571541501976283,0.3743589743589743,,0.23507138832698588,0.23507138832698588,0.8821858932456744
main_corrected_inverse_map_2026-08-31_v2,breast_cancer,mlp,1,HuberAIME,0.0,0.5,0,15,30,45,0.04075816704425961,0.9590643274853801,0.13738712157095623,0.0006688750581815839,119,52,X ~= Y A^T,SVD normal-system solve,1.8674691903177516,1.8674691903177516,37.788595411113455,37.788595411113455,70.56903767563715,70.56903767563715,37.788595411113455,7.056903767563714e-11,6.960027533686301,10,True,0.9537979331767733,0.15966386554621848,0.0,1.0,rms,6.708203932499369,0.8743268668839282,0.9350544726827033,0.20620994216541566,0.48715224450447264,0.8743268668839282,0.9350544726827033,0.20620994216541566,0.48715224450447264,1.0,0.9999999999999999,1.0,0.36562778999026535,0.2,0.012436940647867836,0.0,,,,0.9894011014161366,0.9322266139657444,0.6427572427572427,,0.27125344551535324,0.27125344551535324,0.8426109576715355
main_corrected_inverse_map_2026-08-31_v2,breast_cancer,mlp,1,RidgeAIME,0.0,0.5,0,15,30,45,0.04075816704425961,0.9590643274853801,0.13738712157095623,0.00012412492651492357,119,52,X ~= Y A^T,SVD normal-system solve,1.7181907961930767,1.7180193526769258,41.880811173065325,41.89081117306532,71.95922429466101,71.96922429466102,41.89081117306533,7.196922429466102e-11,7.622333528959928,1,True,1.0,0.0,0.01,1.0,rms,6.708203932499369,0.8957719951973341,0.9464523206149025,0.18674018744446375,0.48166490002165674,0.8957719951973341,0.9464523206149025,0.18674018744446375,0.48166490002165674,1.0,0.9999999999999999,1.0,0.37062350643126984,0.13333333333333333,0.0112979265590128,0.0,,,,0.9868456171004791,0.8571541501976283,0.3743589743589743,,0.23507138832698588,0.23502805164508436,0.8820879481907696
main_corrected_inverse_map_2026-08-31_v2,breast_cancer,mlp,1,HuberRidgeAIME,0.0,0.5,0,15,30,45,0.04075816704425961,0.9590643274853801,0.13738712157095623,0.0006538750603795052,119,52,X ~= Y A^T,SVD normal-system solve,1.8674907538337528,1.867261247771233,37.78816290290522,37.79816290290522,70.56904482553912,70.57904482553913,37.79816290290521,7.057904482553913e-11,6.958227967437102,10,True,0.9537944035514375,0.15966386554621848,0.01,1.0,rms,6.708203932499369,0.8742885901870966,0.9350340048292878,0.20624469308357063,0.48715564212797735,0.8742885901870966,0.9350340048292878,0.20624469308357063,0.48715564212797735,1.0000000000000002,0.9999999999999999,1.0,0.36562678718902164,0.2,0.012437677048240997,0.0,,,,0.989401177954711,0.9322266139657444,0.6427572427572427,,0.2712584602497279,0.2712050841666046,0.8424986531235785
main_corrected_inverse_map_2026-08-31_v2,breast_cancer,lgbm,1,AIME,0.05,0.0,28,0,30,30,1.126143041998148,0.9707602339181286,0.10821742778417845,0.0001352920662611723,119,52,X ~= Y A^T,SVD normal-system solve,1.7042781544692898,1.7042781544692898,43.30866549780837,43.30866549780837,73.81001250713265,73.81001250713265,43.308665497808356,7.381001250713267e-11,4.630571930413292,1,True,1.0,0.0,0.0,1.0,rms,5.477225575051661,0.8346523308705007,0.9135930882348556,0.30266863890747653,0.5620188157562513,0.9036334319224163,0.9505963559379008,0.2854246233338442,0.5473364573570465,0.9341099873592908,0.9305895439377085,0.8181818181818182,0.0,0.0,0.04320693457292948,0.1111111111111111,0.06722689075630252,1.0,1.0,0.9414859189318676,0.8585984427141268,0.6237096237096236,,0.2315404772221476,0.2315404772221476,0.6656346348370838
main_corrected_inverse_map_2026-08-31_v2,breast_cancer,lgbm,1,HuberAIME,0.05,0.0,28,0,30,30,1.126143041998148,0.9707602339181286,0.10821742778417845,0.0005365409888327122,119,52,X ~= Y A^T,SVD normal-system solve,1.7721862153469439,1.7721862153469439,38.56038775404478,38.56038775404478,68.33618763615127,68.33618763615127,38.56038775404479,6.833618763615125e-11,4.243482789185326,9,True,0.9115739235661918,0.24369747899159663,0.0,1.0,rms,5.477225575051661,0.8175504778974563,0.9041849799114429,0.31695681371968776,0.5834124535964533,0.8874000701823626,0.9420191453374833,0.29826164349065565,0.5674650242975283,0.9958909245117599,0.9853170189098998,0.8181818181818182,0.0,0.0,0.030840252409412506,0.0,1.0,0.21061314560436573,0.9620936192751524,0.9805225120941434,0.930500556173526,0.7272727272727273,,0.24850935414729636,0.24850935414729636,0.6277224450947388
main_corrected_inverse_map_2026-08-31_v2,breast_cancer,lgbm,1,RidgeAIME,0.05,0.0,28,0,30,30,1.126143041998148,0.9707602339181286,0.10821742778417845,0.00012037507258355618,119,52,X ~= Y A^T,SVD normal-system solve,1.7042781544692898,1.704115573709617,43.30866549780837,43.318665497808354,73.81001250713265,73.82001250713267,43.318665497808354,7.382001250713268e-11,4.629615644002712,1,True,1.0,0.0,0.01,1.0,rms,5.477225575051661,0.8346702864617385,0.9136029150904338,0.3026536374554779,0.5620152145444387,0.9036515469643734,0.9506058841414634,0.28541029831833176,0.5473329976350783,0.9341091301109954,0.9305895439377085,0.8181818181818182,0.0,0.0,0.043207235052856036,0.1111111111111111,0.06722689075630252,1.0,1.0,0.9414857453743638,0.8585984427141268,0.6237096237096236,,0.2315404772221476,0.23149904543200003,0.6655449368888786
main_corrected_inverse_map_2026-08-31_v2,breast_cancer,lgbm,1,HuberRidgeAIME,0.05,0.0,28,0,30,30,1.126143041998148,0.9707602339181286,0.10821742778417845,0.0005439580418169498,119,52,X ~= Y A^T,SVD normal-system solve,1.7722089640739902,1.772008753944483,38.55992480718437,38.56992480718437,68.33624439731118,68.34624439731118,38.56992480718437,6.834624439731118e-11,4.242453368095887,9,True,0.9115705371989612,0.24369747899159663,0.01,1.0,rms,5.477225575051661,0.817588250382246,0.9042058672571451,0.31692525574368247,0.5834055035490604,0.8874378685346496,0.9420392075357849,0.298231753304139,0.5674582871728494,0.99589082013285,0.9853170189098998,0.8181818181818182,0.0,0.0,0.03084072339253478,0.0,1.0,0.2106131182615198,0.962089990816074,0.9805228295266138,0.930500556173526,0.7272727272727273,,0.24851492894701624,0.2484658630252945,0.6276170773680426
main_corrected_inverse_map_2026-08-31_v2,breast_cancer,svm,1,AIME,0.05,0.0,28,0,30,30,0.006072666961699724,0.9649122807017544,0.07807039167056287,0.0001235420349985361,119,52,X ~= Y A^T,SVD normal-system solve,1.7961003693973097,1.7961003693973097,39.35035729306287,39.35035729306287,70.67719126998634,70.67719126998634,39.350357293062885,7.067719126998632e-11,4.628226056616033,1,True,1.0,0.0,0.0,1.0,rms,5.477225575051661,0.7057240462298979,0.8400738337967074,0.32120612822267247,0.5780210117013951,2.0536563694510326,1.4330583970833264,0.12917838273077364,0.38180367025297096,0.9984283293614298,0.9933259176863181,0.8181818181818182,0.0,0.0,0.017449413347581266,0.0,0.01680672268907563,1.0,1.0,0.9803827625907786,0.923381535038932,0.7682983682983683,,0.2543306021850938,0.2543306021850938,0.6654145630591666
main_corrected_inverse_map_2026-08-31_v2,breast_cancer,svm,1,HuberAIME,0.05,0.0,28,0,30,30,0.006072666961699724,0.9649122807017544,0.07807039167056287,0.0005456249928101897,119,52,X ~= Y A^T,SVD normal-system solve,1.8389070480460348,1.8389070480460348,37.09395859788207,37.09395859788207,68.21234190557315,68.21234190557315,37.09395859788208,6.821234190557316e-11,4.5160449548580655,8,True,0.9537422899355662,0.15126050420168066,0.0,1.0,rms,5.477225575051661,0.7030903182127789,0.838504811085052,0.3237393541308716,0.5816589167916476,2.0539703584433595,1.4331679449538912,0.12904524049423882,0.3824450618007169,0.9997188745055459,0.9977753058954394,1.0,0.0,0.0,0.017967849629733607,0.0,0.75,0.41412973530136,0.9629664361686294,0.9823963830394187,0.9299666295884315,0.8046620046620045,,0.2645597773397992,0.2645597773397992,0.6547582564481513
main_corrected_inverse_map_2026-08-31_v2,breast_cancer,svm,1,RidgeAIME,0.05,0.0,28,0,30,30,0.006072666961699724,0.9649122807017544,0.07807039167056287,0.00011933303903788328,119,52,X ~= Y A^T,SVD normal-system solve,1.7961003693973097,1.7958981099606208,39.35035729306287,39.36035729306287,70.67719126998634,70.68719126998634,39.36035729306287,7.068719126998634e-11,4.627145346024591,1,True,1.0,0.0,0.01,1.0,rms,5.477225575051661,0.7057368447343875,0.8400814512500484,0.3211938181044871,0.5780203512084484,2.053668033800664,1.4330624668173624,0.12917343664146597,0.38180397012965084,0.9984282695157953,0.9933259176863181,0.8181818181818182,0.0,0.0,0.017449649928387535,0.0,0.01680672268907563,1.0,1.0,0.9803818393615102,0.923381535038932,0.7682983682983683,,0.2543306021850938,0.25428169339080314,0.6653131415973769
main_corrected_inverse_map_2026-08-31_v2,breast_cancer,svm,1,HuberRidgeAIME,0.05,0.0,28,0,30,30,0.006072666961699724,0.9649122807017544,0.07807039167056287,0.0004805830540135503,119,52,X ~= Y A^T,SVD normal-system solve,1.8389317176880513,1.8387056116397429,37.09346202423178,37.103462024231774,68.21234383521706,68.22234383521706,37.103462024231774,6.822234383521706e-11,4.514888402895899,8,True,0.9537379555424471,0.15126050420168066,0.01,1.0,rms,5.477225575051661,0.7031082102411269,0.8385154800247441,0.3237221448558565,0.5816578958892322,2.0539866258827653,1.433173620285681,0.129038342535017,0.38244503752106057,0.99971885375731,0.9977753058954394,1.0,0.0,0.0,0.017968577855524057,0.0,0.75,0.4141305347112353,0.9629620140181944,0.9823953114366792,0.9299666295884315,0.8046620046620045,,0.26456560352744957,0.2645122015193473,0.6546470200746667
main_corrected_inverse_map_2026-08-31_v2,breast_cancer,mlp,1,AIME,0.05,0.0,28,0,30,30,0.030527292052283883,0.9473684210526315,0.19291144717939168,0.0001240839483216405,119,52,X ~= Y A^T,SVD normal-system solve,1.8831107789250605,1.8831107789250605,36.506334582738795,36.506334582738795,68.74547215180013,68.74547215180013,36.506334582738795,6.874547215180013e-11,7.128066937371733,1,True,1.0,0.0,0.0,1.0,rms,5.477225575051661,0.9718424801162472,0.9858207139821353,0.1574310798365407,0.4592972476188404,4.103632648480059,2.0257424931318537,0.046538548410954506,0.2696991085404528,0.968159072002007,0.8638487208008899,0.6666666666666666,0.0,0.0,0.024463629455511577,0.0,0.058823529411764705,1.0,1.0,0.9585643569889222,0.8902780867630702,0.5677655677655677,,0.27487586927886287,0.27487586927886287,0.852971769367017
main_corrected_inverse_map_2026-08-31_v2,breast_cancer,mlp,1,HuberAIME,0.05,0.0,28,0,30,30,0.030527292052283883,0.9473684210526315,0.19291144717939168,0.0005335420137271285,119,52,X ~= Y A^T,SVD normal-system solve,2.025203687125997,2.025203687125997,31.58964559724503,31.58964559724503,63.97546673854415,63.97546673854415,31.589645597245035,6.397546673854414e-11,6.356091910148002,9,True,0.9127664003638495,0.2184873949579832,0.0,1.0,rms,5.477225575051661,0.9198830964000052,0.9591053625123807,0.2024788758794922,0.4819169546923875,4.048253893838155,2.012027309416588,0.05940556461612578,0.28618283438103326,0.9977757111593979,0.9808676307007785,1.0,0.0,0.0,0.01823419912865162,0.0,0.982142857142857,0.22658786220156646,0.9556525589989923,0.9884525177458989,0.9393103448275862,0.834965034965035,,0.30646870940066984,0.30646870940066984,0.8031901685513126
main_corrected_inverse_map_2026-08-31_v2,breast_cancer,mlp,1,RidgeAIME,0.05,0.0,28,0,30,30,0.030527292052283883,0.9473684210526315,0.19291144717939168,0.00011925003491342068,119,52,X ~= Y A^T,SVD normal-system solve,1.8831107789250605,1.8828689389953372,36.506334582738795,36.51633458273879,68.74547215180013,68.75547215180013,36.51633458273879,6.875547215180012e-11,7.126178345540927,1,True,1.0,0.0,0.01,1.0,rms,5.477225575051661,0.9717726946882538,0.9857853187627892,0.15749158247345008,0.45929870273889656,4.103588653534475,2.025731634134807,0.04654877044793304,0.26969921467624736,0.9681587181296598,0.8638487208008899,0.6666666666666666,0.0,0.0,0.024464858198896048,0.0,0.058823529411764705,1.0,1.0,0.9585635253055586,0.8905450500556172,0.5677655677655677,,0.27487586927886287,0.27482009109895006,0.8528566871582846
main_corrected_inverse_map_2026-08-31_v2,breast_cancer,mlp,1,HuberRidgeAIME,0.05,0.0,28,0,30,30,0.030527292052283883,0.9473684210526315,0.19291144717939168,0.0005426249699667096,119,52,X ~= Y A^T,SVD normal-system solve,2.0252369581503746,2.0249125070351854,31.58911956385628,31.59911956385627,63.97545241615278,63.98545241615278,31.599119563856274,6.398545241615277e-11,6.354059040962801,9,True,0.9127620972027239,0.2184873949579832,0.01,1.0,rms,5.477225575051661,0.9198433615905235,0.9590846477712609,0.20251332520250787,0.481918525279797,4.04824321565205,2.0120246558260786,0.05940804564688462,0.28618314254045707,0.9977756459583744,0.9808676307007785,1.0,0.0,0.0,0.018235584154060885,0.0,0.982142857142857,0.22658728102944728,0.9556480232135537,0.988451973866735,0.9393103448275862,0.834965034965035,,0.30647584414158335,0.30640626284317124,0.8030512459090108
main_corrected_inverse_map_2026-08-31_v2,breast_cancer,lgbm,1,AIME,0.05,0.25,28,8,30,38,1.118721583043225,0.9532163742690059,0.14665265108871695,0.00014520809054374695,119,52,X ~= Y A^T,SVD normal-system solve,1.8514294582308979,1.8514294582308979,41.157612255853365,41.157612255853365,76.20041576093196,76.20041576093196,41.15761225585336,7.620041576093197e-11,4.754114259036517,1,True,1.0,0.0,0.0,1.0,rms,6.164414002968976,0.6991170254735414,0.8361321818190838,0.2281021903079905,0.4872250404357222,3.611036457907781,1.900272732506516,0.025874165679363403,0.21337800616740044,0.9720775101121416,0.9258124521282415,0.8181818181818182,0.21077998637094866,0.25,0.027742586344843296,0.0,0.06722689075630252,1.0,1.0,0.9578608877086822,0.881518765729292,0.6713286713286712,,0.26750716953982795,0.26750716953982795,0.6770696152282492
main_corrected_inverse_map_2026-08-31_v2,breast_cancer,lgbm,1,HuberAIME,0.05,0.25,28,8,30,38,1.118721583043225,0.9532163742690059,0.14665265108871695,0.0005283330101519823,119,52,X ~= Y A^T,SVD normal-system solve,1.9226547941412437,1.9226547941412437,37.138019269094464,37.138019269094464,71.40359079263436,71.40359079263436,37.13801926909446,7.140359079263436e-11,4.452454414018565,8,True,0.9258202473748675,0.17647058823529413,0.0,1.0,rms,6.164414002968976,0.6936982703909745,0.8328855085730418,0.23408505873643082,0.4916141823693347,3.6032930947102915,1.8982342043884604,0.02796304243902159,0.2154008981919666,0.9954538564845556,0.9842433526644053,0.8181818181818182,0.20843548016501523,0.25,0.02461250288307644,0.0,0.8976076007326008,0.3595162115452899,0.9666349526598822,0.9848424955956947,0.9624904256483203,0.8606060606060606,,0.2839013152017324,0.2839013152017324,0.6485994816801351
main_corrected_inverse_map_2026-08-31_v2,breast_cancer,lgbm,1,RidgeAIME,0.05,0.25,28,8,30,38,1.118721583043225,0.9532163742690059,0.14665265108871695,0.00012570794206112623,119,52,X ~= Y A^T,SVD normal-system solve,1.8514294582308979,1.851222638011902,41.157612255853365,41.16761225585336,76.20041576093196,76.21041576093197,41.16761225585336,7.621041576093196e-11,4.753086116248646,1,True,1.0,0.0,0.01,1.0,rms,6.164414002968976,0.6991083514982781,0.836126994838869,0.22811176727760074,0.48722542124722307,3.6110213910363287,1.9002687681052721,0.02587823017134372,0.21337622047486465,0.9720774208823219,0.9258124521282415,0.8181818181818182,0.21077980869462215,0.25,0.02774238551066434,0.0,0.06722689075630252,1.0,1.0,0.9578607643140128,0.881518765729292,0.6713286713286712,,0.26750716953982795,0.2674586524890143,0.6769756828983315
main_corrected_inverse_map_2026-08-31_v2,breast_cancer,lgbm,1,HuberRidgeAIME,0.05,0.25,28,8,30,38,1.118721583043225,0.9532163742690059,0.14665265108871695,0.0005195420235395432,119,52,X ~= Y A^T,SVD normal-system solve,1.9226652013849532,1.9224168248983002,37.13784816460248,37.14784816460248,71.40364832039924,71.41364832039925,37.14784816460248,7.141364832039925e-11,4.4514056661358214,8,True,0.9258192931989329,0.17647058823529413,0.01,1.0,rms,6.164414002968976,0.6936983072632731,0.832885530708316,0.23408501802558346,0.49161197590697914,3.6032870314367944,1.8982326073052256,0.027964678088903017,0.21539743512459752,0.9954540145421295,0.9842433526644053,0.8181818181818182,0.20843573244374766,0.25,0.02461230239173128,0.0,0.8976076007326008,0.35951362299891265,0.9666341162764117,0.9848422635527848,0.9624904256483203,0.8606060606060606,,0.2839036660118185,0.2838475587366027,0.6484971742726985
main_corrected_inverse_map_2026-08-31_v2,breast_cancer,svm,1,AIME,0.05,0.25,28,8,30,38,0.006228834041394293,0.9649122807017544,0.1647467812024709,0.00014050002209842205,119,52,X ~= Y A^T,SVD normal-system solve,1.766483844363296,1.766483844363296,39.72819702348584,39.72819702348584,70.17921820766972,70.17921820766972,39.72819702348585,7.01792182076697e-11,5.854763481444271,1,True,1.0,0.0,0.0,1.0,rms,6.164414002968976,0.6284189708436919,0.7927288129263953,0.29344091148158513,0.5594420506880383,2.432197148005418,1.5595503031340214,0.08624205938204921,0.3156273773781997,0.9849624263360128,0.9601706970128022,1.0,0.21699245923008684,0.25,0.015391985057502963,0.0,0.04201680672268908,1.0,1.0,0.9757628290269966,0.9231425757741547,0.7272727272727273,,0.24710966988523939,0.24710966988523939,0.767509355295933
main_corrected_inverse_map_2026-08-31_v2,breast_cancer,svm,1,HuberAIME,0.05,0.25,28,8,30,38,0.006228834041394293,0.9649122807017544,0.1647467812024709,0.0005915419897064567,119,52,X ~= Y A^T,SVD normal-system solve,1.8746127815878935,1.8746127815878935,36.269395990398394,36.269395990398394,67.99107330407352,67.99107330407352,36.26939599039839,6.799107330407353e-11,5.4014938669996635,9,True,0.9292109351534575,0.19327731092436976,0.0,1.0,rms,6.164414002968976,0.6127056125688783,0.7827551421542233,0.3111081313067756,0.5706070062190961,2.4227507548821516,1.5565187936167528,0.0897909973181299,0.31948703039378423,0.9990775213437036,0.9964985228143123,1.0,0.20942057532095706,0.125,0.01373363646718242,0.0,0.9111111111111111,0.2758959922592027,0.9578650993154862,0.9852670470632733,0.9528175949228581,0.9333333333333333,,0.27291157383084663,0.27291157383084663,0.7325138873176977
main_corrected_inverse_map_2026-08-31_v2,breast_cancer,svm,1,RidgeAIME,0.05,0.25,28,8,30,38,0.006228834041394293,0.9649122807017544,0.1647467812024709,0.00011808297131210566,119,52,X ~= Y A^T,SVD normal-system solve,1.766483844363296,1.7662909609660171,39.72819702348584,39.73819702348584,70.17921820766972,70.18921820766973,39.73819702348584,7.018921820766972e-11,5.853384857093279,1,True,1.0,0.0,0.01,1.0,rms,6.164414002968976,0.6284031682298885,0.7927188456381546,0.29345867905532685,0.5594399912508589,2.4321875831909843,1.5595472366013747,0.08624565280996943,0.3156250845515497,0.9849617602549509,0.9601706970128022,1.0,0.21699187434692055,0.25,0.015392348328802569,0.0,0.04201680672268908,1.0,1.0,0.9757620369726598,0.9231425757741547,0.7272727272727273,,0.24710966988523939,0.2470622464292943,0.7674070796954352
main_corrected_inverse_map_2026-08-31_v2,breast_cancer,svm,1,HuberRidgeAIME,0.05,0.25,28,8,30,38,0.006228834041394293,0.9649122807017544,0.1647467812024709,0.0005727920215576887,119,52,X ~= Y A^T,SVD normal-system solve,1.8746378120954523,1.874396724912634,36.26890134470589,36.27890134470588,67.99105386394525,68.00105386394526,36.27890134470589,6.800105386394523e-11,5.400073111286052,9,True,0.9292064608341384,0.19327731092436976,0.01,1.0,rms,6.164414002968976,0.6127070080516446,0.7827560335453471,0.31110656230412437,0.5706017143299054,2.4227573554728217,1.5565209139207934,0.08978851752649675,0.3194820457839999,0.9990775186586881,0.9964985228143123,1.0,0.20942216275349074,0.125,0.01373425863630319,0.0,0.9111111111111111,0.2758959041348052,0.9578604326191968,0.9852671091431324,0.9528175949228581,0.9333333333333333,,0.27291737264905874,0.2728615167574865,0.7323996397513303
main_corrected_inverse_map_2026-08-31_v2,breast_cancer,mlp,1,AIME,0.05,0.25,28,8,30,38,0.022530583082698286,0.9239766081871345,0.3513260062350161,0.00013537495397031307,119,52,X ~= Y A^T,SVD normal-system solve,2.1898504795051683,2.1898504795051683,27.294689164170542,27.294689164170542,59.77128815410338,59.77128815410338,27.294689164170542,5.977128815410338e-11,8.95212146053038,1,True,1.0,0.0,0.0,1.0,rms,6.164414002968976,0.7630993277445275,0.8735555664893491,0.3049063426205224,0.5602104646831857,3.5539426652654305,1.8851903525282083,0.08050661585933405,0.3120506628720154,0.9752458219025387,0.8691322901849217,0.42857142857142855,0.24496238467989895,0.375,0.01090709200509215,0.0,0.05042016806722689,1.0,1.0,0.9572621362717074,0.8528066528066528,0.6046620046620046,,0.3404144627201814,0.3404144627201814,0.9519259659778745
main_corrected_inverse_map_2026-08-31_v2,breast_cancer,mlp,1,HuberAIME,0.05,0.25,28,8,30,38,0.022530583082698286,0.9239766081871345,0.3513260062350161,0.0005500840488821268,119,52,X ~= Y A^T,SVD normal-system solve,2.209833805406494,2.209833805406494,25.498412092257915,25.498412092257915,56.347253025657274,56.347253025657274,25.498412092257915,5.634725302565728e-11,8.437091731368945,8,True,0.9390774516069733,0.13445378151260504,0.0,1.0,rms,6.164414002968976,0.7366199780157141,0.8582656803203272,0.3290259131388613,0.5778971164780764,3.5055183895310202,1.8723029641409588,0.09303518071345163,0.3298690492195494,0.9992165971486181,0.9954043111937849,0.8181818181818182,0.2295291777275156,0.125,0.01057035064254728,0.0,0.9305555555555555,0.28860428059802273,0.9736158500676255,0.9862185478153851,0.9037969143232301,0.619047619047619,,0.34435961300233686,0.34435961300233686,0.9261927709527411
main_corrected_inverse_map_2026-08-31_v2,breast_cancer,mlp,1,RidgeAIME,0.05,0.25,28,8,30,38,0.022530583082698286,0.9239766081871345,0.3513260062350161,0.00012787501327693462,119,52,X ~= Y A^T,SVD normal-system solve,2.1898504795051683,2.1894147116880176,27.294689164170542,27.30468916417054,59.77128815410338,59.78128815410338,27.304689164170544,5.978128815410337e-11,8.948864634279603,1,True,1.0,0.0,0.01,1.0,rms,6.164414002968976,0.763071222653351,0.8735394797336586,0.30493194305012117,0.5602082130235586,3.5539169995094215,1.8851835453104882,0.08051325622893812,0.31204920066860664,0.9752440376717783,0.8691322901849217,0.42857142857142855,0.2449624678441783,0.375,0.010907819751528538,0.0,0.05042016806722689,1.0,1.0,0.95725825990364,0.8528066528066528,0.6046620046620046,,0.3404144627201814,0.34032803198317796,0.9517679387410122
main_corrected_inverse_map_2026-08-31_v2,breast_cancer,mlp,1,HuberRidgeAIME,0.05,0.25,28,8,30,38,0.022530583082698286,0.9239766081871345,0.3513260062350161,0.0005215420387685299,119,52,X ~= Y A^T,SVD normal-system solve,2.209844439340644,2.209370143971232,25.498249023044274,25.508249023044275,56.347163816497385,56.357163816497376,25.508249023044268,5.6357163816497385e-11,8.43373446510562,8,True,0.9390753433512488,0.13445378151260504,0.01,1.0,rms,6.164414002968976,0.7366171902492673,0.8582640562491635,0.3290284524659254,0.5778954247745438,3.5055271536385835,1.8723053046014113,0.09303291322078744,0.3298683652359851,0.9992164420907679,0.9954043111937849,0.8181818181818182,0.22952965379788492,0.125,0.010571183869781528,0.0,0.9305555555555555,0.2886038026777651,0.9736136552454161,0.9862171279878057,0.9037969143232301,0.619047619047619,,0.3443617028643885,0.34426848093156065,0.9260199231959438
main_corrected_inverse_map_2026-08-31_v2,breast_cancer,lgbm,1,AIME,0.05,0.5,28,15,30,45,1.1325891660526395,0.9590643274853801,0.2575143937827882,0.0001472920412197709,119,52,X ~= Y A^T,SVD normal-system solve,1.861486344607183,1.861486344607183,41.30962613977599,41.30962613977599,76.89730496002095,76.89730496002095,41.309626139776,7.689730496002094e-11,5.600996659684834,1,True,1.0,0.0,0.0,1.0,rms,6.708203932499369,0.6538270685832106,0.808595738662535,0.33620289727173136,0.5879800482226678,1.3003112634993403,1.1403119150036714,0.18940539429045955,0.44803622770155477,0.9714241496125129,0.9801054018445321,0.8181818181818182,0.3500910057164878,0.3333333333333333,0.01690546417230827,0.0,0.04201680672268908,1.0,1.0,0.9672342270958575,0.9407114624505928,0.8129870129870129,,0.26985985469166557,0.26985985469166557,0.7482653136648348
main_corrected_inverse_map_2026-08-31_v2,breast_cancer,lgbm,1,HuberAIME,0.05,0.5,28,15,30,45,1.1325891660526395,0.9590643274853801,0.2575143937827882,0.0005614999681711197,119,52,X ~= Y A^T,SVD normal-system solve,1.8812569041529306,1.8812569041529306,38.039599998018474,38.039599998018474,71.56226012748806,71.56226012748806,38.03959999801848,7.156226012748806e-11,5.6340418585100664,8,True,0.9270545912081362,0.18487394957983194,0.0,1.0,rms,6.708203932499369,0.6335670894471576,0.7959692766980128,0.3567718154124089,0.6062465556654332,1.2800567260180096,1.1313959192157312,0.20203177020857976,0.4624624593386633,0.9985489880946461,0.9951251646903819,1.0,0.35881952605172673,0.4,0.013751466572553939,0.0,1.0,0.23866101938619172,0.9572472917266424,0.9850444216391651,0.9674835309617917,0.8606060606060606,,0.27444810678776194,0.27444810678776194,0.7508200692831254
main_corrected_inverse_map_2026-08-31_v2,breast_cancer,lgbm,1,RidgeAIME,0.05,0.5,28,15,30,45,1.1325891660526395,0.9590643274853801,0.2575143937827882,0.00012824998702853918,119,52,X ~= Y A^T,SVD normal-system solve,1.861486344607183,1.8612778513498403,41.30962613977599,41.31962613977599,76.89730496002095,76.90730496002095,41.319626139776,7.690730496002095e-11,5.599807172694904,1,True,1.0,0.0,0.01,1.0,rms,6.708203932499369,0.6538440221966525,0.8086062219626142,0.3361856851371713,0.5879746462455713,1.3003250130425412,1.140317943839586,0.18939682303074468,0.4480320017933882,0.971424936324988,0.9801054018445321,0.8181818181818182,0.35009073288544085,0.3333333333333333,0.016905711610877356,0.0,0.04201680672268908,1.0,1.0,0.9672342650860614,0.9407114624505928,0.8129870129870129,,0.26985985469166557,0.2698112094020332,0.7481730724925592
main_corrected_inverse_map_2026-08-31_v2,breast_cancer,lgbm,1,HuberRidgeAIME,0.05,0.5,28,15,30,45,1.1325891660526395,0.9590643274853801,0.2575143937827882,0.0005276249721646309,119,52,X ~= Y A^T,SVD normal-system solve,1.8812681895243437,1.8810365780136002,38.03941242749103,38.04941242749103,71.56233654803587,71.57233654803588,38.04941242749103,7.157233654803587e-11,5.632686027236077,8,True,0.9270537614447546,0.18487394957983194,0.01,1.0,rms,6.708203932499369,0.6335921599377375,0.7959850249456566,0.3567463626286216,0.6062377584598663,1.2800780532031892,1.131405344340917,0.2020184751601194,0.4624556839868623,0.9985488799587519,0.9951251646903819,1.0,0.3588188207181188,0.4,0.013751717032147377,0.0,1.0,0.23866185390343406,0.9572463889684966,0.9850449264555957,0.9674835309617917,0.8606060606060606,,0.2744507120458846,0.27439724077898664,0.7507155438078501
main_corrected_inverse_map_2026-08-31_v2,breast_cancer,svm,1,AIME,0.05,0.5,28,15,30,45,0.00697866699192673,0.9532163742690059,0.09703980645844598,0.0001344160409644246,119,52,X ~= Y A^T,SVD normal-system solve,1.7445540628405847,1.7445540628405847,38.8745228411052,38.8745228411052,67.81870676343918,67.81870676343918,38.8745228411052,6.781870676343919e-11,5.809669682214055,1,True,1.0,0.0,0.0,1.0,rms,6.708203932499369,0.5446797858728063,0.7380242447730334,0.3329590863415198,0.5818161222679973,2.1216436871843354,1.4565863129881234,0.09771269050795472,0.3365398780950526,0.9704600394531633,0.9542819499341239,1.0,0.3559386628896881,0.4,0.02136195094521398,0.0,0.09243697478991597,1.0,1.0,0.9384588951284135,0.8361528326745716,0.593939393939394,,0.24168443255715005,0.24168443255715005,0.7641514406055085
main_corrected_inverse_map_2026-08-31_v2,breast_cancer,svm,1,HuberAIME,0.05,0.5,28,15,30,45,0.00697866699192673,0.9532163742690059,0.09703980645844598,0.0005600840086117387,119,52,X ~= Y A^T,SVD normal-system solve,1.711729859350572,1.711729859350572,36.683794912265235,36.683794912265235,62.792747105617,62.792747105617,36.68379491226523,6.2792747105617e-11,5.542813502950569,8,True,0.8967761300321024,0.21008403361344538,0.0,1.0,rms,6.708203932499369,0.5262726384941493,0.7254465097401388,0.35550135929484905,0.6004540135242256,2.0964283240574155,1.447904804901695,0.10843621693752548,0.3525428791280828,0.997466935934834,0.9959156785243741,1.0,0.3635511264929694,0.4,0.014689189184635456,0.0,1.0,0.20400284798862114,0.9673363717217163,0.9752346491004031,0.9326218708827405,0.7333333333333332,,0.23343522654994914,0.23343522654994914,0.7437302662882862
main_corrected_inverse_map_2026-08-31_v2,breast_cancer,svm,1,RidgeAIME,0.05,0.5,28,15,30,45,0.00697866699192673,0.9532163742690059,0.09703980645844598,0.00012837490066885948,119,52,X ~= Y A^T,SVD normal-system solve,1.7445540628405847,1.7443625845843431,38.8745228411052,38.884522841105195,67.81870676343918,67.82870676343919,38.884522841105195,6.782870676343919e-11,5.808281203488988,1,True,1.0,0.0,0.01,1.0,rms,6.708203932499369,0.5446772066142996,0.7380224973632576,0.3329622450248333,0.5818125558698992,2.1216440754244217,1.4565864462586564,0.09771252539818387,0.3365376648162038,0.9704576206330413,0.9542819499341239,1.0,0.3559374849249036,0.4,0.02136253921287208,0.0,0.09243697478991597,1.0,1.0,0.9384549683402617,0.8363109354413701,0.593939393939394,,0.24168443255715005,0.2416367627739037,0.7640476342359792
main_corrected_inverse_map_2026-08-31_v2,breast_cancer,svm,1,HuberRidgeAIME,0.05,0.5,28,15,30,45,0.00697866699192673,0.9532163742690059,0.09703980645844598,0.0005552920047193766,119,52,X ~= Y A^T,SVD normal-system solve,1.7117455936172463,1.711551622893308,36.6834545155023,36.693454515502296,62.79274162556974,62.80274162556974,36.693454515502296,6.280274162556974e-11,5.541382767790107,8,True,0.8967730201393455,0.21008403361344538,0.01,1.0,rms,6.708203932499369,0.5262799826278749,0.7254515715248503,0.35549236531747463,0.6004511475969082,2.09643961212523,1.4479087029661883,0.10843141637633846,0.3525414218450526,0.9974666887059068,0.9959156785243741,1.0,0.3635505919186565,0.4,0.014689526979593678,0.0,1.0,0.20400281787213756,0.9673329481480425,0.9752333233156056,0.9326482213438734,0.7333333333333332,,0.23343921857810143,0.2333900026264505,0.7436181498346386
main_corrected_inverse_map_2026-08-31_v2,breast_cancer,mlp,1,AIME,0.05,0.5,28,15,30,45,0.021095499978400767,0.9298245614035088,0.25253284600492554,0.0001413749996572733,119,52,X ~= Y A^T,SVD normal-system solve,2.75532505557451,2.75532505557451,23.258337788935545,23.258337788935545,64.08428086086955,64.08428086086955,23.258337788935556,6.408428086086954e-11,9.726082886720034,1,True,1.0,0.0,0.0,1.0,rms,6.708203932499369,0.6250231196473541,0.7905840370557415,0.38136984328775325,0.6254014092563557,1.9695697664275251,1.4034136120287295,0.14529522054270072,0.3994563663072004,0.9764808349508775,0.9441370223978919,0.6666666666666666,0.34947279615476656,0.26666666666666666,0.01001610944755305,0.0,0.03361344537815126,1.0,1.0,0.9776559264713043,0.9481686429512516,0.7016317016317016,,0.44017284148720054,0.44017284148720054,0.9879379663520175
main_corrected_inverse_map_2026-08-31_v2,breast_cancer,mlp,1,HuberAIME,0.05,0.5,28,15,30,45,0.021095499978400767,0.9298245614035088,0.25253284600492554,0.0004987500142306089,119,52,X ~= Y A^T,SVD normal-system solve,2.7942907905844785,2.7942907905844785,21.93042051907675,21.93042051907675,61.27997209010104,61.27997209010104,21.93042051907675,6.127997209010103e-11,9.37942067894914,7,True,0.9553987099902896,0.09243697478991597,0.0,1.0,rms,6.708203932499369,0.6158324201829983,0.7847499093233451,0.39046653694788136,0.6299625615580537,1.9551856024976677,1.3982795151534144,0.15153730136101373,0.40457219688895335,0.9991888488474102,0.9874835309617916,1.0,0.359293685666827,0.3333333333333333,0.009745536941877585,0.0,1.0,0.22676635564118186,0.9807424440546065,0.9923192053603117,0.9610540184453228,0.7682983682983683,,0.4462715994069462,0.4462715994069462,0.9721760149563133
main_corrected_inverse_map_2026-08-31_v2,breast_cancer,mlp,1,RidgeAIME,0.05,0.5,28,15,30,45,0.021095499978400767,0.9298245614035088,0.25253284600492554,0.0001241250429302454,119,52,X ~= Y A^T,SVD normal-system solve,2.75532505557451,2.7545706720549394,23.258337788935545,23.26833778893555,64.08428086086955,64.09428086086955,23.268337788935554,6.409428086086954e-11,9.721978019233292,1,True,1.0,0.0,0.01,1.0,rms,6.708203932499369,0.6249835409217974,0.7905590053384993,0.3814090171877643,0.6254007345746322,1.9695228859604128,1.403396909630491,0.14531556455893557,0.3994546641804233,0.9764788329604577,0.9441370223978919,0.6666666666666666,0.3494717916993052,0.26666666666666666,0.01001623348964288,0.0,0.03361344537815126,1.0,1.0,0.9776534144963864,0.9481686429512516,0.7016317016317016,,0.44017284148720054,0.44005391923602527,0.9877546348277559
main_corrected_inverse_map_2026-08-31_v2,breast_cancer,mlp,1,HuberRidgeAIME,0.05,0.5,28,15,30,45,0.021095499978400767,0.9298245614035088,0.25253284600492554,0.0005141249857842922,119,52,X ~= Y A^T,SVD normal-system solve,2.794290684516279,2.7934728836833616,21.930436011962005,21.940436011962003,61.280013055605764,61.29001305560577,21.940436011962007,6.129001305560576e-11,9.375186547809559,7,True,0.9553995672974411,0.09243697478991597,0.01,1.0,rms,6.708203932499369,0.6158076462141735,0.7847341245378421,0.3904910575195767,0.629963634248027,1.9551548055667085,1.398268502672755,0.15155066584524368,0.4045716295207475,0.9991887696057413,0.9874835309617916,1.0,0.3592933655376822,0.3333333333333333,0.009745567974441734,0.0,1.0,0.2267668318657634,0.9807433146168038,0.9923182779129833,0.9610540184453228,0.7682983682983683,,0.44627158292160585,0.44614446000839275,0.9719799180934376
main_corrected_inverse_map_2026-08-31_v2,breast_cancer,lgbm,1,AIME,0.1,0.0,57,0,30,30,1.1542164160637185,0.9473684210526315,0.2790398147803602,0.00013741699513047934,119,52,X ~= Y A^T,SVD normal-system solve,2.0597661315693596,2.0597661315693596,38.29194335286393,38.29194335286393,78.8724480302016,78.8724480302016,38.291943352863925,7.88724480302016e-11,4.924456735283916,1,True,1.0,0.0,0.0,1.0,rms,5.477225575051661,0.6995091577416745,0.8363666407393796,0.30025329209367846,0.5552874876675341,1.4990111763655665,1.2243411192823537,0.1418424760328557,0.39473767570816387,0.9315052961147787,0.7766407119021135,0.5384615384615384,0.0,0.0,0.04123666692812415,0.1111111111111111,0.15126050420168066,1.0,1.0,0.9488624180676848,0.8978420467185761,0.793939393939394,,0.31381791282800475,0.31381791282800475,0.6923583262281128
main_corrected_inverse_map_2026-08-31_v2,breast_cancer,lgbm,1,HuberAIME,0.1,0.0,57,0,30,30,1.1542164160637185,0.9473684210526315,0.2790398147803602,0.0005377080524340272,119,52,X ~= Y A^T,SVD normal-system solve,1.9737536626050212,1.9737536626050212,33.71848245142243,33.71848245142243,66.55197823597815,66.55197823597815,33.71848245142243,6.655197823597813e-11,4.501062293221982,9,True,0.8547453977292557,0.2857142857142857,0.0,1.0,rms,5.477225575051661,0.6703008792202774,0.8187190477937333,0.3294714896151274,0.5844187442316295,1.4699757523878016,1.2124255657102425,0.15846474539345334,0.41314612153214764,0.9919845445900323,0.9639599555061179,1.0,0.0,0.0,0.028422356406834996,0.0,0.9528478057889823,0.31086496585294726,0.9516745836082019,0.978320926832114,0.9403781979977752,0.7272727272727273,,0.29529294891764224,0.29529294891764224,0.6533150234728845
main_corrected_inverse_map_2026-08-31_v2,breast_cancer,lgbm,1,RidgeAIME,0.1,0.0,57,0,30,30,1.1542164160637185,0.9473684210526315,0.2790398147803602,0.00011329201515763998,119,52,X ~= Y A^T,SVD normal-system solve,2.0597661315693596,2.0594894442687166,38.29194335286393,38.30194335286393,78.8724480302016,78.8824480302016,38.30194335286394,7.88824480302016e-11,4.92336538359068,1,True,1.0,0.0,0.01,1.0,rms,5.477225575051661,0.6995180633332628,0.8363719646982811,0.30024438347779137,0.5552765690936224,1.4990084935052794,1.2243400236475483,0.1418440119231661,0.39473086280711017,0.93150236622166,0.7766407119021135,0.5384615384615384,0.0,0.0,0.04123778185351679,0.1111111111111111,0.15126050420168066,1.0,1.0,0.9488599031397038,0.8970411568409343,0.793939393939394,,0.31381791282800475,0.31375957036012414,0.6922620677834725
main_corrected_inverse_map_2026-08-31_v2,breast_cancer,lgbm,1,HuberRidgeAIME,0.1,0.0,57,0,30,30,1.1542164160637185,0.9473684210526315,0.2790398147803602,0.0005329999839887023,119,52,X ~= Y A^T,SVD normal-system solve,1.973773596444449,1.9734848840750996,33.718156456889126,33.72815645688913,66.55200693539066,66.56200693539067,33.72815645688913,6.656200693539067e-11,4.499846857337878,9,True,0.8547430160838118,0.2857142857142857,0.01,1.0,rms,5.477225575051661,0.670329768996398,0.8187366908819941,0.32944259002816867,0.5844076079343502,1.4699910565529437,1.2124318770772005,0.15845598402818029,0.4131394724049036,0.9919839066306051,0.9639599555061179,1.0,0.0,0.0,0.02842321035338409,0.0,0.9528478057889823,0.3108651310422111,0.951671748071424,0.9783209248061102,0.9403781979977752,0.7272727272727273,,0.29529733503375927,0.29523380426185364,0.6531977337431577
main_corrected_inverse_map_2026-08-31_v2,breast_cancer,svm,1,AIME,0.1,0.0,57,0,30,30,0.006343457964248955,0.9649122807017544,0.09201020992022235,0.00013337493874132633,119,52,X ~= Y A^T,SVD normal-system solve,1.8549683169374065,1.8549683169374065,37.88362663041758,37.88362663041758,70.27292713011082,70.27292713011082,37.88362663041759,7.027292713011082e-11,5.020474387811999,1,True,1.0,0.0,0.0,1.0,rms,5.477225575051661,0.5820871416261238,0.7629463556673718,0.30253367194063907,0.5596610109732622,1.5439916338521662,1.2425745989083175,0.13154225157925326,0.38479321494525964,0.9598574721421002,0.9421579532814239,0.8181818181818182,0.0,0.0,0.04659656921704897,0.1111111111111111,0.08403361344537816,1.0,1.0,0.9593842372344092,0.8830700778642937,0.7463203463203463,,0.26833649621696076,0.26833649621696076,0.7007447558452299
main_corrected_inverse_map_2026-08-31_v2,breast_cancer,svm,1,HuberAIME,0.1,0.0,57,0,30,30,0.006343457964248955,0.9649122807017544,0.09201020992022235,0.0005514170043170452,119,52,X ~= Y A^T,SVD normal-system solve,1.810512214838739,1.810512214838739,35.568198454946625,35.568198454946625,64.39665776248923,64.39665776248923,35.568198454946625,6.439665776248923e-11,4.655073234717423,9,True,0.9029382301680718,0.226890756302521,0.0,1.0,rms,5.477225575051661,0.554327432669815,0.7445316868138084,0.3357958089802323,0.5833449192894895,1.5263866636616876,1.23547021965796,0.141444619207044,0.3948094654558583,0.9976299740852492,0.9933259176863181,1.0,0.0,0.0,0.022605826280234578,0.0,0.9833333333333333,0.25837712352443265,0.9620722766491396,0.9749961033860558,0.9162625139043381,0.7682983682983683,,0.25780145918294856,0.25780145918294856,0.6679265177950142
main_corrected_inverse_map_2026-08-31_v2,breast_cancer,svm,1,RidgeAIME,0.1,0.0,57,0,30,30,0.006343457964248955,0.9649122807017544,0.09201020992022235,0.0001140419626608491,119,52,X ~= Y A^T,SVD normal-system solve,1.8549683169374065,1.8547426936880744,37.88362663041758,37.89362663041757,70.27292713011082,70.28292713011083,37.89362663041757,7.028292713011084e-11,5.019265089937036,1,True,1.0,0.0,0.01,1.0,rms,5.477225575051661,0.5820725612254353,0.7629368002825891,0.3025511424150794,0.5596571231743007,1.543979239435754,1.242569611505027,0.13154922313708706,0.38479125007141696,0.9598510795547195,0.9421579532814239,0.8181818181818182,0.0,0.0,0.046598254875576645,0.1111111111111111,0.08403361344537816,1.0,1.0,0.9593807489034456,0.8830700778642937,0.7463203463203463,,0.26833649621696076,0.2682836689579025,0.7006401333303175
main_corrected_inverse_map_2026-08-31_v2,breast_cancer,svm,1,HuberRidgeAIME,0.1,0.0,57,0,30,30,0.006343457964248955,0.9649122807017544,0.09201020992022235,0.0005399999208748341,119,52,X ~= Y A^T,SVD normal-system solve,1.8105289030791851,1.8103010847640773,35.56786399629979,35.57786399629978,64.3966457860903,64.40664578609031,35.57786399629979,6.44066457860903e-11,4.653821893071109,9,True,0.9029352498055775,0.226890756302521,0.01,1.0,rms,5.477225575051661,0.5543273891094129,0.7445316575602497,0.33579586117501814,0.5833444596900678,1.5263870250836062,1.2354703659269235,0.14144441591600365,0.3948095610339025,0.9976296888564017,0.9933259176863181,1.0,0.0,0.0,0.0226067129007986,0.0,0.9833333333333333,0.2583762199434793,0.9620691057562287,0.9749955574989801,0.9162625139043381,0.7682983682983683,,0.25780546223649176,0.2577508116521834,0.6678097583369297
main_corrected_inverse_map_2026-08-31_v2,breast_cancer,mlp,1,AIME,0.1,0.0,57,0,30,30,0.020309000043198466,0.9298245614035088,0.30866648972145483,0.00012824998702853918,119,52,X ~= Y A^T,SVD normal-system solve,4.1576078183359,4.1576078183359,15.32388769168467,15.32388769168467,63.71071527424945,63.71071527424945,15.323887691684673,6.371071527424946e-11,10.032439325853087,1,True,1.0,0.0,0.0,1.0,rms,5.477225575051661,0.7157427109910339,0.8460157864904377,0.31518027160814743,0.5713313884165898,1.7360764180080706,1.317602526564089,0.1475386706455296,0.40545090508914383,0.9704483113140484,0.9875417130144604,1.0,0.0,0.0,0.007088715258522387,0.0,0.025210084033613446,1.0,1.0,0.9790323338685735,0.946607341490545,0.8969696969696969,,0.6188435205015806,0.6188435205015806,1.001406541889367
main_corrected_inverse_map_2026-08-31_v2,breast_cancer,mlp,1,HuberAIME,0.1,0.0,57,0,30,30,0.020309000043198466,0.9298245614035088,0.30866648972145483,0.0004318340215831995,119,52,X ~= Y A^T,SVD normal-system solve,4.274728151516836,4.274728151516836,14.303055112949352,14.303055112949352,61.141672344021416,61.141672344021416,14.303055112949355,6.114167234402141e-11,9.28292331795916,7,True,0.9569614453669364,0.10084033613445378,0.0,1.0,rms,5.477225575051661,0.698334884763987,0.8356643373771475,0.3318360092714657,0.5809521055495076,1.7182885947455895,1.3108350753415128,0.1562729817088958,0.41305462691350014,0.9989661754305953,0.9977753058954394,1.0,0.0,0.0,0.006951550983347293,0.0,1.0,0.19931090663672313,0.9765558558513384,0.9920235790317499,0.968587319243604,0.8303030303030303,,0.63090850127469,0.63090850127469,0.9676847629573796
main_corrected_inverse_map_2026-08-31_v2,breast_cancer,mlp,1,RidgeAIME,0.1,0.0,57,0,30,30,0.020309000043198466,0.9298245614035088,0.30866648972145483,0.00011254195123910904,119,52,X ~= Y A^T,SVD normal-system solve,4.1576078183359,4.155548583338342,15.32388769168467,15.33388769168467,63.71071527424945,63.72071527424946,15.333887691684678,6.372071527424945e-11,10.02594675235889,1,True,1.0,0.0,0.01,1.0,rms,5.477225575051661,0.7156833227442746,0.8459806869806631,0.3152370940422301,0.5713272346802927,1.736025761271005,1.3175833033516344,0.14756354449841524,0.40544690431349334,0.9704474197606311,0.9875417130144604,1.0,0.0,0.0,0.007089672165844406,0.0,0.025210084033613446,1.0,1.0,0.9790293769615002,0.946607341490545,0.8969696969696969,,0.6188435205015806,0.6186283640985343,1.0011253937521878
main_corrected_inverse_map_2026-08-31_v2,breast_cancer,mlp,1,HuberRidgeAIME,0.1,0.0,57,0,30,30,0.020309000043198466,0.9298245614035088,0.30866648972145483,0.000441625015810132,119,52,X ~= Y A^T,SVD normal-system solve,4.274727428294322,4.27243950187558,14.303080182427955,14.313080182427957,61.14176916491773,61.151769164917724,14.313080182427958,6.115176916491774e-11,9.276450241114212,7,True,0.956963406108406,0.10084033613445378,0.01,1.0,rms,5.477225575051661,0.698324458077617,0.8356580987925726,0.3318459854827749,0.5809483635383946,1.7182864142282055,1.3108342436129008,0.15627405240297854,0.41305080169348973,0.9989661386888221,0.9977753058954394,1.0,0.0,0.0,0.006952966496675191,0.0,1.0,0.19930790196882953,0.9765579450085675,0.9920223720218828,0.968587319243604,0.8303030303030303,,0.6309084277983045,0.6306759217877138,0.9673818193628947
main_corrected_inverse_map_2026-08-31_v2,breast_cancer,lgbm,1,AIME,0.1,0.25,57,8,30,38,1.129257290973328,0.9473684210526315,0.18271146306336117,0.00014845794066786766,119,52,X ~= Y A^T,SVD normal-system solve,1.6644913677453204,1.6644913677453204,43.384139658196034,43.384139658196034,72.21252595812471,72.21252595812471,43.38413965819603,7.221252595812472e-11,5.522901122047262,1,True,1.0,0.0,0.0,1.0,rms,6.164414002968976,0.6642503485063657,0.8150155510825334,0.23089549735417603,0.4965243979314416,5.454698421368963,2.335529580495388,0.012165268840513388,0.1810958600115986,0.9536311392035992,0.9045847466900099,0.8181818181818182,0.20688436222801712,0.375,0.022044422694644187,0.0,0.10084033613445378,1.0,1.0,0.9415350574750414,0.8729401466243571,0.5677655677655677,,0.2212815471945216,0.2212815471945216,0.7421672680048367
main_corrected_inverse_map_2026-08-31_v2,breast_cancer,lgbm,1,HuberAIME,0.1,0.25,57,8,30,38,1.129257290973328,0.9473684210526315,0.18271146306336117,0.000592165975831449,119,52,X ~= Y A^T,SVD normal-system solve,1.67192817111044,1.67192817111044,38.3762129016139,38.3762129016139,64.16227145074019,64.16227145074019,38.3762129016139,6.416227145074019e-11,4.997834443264317,9,True,0.8844986156770513,0.25210084033613445,0.0,1.0,rms,6.164414002968976,0.6466649739968381,0.8041548196689727,0.25125678244255134,0.5092146104141507,5.41202699107042,2.3263763648795996,0.01989297761942932,0.19579587638133492,0.995168837607621,0.9809607178028231,1.0,0.2122891941684449,0.375,0.016967722711540758,0.0,0.9342333592333593,0.3023746995289941,0.9497835408525344,0.9767901068531456,0.9297953824269612,0.7016317016317016,,0.22321761547114324,0.22321761547114324,0.6987818657224819
main_corrected_inverse_map_2026-08-31_v2,breast_cancer,lgbm,1,RidgeAIME,0.1,0.25,57,8,30,38,1.129257290973328,0.9473684210526315,0.18271146306336117,0.00011012505274266005,119,52,X ~= Y A^T,SVD normal-system solve,1.6644913677453204,1.664338238458053,43.384139658196034,43.39413965819603,72.21252595812471,72.22252595812472,43.394139658196025,7.222252595812471e-11,5.521706713268123,1,True,1.0,0.0,0.01,1.0,rms,6.164414002968976,0.6642290010631448,0.8150024546362696,0.23092021456318934,0.49652514653600527,5.454669734769506,2.335523439139395,0.01217046392502108,0.18109677734055843,0.9536285764282885,0.9045847466900099,0.8181818181818182,0.20688279373970134,0.375,0.022045595828741615,0.0,0.10084033613445378,1.0,1.0,0.9415322814365051,0.8729401466243571,0.5677655677655677,,0.2212815471945216,0.22124159128665477,0.7420733352637789
main_corrected_inverse_map_2026-08-31_v2,breast_cancer,lgbm,1,HuberRidgeAIME,0.1,0.25,57,8,30,38,1.129257290973328,0.9473684210526315,0.18271146306336117,0.0005243750056251884,119,52,X ~= Y A^T,SVD normal-system solve,1.6719429083385946,1.6717678589312297,38.37590021258707,38.38590021258707,64.16231421154451,64.17231421154452,38.385900212587075,6.41723142115445e-11,4.996619663000873,9,True,0.8844963712121371,0.25210084033613445,0.01,1.0,rms,6.164414002968976,0.6466567174999521,0.8041496860037639,0.25126634225527156,0.5092133273590038,5.412013928001657,2.3263735572778628,0.019895343314472957,0.19579673514693366,0.9951687373342436,0.9809607178028231,1.0,0.21228836851630709,0.375,0.01696842930230665,0.0,0.9342333592333593,0.3023731814077668,0.9497812149285151,0.9767897796902048,0.9301892986103513,0.7016317016317016,,0.223221443547474,0.22317597131794228,0.6986762926992577
main_corrected_inverse_map_2026-08-31_v2,breast_cancer,svm,1,AIME,0.1,0.25,57,8,30,38,0.006485417019575834,0.935672514619883,0.13734413038254287,0.00020337500609457493,119,52,X ~= Y A^T,SVD normal-system solve,1.9404383172759774,1.9404383172759774,36.14006842188705,36.14006842188705,70.1275735548052,70.1275735548052,36.140068421887065,7.012757355480518e-11,5.68877816183991,1,True,1.0,0.0,0.0,1.0,rms,6.164414002968976,0.7148747545788253,0.8455026638508156,0.22420819356462107,0.4930797703340125,1.5122997618854612,1.2297559765601715,0.09824098069816234,0.3425634314706294,0.9538303032958793,0.9310646679067731,0.8181818181818182,0.22352384487972257,0.25,0.04481391432974266,0.0,0.14285714285714285,1.0,1.0,0.951803614054526,0.9126381442170916,0.7487179487179486,,0.2878998419266167,0.2878998419266167,0.7550189984597624
main_corrected_inverse_map_2026-08-31_v2,breast_cancer,svm,1,HuberAIME,0.1,0.25,57,8,30,38,0.006485417019575834,0.935672514619883,0.13734413038254287,0.0005448749288916588,119,52,X ~= Y A^T,SVD normal-system solve,1.8829952707767466,1.8829952707767466,33.44096113382579,33.44096113382579,62.969171665222945,62.969171665222945,33.44096113382579,6.296917166522294e-11,5.218184282077704,8,True,0.8762621928544995,0.2184873949579832,0.0,1.0,rms,6.164414002968976,0.6766366663668523,0.8225792766456327,0.26570468695538185,0.5246675120296775,1.475626267871535,1.21475358318942,0.12010877095367312,0.3652820570894391,0.9960889164064497,0.9809607178028231,0.8181818181818182,0.2164063422432817,0.25,0.026362549396545715,0.0,0.9612638533674339,0.2909835707764186,0.9738086298675128,0.9863853500525612,0.9622278148593939,0.9272727272727274,,0.27484922926884653,0.27484922926884653,0.7175194123027708
main_corrected_inverse_map_2026-08-31_v2,breast_cancer,svm,1,RidgeAIME,0.1,0.25,57,8,30,38,0.006485417019575834,0.935672514619883,0.13734413038254287,0.00011933292262256145,119,52,X ~= Y A^T,SVD normal-system solve,1.9404383172759774,1.9401781688562554,36.14006842188705,36.15006842188706,70.1275735548052,70.13757355480519,36.150068421887056,7.01375735548052e-11,5.687343421207677,1,True,1.0,0.0,0.01,1.0,rms,6.164414002968976,0.7148549693039176,0.8454909634667408,0.22422966481404372,0.49307569925657957,1.5122831844583133,1.2297492364129825,0.09825086554032414,0.34255770249961764,0.9538235943893826,0.9310646679067731,0.8181818181818182,0.22352392799902904,0.25,0.04481367774923387,0.0,0.14285714285714285,1.0,1.0,0.9517961356190483,0.9126381442170916,0.7487179487179486,,0.2878998419266167,0.28784161353752746,0.7549094532270931
main_corrected_inverse_map_2026-08-31_v2,breast_cancer,svm,1,HuberRidgeAIME,0.1,0.25,57,8,30,38,0.006485417019575834,0.935672514619883,0.13734413038254287,0.000514750019647181,119,52,X ~= Y A^T,SVD normal-system solve,1.8830133503230189,1.882749375441931,33.44065813406071,33.45065813406072,62.969205710024376,62.97920571002437,33.45065813406072,6.297920571002437e-11,5.216726623350337,8,True,0.8762598828396287,0.2184873949579832,0.01,1.0,rms,6.164414002968976,0.6766338697079841,0.8225775767111477,0.26570772192762193,0.5246666754866189,1.475626430536453,1.2147536501432927,0.1201086739593068,0.36527760339835325,0.9960887857285283,0.9809607178028231,0.8181818181818182,0.21640681468019496,0.25,0.026363326635422856,0.0,0.9612638533674339,0.29098251851894713,0.9738061102264092,0.9863835815679932,0.9622278148593939,0.9272727272727274,,0.27485339911972656,0.2747925122063685,0.7173980786082814
main_corrected_inverse_map_2026-08-31_v2,breast_cancer,mlp,1,AIME,0.1,0.25,57,8,30,38,0.018756042001768947,0.9473684210526315,0.3962991253341396,0.0001372080296278,119,52,X ~= Y A^T,SVD normal-system solve,4.631944430692481,4.631944430692481,12.845732769532233,12.845732769532233,59.50072035999872,59.50072035999872,12.845732769532237,5.950072035999873e-11,12.78325008744336,1,True,1.0,0.0,0.0,1.0,rms,6.164414002968976,0.5189262087020627,0.7203653300250247,0.4191689535598624,0.6521060427118973,2.1001814999355437,1.4492002966931603,0.135910903752686,0.38667454037607946,0.9607775751947109,0.896049896049896,0.6666666666666666,0.21534311098361178,0.25,0.015136108789982972,0.0,0.09243697478991597,1.0,1.0,0.9642191357818957,0.9129007550060182,0.5714285714285714,,0.6657633405319052,0.6657633405319052,1.106641285402492
main_corrected_inverse_map_2026-08-31_v2,breast_cancer,mlp,1,HuberAIME,0.1,0.25,57,8,30,38,0.018756042001768947,0.9473684210526315,0.3962991253341396,0.0005434160120785236,119,52,X ~= Y A^T,SVD normal-system solve,4.917575589606128,4.917575589606128,11.213783295822399,11.213783295822399,55.144627002669175,55.144627002669175,11.2137832958224,5.514462700266917e-11,12.363925657281348,8,True,0.9264812875724858,0.17647058823529413,0.0,1.0,rms,6.164414002968976,0.4721764250896579,0.6871509478198061,0.47149571077715535,0.6950657115312363,2.0469162885035805,1.4307048222829126,0.15782609937224557,0.4147107854441825,0.9972505790296586,0.9807418754787175,0.8181818181818182,0.2232492451050323,0.375,0.012591061438037668,0.0,1.0,0.32374908343427866,0.9878706787347106,0.9913880025434203,0.9334719334719335,0.6153846153846153,,0.6917510443202047,0.6917510443202047,1.092156385041417
main_corrected_inverse_map_2026-08-31_v2,breast_cancer,mlp,1,RidgeAIME,0.1,0.25,57,8,30,38,0.018756042001768947,0.9473684210526315,0.3962991253341396,0.00012195901945233345,119,52,X ~= Y A^T,SVD normal-system solve,4.631944430692481,4.629119275179526,12.845732769532233,12.855732769532233,59.50072035999872,59.51072035999872,12.855732769532233,5.951072035999871e-11,12.773355278839984,1,True,1.0,0.0,0.01,1.0,rms,6.164414002968976,0.518947755222154,0.7203802851426141,0.41914483666693647,0.6520934734500615,2.1001792808259876,1.449199531060505,0.13591181677299935,0.38666624588870857,0.9607751154808459,0.896049896049896,0.6666666666666666,0.2153437044526008,0.25,0.015139666704698511,0.0,0.09243697478991597,1.0,1.0,0.9642160477920111,0.9125943757522705,0.5714285714285714,,0.6657633405319052,0.6654983710798373,1.1063049918354029
main_corrected_inverse_map_2026-08-31_v2,breast_cancer,mlp,1,HuberRidgeAIME,0.1,0.25,57,8,30,38,0.018756042001768947,0.9473684210526315,0.3962991253341396,0.0005364581011235714,119,52,X ~= Y A^T,SVD normal-system solve,4.9176711252680105,4.914180515362276,11.21345730707718,11.223457307077178,55.14409521343903,55.154095213439035,11.223457307077178,5.5154095213439026e-11,12.352703414982232,8,True,0.9264726963955832,0.17647058823529413,0.01,1.0,rms,6.164414002968976,0.472262248352366,0.6872133936066482,0.47139964930511613,0.6950594718328462,2.046976906238338,1.4307260066967182,0.15780115908796777,0.4147080533464647,0.9972500598362701,0.9807418754787175,0.8181818181818182,0.22324811438130632,0.375,0.01259431596822088,0.0,1.0,0.32376171311585505,0.987859926174074,0.9913865459381797,0.9334719334719335,0.6153846153846153,,0.6917594814467933,0.6914511056210301,1.0917620142535767
main_corrected_inverse_map_2026-08-31_v2,breast_cancer,lgbm,1,AIME,0.1,0.5,57,15,30,45,1.0847852500155568,0.9649122807017544,0.15942091339341158,0.0001497910125181079,119,52,X ~= Y A^T,SVD normal-system solve,1.562430497747874,1.562430497747874,45.60146303502274,45.60146303502274,71.24911658784185,71.24911658784185,45.60146303502273,7.124911658784187e-11,5.507002014079876,1,True,1.0,0.0,0.0,1.0,rms,6.708203932499369,0.7294743309156865,0.8540926945687374,0.2992866577638509,0.5553731778944542,4.450500818346857,2.109621012965802,0.05993789440639008,0.27920489302565743,0.9180544421492007,0.7455862977602108,0.25,0.37524012976024956,0.3333333333333333,0.025012096086419442,0.0,0.1092436974789916,1.0,1.0,0.9386178043118768,0.8486166007905137,0.675990675990676,,0.19380070754192283,0.19380070754192283,0.7409152353161502
main_corrected_inverse_map_2026-08-31_v2,breast_cancer,lgbm,1,HuberAIME,0.1,0.5,57,15,30,45,1.0847852500155568,0.9649122807017544,0.15942091339341158,0.0005949579644948244,119,52,X ~= Y A^T,SVD normal-system solve,1.6841092286162413,1.6841092286162413,39.38026580901155,39.38026580901155,66.32066907431698,66.32066907431698,39.38026580901156,6.632066907431695e-11,5.166488741249337,9,True,0.9046671966550323,0.21008403361344538,0.0,1.0,rms,6.708203932499369,0.6891434767093663,0.8301466597592057,0.338027387147262,0.596570607524119,4.425457946310827,2.1036772438543956,0.06522760358232194,0.292965100815968,0.9922229112189301,0.9417654808959156,0.5384615384615384,0.3712096911715167,0.26666666666666666,0.015778347156779674,0.0,0.9088558500323205,0.36096787693783494,0.9713473019033677,0.9775707439875777,0.9238735177865612,0.66007326007326,,0.22637025571880293,0.22637025571880293,0.7131954873169227
main_corrected_inverse_map_2026-08-31_v2,breast_cancer,lgbm,1,RidgeAIME,0.1,0.5,57,15,30,45,1.0847852500155568,0.9649122807017544,0.15942091339341158,0.00012158299796283245,119,52,X ~= Y A^T,SVD normal-system solve,1.562430497747874,1.5623071887241509,45.60146303502274,45.61146303502272,71.24911658784185,71.25911658784187,45.61146303502273,7.125911658784186e-11,5.5059275929656755,1,True,1.0,0.0,0.01,1.0,rms,6.708203932499369,0.7294820049819327,0.8540971870823207,0.2992792862630591,0.5553706086814586,4.45052240873414,2.1096261300842243,0.05993333395223921,0.2792014575581265,0.9180548485967571,0.7455862977602108,0.25,0.3752404955058761,0.3333333333333333,0.02501230459651917,0.0,0.1092436974789916,1.0,1.0,0.9386165786834052,0.8486166007905137,0.675990675990676,,0.19380070754192283,0.19376643111044412,0.7408304958000964
main_corrected_inverse_map_2026-08-31_v2,breast_cancer,lgbm,1,HuberRidgeAIME,0.1,0.5,57,15,30,45,1.0847852500155568,0.9649122807017544,0.15942091339341158,0.0005961660062894225,119,52,X ~= Y A^T,SVD normal-system solve,1.6841200072272289,1.6839463287280867,39.38002297955521,39.390022979555205,66.32068458493696,66.33068458493696,39.390022979555205,6.633068458493697e-11,5.165287774621869,9,True,0.904665354828152,0.21008403361344538,0.01,1.0,rms,6.708203932499369,0.6891691619152874,0.8301621298970987,0.33800271463210385,0.5965673141378323,4.42549616115145,2.103686326701643,0.06521953160907501,0.29296106053778365,0.9922230059448881,0.9417654808959156,0.5384615384615384,0.3712094091746238,0.26666666666666666,0.01577851612855671,0.0,0.9088558500323205,0.3609704430486818,0.9713449194803511,0.9775699735074077,0.9238735177865612,0.66007326007326,,0.22637303527503067,0.22632824541263138,0.7130945224575286
main_corrected_inverse_map_2026-08-31_v2,breast_cancer,svm,1,AIME,0.1,0.5,57,15,30,45,0.006776042049750686,0.9415204678362573,0.11868139971327323,0.00014387501869350672,119,52,X ~= Y A^T,SVD normal-system solve,1.8359394225167545,1.8359394225167545,38.28752997495368,38.28752997495368,70.29358567180938,70.29358567180938,38.28752997495368,7.029358567180938e-11,7.4785691180612135,1,True,1.0,0.0,0.0,1.0,rms,6.708203932499369,0.9175853972905811,0.9579067790190134,0.1666880203149631,0.4638056726201279,1.9075569713771734,1.381143356562661,0.08215340740969768,0.3354702458654922,0.9753288035523557,0.9648221343873516,0.8181818181818182,0.3691333019338064,0.26666666666666666,0.029339224170733678,0.0,0.06722689075630252,1.0,1.0,0.9682887370827737,0.8494071146245059,0.5457875457875457,,0.2638583473985978,0.2638583473985978,0.8738185118249798
main_corrected_inverse_map_2026-08-31_v2,breast_cancer,svm,1,HuberAIME,0.1,0.5,57,15,30,45,0.006776042049750686,0.9415204678362573,0.11868139971327323,0.0006248750723898411,119,52,X ~= Y A^T,SVD normal-system solve,1.8529125274670297,1.8529125274670297,35.3072897489501,35.3072897489501,65.42131948673787,65.42131948673787,35.307289748950105,6.542131948673787e-11,6.7668852040911815,9,True,0.9028263608043597,0.226890756302521,0.0,1.0,rms,6.708203932499369,0.8769346454127462,0.9364478871847308,0.20360530193586523,0.482832899537208,1.8696643583300572,1.3673567048616309,0.10038594583004645,0.34951351408695536,0.9986446896068262,0.994729907773386,0.8181818181818182,0.36571119450270506,0.2,0.017379622762077985,0.0,0.9105519480519481,0.24011036294112242,0.9505896759656742,0.9884600032155602,0.9377602108036889,0.6017316017316017,,0.26785491757304547,0.26785491757304547,0.8303888090159615
main_corrected_inverse_map_2026-08-31_v2,breast_cancer,svm,1,RidgeAIME,0.1,0.5,57,15,30,45,0.006776042049750686,0.9415204678362573,0.11868139971327323,0.00012949993833899498,119,52,X ~= Y A^T,SVD normal-system solve,1.8359394225167545,1.835721147494041,38.28752997495368,38.297529974953676,70.29358567180938,70.30358567180939,38.297529974953676,7.030358567180939e-11,7.476698717350417,1,True,1.0,0.0,0.01,1.0,rms,6.708203932499369,0.9175285171962582,0.9578770887730107,0.16673967639421716,0.46380658757059234,1.907507094923355,1.3811253002256367,0.08217740613365432,0.3354713767334079,0.9753255315708937,0.9648221343873516,0.8181818181818182,0.3691332962474472,0.26666666666666666,0.029339516092520983,0.0,0.06722689075630252,1.0,1.0,0.9682852839900515,0.8494071146245059,0.5457875457875457,,0.2638583473985978,0.26380671101434827,0.8737098805760016
main_corrected_inverse_map_2026-08-31_v2,breast_cancer,svm,1,HuberRidgeAIME,0.1,0.5,57,15,30,45,0.006776042049750686,0.9415204678362573,0.11868139971327323,0.0006098749581724405,119,52,X ~= Y A^T,SVD normal-system solve,1.8529148962796014,1.8526733953064016,35.30724468758339,35.31724468758339,65.42131962821209,65.4313196282121,35.3172446875834,6.543131962821208e-11,6.764981490921468,9,True,0.9028258704642543,0.226890756302521,0.01,1.0,rms,6.708203932499369,0.876899442859456,0.9364290912073674,0.20363727139555687,0.4828353352991075,1.8696355973721352,1.3673461878295983,0.10039978455026521,0.34951577234856784,0.9986445415765375,0.994729907773386,0.8181818181818182,0.3657110098246365,0.2,0.017380424302033067,0.0,0.9105519480519481,0.24010969196386628,0.9505891986444626,0.9884593387762897,0.9377602108036889,0.6017316017316017,,0.26785547278628713,0.2677988650188125,0.8302666126998401
main_corrected_inverse_map_2026-08-31_v2,breast_cancer,mlp,1,AIME,0.1,0.5,57,15,30,45,0.02797291602473706,0.9239766081871345,0.2783033352579057,0.0001444999361410737,119,52,X ~= Y A^T,SVD normal-system solve,2.23076446817132,2.23076446817132,30.216235054865095,30.216235054865095,67.40530352230573,67.40530352230573,30.216235054865095,6.740530352230572e-11,7.509938174130134,1,True,1.0,0.0,0.0,1.0,rms,6.708203932499369,0.7684531824823442,0.8766146145726434,0.2917899379963864,0.5470063280210634,1.8330746585921192,1.3539108754242721,0.13348217215572034,0.38028852833772525,0.9703891359582945,0.8932806324110671,0.5384615384615384,0.3573166429553266,0.26666666666666666,0.013818433051494211,0.0,0.09243697478991597,1.0,1.0,0.9767803338429409,0.937417654808959,0.9272727272727274,,0.34845371839078826,0.34845371839078826,0.8756363616719919
main_corrected_inverse_map_2026-08-31_v2,breast_cancer,mlp,1,HuberAIME,0.1,0.5,57,15,30,45,0.02797291602473706,0.9239766081871345,0.2783033352579057,0.0005740410415455699,119,52,X ~= Y A^T,SVD normal-system solve,2.169650158655345,2.169650158655345,27.988750533098024,27.988750533098024,60.725797034701,60.725797034701,27.988750533098028,6.072579703470099e-11,7.285561299791871,8,True,0.9135347839660142,0.20168067226890757,0.0,1.0,rms,6.708203932499369,0.7383060559607963,0.8592473776281173,0.3195736713841347,0.5713602845570467,1.801658452754154,1.3422587130483281,0.14833301432639912,0.39818227078883334,0.9974185747161052,0.9786561264822133,0.5384615384615384,0.36543010169102086,0.26666666666666666,0.015187208227783711,0.0,0.975068870523416,0.3265286528832347,0.9733224454651861,0.9908182895652431,0.9526482213438733,0.7934065934065935,,0.3363897124595697,0.3363897124595697,0.8624630166429653
main_corrected_inverse_map_2026-08-31_v2,breast_cancer,mlp,1,RidgeAIME,0.1,0.5,57,15,30,45,0.02797291602473706,0.9239766081871345,0.2783033352579057,0.00012924999464303255,119,52,X ~= Y A^T,SVD normal-system solve,2.23076446817132,2.2303572839930936,30.216235054865095,30.22623505486509,67.40530352230573,67.41530352230573,30.226235054865096,6.741530352230572e-11,7.507580639258505,1,True,1.0,0.0,0.01,1.0,rms,6.708203932499369,0.7684536979582691,0.8766149085877271,0.2917894629313531,0.546999094493078,1.8330711430358675,1.3539095771268728,0.13348383400410857,0.380282484151394,0.9703836787023246,0.8932806324110671,0.5384615384615384,0.3573134667313756,0.26666666666666666,0.013819252830963564,0.0,0.09243697478991597,1.0,1.0,0.9767757824724667,0.937417654808959,0.9272727272727274,,0.34845371839078826,0.3483744388498847,0.875500005672472
main_corrected_inverse_map_2026-08-31_v2,breast_cancer,mlp,1,HuberRidgeAIME,0.1,0.5,57,15,30,45,0.02797291602473706,0.9239766081871345,0.2783033352579057,0.0005594169488176703,119,52,X ~= Y A^T,SVD normal-system solve,2.1696847206660754,2.169266950246803,27.988265715022496,27.998265715022498,60.72571247982648,60.735712479826475,27.998265715022498,6.073571247982648e-11,7.282978484568448,8,True,0.9135299669602149,0.20168067226890757,0.01,1.0,rms,6.708203932499369,0.7383191353344473,0.8592549885420784,0.319561617371951,0.5713550043804084,1.8016674675859694,1.342262071126935,0.14832875290014103,0.3981777834854702,0.9974183108505231,0.9786561264822133,0.5384615384615384,0.365428974350498,0.26666666666666666,0.015188412821528325,0.0,0.975068870523416,0.3265275108328612,0.9733172541583714,0.9908172562201336,0.9526482213438733,0.7934065934065935,,0.33639663061221814,0.33631299963307204,0.8623090269600372
main_corrected_inverse_map_2026-08-31_v2,breast_cancer,lgbm,2,AIME,0.0,0.0,0,0,30,30,1.1087383329868317,0.9707602339181286,0.12277322688632118,0.00014091702178120613,119,52,X ~= Y A^T,SVD normal-system solve,1.7849075326367343,1.7849075326367343,41.92020490662747,41.92020490662747,74.82368950751476,74.82368950751476,41.92020490662749,7.482368950751472e-11,5.0401191445856774,1,True,1.0,0.0,0.0,1.0,rms,5.477225575051661,0.6590345533739499,0.8118094316857558,0.30585339736472306,0.5621246987366033,0.6590345533739499,0.8118094316857558,0.30585339736472306,0.5621246987366033,1.0000000000000002,1.0,1.0,0.0,0.0,0.02107902018890967,0.0,,,,0.9835018400912643,0.9326362625139044,0.7682983682983683,,0.25161572234972385,0.25161572234972385,0.7024408029583251
main_corrected_inverse_map_2026-08-31_v2,breast_cancer,lgbm,2,HuberAIME,0.0,0.0,0,0,30,30,1.1087383329868317,0.9707602339181286,0.12277322688632118,0.0005692089907824993,119,52,X ~= Y A^T,SVD normal-system solve,1.8717029994510097,1.8717029994510097,38.88534210852453,38.88534210852453,72.78181145920402,72.78181145920402,38.88534210852453,7.278181145920402e-11,4.892029940307,9,True,0.9572422978446569,0.17647058823529413,0.0,1.0,rms,5.477225575051661,0.6579022761217105,0.8111117531645751,0.30704600009527716,0.5622724535805883,0.6579022761217105,0.8111117531645751,0.30704600009527716,0.5622724535805883,1.0,1.0,1.0,0.0,0.0,0.022359692638147213,0.0,,,,0.9857079736866657,0.9477641824249166,0.7636363636363636,,0.2722369363183852,0.2722369363183852,0.6894891063508232
main_corrected_inverse_map_2026-08-31_v2,breast_cancer,lgbm,2,RidgeAIME,0.0,0.0,0,0,30,30,1.1087383329868317,0.9707602339181286,0.12277322688632118,0.00012295902706682682,119,52,X ~= Y A^T,SVD normal-system solve,1.7849075326367343,1.7847203388144322,41.92020490662747,41.93020490662747,74.82368950751476,74.83368950751475,41.930204906627466,7.483368950751474e-11,5.03901716315679,1,True,1.0,0.0,0.01,1.0,rms,5.477225575051661,0.6590219719819679,0.811801682667613,0.3058666490682279,0.5621269399340668,0.6590219719819679,0.811801682667613,0.3058666490682279,0.5621269399340668,0.9999999999999999,1.0,1.0,0.0,0.0,0.02107953942460908,0.0,,,,0.983501510398168,0.9326362625139044,0.7682983682983683,,0.25161572234972385,0.2515701729271653,0.702345837588075
main_corrected_inverse_map_2026-08-31_v2,breast_cancer,lgbm,2,HuberRidgeAIME,0.0,0.0,0,0,30,30,1.1087383329868317,0.9707602339181286,0.12277322688632118,0.0005295410519465804,119,52,X ~= Y A^T,SVD normal-system solve,1.8717248245984734,1.871500701406278,38.88489597481214,38.89489597481214,72.78182509798513,72.79182509798514,38.89489597481214,7.279182509798514e-11,4.8908373164157934,9,True,0.9572386838391209,0.17647058823529413,0.01,1.0,rms,5.477225575051661,0.6578936493461212,0.8111064352759884,0.30705508648829904,0.5622740835597113,0.6578936493461212,0.8111064352759884,0.30705508648829904,0.5622740835597113,0.9999999999999999,1.0,1.0,0.0,0.0,0.0223605390182177,0.0,,,,0.9857073832954206,0.9477641824249166,0.7636363636363636,,0.2722420004155474,0.2721899942165743,0.6893832171541467
main_corrected_inverse_map_2026-08-31_v2,breast_cancer,svm,2,AIME,0.0,0.0,0,0,30,30,0.006107916007749736,0.9766081871345029,0.12315015382775185,0.0001575410133227706,119,52,X ~= Y A^T,SVD normal-system solve,1.8028485562144578,1.8028485562144578,40.65672147471741,40.65672147471741,73.29791161110762,73.29791161110762,40.656721474717415,7.32979116111076e-11,4.975868331057377,1,True,1.0,0.0,0.0,1.0,rms,5.477225575051661,0.5319675787477071,0.7293610757009912,0.30139632185614473,0.5632790648956308,0.5319675787477071,0.7293610757009912,0.30139632185614473,0.5632790648956308,1.0,1.0,1.0,0.0,0.0,0.01634008546364202,0.0,,,,0.9890000328450299,0.9646718576195774,0.890909090909091,,0.25595924643245477,0.25595924643245477,0.6968688797511329
main_corrected_inverse_map_2026-08-31_v2,breast_cancer,svm,2,HuberAIME,0.0,0.0,0,0,30,30,0.006107916007749736,0.9766081871345029,0.12315015382775185,0.0005432500038295984,119,52,X ~= Y A^T,SVD normal-system solve,1.893005410404948,1.893005410404948,38.22102062538701,38.22102062538701,72.35259883505672,72.35259883505672,38.22102062538702,7.235259883505672e-11,4.722574330790191,9,True,0.9657574617651643,0.15966386554621848,0.0,1.0,rms,5.477225575051661,0.5268600372119909,0.7258512500588471,0.30810377442594894,0.5653618534612745,0.5268600372119909,0.7258512500588471,0.30810377442594894,0.5653618534612745,1.0000000000000002,1.0,1.0,0.0,0.0,0.016523618672592635,0.0,,,,0.9881203543783051,0.9661846496106785,0.9272727272727274,,0.27715185522404817,0.27715185522404817,0.6741788022101692
main_corrected_inverse_map_2026-08-31_v2,breast_cancer,svm,2,RidgeAIME,0.0,0.0,0,0,30,30,0.006107916007749736,0.9766081871345029,0.12315015382775185,0.00011345802340656519,119,52,X ~= Y A^T,SVD normal-system solve,1.8028485562144578,1.8026511347044114,40.65672147471741,40.66672147471742,73.29791161110762,73.30791161110761,40.66672147471741,7.330791161110761e-11,4.974742516378008,1,True,1.0,0.0,0.01,1.0,rms,5.477225575051661,0.5319451500569541,0.7293456999646698,0.30142577621855693,0.5632811544799984,0.5319451500569541,0.7293456999646698,0.30142577621855693,0.5632811544799984,1.0,1.0,1.0,0.0,0.0,0.016340231626489954,0.0,,,,0.9889993071344554,0.9646718576195774,0.890909090909091,,0.25595924643245477,0.25591168627166827,0.6967706073711799
main_corrected_inverse_map_2026-08-31_v2,breast_cancer,svm,2,HuberRidgeAIME,0.0,0.0,0,0,30,30,0.006107916007749736,0.9766081871345029,0.12315015382775185,0.0005257501034066081,119,52,X ~= Y A^T,SVD normal-system solve,1.893014066274095,1.8927804817623044,38.22087667188279,38.23087667188279,72.35265716520155,72.36265716520155,38.230876671882804,7.236265716520152e-11,4.721407666414651,9,True,0.9657564741596038,0.15966386554621848,0.01,1.0,rms,5.477225575051661,0.5268440797823964,0.7258402577581354,0.3081247304380327,0.5653628463375069,0.5268440797823964,0.7258402577581354,0.3081247304380327,0.5653628463375069,1.0000000000000002,1.0,1.0,0.0,0.0,0.016523853272591833,0.0,,,,0.9881196327210464,0.9661846496106785,0.9272727272727274,,0.2771538410544063,0.27710024888855034,0.6740715008825603
main_corrected_inverse_map_2026-08-31_v2,breast_cancer,mlp,2,AIME,0.0,0.0,0,0,30,30,0.018585292040370405,0.9122807017543859,0.4138653490793386,0.0001260410062968731,119,52,X ~= Y A^T,SVD normal-system solve,5.313178672637519,5.313178672637519,11.337671869282856,11.337671869282856,60.23907637323602,60.23907637323602,11.33767186928286,6.023907637323603e-11,11.387047378181268,1,True,1.0,0.0,0.0,1.0,rms,5.477225575051661,0.6105634875683585,0.7813856202723202,0.36077748094101736,0.6077343083561358,0.6105634875683585,0.7813856202723202,0.36077748094101736,0.6077343083561358,1.0,1.0,1.0,0.0,0.0,0.011354536246904039,0.0,,,,0.9910038155673684,0.9515906562847608,0.793939393939394,,0.7253544206972039,0.7253544206972039,1.0564111276262842
main_corrected_inverse_map_2026-08-31_v2,breast_cancer,mlp,2,HuberAIME,0.0,0.0,0,0,30,30,0.018585292040370405,0.9122807017543859,0.4138653490793386,0.00047850003466010094,119,52,X ~= Y A^T,SVD normal-system solve,5.369258249521914,5.369258249521914,10.773266711616968,10.773266711616968,57.84445116564922,57.84445116564922,10.773266711616971,5.784445116564922e-11,11.320123057910667,8,True,0.9611521118620315,0.13445378151260504,0.0,1.0,rms,5.477225575051661,0.6065791612056661,0.7788319210238279,0.3649488262411704,0.6101339039505923,0.6065791612056661,0.7788319210238279,0.3649488262411704,0.6101339039505923,1.0,1.0,1.0,0.0,0.0,0.011117415260621794,0.0,,,,0.991788133019401,0.9530144605116796,0.787878787878788,,0.7299142930757432,0.7299142930757432,1.0538511479724886
main_corrected_inverse_map_2026-08-31_v2,breast_cancer,mlp,2,RidgeAIME,0.0,0.0,0,0,30,30,0.018585292040370405,0.9122807017543859,0.4138653490793386,0.00013287505134940147,119,52,X ~= Y A^T,SVD normal-system solve,5.313178672637519,5.309377735562209,11.337671869282856,11.34767186928286,60.23907637323602,60.249076373236015,11.347671869282859,6.024907637323602e-11,11.377038228842359,1,True,1.0,0.0,0.01,1.0,rms,5.477225575051661,0.6105041818831309,0.7813476702999318,0.3608395703555951,0.6077267436338101,0.6105041818831309,0.7813476702999318,0.3608395703555951,0.6077267436338101,1.0,1.0,1.0,0.0,0.0,0.011355104528866145,0.0,,,,0.9910017343323799,0.9515906562847608,0.793939393939394,,0.7253544206972039,0.7250436243116853,1.0560292173943864
main_corrected_inverse_map_2026-08-31_v2,breast_cancer,mlp,2,HuberRidgeAIME,0.0,0.0,0,0,30,30,0.018585292040370405,0.9122807017543859,0.4138653490793386,0.0005064160795882344,119,52,X ~= Y A^T,SVD normal-system solve,5.369352447132557,5.365300389681394,10.77304663690716,10.78304663690716,57.84428432295063,57.85428432295063,10.783046636907164,5.785428432295063e-11,11.309256172906936,8,True,0.9611519672183323,0.13445378151260504,0.01,1.0,rms,5.477225575051661,0.6065165277042457,0.7787917100895757,0.36501439967517135,0.6101342656474268,0.6065165277042457,0.7787917100895757,0.36501439967517135,0.6101342656474268,0.9999999999999999,1.0,1.0,0.0,0.0,0.011119514084386417,0.0,,,,0.9917855127557376,0.9530144605116796,0.787878787878788,,0.7299219122182314,0.7295940420389664,1.0534340416517867
main_corrected_inverse_map_2026-08-31_v2,breast_cancer,lgbm,2,AIME,0.0,0.25,0,8,30,38,1.0883008750388399,0.9473684210526315,0.26053177959241897,0.0001443339278921485,119,52,X ~= Y A^T,SVD normal-system solve,1.9967481521575698,1.9967481521575698,39.084744127840445,39.084744127840445,78.04239061481684,78.04239061481684,39.084744127840445,7.804239061481685e-11,5.57106015253677,1,True,1.0,0.0,0.0,1.0,rms,6.164414002968976,0.9417175577532401,0.9704213300176578,0.24537244419181425,0.501549141646577,0.9417175577532401,0.9704213300176578,0.24537244419181425,0.501549141646577,1.0,1.0,1.0,0.16703501726429001,0.125,0.011597740966379581,0.0,,,,0.9780582653970157,0.9461647882700515,0.7986013986013987,,0.30032329119733886,0.30032329119733886,0.7459378477026231
main_corrected_inverse_map_2026-08-31_v2,breast_cancer,lgbm,2,HuberAIME,0.0,0.25,0,8,30,38,1.0883008750388399,0.9473684210526315,0.26053177959241897,0.0005823749816045165,119,52,X ~= Y A^T,SVD normal-system solve,2.073346895811628,2.073346895811628,36.84396067196794,36.84396067196794,76.39031148863043,76.39031148863043,36.84396067196794,7.639031148863044e-11,5.424251849008061,9,True,0.9666172845779548,0.15966386554621848,0.0,1.0,rms,6.164414002968976,0.9377642783238822,0.968382299675021,0.24854032990090158,0.5041255154459348,0.9377642783238822,0.968382299675021,0.24854032990090158,0.5041255154459348,1.0000000000000002,1.0,1.0,0.16483626109352412,0.125,0.011106938118132499,0.0,,,,0.9783671552958928,0.949141043877886,0.7986013986013987,,0.3166719708506834,0.3166719708506834,0.7343398456995759
main_corrected_inverse_map_2026-08-31_v2,breast_cancer,lgbm,2,RidgeAIME,0.0,0.25,0,8,30,38,1.0883008750388399,0.9473684210526315,0.26053177959241897,0.00011833291500806808,119,52,X ~= Y A^T,SVD normal-system solve,1.9967481521575698,1.9964931950848501,39.084744127840445,39.09474412784044,78.04239061481684,78.05239061481684,39.09474412784046,7.805239061481684e-11,5.569731576527679,1,True,1.0,0.0,0.01,1.0,rms,6.164414002968976,0.9417030185880142,0.9704138388275458,0.2453840948769136,0.5015541686696501,0.9417030185880142,0.9704138388275458,0.2453840948769136,0.5015541686696501,0.9999999999999999,1.0,1.0,0.16703503879972778,0.125,0.011598012352596082,0.0,,,,0.9780571077934717,0.9461647882700515,0.7986013986013987,,0.30032329119733886,0.30026783426883075,0.7458342656150472
main_corrected_inverse_map_2026-08-31_v2,breast_cancer,lgbm,2,HuberRidgeAIME,0.0,0.25,0,8,30,38,1.0883008750388399,0.9473684210526315,0.26053177959241897,0.0005690420512109995,119,52,X ~= Y A^T,SVD normal-system solve,2.0733527535877583,2.0730615079842716,36.84386974899257,36.85386974899256,76.39033879690244,76.40033879690245,36.85386974899256,7.640033879690246e-11,5.422829800142761,9,True,0.9666167888147122,0.15966386554621848,0.01,1.0,rms,6.164414002968976,0.937753651446745,0.9683768127370384,0.24854884554792744,0.5041312199693532,0.937753651446745,0.9683768127370384,0.24854884554792744,0.5041312199693532,1.0,1.0,1.0,0.16483668613272792,0.125,0.011107381803572137,0.0,,,,0.9783660912339135,0.949141043877886,0.7986013986013987,,0.3166731978504976,0.31661218785453404,0.734225973969149
main_corrected_inverse_map_2026-08-31_v2,breast_cancer,svm,2,AIME,0.0,0.25,0,8,30,38,0.006284874980337918,0.9649122807017544,0.09563062949519797,0.00015774997882544994,119,52,X ~= Y A^T,SVD normal-system solve,1.8732504651261659,1.8732504651261659,38.780925149907986,38.780925149907986,72.64638607508816,72.64638607508816,38.78092514990799,7.264638607508814e-11,4.922528261449086,1,True,1.0,0.0,0.0,1.0,rms,6.164414002968976,0.6879350156971415,0.8294184804410507,0.2506942757490863,0.5052741669347915,0.6879350156971415,0.8294184804410507,0.2506942757490863,0.5052741669347915,1.0,1.0,1.0,0.18993753228351345,0.125,0.025507871115373126,0.0,,,,0.9817604381783116,0.9494911915964547,0.779020979020979,,0.2725958491050257,0.2725958491050257,0.6921882182090701
main_corrected_inverse_map_2026-08-31_v2,breast_cancer,svm,2,HuberAIME,0.0,0.25,0,8,30,38,0.006284874980337918,0.9649122807017544,0.09563062949519797,0.0005095410160720348,119,52,X ~= Y A^T,SVD normal-system solve,1.9579792388860002,1.9579792388860002,36.59302189510817,36.59302189510817,71.64837715872264,71.64837715872264,36.59302189510817,7.164837715872264e-11,4.677421921093395,8,True,0.9638301626840485,0.14285714285714285,0.0,1.0,rms,6.164414002968976,0.6913294432231062,0.8314622319883845,0.2469970312162103,0.5017067468890046,0.6913294432231062,0.8314622319883845,0.2469970312162103,0.5017067468890046,1.0000000000000002,1.0,1.0,0.1904435852616734,0.125,0.02643892884534806,0.0,,,,0.9848478424824846,0.956406609038188,0.8242424242424242,,0.2918080825207195,0.2918080825207195,0.6700065466752418
main_corrected_inverse_map_2026-08-31_v2,breast_cancer,svm,2,RidgeAIME,0.0,0.25,0,8,30,38,0.006284874980337918,0.9649122807017544,0.09563062949519797,0.00013791595119982958,119,52,X ~= Y A^T,SVD normal-system solve,1.8732504651261659,1.8730253479211108,38.780925149907986,38.790925149907984,72.64638607508816,72.65638607508816,38.79092514990799,7.265638607508815e-11,4.921363688704997,1,True,1.0,0.0,0.01,1.0,rms,6.164414002968976,0.6879325667955719,0.8294170041635099,0.2506969431172569,0.5052754421831542,0.6879325667955719,0.8294170041635099,0.2506969431172569,0.5052754421831542,1.0000000000000002,1.0,1.0,0.18993608148711089,0.125,0.025508353618583186,0.0,,,,0.9817609354964274,0.9494911915964547,0.779020979020979,,0.2725958491050257,0.2725436547846214,0.6920854605759198
main_corrected_inverse_map_2026-08-31_v2,breast_cancer,svm,2,HuberRidgeAIME,0.0,0.25,0,8,30,38,0.006284874980337918,0.9649122807017544,0.09563062949519797,0.000515041989274323,119,52,X ~= Y A^T,SVD normal-system solve,1.9579926445520575,1.9577309176691673,36.59276063247549,36.60276063247549,71.6483561622411,71.6583561622411,36.602760632475494,7.165835616224111e-11,4.676242022553345,8,True,0.9638276539367199,0.14285714285714285,0.01,1.0,rms,6.164414002968976,0.6913315139977247,0.8314634772482341,0.24699477570771045,0.5017070502466158,0.6913315139977247,0.8314634772482341,0.24699477570771045,0.5017070502466158,1.0,1.0,1.0,0.19044148676613037,0.125,0.02643958586142015,0.0,,,,0.9848485306402613,0.956406609038188,0.8242424242424242,,0.29181105598782714,0.29175299951914746,0.6698969803211469
main_corrected_inverse_map_2026-08-31_v2,breast_cancer,mlp,2,AIME,0.0,0.25,0,8,30,38,0.02660804206971079,0.9824561403508771,0.11714964763757857,0.00013504200614988804,119,52,X ~= Y A^T,SVD normal-system solve,2.0050768479067025,2.0050768479067025,34.39706975897065,34.39706975897065,68.96876820954384,68.96876820954384,34.39706975897065,6.896876820954384e-11,6.202692312774597,1,True,1.0,0.0,0.0,1.0,rms,6.164414002968976,0.7087063115572353,0.8418469644521118,0.3434661824039368,0.5910643948626473,0.7087063115572353,0.8418469644521118,0.3434661824039368,0.5910643948626473,1.0,1.0,1.0,0.1814799155558309,0.125,0.013220433533584958,0.0,,,,0.9893507354575689,0.963759711128132,0.7575757575757576,,0.30213102233388167,0.30213102233388167,0.7925802383343363
main_corrected_inverse_map_2026-08-31_v2,breast_cancer,mlp,2,HuberAIME,0.0,0.25,0,8,30,38,0.02660804206971079,0.9824561403508771,0.11714964763757857,0.0005947090685367584,119,52,X ~= Y A^T,SVD normal-system solve,2.051819907299275,2.051819907299275,32.94575011617893,32.94575011617893,67.59874594928333,67.59874594928333,32.94575011617892,6.759874594928332e-11,6.166472720495139,9,True,0.9750937962358982,0.11764705882352941,0.0,1.0,rms,6.164414002968976,0.7139984835391757,0.8449843096408215,0.3385636017185132,0.586843286825994,0.7139984835391757,0.8449843096408215,0.3385636017185132,0.586843286825994,1.0,1.0,1.0,0.18107599441951203,0.125,0.014130721083717974,0.0,,,,0.9909812150025807,0.9690556953714848,0.890909090909091,,0.3121392391403002,0.3121392391403002,0.7900368145898402
main_corrected_inverse_map_2026-08-31_v2,breast_cancer,mlp,2,RidgeAIME,0.0,0.25,0,8,30,38,0.02660804206971079,0.9824561403508771,0.11714964763757857,0.00012395798694342375,119,52,X ~= Y A^T,SVD normal-system solve,2.0050768479067025,2.0047847344384686,34.39706975897065,34.40706975897065,68.96876820954384,68.97876820954384,34.40706975897066,6.897876820954383e-11,6.200986471856306,1,True,1.0,0.0,0.01,1.0,rms,6.164414002968976,0.7087161770446018,0.8418528238621058,0.3434570431794406,0.5910624151907617,0.7087161770446018,0.8418528238621058,0.3434570431794406,0.5910624151907617,1.0,1.0,1.0,0.1814791386806211,0.125,0.013221068248162044,0.0,,,,0.9893501228071125,0.963759711128132,0.7575757575757576,,0.30213102233388167,0.30206774669956726,0.7924607838861274
main_corrected_inverse_map_2026-08-31_v2,breast_cancer,mlp,2,HuberRidgeAIME,0.0,0.25,0,8,30,38,0.02660804206971079,0.9824561403508771,0.11714964763757857,0.0005677089793607593,119,52,X ~= Y A^T,SVD normal-system solve,2.05185461062605,2.0515354334021176,32.945190150018156,32.955190150018154,67.59874030726668,67.60874030726669,32.955190150018154,6.760874030726666e-11,6.164648405137142,9,True,0.975089102365784,0.11764705882352941,0.01,1.0,rms,6.164414002968976,0.7140082620857285,0.8449900958506724,0.33855454303455035,0.5868410382144945,0.7140082620857285,0.8449900958506724,0.33855454303455035,0.5868410382144945,1.0,1.0,1.0,0.18107572280505924,0.125,0.014131382159355497,0.0,,,,0.9909803973505541,0.9690556953714848,0.890909090909091,,0.3121465844905498,0.3120790223500293,0.7899083120650596
main_corrected_inverse_map_2026-08-31_v2,breast_cancer,lgbm,2,AIME,0.0,0.5,0,15,30,45,1.1121474169194698,0.9766081871345029,0.10839369875136651,0.00014729099348187447,119,52,X ~= Y A^T,SVD normal-system solve,1.5735608576634024,1.5735608576634024,46.00224788299995,46.00224788299995,72.38733663321784,72.38733663321784,46.002247882999946,7.238733663321784e-11,6.43830611689531,1,True,1.0,0.0,0.0,1.0,rms,6.708203932499369,0.5105970279830643,0.714560723789843,0.3937193394752,0.6328963613163023,0.5105970279830643,0.714560723789843,0.3937193394752,0.6328963613163023,0.9999999999999998,0.9999999999999999,1.0,0.364043576914291,0.2,0.009951166752100588,0.0,,,,0.9846084048652838,0.9121739130434781,0.5019607843137255,,0.19688354396757146,0.19688354396757146,0.8087716218863903
main_corrected_inverse_map_2026-08-31_v2,breast_cancer,lgbm,2,HuberAIME,0.0,0.5,0,15,30,45,1.1121474169194698,0.9766081871345029,0.10839369875136651,0.0005435419734567404,119,52,X ~= Y A^T,SVD normal-system solve,1.62875909757872,1.62875909757872,43.90404051103117,43.90404051103117,71.5091054028067,71.5091054028067,43.90404051103118,7.150910540280668e-11,6.1961516655391655,8,True,0.9731967559947999,0.08403361344537816,0.0,1.0,rms,6.708203932499369,0.5146944234398375,0.7174220678511621,0.38885411016946614,0.6284533929503974,0.5146944234398375,0.7174220678511621,0.38885411016946614,0.6284533929503974,1.0,0.9999999999999999,1.0,0.36101686563035923,0.2,0.009377584772675458,0.0,,,,0.9895108025736427,0.9334650856389987,0.6017316017316017,,0.211856854517849,0.211856854517849,0.7921220396069579
main_corrected_inverse_map_2026-08-31_v2,breast_cancer,lgbm,2,RidgeAIME,0.0,0.5,0,15,30,45,1.1121474169194698,0.9766081871345029,0.10839369875136651,0.00012341700494289398,119,52,X ~= Y A^T,SVD normal-system solve,1.5735608576634024,1.5734362037105851,46.00224788299995,46.01224788299995,72.38733663321784,72.39733663321785,46.012247882999944,7.239733663321785e-11,6.437017277173668,1,True,1.0,0.0,0.01,1.0,rms,6.708203932499369,0.5105915290253912,0.7145568759905618,0.39372586891330386,0.6328947259489147,0.5105915290253912,0.7145568759905618,0.39372586891330386,0.6328947259489147,1.0,0.9999999999999999,1.0,0.36404318022484705,0.2,0.00995137777687441,0.0,,,,0.98460884137134,0.9121739130434781,0.5019607843137255,,0.19688354396757146,0.1968491387725055,0.8086846747917186
main_corrected_inverse_map_2026-08-31_v2,breast_cancer,lgbm,2,HuberRidgeAIME,0.0,0.5,0,15,30,45,1.1121474169194698,0.9766081871345029,0.10839369875136651,0.0005549999186769128,119,52,X ~= Y A^T,SVD normal-system solve,1.6287722406503422,1.6286290570043687,43.90369114633463,43.91369114633463,71.50911340123605,71.51911340123605,43.91369114633462,7.151911340123605e-11,6.194819813055257,8,True,0.9731939097954302,0.08403361344537816,0.01,1.0,rms,6.708203932499369,0.5146940509943744,0.7174218082790447,0.38885455240956757,0.6284498754884377,0.5146940509943744,0.7174218082790447,0.38885455240956757,0.6284498754884377,1.0,0.9999999999999999,1.0,0.36101611844994513,0.2,0.00937796002466863,0.0,,,,0.9895111045920444,0.9334650856389987,0.6017316017316017,,0.2118603589897255,0.2118221789426862,0.7920286786969281
main_corrected_inverse_map_2026-08-31_v2,breast_cancer,svm,2,AIME,0.0,0.5,0,15,30,45,0.007047916995361447,0.9824561403508771,0.05809101367105594,0.00014699995517730713,119,52,X ~= Y A^T,SVD normal-system solve,1.8237491306078342,1.8237491306078342,39.86749019500346,39.86749019500346,72.70830058265392,72.70830058265392,39.867490195003455,7.270830058265393e-11,5.469048515497964,1,True,1.0,0.0,0.0,1.0,rms,6.708203932499369,0.5331898817267823,0.7301985221340717,0.385803545090337,0.6382466701231592,0.5331898817267823,0.7301985221340717,0.385803545090337,0.6382466701231592,0.9999999999999999,0.9999999999999999,1.0,0.35647694963122484,0.2,0.017999877880962308,0.0,,,,0.978886903419242,0.8915415019762845,0.6606060606060606,,0.26096509787076905,0.26096509787076905,0.7379117759838172
main_corrected_inverse_map_2026-08-31_v2,breast_cancer,svm,2,HuberAIME,0.0,0.5,0,15,30,45,0.007047916995361447,0.9824561403508771,0.05809101367105594,0.0005559999262914062,119,52,X ~= Y A^T,SVD normal-system solve,1.856969052521508,1.856969052521508,38.2913846365561,38.2913846365561,71.10591624828221,71.10591624828221,38.29138463655612,7.110591624828221e-11,5.233143810201177,8,True,0.9670557297985103,0.15126050420168066,0.0,1.0,rms,6.708203932499369,0.5261717869832062,0.7253769964530211,0.3938878862593116,0.6491893689748647,0.5261717869832062,0.7253769964530211,0.3938878862593116,0.6491893689748647,0.9999999999999999,0.9999999999999999,1.0,0.35879883662243867,0.2,0.01936957085676413,0.0,,,,0.9797596236363699,0.893254281949934,0.7833333333333333,,0.268804666027808,0.268804666027808,0.7187626695989504
main_corrected_inverse_map_2026-08-31_v2,breast_cancer,svm,2,RidgeAIME,0.0,0.5,0,15,30,45,0.007047916995361447,0.9824561403508771,0.05809101367105594,0.00021112500689923763,119,52,X ~= Y A^T,SVD normal-system solve,1.8237491306078342,1.8235425606540636,39.86749019500346,39.87749019500346,72.70830058265392,72.71830058265392,39.87749019500346,7.271830058265391e-11,5.467799055672975,1,True,1.0,0.0,0.01,1.0,rms,6.708203932499369,0.5332067565583809,0.7302100770041323,0.38578410649613193,0.6382485733434285,0.5332067565583809,0.7302100770041323,0.38578410649613193,0.6382485733434285,0.9999999999999999,0.9999999999999999,1.0,0.35647741197725247,0.2,0.018000798961376588,0.0,,,,0.9788858014711798,0.8915415019762845,0.6606060606060606,,0.26096509787076905,0.2609159040037908,0.73781254565146
main_corrected_inverse_map_2026-08-31_v2,breast_cancer,svm,2,HuberRidgeAIME,0.0,0.5,0,15,30,45,0.007047916995361447,0.9824561403508771,0.05809101367105594,0.0005592500092461705,119,52,X ~= Y A^T,SVD normal-system solve,1.8569837534084033,1.8567600043370032,38.29110882899868,38.30110882899868,71.10596699544362,71.11596699544361,38.30110882899868,7.111596699544362e-11,5.231882829600174,8,True,0.9670534979771436,0.15126050420168066,0.01,1.0,rms,6.708203932499369,0.5261954354474655,0.7253932970792227,0.39386064492670214,0.6491910003383513,0.5261954354474655,0.7253932970792227,0.39386064492670214,0.6491910003383513,1.0,0.9999999999999999,1.0,0.35879948710070103,0.2,0.01937068073772279,0.0,,,,0.9797591194868458,0.893254281949934,0.7833333333333333,,0.2688081041512261,0.2687557725992955,0.7186580092023165
main_corrected_inverse_map_2026-08-31_v2,breast_cancer,mlp,2,AIME,0.0,0.5,0,15,30,45,0.031112416996620595,0.9590643274853801,0.11382475815964957,0.00013058295007795095,119,52,X ~= Y A^T,SVD normal-system solve,1.8802712028668223,1.8802712028668223,37.65316993675283,37.65316993675283,70.79817112872712,70.79817112872712,37.653169936752825,7.079817112872711e-11,6.5512271264328295,1,True,1.0,0.0,0.0,1.0,rms,6.708203932499369,0.5768837687000173,0.7595286490317645,0.333363773560002,0.5819263402984499,0.5768837687000173,0.7595286490317645,0.333363773560002,0.5819263402984499,0.9999999999999999,0.9999999999999999,1.0,0.3664177407318776,0.13333333333333333,0.012214601344019452,0.0,,,,0.9874244015835847,0.9579183135704874,0.7986013986013987,,0.27422049469662185,0.27422049469662185,0.8163226563769203
main_corrected_inverse_map_2026-08-31_v2,breast_cancer,mlp,2,HuberAIME,0.0,0.5,0,15,30,45,0.031112416996620595,0.9590643274853801,0.11382475815964957,0.0005483750719577074,119,52,X ~= Y A^T,SVD normal-system solve,1.9570396058401593,1.9570396058401593,35.30274135451591,35.30274135451591,69.0888630255189,69.0888630255189,35.30274135451591,6.908886302551892e-11,6.223142265782457,8,True,0.9647528302927338,0.1092436974789916,0.0,1.0,rms,6.708203932499369,0.5833780137348675,0.7637918654547635,0.3258591439647456,0.5745189555904617,0.5833780137348675,0.7637918654547635,0.3258591439647456,0.5745189555904617,1.0,0.9999999999999999,1.0,0.36313691115153884,0.2,0.011159125033065221,0.0,,,,0.9894390819854044,0.9717523056653491,0.8969696969696969,,0.29159961483724567,0.29159961483724567,0.7940097294013193
main_corrected_inverse_map_2026-08-31_v2,breast_cancer,mlp,2,RidgeAIME,0.0,0.5,0,15,30,45,0.031112416996620595,0.9590643274853801,0.11382475815964957,0.00012858293484896421,119,52,X ~= Y A^T,SVD normal-system solve,1.8802712028668223,1.8800374808502358,37.65316993675283,37.66316993675283,70.79817112872712,70.80817112872712,37.66316993675283,7.080817112872712e-11,6.549584841829759,1,True,1.0,0.0,0.01,1.0,rms,6.708203932499369,0.5768729411935614,0.7595215212181688,0.33337628562644794,0.5819264760441171,0.5768729411935614,0.7595215212181688,0.33337628562644794,0.5819264760441171,1.0,0.9999999999999999,1.0,0.366417781827219,0.13333333333333333,0.012214713047307764,0.0,,,,0.9874243292231595,0.9579183135704874,0.7986013986013987,,0.27422049469662185,0.27416650754249644,0.8162137722640436
main_corrected_inverse_map_2026-08-31_v2,breast_cancer,mlp,2,HuberRidgeAIME,0.0,0.5,0,15,30,45,0.031112416996620595,0.9590643274853801,0.11382475815964957,0.0005430839955806732,119,52,X ~= Y A^T,SVD normal-system solve,1.9570572324328324,1.9567862068030732,35.30242537023594,35.31242537023593,69.08886689324055,69.09886689324057,35.31242537023593,6.909886689324057e-11,6.221464356601734,8,True,0.9647502696725845,0.1092436974789916,0.01,1.0,rms,6.708203932499369,0.5833742758886926,0.7637894185498334,0.3258634633507367,0.5745164630909101,0.5833742758886926,0.7637894185498334,0.3258634633507367,0.5745164630909101,1.0000000000000002,0.9999999999999999,1.0,0.3631365439538849,0.2,0.011159342105379331,0.0,,,,0.9894390403911648,0.9717523056653491,0.8969696969696969,,0.29160352640727016,0.2915433784031538,0.793892617350316
main_corrected_inverse_map_2026-08-31_v2,breast_cancer,lgbm,2,AIME,0.05,0.0,28,0,30,30,1.1139050419442356,0.9766081871345029,0.11928859259260814,0.00014458305668085814,119,52,X ~= Y A^T,SVD normal-system solve,1.5666902942739422,1.5666902942739422,46.05470717607343,46.05470717607343,72.15346273838271,72.15346273838271,46.05470717607342,7.215346273838272e-11,5.302242707378493,1,True,1.0,0.0,0.0,1.0,rms,5.477225575051661,0.5412350348947913,0.7356867777082794,0.3550050992852579,0.6033538296536364,3.86402295787748,1.9657118196412922,0.07311164673732662,0.29859384409745326,0.9596410688743167,0.946162402669633,0.8181818181818182,0.0,0.0,0.026743983566837676,0.0,0.06722689075630252,1.0,1.0,0.9433672400148705,0.8760400444938823,0.7463203463203463,,0.19498315295781027,0.19498315295781027,0.7244596034541657
main_corrected_inverse_map_2026-08-31_v2,breast_cancer,lgbm,2,HuberAIME,0.05,0.0,28,0,30,30,1.1139050419442356,0.9766081871345029,0.11928859259260814,0.000536999898031354,119,52,X ~= Y A^T,SVD normal-system solve,1.669906322777579,1.669906322777579,41.0952189845381,41.0952189845381,68.62516601820937,68.62516601820937,41.0952189845381,6.862516601820937e-11,4.936604025918149,8,True,0.9285312628321224,0.14285714285714285,0.0,1.0,rms,5.477225575051661,0.5230733106988389,0.723238073319456,0.37664859746873003,0.6183470406413744,3.871331959754468,1.9675700647637604,0.07135838885361134,0.2961012024610978,0.9985066908723327,0.9915461624026695,1.0,0.0,0.0,0.021389183729274192,0.0,0.959375,0.23130572489421136,0.9787817520528729,0.9858303445887403,0.9458954393770856,0.8713286713286713,,0.22269210908658135,0.22269210908658135,0.6934282930579899
main_corrected_inverse_map_2026-08-31_v2,breast_cancer,lgbm,2,RidgeAIME,0.05,0.0,28,0,30,30,1.1139050419442356,0.9766081871345029,0.11928859259260814,0.00011862500105053186,119,52,X ~= Y A^T,SVD normal-system solve,1.5666902942739422,1.5665672737818968,46.05470717607343,46.064707176073426,72.15346273838271,72.16346273838272,46.064707176073426,7.216346273838273e-11,5.301173263048714,1,True,1.0,0.0,0.01,1.0,rms,5.477225575051661,0.5412254705466437,0.735680277394089,0.35501649720923933,0.603351516441155,3.8640301931067964,1.9657136599990337,0.07310991117574739,0.29859167578821344,0.9596403715879221,0.946162402669633,0.8181818181818182,0.0,0.0,0.02674460269827854,0.0,0.06722689075630252,1.0,1.0,0.9433664407089937,0.8760400444938823,0.7463203463203463,,0.19498315295781027,0.19494904971559454,0.7243719988984271
main_corrected_inverse_map_2026-08-31_v2,breast_cancer,lgbm,2,HuberRidgeAIME,0.05,0.0,28,0,30,30,1.1139050419442356,0.9766081871345029,0.11928859259260814,0.0004791249521076679,119,52,X ~= Y A^T,SVD normal-system solve,1.6699131506455844,1.6697501747854804,41.095053853814385,41.10505385381438,68.62517085697314,68.63517085697315,41.10505385381439,6.863517085697314e-11,4.935479708169053,8,True,0.9285299253999117,0.14285714285714285,0.01,1.0,rms,5.477225575051661,0.5230779835775118,0.7232413038381532,0.37664302875510025,0.6183408006200288,3.871350413847247,1.9675747543225002,0.07135396215018497,0.2960968330627426,0.9985066475469744,0.9915461624026695,1.0,0.0,0.0,0.021389777200064047,0.0,0.959375,0.23130436958745204,0.978780415908918,0.9858306629154547,0.9458954393770856,0.8713286713286713,,0.22269388481453403,0.22265149759768862,0.6933293706805868
main_corrected_inverse_map_2026-08-31_v2,breast_cancer,svm,2,AIME,0.05,0.0,28,0,30,30,0.00624720798805356,0.9473684210526315,0.09693990696597693,0.00013625004794448614,119,52,X ~= Y A^T,SVD normal-system solve,1.8870851853936825,1.8870851853936825,37.42322672070511,37.42322672070511,70.62081673427161,70.62081673427161,37.423226720705124,7.062081673427161e-11,4.7989508122670985,1,True,1.0,0.0,0.0,1.0,rms,5.477225575051661,0.5901325429719355,0.7682008480677013,0.3134598551414921,0.575810420020433,1.3429845774387383,1.1588721143589307,0.16013979538148615,0.4193071306882054,0.9493577259459771,0.9078976640711901,1.0,0.0,0.0,0.04189882467002256,0.0,0.06722689075630252,1.0,1.0,0.9558369790349268,0.9006006674082313,0.7682983682983683,,0.2757915052054135,0.2757915052054135,0.6811462985737107
main_corrected_inverse_map_2026-08-31_v2,breast_cancer,svm,2,HuberAIME,0.05,0.0,28,0,30,30,0.00624720798805356,0.9473684210526315,0.09693990696597693,0.0007391669787466526,119,52,X ~= Y A^T,SVD normal-system solve,1.9101483866480788,1.9101483866480788,34.863621485467846,34.863621485467846,66.5946903331757,66.5946903331757,34.863621485467846,6.65946903331757e-11,4.319489925535054,9,True,0.9128590357256966,0.2184873949579832,0.0,1.0,rms,5.477225575051661,0.5431798397572585,0.7370073539370272,0.3680830343753747,0.6260779114721612,1.2977967997812232,1.1392088481842226,0.1883988065624449,0.45543294345740487,0.9967706835519814,0.9799777530589545,1.0,0.0,0.0,0.026265319268275193,0.0,0.975,0.2260116370839805,0.9623615509431178,0.9753806518736609,0.9064738598442714,0.834965034965035,,0.2810671059908122,0.2810671059908122,0.6354324654250031
main_corrected_inverse_map_2026-08-31_v2,breast_cancer,svm,2,RidgeAIME,0.05,0.0,28,0,30,30,0.00624720798805356,0.9473684210526315,0.09693990696597693,0.00011966598685830832,119,52,X ~= Y A^T,SVD normal-system solve,1.8870851853936825,1.8868482073762618,37.42322672070511,37.43322672070511,70.62081673427161,70.63081673427162,37.43322672070511,7.063081673427162e-11,4.797766899001471,1,True,1.0,0.0,0.01,1.0,rms,5.477225575051661,0.590128247752888,0.7681980524271641,0.3134648520533593,0.5758104368393968,1.3429802243655167,1.1588702362065895,0.16014251765620768,0.41930705418669406,0.9493552759854695,0.9078976640711901,1.0,0.0,0.0,0.041899347486730514,0.0,0.06722689075630252,1.0,1.0,0.9558345980606578,0.9006006674082313,0.7682983682983683,,0.2757915052054135,0.2757369635722036,0.6810391438117614
main_corrected_inverse_map_2026-08-31_v2,breast_cancer,svm,2,HuberRidgeAIME,0.05,0.0,28,0,30,30,0.00624720798805356,0.9473684210526315,0.09693990696597693,0.0005272920243442059,119,52,X ~= Y A^T,SVD normal-system solve,1.9101681472509995,1.9099071543420545,34.86329027172683,34.87329027172683,66.59474658541824,66.60474658541824,34.87329027172682,6.660474658541824e-11,4.318330631116343,9,True,0.9128565143804761,0.2184873949579832,0.01,1.0,rms,5.477225575051661,0.543197956271476,0.7370196444271184,0.368061958238423,0.6260806747441644,1.2978151521230799,1.1392169030185078,0.18838732958657656,0.45543469959666816,0.9967705946591607,0.9799777530589545,1.0,0.0,0.0,0.026265727843130842,0.0,0.975,0.22601152496737476,0.9623588559597986,0.9753802263018576,0.9064738598442714,0.834965034965035,,0.28107159877078547,0.28101225555297,0.635315890840322
main_corrected_inverse_map_2026-08-31_v2,breast_cancer,mlp,2,AIME,0.05,0.0,28,0,30,30,0.031445750035345554,0.9415204678362573,0.19754635456393177,0.00012458302080631256,119,52,X ~= Y A^T,SVD normal-system solve,2.1215683625208124,2.1215683625208124,34.27083802264455,34.27083802264455,72.70792570591799,72.70792570591799,34.27083802264455,7.270792570591799e-11,6.57102925637515,1,True,1.0,0.0,0.0,1.0,rms,5.477225575051661,0.7033491509020537,0.8386591386863043,0.22027242550860193,0.5157517058946072,1.2084207699195642,1.0992819337729354,0.13791811648477714,0.41422128805835906,0.9357753553732114,0.8451612903225806,0.6666666666666666,0.0,0.0,0.0526667908545742,0.1111111111111111,0.06722689075630252,1.0,1.0,0.9634509442864527,0.9364627363737487,0.675990675990676,,0.3266570304402337,0.3266570304402337,0.8176334008161436
main_corrected_inverse_map_2026-08-31_v2,breast_cancer,mlp,2,HuberAIME,0.05,0.0,28,0,30,30,0.031445750035345554,0.9415204678362573,0.19754635456393177,0.0004897919716313481,119,52,X ~= Y A^T,SVD normal-system solve,2.2492891418233896,2.2492891418233896,30.115239016023256,30.115239016023256,67.73788012215721,67.73788012215721,30.115239016023253,6.77378801221572e-11,5.300940064743728,8,True,0.9165646237730952,0.19327731092436976,0.0,1.0,rms,5.477225575051661,0.630512865580556,0.7940484025426636,0.3010181831680203,0.5536844806600433,1.1306773959704093,1.0633331538000728,0.19337988602170486,0.4471212313770345,0.9971243267076861,0.9902113459399332,1.0,0.0,0.0,0.024799685894077467,0.0,0.9861111111111112,0.1745054488321371,0.9700463661111824,0.9871734011136525,0.9678754171301446,0.8606060606060606,,0.3520452867504274,0.3520452867504274,0.7243528938890899
main_corrected_inverse_map_2026-08-31_v2,breast_cancer,mlp,2,RidgeAIME,0.05,0.0,28,0,30,30,0.031445750035345554,0.9415204678362573,0.19754635456393177,0.00012104108463972807,119,52,X ~= Y A^T,SVD normal-system solve,2.1215683625208124,2.1212411918834495,34.27083802264455,34.280838022644545,72.70792570591799,72.71792570591799,34.28083802264454,7.2717925705918e-11,6.569224712596624,1,True,1.0,0.0,0.01,1.0,rms,5.477225575051661,0.7032829814358587,0.8386196881995192,0.2203457804807598,0.5157496545899215,1.2083519095117283,1.0992506126956347,0.1379672411866727,0.41421983801136547,0.9357720776710633,0.8451612903225806,0.6666666666666666,0.0,0.0,0.05266744491660804,0.1111111111111111,0.06722689075630252,1.0,1.0,0.9634497601343147,0.9364627363737487,0.675990675990676,,0.3266570304402337,0.3265900519907383,0.8175141179754702
main_corrected_inverse_map_2026-08-31_v2,breast_cancer,mlp,2,HuberRidgeAIME,0.05,0.0,28,0,30,30,0.031445750035345554,0.9415204678362573,0.19754635456393177,0.00048416596837341785,119,52,X ~= Y A^T,SVD normal-system solve,2.2493171301609296,2.248902417132441,30.114858500721507,30.12485850072151,67.73786709804537,67.74786709804538,30.124858500721512,6.774786709804536e-11,5.299271081141485,8,True,0.9165613516569818,0.19327731092436976,0.01,1.0,rms,5.477225575051661,0.6305081243829459,0.7940454170782336,0.3010234392240032,0.5536801906109902,1.1306718330514671,1.0633305380038076,0.19338385458278806,0.4471184708777379,0.9971241350104663,0.9902113459399332,1.0,0.0,0.0,0.024800737924914478,0.0,0.9861111111111112,0.17450512059484752,0.9700428818236221,0.9871731456696915,0.9678754171301446,0.8606060606060606,,0.3520506907265998,0.35197061122916196,0.7242161361651435
main_corrected_inverse_map_2026-08-31_v2,breast_cancer,lgbm,2,AIME,0.05,0.25,28,8,30,38,1.115927042090334,0.9590643274853801,0.25499217604958624,0.0001461249776184559,119,52,X ~= Y A^T,SVD normal-system solve,1.8238806545404371,1.8238806545404371,41.828984346457894,41.828984346457894,76.29107534857933,76.29107534857933,41.828984346457894,7.629107534857932e-11,4.6584120613248885,1,True,1.0,0.0,0.0,1.0,rms,6.164414002968976,0.5958077149987013,0.7718858173322667,0.24708234826559972,0.504218033467636,2.845311823002194,1.686805211932366,0.06695725815647136,0.2909352622155278,0.9746915616667339,0.9487908961593171,0.8181818181818182,0.1792750663929781,0.125,0.02210733602098899,0.0,0.03361344537815126,1.0,1.0,0.9576878528814486,0.8926359557938506,0.8181818181818181,,0.2609964169034324,0.2609964169034324,0.6682379015547306
main_corrected_inverse_map_2026-08-31_v2,breast_cancer,lgbm,2,HuberAIME,0.05,0.25,28,8,30,38,1.115927042090334,0.9590643274853801,0.25499217604958624,0.0006055410485714674,119,52,X ~= Y A^T,SVD normal-system solve,1.920028221977243,1.920028221977243,37.806767358860895,37.806767358860895,72.59006031074095,72.59006031074095,37.806767358860895,7.259006031074097e-11,4.5520188515757285,9,True,0.9349438066099948,0.20168067226890757,0.0,1.0,rms,6.164414002968976,0.5829473054949247,0.7635098594615034,0.2633339493781287,0.5188861886459826,2.8282898366071327,1.681752014004185,0.07253915632639263,0.30113015897903583,0.9988666756446353,0.9932158879527301,0.8181818181818182,0.1796046800644545,0.125,0.015057902388451025,0.0,0.8125,0.3379048263243876,0.9557103798373202,0.9634640247794302,0.9017397964766385,0.8303030303030303,,0.28330761232797985,0.28330761232797985,0.6582040519631046
main_corrected_inverse_map_2026-08-31_v2,breast_cancer,lgbm,2,RidgeAIME,0.05,0.25,28,8,30,38,1.115927042090334,0.9590643274853801,0.25499217604958624,0.00012087495997548103,119,52,X ~= Y A^T,SVD normal-system solve,1.8238806545404371,1.8236837375580084,41.828984346457894,41.83898434645789,76.29107534857933,76.30107534857933,41.83898434645789,7.630107534857933e-11,4.657422976590013,1,True,1.0,0.0,0.01,1.0,rms,6.164414002968976,0.5957980714537747,0.771879570563812,0.24709453473955378,0.5042215540156816,2.8453102616980863,1.6868047491331315,0.06695777014375293,0.29093920577675736,0.9746918058061548,0.9487908961593171,0.8181818181818182,0.17927484763472848,0.125,0.022107253385586455,0.0,0.03361344537815126,1.0,1.0,0.9576884091887214,0.8926359557938506,0.8181818181818181,,0.2609964169034324,0.2609495253617065,0.6681456813635492
main_corrected_inverse_map_2026-08-31_v2,breast_cancer,lgbm,2,HuberRidgeAIME,0.05,0.25,28,8,30,38,1.115927042090334,0.9590643274853801,0.25499217604958624,0.0005866669816896319,119,52,X ~= Y A^T,SVD normal-system solve,1.9200481967715484,1.9198049032562186,37.80638797565013,37.816387975650116,72.59008705909258,72.6000870590926,37.81638797565012,7.260008705909257e-11,4.550915652431515,9,True,0.9349408630363912,0.20168067226890757,0.01,1.0,rms,6.164414002968976,0.5829419593870465,0.7635063584457215,0.26334070521375863,0.5188883992837938,2.8282934850083326,1.681753098706327,0.07253795993229917,0.30113434116714305,0.9988666253137305,0.9932158879527301,0.8181818181818182,0.1796056339604427,0.125,0.015058206608670223,0.0,0.8125,0.3379054004949513,0.9557073139073977,0.9634660320571138,0.9017397964766385,0.8303030303030303,,0.28331213043751624,0.28325709654503156,0.6580987862813825
main_corrected_inverse_map_2026-08-31_v2,breast_cancer,svm,2,AIME,0.05,0.25,28,8,30,38,0.006538249901495874,0.9415204678362573,0.1109254775095804,0.00013208389282226562,119,52,X ~= Y A^T,SVD normal-system solve,1.608558442013672,1.608558442013672,42.29461931086681,42.29461931086681,68.03336694424928,68.03336694424928,42.29461931086682,6.803336694424928e-11,6.281007656657387,1,True,1.0,0.0,0.0,1.0,rms,6.164414002968976,0.8087591585773871,0.8993103794449318,0.19939113011616771,0.4775200397410559,2.288675967031264,1.5128370589826468,0.07275466951145548,0.3063233503515988,0.9871227683010033,0.9857752489331437,1.0,0.18277037622139708,0.125,0.019734372111703483,0.0,0.03361344537815126,1.0,1.0,0.9769211071684877,0.9383740015318963,0.7575757575757576,,0.2064368442762059,0.2064368442762059,0.7980293228169096
main_corrected_inverse_map_2026-08-31_v2,breast_cancer,svm,2,HuberAIME,0.05,0.25,28,8,30,38,0.006538249901495874,0.9415204678362573,0.1109254775095804,0.0005212080432102084,119,52,X ~= Y A^T,SVD normal-system solve,1.656165809853936,1.656165809853936,40.05761559303729,40.05761559303729,66.34205336946026,66.34205336946026,40.05761559303729,6.634205336946028e-11,6.065174908065229,8,True,0.950973327914434,0.17647058823529413,0.0,1.0,rms,6.164414002968976,0.788057109301283,0.8877258074998625,0.2198845540229527,0.48958874960468507,2.267681549939817,1.5058823160990427,0.08126044992545811,0.31453288331391926,0.9993705240310752,0.9960608381661012,1.0,0.18362664074795426,0.125,0.014482733741489798,0.0,1.0,0.20889383038976336,0.9767847886979009,0.9890750696519767,0.9706313601050442,0.787878787878788,,0.21910381475548713,0.21910381475548713,0.7828433296069224
main_corrected_inverse_map_2026-08-31_v2,breast_cancer,svm,2,RidgeAIME,0.05,0.25,28,8,30,38,0.006538249901495874,0.9415204678362573,0.1109254775095804,0.00012162502389401197,119,52,X ~= Y A^T,SVD normal-system solve,1.608558442013672,1.608414590478798,42.29461931086681,42.304619310866805,68.03336694424928,68.04336694424929,42.304619310866805,6.804336694424928e-11,6.279618956804316,1,True,1.0,0.0,0.01,1.0,rms,6.164414002968976,0.8087252690651484,0.8992915373031976,0.19942467810608122,0.4775163823829256,2.288643303706909,1.5128262635566945,0.07276790288980295,0.30632210972179263,0.9871222893506582,0.9857752489331437,1.0,0.1827710077183955,0.125,0.019734820945457008,0.0,0.03361344537815126,1.0,1.0,0.976920062741874,0.9383740015318963,0.7575757575757576,,0.2064368442762059,0.20639800408250847,0.7979332918298855
main_corrected_inverse_map_2026-08-31_v2,breast_cancer,svm,2,HuberRidgeAIME,0.05,0.25,28,8,30,38,0.006538249901495874,0.9415204678362573,0.1109254775095804,0.000525958021171391,119,52,X ~= Y A^T,SVD normal-system solve,1.6561788144944893,1.656015045328168,40.05729894474464,40.067298944744635,66.34204987815853,66.35204987815854,40.06729894474464,6.635204987815853e-11,6.06374398941281,8,True,0.9509705129462281,0.17647058823529413,0.01,1.0,rms,6.164414002968976,0.7880320381729177,0.8877116864010058,0.21990937249645548,0.4895846821564889,2.2676577509139384,1.5058744140578053,0.08127009197873869,0.31453160441694566,0.9993705088570352,0.9960608381661012,1.0,0.18362698885386783,0.125,0.014482876931801445,0.0,1.0,0.20889433997321846,0.9767818580931155,0.9890755859773968,0.9706313601050442,0.787878787878788,,0.21910722493424084,0.2190642781453104,0.7827408571470216
main_corrected_inverse_map_2026-08-31_v2,breast_cancer,mlp,2,AIME,0.05,0.25,28,8,30,38,0.03437825001310557,0.9473684210526315,0.19958181260009342,0.00013558403588831425,119,52,X ~= Y A^T,SVD normal-system solve,1.7832955928656604,1.7832955928656604,37.63222994916297,37.63222994916297,67.10938981804944,67.10938981804944,37.63222994916297,6.710938981804943e-11,6.969055844678286,1,True,1.0,0.0,0.0,1.0,rms,6.164414002968976,0.6787320966686409,0.8238519871121517,0.20500096030846338,0.505105691538061,1.3674411033525486,1.169376373693495,0.1065738659456652,0.3780098158533997,0.9686605667769326,0.8886092570303098,0.5384615384615384,0.2037021903267742,0.125,0.019716466263890602,0.0,0.058823529411764705,1.0,1.0,0.96489182875068,0.901477185687712,0.7016317016317016,,0.25122333628271065,0.25122333628271065,0.8431739446373395
main_corrected_inverse_map_2026-08-31_v2,breast_cancer,mlp,2,HuberAIME,0.05,0.25,28,8,30,38,0.03437825001310557,0.9473684210526315,0.19958181260009342,0.0005825000116601586,119,52,X ~= Y A^T,SVD normal-system solve,1.8574988938139416,1.8574988938139416,33.36682292941545,33.36682292941545,61.97883668147486,61.97883668147486,33.36682292941545,6.197883668147486e-11,6.261664565129332,9,True,0.9090921105050915,0.23529411764705882,0.0,1.0,rms,6.164414002968976,0.6364842888702984,0.7977996545939954,0.25448582597726965,0.524979254902451,1.330136624235864,1.15331549206445,0.13094697896561036,0.39063168783284064,0.9985138042160517,0.9796476638581902,0.8181818181818182,0.18815722217959777,0.125,0.018317179742672045,0.0,0.9682539682539681,0.22662439106166624,0.9517463429703057,0.9883618450617417,0.9513294671189408,0.7636363636363636,,0.26892856379969543,0.26892856379969543,0.7966897989220267
main_corrected_inverse_map_2026-08-31_v2,breast_cancer,mlp,2,RidgeAIME,0.05,0.25,28,8,30,38,0.03437825001310557,0.9473684210526315,0.19958181260009342,0.00013383303303271532,119,52,X ~= Y A^T,SVD normal-system solve,1.7832955928656604,1.7830875032827842,37.63222994916297,37.64222994916297,67.10938981804944,67.11938981804944,37.64222994916296,6.711938981804946e-11,6.967275522324948,1,True,1.0,0.0,0.01,1.0,rms,6.164414002968976,0.678671418683427,0.8238151605083673,0.20507203244460115,0.5051049083541532,1.3673847104527457,1.1693522610628269,0.1066107105968428,0.37800893015986686,0.9686600160308472,0.8886092570303098,0.5384615384615384,0.20370081274119767,0.125,0.019717475851552833,0.0,0.058823529411764705,1.0,1.0,0.9648908302344823,0.901477185687712,0.7016317016317016,,0.25122333628271065,0.2511726562770854,0.8430629851376105
main_corrected_inverse_map_2026-08-31_v2,breast_cancer,mlp,2,HuberRidgeAIME,0.05,0.25,28,8,30,38,0.03437825001310557,0.9473684210526315,0.19958181260009342,0.0005957080284133554,119,52,X ~= Y A^T,SVD normal-system solve,1.8575171332301137,1.857260210889203,33.36651097953832,33.37651097953832,61.97886582060313,61.98886582060313,33.37651097953832,6.198886582060313e-11,6.259825926222094,9,True,0.9090897513945916,0.23529411764705882,0.01,1.0,rms,6.164414002968976,0.6364492763572822,0.7977777111183805,0.25452683614072236,0.524978854457006,1.3301044486481635,1.1533015428101028,0.13096800108558304,0.39063078147524477,0.9985137304904329,0.9796476638581902,0.8181818181818182,0.18815556260109947,0.125,0.018317949631454392,0.0,0.9682539682539681,0.22662362434613306,0.9517438843351204,0.9883611008352051,0.9513294671189408,0.7636363636363636,,0.268932828264634,0.26887275470179195,0.796562256480028
main_corrected_inverse_map_2026-08-31_v2,breast_cancer,lgbm,2,AIME,0.05,0.5,28,15,30,45,1.183798833983019,0.9532163742690059,0.1821802233827322,0.0001492080045863986,119,52,X ~= Y A^T,SVD normal-system solve,1.6466970068148872,1.6466970068148872,43.94083303298308,43.94083303298308,72.35723823236596,72.35723823236596,43.94083303298307,7.235723823236596e-11,6.340840177087211,1,True,1.0,0.0,0.0,1.0,rms,6.708203932499369,0.5551230648168616,0.7450658124064354,0.26322810651853545,0.5403943602766778,1.0466234965976264,1.0230461849777979,0.16279434597817743,0.43272157796257327,0.9765196032103581,0.9376811594202896,1.0,0.34707357451092324,0.13333333333333333,0.01592565938399915,0.0,0.05042016806722689,1.0,1.0,0.9767727738958172,0.9224505928853753,0.5934065934065934,,0.2166136960891445,0.2166136960891445,0.8021468067930407
main_corrected_inverse_map_2026-08-31_v2,breast_cancer,lgbm,2,HuberAIME,0.05,0.5,28,15,30,45,1.183798833983019,0.9532163742690059,0.1821802233827322,0.0005709159886464477,119,52,X ~= Y A^T,SVD normal-system solve,1.7415853253254883,1.7415853253254883,39.568285717724265,39.568285717724265,68.91154575427468,68.91154575427468,39.56828571772426,6.89115457542747e-11,5.601632977924885,8,True,0.9340746003737462,0.19327731092436976,0.0,1.0,rms,6.708203932499369,0.5316847326015133,0.7291671499742108,0.2943359914197813,0.5525968517631512,1.0237349143967487,1.0117978624195392,0.1811031747914149,0.44291426375730036,0.9981503447265113,0.9956521739130433,0.6666666666666666,0.34490410762940366,0.13333333333333333,0.01392253442778516,0.0,0.8972222222222223,0.32101551273624124,0.9666264103367996,0.9836629243185879,0.9503030303030302,0.7934065934065934,,0.24094475666405868,0.24094475666405868,0.7483146502062764
main_corrected_inverse_map_2026-08-31_v2,breast_cancer,lgbm,2,RidgeAIME,0.05,0.5,28,15,30,45,1.183798833983019,0.9532163742690059,0.1821802233827322,0.0001328340731561184,119,52,X ~= Y A^T,SVD normal-system solve,1.6466970068148872,1.646549865802491,43.94083303298308,43.95083303298307,72.35723823236596,72.36723823236596,43.95083303298307,7.236723823236597e-11,6.339513597515903,1,True,1.0,0.0,0.01,1.0,rms,6.708203932499369,0.5550913029128716,0.7450444972703788,0.2632702616362499,0.5403952291547043,1.0465949703399318,1.0230322430597834,0.16281716444566618,0.4327220681832134,0.9765194993738225,0.9376811594202896,1.0,0.34707303569939674,0.13333333333333333,0.015925635375991416,0.0,0.05042016806722689,1.0,1.0,0.9767723547371945,0.9224505928853753,0.5934065934065934,,0.2166136960891445,0.21657488786597778,0.8020559376895492
main_corrected_inverse_map_2026-08-31_v2,breast_cancer,lgbm,2,HuberRidgeAIME,0.05,0.5,28,15,30,45,1.183798833983019,0.9532163742690059,0.1821802233827322,0.0005597090348601341,119,52,X ~= Y A^T,SVD normal-system solve,1.7415949474402648,1.7414075725354674,39.56813604984231,39.57813604984231,68.91166582403436,68.92166582403436,39.578136049842314,6.892166582403434e-11,5.600324143400416,8,True,0.9340743569555968,0.19327731092436976,0.01,1.0,rms,6.708203932499369,0.5316714091271608,0.7291580138263316,0.29435367463643813,0.5525962338736133,1.0237257637353976,1.011793340428468,0.18111049450614136,0.4429132225701715,0.9981502974114234,0.9956521739130433,0.6666666666666666,0.34490363502931237,0.13333333333333333,0.013922596772309009,0.0,0.8972222222222223,0.3210135827607626,0.9666262564703669,0.9836622887990398,0.9503030303030302,0.7934065934065934,,0.2409471560984976,0.24090042866329625,0.7482131644376502
main_corrected_inverse_map_2026-08-31_v2,breast_cancer,svm,2,AIME,0.05,0.5,28,15,30,45,0.007522750063799322,0.9707602339181286,0.08280963379071012,0.00014395802281796932,119,52,X ~= Y A^T,SVD normal-system solve,1.9211693531388556,1.9211693531388556,37.1726476320897,37.1726476320897,71.41495140580038,71.41495140580038,37.17264763208969,7.14149514058004e-11,6.309397830534609,1,True,1.0,0.0,0.0,1.0,rms,6.708203932499369,0.6338538216848053,0.7961493714654339,0.29573952203331355,0.5522762216733984,0.6338538216848053,0.7961493714654339,0.29573952203331355,0.5522762216733984,0.9863939042265526,0.9326745718050066,0.5384615384615384,0.3362883569984589,0.13333333333333333,0.013955085349766904,0.0,0.05042016806722689,1.0,1.0,0.9751296364019897,0.9063241106719367,0.5826839826839827,,0.2835656500735027,0.2835656500735027,0.7999879121196835
main_corrected_inverse_map_2026-08-31_v2,breast_cancer,svm,2,HuberAIME,0.05,0.5,28,15,30,45,0.007522750063799322,0.9707602339181286,0.08280963379071012,0.00061495800036937,119,52,X ~= Y A^T,SVD normal-system solve,1.96677777274816,1.96677777274816,34.459578595228265,34.459578595228265,67.77433323936322,67.77433323936322,34.459578595228265,6.777433323936321e-11,6.042942056876692,9,True,0.920319679696672,0.226890756302521,0.0,1.0,rms,6.708203932499369,0.620329604631539,0.7876100587419761,0.3107659701514963,0.5628364368946764,0.620329604631539,0.7876100587419761,0.3107659701514963,0.5628364368946764,0.9971497201743766,0.9731225296442687,0.6666666666666666,0.33838245858196375,0.13333333333333333,0.010876384668666967,0.0,0.8888888888888888,0.32173187195020153,0.9521031031168387,0.9823759580893208,0.9331225296442687,0.6843156843156842,,0.29375529153017965,0.29375529153017965,0.781248430008946
main_corrected_inverse_map_2026-08-31_v2,breast_cancer,svm,2,RidgeAIME,0.05,0.5,28,15,30,45,0.007522750063799322,0.9707602339181286,0.08280963379071012,0.00012791692279279232,119,52,X ~= Y A^T,SVD normal-system solve,1.9211693531388556,1.9209216114066765,37.1726476320897,37.1826476320897,71.41495140580038,71.42495140580039,37.1826476320897,7.142495140580039e-11,6.307805410530163,1,True,1.0,0.0,0.01,1.0,rms,6.708203932499369,0.6338365589154341,0.7961385299779393,0.2957587023013699,0.5522760397302567,0.6338365589154341,0.7961385299779393,0.2957587023013699,0.5522760397302567,0.9863932432952608,0.9326745718050066,0.5384615384615384,0.336288481673618,0.13333333333333333,0.013955138037894306,0.0,0.05042016806722689,1.0,1.0,0.9751271710997962,0.9067193675889328,0.5826839826839827,,0.2835656500735027,0.2835096426190387,0.7998782873143662
main_corrected_inverse_map_2026-08-31_v2,breast_cancer,svm,2,HuberRidgeAIME,0.05,0.5,28,15,30,45,0.007522750063799322,0.9707602339181286,0.08280963379071012,0.000596500001847744,119,52,X ~= Y A^T,SVD normal-system solve,1.9668015067216058,1.966521023934557,34.45919209886421,34.469192098864205,67.77439094045538,67.78439094045538,34.469192098864205,6.778439094045538e-11,6.041240161438755,9,True,0.920316899365705,0.226890756302521,0.01,1.0,rms,6.708203932499369,0.6203216026117382,0.7876049787880586,0.31077486101260154,0.56283550868433,0.6203216026117382,0.7876049787880586,0.31077486101260154,0.56283550868433,0.9971496772478031,0.9731225296442687,0.6666666666666666,0.33838213983230436,0.13333333333333333,0.010876730227973433,0.0,0.8888888888888888,0.32173218838665757,0.952100158355743,0.9823734125179243,0.9331225296442687,0.6843156843156842,,0.29376053232131105,0.29369859378159496,0.7811261008700757
main_corrected_inverse_map_2026-08-31_v2,breast_cancer,mlp,2,AIME,0.05,0.5,28,15,30,45,0.01776166702620685,0.9239766081871345,0.3754015160857995,0.00014179199934005737,119,52,X ~= Y A^T,SVD normal-system solve,6.228731167318228,6.228731167318228,10.11755104634995,10.11755104634995,63.01950553933309,63.01950553933309,10.117551046349954,6.301950553933308e-11,15.17461818900449,1,True,1.0,0.0,0.0,1.0,rms,6.708203932499369,0.9123323199588702,0.9551608869498741,0.3452095314893435,0.5894068111539049,2.3906584599735705,1.5461754298829,0.1906301262252692,0.4470849702408328,0.9906386580649928,0.9603425559947298,0.6666666666666666,0.3093888833670011,0.2,0.010154206375360441,0.0,0.025210084033613446,1.0,1.0,0.9852915205073884,0.9277470355731225,0.5897435897435896,,0.7943995870838474,0.7943995870838474,1.1811177725318387
main_corrected_inverse_map_2026-08-31_v2,breast_cancer,mlp,2,HuberAIME,0.05,0.5,28,15,30,45,0.01776166702620685,0.9239766081871345,0.3754015160857995,0.0005586670013144612,119,52,X ~= Y A^T,SVD normal-system solve,6.537097170613907,6.537097170613907,9.144712211304398,9.144712211304398,59.779872322596425,59.779872322596425,9.144712211304396,5.977987232259642e-11,14.8268007798541,8,True,0.9487249094227419,0.15966386554621848,0.0,1.0,rms,6.708203932499369,0.9094083356929947,0.9536290346319132,0.3473081056442706,0.5914865785361918,2.3815230753046457,1.5432184146466907,0.19372295828813657,0.4511366189548331,0.9990244180486239,0.9869565217391303,1.0,0.3269868636650408,0.13333333333333333,0.008337866602514767,0.0,1.0,0.2367565321738714,0.9671378846964198,0.9905874279208305,0.9499868247694334,0.7682983682983683,,0.815384940579774,0.815384940579774,1.1710474522055412
main_corrected_inverse_map_2026-08-31_v2,breast_cancer,mlp,2,RidgeAIME,0.05,0.5,28,15,30,45,0.01776166702620685,0.9239766081871345,0.3754015160857995,0.00012474996037781239,119,52,X ~= Y A^T,SVD normal-system solve,6.228731167318228,6.223568289201506,10.11755104634995,10.127551046349952,63.01950553933309,63.02950553933309,10.12755104634996,6.302950553933307e-11,15.159693045561726,1,True,1.0,0.0,0.01,1.0,rms,6.708203932499369,0.9123552557114323,0.9551728930991668,0.3451930702593321,0.5893968249486794,2.3907088364295874,1.546191720463406,0.1906130710136904,0.44707899399096895,0.9906373167157863,0.9603425559947298,0.6666666666666666,0.30938862248973287,0.2,0.010156306754644111,0.0,0.025210084033613446,1.0,1.0,0.9852903691973959,0.9277470355731225,0.5897435897435896,,0.7943995870838474,0.794039459283654,1.1806904077625024
main_corrected_inverse_map_2026-08-31_v2,breast_cancer,mlp,2,HuberRidgeAIME,0.05,0.5,28,15,30,45,0.01776166702620685,0.9239766081871345,0.3754015160857995,0.0005376660265028477,119,52,X ~= Y A^T,SVD normal-system solve,6.537217698310119,6.531169074041464,9.144507624166053,9.154507624166055,59.77963708303014,59.78963708303013,9.154507624166046,5.978963708303015e-11,14.810475726078778,8,True,0.9487196622437565,0.15966386554621848,0.01,1.0,rms,6.708203932499369,0.9094584946106058,0.9536553332365975,0.3472721060633679,0.5914765275753123,2.381617386675084,1.5432489710591366,0.19369102868243782,0.45112957965569267,0.9990243397569923,0.9869565217391303,1.0,0.3269885583862883,0.13333333333333333,0.008339458392780953,0.0,1.0,0.23675700177844652,0.9671324896695835,0.9905881117302251,0.9499868247694334,0.7682983682983683,,0.8153929478082839,0.8149909265984246,1.1705690086827683
main_corrected_inverse_map_2026-08-31_v2,breast_cancer,lgbm,2,AIME,0.1,0.0,57,0,30,30,1.1838029999053106,0.9590643274853801,0.15462951582293483,0.0001384589122608304,119,52,X ~= Y A^T,SVD normal-system solve,1.7493478035540708,1.7493478035540708,42.27728843357729,42.27728843357729,73.95768166150036,73.95768166150036,42.27728843357728,7.395768166150038e-11,5.262410508779336,1,True,1.0,0.0,0.0,1.0,rms,5.477225575051661,0.573923046794128,0.7575770896708321,0.2462985199102532,0.5305691048448405,5.218531340704662,2.2844105017935505,0.02136962122662589,0.2031470781096044,0.9138946247243988,0.7103448275862069,0.5384615384615384,0.0,0.0,0.035019975689057646,0.0,0.08403361344537816,1.0,1.0,0.9256597668205957,0.7379310344827587,0.5421245421245421,,0.24287616405134851,0.24287616405134851,0.7211847234045267
main_corrected_inverse_map_2026-08-31_v2,breast_cancer,lgbm,2,HuberAIME,0.1,0.0,57,0,30,30,1.1838029999053106,0.9590643274853801,0.15462951582293483,0.0004918749909847975,119,52,X ~= Y A^T,SVD normal-system solve,1.8716405763041197,1.8716405763041197,36.70824246685991,36.70824246685991,68.70463608578504,68.70463608578504,36.7082424668599,6.870463608578505e-11,4.7824127093459055,8,True,0.9080278438491907,0.2184873949579832,0.0,1.0,rms,5.477225575051661,0.5187102201779655,0.7202153984593537,0.31880647959751685,0.5744481668661383,5.183391670504627,2.276706320653726,0.02795935816843531,0.21199948786297104,0.9970596398324653,0.9737486095661846,0.8181818181818182,0.0,0.0,0.022201071007060685,0.0,0.9733333333333333,0.23380967976346026,0.9698827212882486,0.9836930354075324,0.9540823136818688,0.890909090909091,,0.2722224519261881,0.2722224519261881,0.6796470518419646
main_corrected_inverse_map_2026-08-31_v2,breast_cancer,lgbm,2,RidgeAIME,0.1,0.0,57,0,30,30,1.1838029999053106,0.9590643274853801,0.15462951582293483,0.00012370897457003593,119,52,X ~= Y A^T,SVD normal-system solve,1.7493478035540708,1.7491705995215332,42.27728843357729,42.28728843357728,73.95768166150036,73.96768166150036,42.287288433577295,7.396768166150036e-11,5.261290611095782,1,True,1.0,0.0,0.01,1.0,rms,5.477225575051661,0.5738874521730094,0.7575535968979419,0.24634526436278936,0.5305693091008402,5.218491880688421,2.28440186497219,0.021377021157395593,0.20314861506780751,0.9138955490107206,0.7103448275862069,0.5384615384615384,0.0,0.0,0.03502020874842134,0.0,0.08403361344537816,1.0,1.0,0.9256599046376179,0.7379310344827587,0.5421245421245421,,0.24287616405134851,0.24283216900847537,0.7210922910215541
main_corrected_inverse_map_2026-08-31_v2,breast_cancer,lgbm,2,HuberRidgeAIME,0.1,0.0,57,0,30,30,1.1838029999053106,0.9590643274853801,0.15462951582293483,0.0004989999579265714,119,52,X ~= Y A^T,SVD normal-system solve,1.8716477307423725,1.8714103421458195,36.708180376014255,36.71818037601426,68.70478250044877,68.71478250044876,36.71818037601426,6.871478250044878e-11,4.781203956721704,8,True,0.9080286102808116,0.2184873949579832,0.01,1.0,rms,5.477225575051661,0.518696413715094,0.7202058134416119,0.31882461086364944,0.5744470299539872,5.183369210376408,2.276701388056064,0.0279635701128218,0.2120008370976261,0.997059567068795,0.9737486095661846,0.8181818181818182,0.0,0.0,0.022200992903779956,0.0,0.9733333333333333,0.2338077837978961,0.9698837319764919,0.9836924920865247,0.9540823136818688,0.890909090909091,,0.27222411203505464,0.2721690252286625,0.6795372702361555
main_corrected_inverse_map_2026-08-31_v2,breast_cancer,svm,2,AIME,0.1,0.0,57,0,30,30,0.006866374984383583,0.9473684210526315,0.11990849767658164,0.00013029202818870544,119,52,X ~= Y A^T,SVD normal-system solve,2.024798028985774,2.024798028985774,35.5770404420409,35.5770404420409,72.03632136419158,72.03632136419158,35.57704044204089,7.203632136419159e-11,5.340184666286286,1,True,1.0,0.0,0.0,1.0,rms,5.477225575051661,0.7035412970881315,0.8387736864542971,0.26343541770281653,0.5274512572454111,5.91830542321678,2.43275675381177,0.026893596934720154,0.20218624989013628,0.9830347819607571,0.9657397107897663,0.8181818181818182,0.0,0.0,0.03297013601290768,0.0,0.09243697478991597,1.0,1.0,0.9736577911664049,0.9102113459399332,0.6713286713286712,,0.3063817093918914,0.3063817093918914,0.7275562754110361
main_corrected_inverse_map_2026-08-31_v2,breast_cancer,svm,2,HuberAIME,0.1,0.0,57,0,30,30,0.006866374984383583,0.9473684210526315,0.11990849767658164,0.0005391250597313046,119,52,X ~= Y A^T,SVD normal-system solve,2.0029331747957353,2.0029331747957353,32.98627737619435,32.98627737619435,66.06930926979369,66.06930926979369,32.98627737619435,6.606930926979367e-11,4.867996648311014,9,True,0.8931808283022844,0.21008403361344538,0.0,1.0,rms,5.477225575051661,0.6814200852321894,0.8254817291934385,0.28659496958415887,0.5413606509208205,5.911563620586516,2.43137072874264,0.02800210534017955,0.20346029279995437,0.9969682459637795,0.9893214682981089,0.8181818181818182,0.0,0.0,0.0239243444168062,0.0,0.9563820018365473,0.2963420230968464,0.9539699658695051,0.9804911610790752,0.9308565072302558,0.7272727272727273,,0.3016664598769032,0.3016664598769032,0.6873502705398408
main_corrected_inverse_map_2026-08-31_v2,breast_cancer,svm,2,RidgeAIME,0.1,0.0,57,0,30,30,0.006866374984383583,0.9473684210526315,0.11990849767658164,0.00011070806067436934,119,52,X ~= Y A^T,SVD normal-system solve,2.024798028985774,2.024510059540646,35.5770404420409,35.587040442040895,72.03632136419158,72.04632136419158,35.5870404420409,7.204632136419159e-11,5.338773853663844,1,True,1.0,0.0,0.01,1.0,rms,5.477225575051661,0.7035118856864281,0.838756153888857,0.26346620963628253,0.5274511049588626,5.918282973308793,2.432752139719292,0.026897288219242976,0.2021880464796809,0.9830330502811572,0.9657397107897663,0.8181818181818182,0.0,0.0,0.0329715882465717,0.0,0.09243697478991597,1.0,1.0,0.9736551584873029,0.9102113459399332,0.6713286713286712,,0.3063817093918914,0.3063199390654789,0.7274415248687719
main_corrected_inverse_map_2026-08-31_v2,breast_cancer,svm,2,HuberRidgeAIME,0.1,0.0,57,0,30,30,0.006866374984383583,0.9473684210526315,0.11990849767658164,0.0005467499140650034,119,52,X ~= Y A^T,SVD normal-system solve,2.002947394303196,2.0026434345735513,32.98606153335581,32.99606153335581,66.0693459965599,66.07934599655991,32.99606153335581,6.60793459965599e-11,4.866592196359717,9,True,0.8931791593666727,0.21008403361344538,0.01,1.0,rms,5.477225575051661,0.6814123787968785,0.8254770613390044,0.2866030377492108,0.5413580440229303,5.911558165570139,2.431369606943819,0.02800300227113961,0.20346121557717303,0.9969681971878921,0.9893214682981089,0.8181818181818182,0.0,0.0,0.023925121510514468,0.0,0.9563820018365473,0.29634038038234856,0.9539682942632242,0.9804889482610759,0.9308565072302558,0.7272727272727273,,0.3016695430709821,0.3016036311797289,0.6872249553885772
main_corrected_inverse_map_2026-08-31_v2,breast_cancer,mlp,2,AIME,0.1,0.0,57,0,30,30,0.018735166057012975,0.9064327485380117,0.4266406036164953,0.00013470801059156656,119,52,X ~= Y A^T,SVD normal-system solve,5.8491234020196075,5.8491234020196075,10.208648150692095,10.208648150692095,59.71164280119732,59.71164280119732,10.208648150692097,5.971164280119732e-11,12.16455398230952,1,True,1.0,0.0,0.0,1.0,rms,5.477225575051661,0.9505946898967269,0.9749844562333939,0.33843338085694397,0.5841015054062286,3.5656513592686965,1.8882932397455372,0.0927719529751252,0.32562975517904386,0.9848600421920825,0.9528364849833146,0.8181818181818182,0.0,0.0,0.023622784800504698,0.0,0.058823529411764705,1.0,1.0,0.9542187709201835,0.8857397107897664,0.7379953379953379,,0.7670907839981025,0.7670907839981025,1.0850961899973874
main_corrected_inverse_map_2026-08-31_v2,breast_cancer,mlp,2,HuberAIME,0.1,0.0,57,0,30,30,0.018735166057012975,0.9064327485380117,0.4266406036164953,0.0004957090131938457,119,52,X ~= Y A^T,SVD normal-system solve,6.161788206078329,6.161788206078329,8.976357991902395,8.976357991902395,55.31041680804113,55.31041680804113,8.976357991902395,5.531041680804113e-11,12.16408355643907,8,True,0.9243430017702388,0.17647058823529413,0.0,1.0,rms,5.477225575051661,0.9309659671025411,0.9648657767288366,0.35209399553853493,0.5959416492311677,3.548134804091696,1.883649331508308,0.09722878527380874,0.33178303232243256,0.9987487225417248,0.9875417130144604,0.8181818181818182,0.0,0.0,0.018476870022645562,0.0,0.982142857142857,0.26050868062126187,0.9658326468420498,0.9878402635718924,0.9486540600667409,0.7272727272727273,,0.7897067666014581,0.7897067666014581,1.0850793946993045
main_corrected_inverse_map_2026-08-31_v2,breast_cancer,mlp,2,RidgeAIME,0.1,0.0,57,0,30,30,0.018735166057012975,0.9064327485380117,0.4266406036164953,0.00011924991849809885,119,52,X ~= Y A^T,SVD normal-system solve,5.8491234020196075,5.844378035185843,10.208648150692095,10.218648150692095,59.71164280119732,59.72164280119732,10.218648150692099,5.972164280119732e-11,12.152732965649014,1,True,1.0,0.0,0.01,1.0,rms,5.477225575051661,0.9506253609491218,0.9750001851020962,0.3384120353301342,0.5840838727348036,3.5656213905058465,1.8882853043186685,0.09277957809027326,0.3256195668728839,0.9848560052861091,0.9528364849833146,0.8181818181818182,0.0,0.0,0.02362514135629235,0.0,0.058823529411764705,1.0,1.0,0.9542102429277863,0.8857397107897664,0.7379953379953379,,0.7670907839981025,0.766738299884647,1.084673955171478
main_corrected_inverse_map_2026-08-31_v2,breast_cancer,mlp,2,HuberRidgeAIME,0.1,0.0,57,0,30,30,0.018735166057012975,0.9064327485380117,0.4266406036164953,0.0004842500202357769,119,52,X ~= Y A^T,SVD normal-system solve,6.161851676354839,6.156107517134827,8.97626148518098,8.98626148518098,55.310391879861804,55.32039187986181,8.986261485180986,5.53203918798618e-11,12.150423081976276,8,True,0.9243422844513198,0.17647058823529413,0.01,1.0,rms,5.477225575051661,0.9310113403395488,0.9648892891619996,0.3520624180225591,0.5959361556969116,3.5481037409782985,1.8836410860294746,0.09723668883051206,0.3317809274639367,0.998748207264875,0.9875417130144604,0.8181818181818182,0.0,0.0,0.01847953452207941,0.0,0.982142857142857,0.26051259996411474,0.9658316397317702,0.9878371654136086,0.9486540600667409,0.7272727272727273,,0.7897112400835001,0.7893061962293898,1.0845914004831927
main_corrected_inverse_map_2026-08-31_v2,breast_cancer,lgbm,2,AIME,0.1,0.25,57,8,30,38,1.1353316250024363,0.9532163742690059,0.22893173565998007,0.0001502500381320715,119,52,X ~= Y A^T,SVD normal-system solve,1.9856070087761544,1.9856070087761544,39.348814037618006,39.348814037618006,78.13128094012384,78.13128094012384,39.34881403761799,7.813128094012385e-11,6.132919106916854,1,True,1.0,0.0,0.0,1.0,rms,6.164414002968976,0.7269083412968952,0.8525891984401955,0.17699864163379353,0.4746794136961223,2.583362276950134,1.6072841307466872,0.06504502776785026,0.2941899677296956,0.9169742337501053,0.816610132399606,0.5384615384615384,0.23683690781985353,0.5,0.04382358336479528,0.1111111111111111,0.14285714285714285,1.0,1.0,0.9030428870000081,0.7854907539118066,0.49275724275724275,,0.2978932971257649,0.2978932971257649,0.7876672363895434
main_corrected_inverse_map_2026-08-31_v2,breast_cancer,lgbm,2,HuberAIME,0.1,0.25,57,8,30,38,1.1353316250024363,0.9532163742690059,0.22893173565998007,0.0005484579596668482,119,52,X ~= Y A^T,SVD normal-system solve,2.1960283576907265,2.1960283576907265,32.014366738147935,32.014366738147935,70.30445721048363,70.30445721048363,32.01436673814793,7.030445721048364e-11,5.191829961030197,8,True,0.8687565622217401,0.2184873949579832,0.0,1.0,rms,6.164414002968976,0.6527407584625698,0.8079237330729738,0.2609707436879327,0.5183817277854709,2.5180523753856203,1.5868372239727742,0.0886815954101644,0.31859545115100113,0.9917162073523593,0.9796476638581902,1.0,0.22125987520676255,0.5,0.029294969829651227,0.0,0.9856737793156478,0.2536555322022705,0.9712734005583185,0.9808424396499962,0.9458146405514828,0.9272727272727274,,0.3416379439333753,0.3416379439333753,0.7153204603339978
main_corrected_inverse_map_2026-08-31_v2,breast_cancer,lgbm,2,RidgeAIME,0.1,0.25,57,8,30,38,1.1353316250024363,0.9532163742690059,0.22893173565998007,0.0001235420349985361,119,52,X ~= Y A^T,SVD normal-system solve,1.9856070087761544,1.9853565929460857,39.348814037618006,39.358814037618004,78.13128094012384,78.14128094012385,39.35881403761799,7.814128094012384e-11,6.131545560687955,1,True,1.0,0.0,0.01,1.0,rms,6.164414002968976,0.7268555567601721,0.8525582424445688,0.17705840397652073,0.47467952111427575,2.5833171096817926,1.6072700798813473,0.06506137443455462,0.29419185774766,0.9169737778608389,0.816610132399606,0.5384615384615384,0.23683424384179722,0.5,0.04382309975187587,0.1111111111111111,0.14285714285714285,1.0,1.0,0.9030448054164507,0.7854907539118066,0.49275724275724275,,0.2978932971257649,0.2978385224039432,0.7875699596528066
main_corrected_inverse_map_2026-08-31_v2,breast_cancer,lgbm,2,HuberRidgeAIME,0.1,0.25,57,8,30,38,1.1353316250024363,0.9532163742690059,0.22893173565998007,0.000521208974532783,119,52,X ~= Y A^T,SVD normal-system solve,2.196039175610407,2.1956656959176906,32.01420905166256,32.02420905166256,70.30445725363228,70.31445725363228,32.02420905166257,7.031445725363229e-11,5.190359345723589,8,True,0.8687552643442138,0.2184873949579832,0.01,1.0,rms,6.164414002968976,0.6527236232108622,0.8079131285050777,0.26099014411936283,0.518382853718112,2.518042353555181,1.5868340661692328,0.08868522245089472,0.31859885702049995,0.9917161226978325,0.9796476638581902,1.0,0.22125787384549614,0.5,0.029295025922146195,0.0,0.9856737793156478,0.25365512721055405,0.9712719538664905,0.9808429267011218,0.9458146405514828,0.9272727272727274,,0.34164008331888673,0.34156621671136844,0.7151974265309986
main_corrected_inverse_map_2026-08-31_v2,breast_cancer,svm,2,AIME,0.1,0.25,57,8,30,38,0.007412375067360699,0.9707602339181286,0.09347661024780168,0.0001402910565957427,119,52,X ~= Y A^T,SVD normal-system solve,1.7469864523684833,1.7469864523684833,39.71441358664394,39.71441358664394,69.38054249962579,69.38054249962579,39.71441358664394,6.938054249962579e-11,5.760747249201792,1,True,1.0,0.0,0.0,1.0,rms,6.164414002968976,0.7498626160279348,0.8659460814784803,0.3033393928341359,0.55595991203802,2.9839206450892872,1.7274028612600152,0.0822767161938337,0.31042713914719655,0.9668892310395852,0.9783346099135573,0.8181818181818182,0.2164919487465348,0.375,0.03255215013607183,0.0,0.09243697478991597,1.0,1.0,0.971544489641827,0.961483750957435,0.7636363636363636,,0.24228953710403914,0.24228953710403914,0.7604788211239497
main_corrected_inverse_map_2026-08-31_v2,breast_cancer,svm,2,HuberAIME,0.1,0.25,57,8,30,38,0.007412375067360699,0.9707602339181286,0.09347661024780168,0.0005766670219600201,119,52,X ~= Y A^T,SVD normal-system solve,1.7501597961660875,1.7501597961660875,37.00808346319669,37.00808346319669,64.77005981044587,64.77005981044587,37.0080834631967,6.477005981044587e-11,5.520083389989483,9,True,0.9061481455877161,0.21008403361344538,0.0,1.0,rms,6.164414002968976,0.7283238226737389,0.8534189022243056,0.32335003016292796,0.5743991916472546,2.9536704516098133,1.7186245813469017,0.09158035063915393,0.3255755554556126,0.9976494957058598,0.9875259875259875,0.8181818181818182,0.21689842687230787,0.375,0.0177630266495213,0.0,0.9757575757575758,0.2619949396253403,0.9717563424912912,0.9907633246879616,0.9694933800196959,0.8242424242424242,,0.24307770321480215,0.24307770321480215,0.7419456385152002
main_corrected_inverse_map_2026-08-31_v2,breast_cancer,svm,2,RidgeAIME,0.1,0.25,57,8,30,38,0.007412375067360699,0.9707602339181286,0.09347661024780168,0.00012333306949585676,119,52,X ~= Y A^T,SVD normal-system solve,1.7469864523684833,1.7467984102087826,39.71441358664394,39.72441358664394,69.38054249962579,69.3905424996258,39.72441358664395,6.939054249962578e-11,5.759408368954429,1,True,1.0,0.0,0.01,1.0,rms,6.164414002968976,0.749862859626531,0.8659462221330669,0.3033391665186186,0.5559569906738074,2.9839210504091187,1.727402978580597,0.08227659153520817,0.31042514654339887,0.9668870143577784,0.9783346099135573,0.8181818181818182,0.21649217270234408,0.375,0.03255278213070362,0.0,0.09243697478991597,1.0,1.0,0.971543012922057,0.961483750957435,0.7636363636363636,,0.24228953710403914,0.2422427879906196,0.7603778731289312
main_corrected_inverse_map_2026-08-31_v2,breast_cancer,svm,2,HuberRidgeAIME,0.1,0.25,57,8,30,38,0.007412375067360699,0.9707602339181286,0.09347661024780168,0.0005885830614715815,119,52,X ~= Y A^T,SVD normal-system solve,1.7501918432592198,1.7499891840481268,37.007406670514115,37.017406670514106,64.77006129491065,64.78006129491067,37.01740667051411,6.478006129491066e-11,5.518623557389009,9,True,0.9061424921078559,0.21008403361344538,0.01,1.0,rms,6.164414002968976,0.7283341569388786,0.8534249568291746,0.3233404291036499,0.5743989390661299,2.9536830648742365,1.7186282509240434,0.09157647135152447,0.32557521227996883,0.9976492470511813,0.9875259875259875,0.8181818181818182,0.2168978354327086,0.375,0.01776406285671205,0.0,0.9757575757575758,0.2619934977702792,0.9717502600496462,0.9907626809752834,0.9694933800196959,0.8242424242424242,,0.24308565548768357,0.24303536450187666,0.7418307704877026
main_corrected_inverse_map_2026-08-31_v2,breast_cancer,mlp,2,AIME,0.1,0.25,57,8,30,38,0.025292708072811365,0.8888888888888888,0.3524295580175658,0.00013766693882644176,119,52,X ~= Y A^T,SVD normal-system solve,3.2547583067929646,3.2547583067929646,19.772159001102057,19.772159001102057,64.35359875206821,64.35359875206821,19.772159001102054,6.435359875206822e-11,10.7037659055861,1,True,1.0,0.0,0.0,1.0,rms,6.164414002968976,0.5480415180163216,0.740298262875391,0.315843693695694,0.5950914132990104,5.100567784337154,2.258443664193808,0.05106455907039431,0.2705026536439637,0.9366995729340112,0.817485501696028,0.42857142857142855,0.26369384860374334,0.5,0.034165995352224254,0.1111111111111111,0.09243697478991597,1.0,1.0,0.9627240630678777,0.8900536163694058,0.70995670995671,,0.5125187440798366,0.5125187440798366,1.0295366023833963
main_corrected_inverse_map_2026-08-31_v2,breast_cancer,mlp,2,HuberAIME,0.1,0.25,57,8,30,38,0.025292708072811365,0.8888888888888888,0.3524295580175658,0.000667541055008769,119,52,X ~= Y A^T,SVD normal-system solve,3.4829857703616205,3.4829857703616205,16.96317955898749,16.96317955898749,59.08251302404254,59.08251302404254,16.963179558987495,5.908251302404254e-11,9.175243496145502,10,True,0.9086903469401584,0.2184873949579832,0.0,1.0,rms,6.164414002968976,0.48855706531060095,0.698968572477047,0.39010205206420556,0.6307559384090176,5.046539221378776,2.246450360319314,0.06111630632314946,0.2860178030662409,0.9971807936211469,0.9827114563956669,0.6666666666666666,0.21868340126041622,0.25,0.013027495941447401,0.0,0.9649678604224059,0.26482162371662127,0.9742695687499631,0.9871121306590714,0.945070576649524,0.7766233766233767,,0.5419517001642221,0.5419517001642221,0.9626175985512812
main_corrected_inverse_map_2026-08-31_v2,breast_cancer,mlp,2,RidgeAIME,0.1,0.25,57,8,30,38,0.025292708072811365,0.8888888888888888,0.3524295580175658,0.0001258340198546648,119,52,X ~= Y A^T,SVD normal-system solve,3.2547583067929646,3.2536185129480835,19.772159001102057,19.782159001102055,64.35359875206821,64.36359875206821,19.782159001102055,6.436359875206821e-11,10.698455889560337,1,True,1.0,0.0,0.01,1.0,rms,6.164414002968976,0.5479505802327383,0.7402368406346298,0.3159572173176727,0.5950816227262524,5.100507030297867,2.2584302137320664,0.05107586205929637,0.27050200356087234,0.9366931535419536,0.817485501696028,0.42857142857142855,0.26369218864041366,0.5,0.03416786063837898,0.1111111111111111,0.09243697478991597,1.0,1.0,0.962720209493076,0.8900536163694058,0.70995670995671,,0.5125187440798366,0.5123666305203086,1.0293211003922293
main_corrected_inverse_map_2026-08-31_v2,breast_cancer,mlp,2,HuberRidgeAIME,0.1,0.25,57,8,30,38,0.025292708072811365,0.8888888888888888,0.3524295580175658,0.0006347089074552059,119,52,X ~= Y A^T,SVD normal-system solve,3.4830150905516395,3.481552172639502,16.963030885412312,16.973030885412314,59.08249255538462,59.09249255538461,16.973030885412317,5.90924925553846e-11,9.169898073629364,10,True,0.9086891021292803,0.2184873949579832,0.01,1.0,rms,6.164414002968976,0.48854675976082346,0.6989612004688268,0.3901149171604408,0.6307510028673812,5.046563979273948,2.246455870760418,0.06111170023904955,0.2860194207069188,0.9971806433690238,0.9827114563956669,0.6666666666666666,0.2186825177626401,0.25,0.01302857836869021,0.0,0.9649678604224059,0.26482035515831576,0.9742683263578046,0.9871107293499406,0.945070576649524,0.7766233766233767,,0.5419553560916295,0.5417729076602903,0.9623645083738005
main_corrected_inverse_map_2026-08-31_v2,breast_cancer,lgbm,2,AIME,0.1,0.5,57,15,30,45,1.1402371249860153,0.9707602339181286,0.09071717107951945,0.00014925003051757812,119,52,X ~= Y A^T,SVD normal-system solve,1.8467873100121273,1.8467873100121273,40.87167762774874,40.87167762774874,75.48129558183294,75.48129558183294,40.87167762774874,7.548129558183293e-11,6.388464380252223,1,True,1.0,0.0,0.0,1.0,rms,6.708203932499369,0.582087816823942,0.7629467981608822,0.3565718544111143,0.6086704267518543,5.177373991569148,2.275384361282539,0.022643245971744497,0.2061900547474008,0.9460635878600232,0.7189723320158102,0.3333333333333333,0.38551481171375346,0.3333333333333333,0.0278918332476303,0.0,0.09243697478991597,1.0,1.0,0.9534124660574778,0.834361001317523,0.5873459873459874,,0.2664168816844732,0.2664168816844732,0.8053964776685187
main_corrected_inverse_map_2026-08-31_v2,breast_cancer,lgbm,2,HuberAIME,0.1,0.5,57,15,30,45,1.1402371249860153,0.9707602339181286,0.09071717107951945,0.0006253330502659082,119,52,X ~= Y A^T,SVD normal-system solve,1.8641556691633583,1.8641556691633583,36.78843407876914,36.78843407876914,68.57936794757998,68.57936794757998,36.788434078769136,6.857936794757998e-11,5.500455286129935,9,True,0.9046637700506653,0.2184873949579832,0.0,1.0,rms,6.708203932499369,0.5276523025837259,0.7263967941722526,0.4167437751581745,0.6670317452635484,5.097963256250523,2.2578669704503236,0.03763397652982159,0.2346759704012422,0.9972804864892918,0.9764163372859024,0.8181818181818182,0.37937347919370384,0.2,0.017207810614357912,0.0,1.0,0.29328465842955304,0.9669338647528157,0.9797141373245506,0.9068774703557312,0.5403762903762903,,0.27048217595561735,0.27048217595561735,0.7403986385979651
main_corrected_inverse_map_2026-08-31_v2,breast_cancer,lgbm,2,RidgeAIME,0.1,0.5,57,15,30,45,1.1402371249860153,0.9707602339181286,0.09071717107951945,0.00013679207768291235,119,52,X ~= Y A^T,SVD normal-system solve,1.8467873100121273,1.8465801787594134,40.87167762774874,40.88167762774873,75.48129558183294,75.49129558183296,40.881677627748736,7.549129558183294e-11,6.387033751940673,1,True,1.0,0.0,0.01,1.0,rms,6.708203932499369,0.582082110383048,0.762943058414616,0.35657816219591254,0.6086744376439908,5.177338266579856,2.27537651094931,0.022649989942651327,0.20619309641797456,0.9460639227089688,0.7189723320158102,0.3333333333333333,0.3855146185009383,0.3333333333333333,0.027891729959042866,0.0,0.09243697478991597,1.0,1.0,0.9534126340014974,0.834361001317523,0.5873459873459874,,0.2664168816844732,0.266368169521142,0.805299211170175
main_corrected_inverse_map_2026-08-31_v2,breast_cancer,lgbm,2,HuberRidgeAIME,0.1,0.5,57,15,30,45,1.1402371249860153,0.9707602339181286,0.09071717107951945,0.0006351670017465949,119,52,X ~= Y A^T,SVD normal-system solve,1.8641701957201366,1.8639353552070366,36.788173548169645,36.79817354816964,68.57941668347776,68.58941668347776,36.79817354816963,6.858941668347777e-11,5.4990811377435955,9,True,0.9046620073663274,0.2184873949579832,0.01,1.0,rms,6.708203932499369,0.5276802203188667,0.7264160105055965,0.41671291545619904,0.6670325720423522,5.097964601181209,2.2578672682824403,0.037633722641056244,0.23467781479635744,0.9972803588857849,0.9764163372859024,0.8181818181818182,0.37937427555181835,0.2,0.01720835239890753,0.0,1.0,0.2932852273164611,0.9669318645936285,0.9797138849344049,0.9068774703557312,0.5403762903762903,,0.2704855602110063,0.2704308461275618,0.740290127649574
main_corrected_inverse_map_2026-08-31_v2,breast_cancer,svm,2,AIME,0.1,0.5,57,15,30,45,0.006682500010356307,0.9415204678362573,0.12848674311485694,0.00014529202599078417,119,52,X ~= Y A^T,SVD normal-system solve,1.862066503052733,1.862066503052733,37.3555343175358,37.3555343175358,69.55848915632025,69.55848915632025,37.3555343175358,6.955848915632025e-11,6.227249648141115,1,True,1.0,0.0,0.0,1.0,rms,6.708203932499369,0.6013636633622935,0.7754764105775839,0.33185850059990274,0.5801927574882937,2.8110041818870832,1.6766049570149444,0.08333881439770374,0.311741227881318,0.9792117051055601,0.9777338603425558,0.8181818181818182,0.37974787085603495,0.2,0.026891595173556982,0.0,0.058823529411764705,1.0,1.0,0.9668667271680349,0.9494334650856388,0.641025641025641,,0.26999518759756436,0.26999518759756436,0.7942962767759687
main_corrected_inverse_map_2026-08-31_v2,breast_cancer,svm,2,HuberAIME,0.1,0.5,57,15,30,45,0.006682500010356307,0.9415204678362573,0.12848674311485694,0.0005070409970358014,119,52,X ~= Y A^T,SVD normal-system solve,1.8536684484077937,1.8536684484077937,35.47186724213239,35.47186724213239,65.7530811128508,65.7530811128508,35.471867242132404,6.57530811128508e-11,5.913247093174917,7,True,0.9248828565586692,0.14285714285714285,0.0,1.0,rms,6.708203932499369,0.5951556599665947,0.7714633237987368,0.33875586562174687,0.5854021263520145,2.8027053494362693,1.6741282356606584,0.08604504217299336,0.31576644349306243,0.9981007192666292,0.9907773386034254,1.0,0.3885805968605111,0.26666666666666666,0.013496541760111147,0.0,0.8839285714285714,0.27318000070621673,0.9656142850494476,0.9882659681728556,0.9704611330698286,0.6713286713286712,,0.26803205780012646,0.26803205780012646,0.7718260269714171
main_corrected_inverse_map_2026-08-31_v2,breast_cancer,svm,2,RidgeAIME,0.1,0.5,57,15,30,45,0.006682500010356307,0.9415204678362573,0.12848674311485694,0.00012720900122076273,119,52,X ~= Y A^T,SVD normal-system solve,1.862066503052733,1.861835791377175,37.3555343175358,37.3655343175358,69.55848915632025,69.56848915632025,37.3655343175358,6.956848915632025e-11,6.225683127823625,1,True,1.0,0.0,0.01,1.0,rms,6.708203932499369,0.6013593618550275,0.7754736371115575,0.3318632797638088,0.580189908558565,2.811003427258505,1.6766047319683028,0.08333906048012929,0.3117384452260032,0.9792094441944181,0.9777338603425558,0.8181818181818182,0.3797462585428004,0.2,0.026893694538105372,0.0,0.058823529411764705,1.0,1.0,0.9668646495669371,0.9494334650856388,0.641025641025641,,0.26999518759756436,0.2699413747959323,0.7941870123728754
main_corrected_inverse_map_2026-08-31_v2,breast_cancer,svm,2,HuberRidgeAIME,0.1,0.5,57,15,30,45,0.006682500010356307,0.9415204678362573,0.12848674311485694,0.0004836249863728881,119,52,X ~= Y A^T,SVD normal-system solve,1.8536773083169547,1.8534367117662418,35.47169355655845,35.48169355655845,65.75307343336513,65.76307343336514,35.481693556558454,6.576307343336513e-11,5.91168419336047,7,True,0.9248813072441275,0.14285714285714285,0.01,1.0,rms,6.708203932499369,0.5951605290120251,0.7714664795128983,0.3387504558979595,0.5853983364623881,2.8027148540481637,1.6741310743332387,0.08604194274366339,0.31576294378866937,0.9981006749935717,0.9907773386034254,1.0,0.38857995694149366,0.26666666666666666,0.013497066926611118,0.0,0.8839285714285714,0.2731815170757011,0.9656125441296542,0.9882660527462181,0.9704611330698286,0.6713286713286712,,0.26803413357611894,0.2679777610157282,0.7717112256668367
main_corrected_inverse_map_2026-08-31_v2,breast_cancer,mlp,2,AIME,0.1,0.5,57,15,30,45,0.023797665955498815,0.9005847953216374,0.3689049420048986,0.00013570894952863455,119,52,X ~= Y A^T,SVD normal-system solve,3.0194761598174398,3.0194761598174398,21.712093525066138,21.712093525066138,65.5591487786638,65.5591487786638,21.712093525066138,6.55591487786638e-11,11.337772240941272,1,True,1.0,0.0,0.0,1.0,rms,6.708203932499369,0.5041118372932375,0.7100083360730616,0.3508075021203638,0.6208794713637621,3.9359678999344396,1.9839273928081238,0.06345609333471358,0.29621898076567366,0.9512486329640131,0.8292490118577075,0.25,0.3792067781361712,0.26666666666666666,0.017240025398421857,0.0,0.09243697478991597,1.0,1.0,0.9415965793915481,0.9035836627140974,0.598068598068598,,0.47993160499894516,0.47993160499894516,1.054527728409412
main_corrected_inverse_map_2026-08-31_v2,breast_cancer,mlp,2,HuberAIME,0.1,0.5,57,15,30,45,0.023797665955498815,0.9005847953216374,0.3689049420048986,0.0005468750605359674,119,52,X ~= Y A^T,SVD normal-system solve,3.1723016469263756,3.1723016469263756,19.098230975726974,19.098230975726974,60.585349577679,60.585349577679,19.09823097572697,6.058534957767901e-11,10.152045112980154,8,True,0.920599338599015,0.13445378151260504,0.0,1.0,rms,6.708203932499369,0.4355865269397825,0.6599897930572733,0.4390540262154914,0.6669353539635167,3.8915720452523552,1.9727067813672552,0.07401986525581994,0.30657325947112896,0.997202106508725,0.9799736495388669,0.8181818181818182,0.37524091080868704,0.3333333333333333,0.010303451554414837,0.0,0.9722550177095631,0.2562057840106889,0.9882690524922704,0.9923533563845762,0.9547826086956521,0.576090576090576,,0.501374476680558,0.501374476680558,1.0065535389797544
main_corrected_inverse_map_2026-08-31_v2,breast_cancer,mlp,2,RidgeAIME,0.1,0.5,57,15,30,45,0.023797665955498815,0.9005847953216374,0.3689049420048986,0.00011970801278948784,119,52,X ~= Y A^T,SVD normal-system solve,3.0194761598174398,3.0185464721897306,21.712093525066138,21.72209352506614,65.5591487786638,65.56914877866379,21.72209352506614,6.556914877866379e-11,11.332660148356755,1,True,1.0,0.0,0.01,1.0,rms,6.708203932499369,0.5040295204535991,0.7099503647816509,0.35091350930128895,0.6208713501477074,3.93588748168563,1.9839071252671154,0.06347522845543152,0.29621607561793556,0.9512423309837166,0.8292490118577075,0.25,0.3792042915127164,0.26666666666666666,0.017242070882280927,0.0,0.09243697478991597,1.0,1.0,0.9415890967577856,0.903425559947299,0.598068598068598,,0.47993160499894516,0.47979786644432026,1.054331865039897
main_corrected_inverse_map_2026-08-31_v2,breast_cancer,mlp,2,HuberRidgeAIME,0.1,0.5,57,15,30,45,0.023797665955498815,0.9005847953216374,0.3689049420048986,0.0005497080273926258,119,52,X ~= Y A^T,SVD normal-system solve,3.1723007989020853,3.171163958993936,19.098238401318714,19.10823840131872,60.58535693812584,60.59535693812583,19.108238401318715,6.059535693812583e-11,10.146779157462381,8,True,0.9205997813017714,0.13445378151260504,0.01,1.0,rms,6.708203932499369,0.43556789860514133,0.6599756803134047,0.4390780156841022,0.6669325765769543,3.8915635513614446,1.9727046285142245,0.07402188633474605,0.3065690892126626,0.9972020509317321,0.9799736495388669,0.8181818181818182,0.3752400981712272,0.3333333333333333,0.010303956728351549,0.0,0.9722550177095631,0.25619949559553246,0.9882701807718514,0.9923523427295816,0.9547826086956521,0.576090576090576,,0.50137436058431,0.5012186969767877,1.0063282081483573
main_corrected_inverse_map_2026-08-31_v2,credit_approval,lgbm,0,AIME,0.0,0.0,0,0,42,42,1.240679332986474,0.8647342995169082,0.42092231407947767,0.0001746660564094782,144,63,X ~= Y A^T,SVD normal-system solve,1.3336431448100217,1.3336431448100217,54.383870371766335,54.383870371766335,72.52867590954301,72.52867590954301,54.38387037176634,7.252867590954301e-11,2.3678331558229133,1,True,1.0,0.0,0.0,1.0,rms,6.48074069840786,1.0213823793840924,1.0106346418880032,0.034856446960971565,0.22628798992134785,1.0213823793840924,1.0106346418880032,0.034856446960971565,0.22628798992134785,0.9999999999999999,0.9999999999999999,1.0,0.0,0.0,0.042118084569942045,0.0,,,,0.9138267490299766,0.7954959291694286,0.5677655677655677,,0.12503963694728976,0.12503963694728976,0.3743510975195322
main_corrected_inverse_map_2026-08-31_v2,credit_approval,lgbm,0,HuberAIME,0.0,0.0,0,0,42,42,1.240679332986474,0.8647342995169082,0.42092231407947767,0.0005223330808803439,144,63,X ~= Y A^T,SVD normal-system solve,1.3398998845394723,1.3398998845394723,52.063214960590166,52.063214960590166,69.75949571444849,69.75949571444849,52.063214960590166,6.975949571444848e-11,2.3692370545983867,7,True,0.9608355433930539,0.1736111111111111,0.0,1.0,rms,6.48074069840786,1.023384073617428,1.0116244726267885,0.032964968976375464,0.22220722339589674,1.023384073617428,1.0116244726267885,0.032964968976375464,0.22220722339589674,1.0000000000000002,0.9999999999999999,1.0,0.0,0.0,0.03673437103909857,0.0,,,,0.920634115897025,0.8346294695506067,0.6283716283716283,,0.12707234969586187,0.12707234969586187,0.37460851633838277
main_corrected_inverse_map_2026-08-31_v2,credit_approval,lgbm,0,RidgeAIME,0.0,0.0,0,0,42,42,1.240679332986474,0.8647342995169082,0.42092231407947767,0.0001478339545428753,144,63,X ~= Y A^T,SVD normal-system solve,1.3336431448100217,1.3335818064381555,54.383870371766335,54.39387037176634,72.52867590954301,72.53867590954302,54.39387037176634,7.253867590954302e-11,2.3674045714812157,1,True,1.0,0.0,0.01,1.0,rms,6.48074069840786,1.0213829238104009,1.0106349112366944,0.03485593251158181,0.22628677227364138,1.0213829238104009,1.0106349112366944,0.03485593251158181,0.22628677227364138,0.9999999999999999,0.9999999999999999,1.0,0.0,0.0,0.04211842989674009,0.0,,,,0.913824717906157,0.7954959291694286,0.5677655677655677,,0.12503963694728976,0.125019661941865,0.37427248190365114
main_corrected_inverse_map_2026-08-31_v2,credit_approval,lgbm,0,HuberRidgeAIME,0.0,0.0,0,0,42,42,1.240679332986474,0.8647342995169082,0.42092231407947767,0.0005452920449897647,144,63,X ~= Y A^T,SVD normal-system solve,1.3398999056127112,1.3398346321572674,52.063220775695726,52.073220775695724,69.75950460324844,69.76950460324845,52.07322077569572,6.976950460324843e-11,2.3687888325652398,7,True,0.9608356695857698,0.1736111111111111,0.01,1.0,rms,6.48074069840786,1.0233843220939525,1.0116245954374343,0.032964734181336386,0.2222056992110568,1.0233843220939525,1.0116245954374343,0.032964734181336386,0.2222056992110568,1.0,0.9999999999999999,1.0,0.0,0.0,0.036734729972270806,0.0,,,,0.9206324330271851,0.8346294695506067,0.6283716283716283,,0.12707235652621643,0.12705119928013847,0.3745263469451039
main_corrected_inverse_map_2026-08-31_v2,credit_approval,svm,0,AIME,0.0,0.0,0,0,42,42,0.02193649997934699,0.8357487922705314,0.407872946484594,0.00014179095160216093,144,63,X ~= Y A^T,SVD normal-system solve,1.8184123222404294,1.8184123222404294,39.796097952075044,39.796097952075044,72.36571489314038,72.36571489314038,39.796097952075044,7.23657148931404e-11,2.7832209054131147,1,True,1.0,0.0,0.0,1.0,rms,6.48074069840786,0.6971853043999975,0.8349762298413036,0.017531932471398504,0.21531037751767496,0.6971853043999975,0.8349762298413036,0.017531932471398504,0.21531037751767496,1.0000000000000002,0.9999999999999999,1.0,0.0,0.0,0.038961349728365666,0.0,,,,0.8975852307198788,0.7421358676022651,0.37673992673992673,,0.25969236566835047,0.25969236566835047,0.4445476778376426
main_corrected_inverse_map_2026-08-31_v2,credit_approval,svm,0,HuberAIME,0.0,0.0,0,0,42,42,0.02193649997934699,0.8357487922705314,0.407872946484594,0.0005486250156536698,144,63,X ~= Y A^T,SVD normal-system solve,1.7771154637312938,1.7771154637312938,38.84042189832768,38.84042189832768,69.0239143733657,69.0239143733657,38.84042189832769,6.90239143733657e-11,2.7587010931503855,7,True,0.952343717797806,0.1736111111111111,0.0,1.0,rms,6.48074069840786,0.6917859738184622,0.8317367214560519,0.025140626815514544,0.22881718829664816,0.6917859738184622,0.8317367214560519,0.025140626815514544,0.22881718829664816,0.9999999999999999,0.9999999999999999,1.0,0.0,0.0,0.03457100767682563,0.0,,,,0.922471678705319,0.8419626894641457,0.5934065934065933,,0.2497156459439018,0.2497156459439018,0.440704646971456
main_corrected_inverse_map_2026-08-31_v2,credit_approval,svm,0,RidgeAIME,0.0,0.0,0,0,42,42,0.02193649997934699,0.8357487922705314,0.407872946484594,0.0001330830855295062,144,63,X ~= Y A^T,SVD normal-system solve,1.8184123222404294,1.818206722504624,39.796097952075044,39.80609795207504,72.36571489314038,72.37571489314038,39.806097952075035,7.237571489314038e-11,2.7825435218857844,1,True,1.0,0.0,0.01,1.0,rms,6.48074069840786,0.6971822428083074,0.8349743964986636,0.01753624684241628,0.21530692693508205,0.6971822428083074,0.8349743964986636,0.01753624684241628,0.21530692693508205,1.0,0.9999999999999999,1.0,0.0,0.0,0.03896222442977743,0.0,,,,0.8975773166839958,0.7421358676022651,0.37673992673992673,,0.25969236566835047,0.2596432591604993,0.44444196587899004
main_corrected_inverse_map_2026-08-31_v2,credit_approval,svm,0,HuberRidgeAIME,0.0,0.0,0,0,42,42,0.02193649997934699,0.8357487922705314,0.407872946484594,0.0005012500332668424,144,63,X ~= Y A^T,SVD normal-system solve,1.7771145030845676,1.77691447597702,38.84045945069259,38.85045945069258,69.02394379629386,69.03394379629387,38.85045945069258,6.903394379629386e-11,2.758001973287485,7,True,0.9523442763967489,0.1736111111111111,0.01,1.0,rms,6.48074069840786,0.691783888057019,0.8317354675959292,0.025143566054195543,0.22881518902624637,0.691783888057019,0.8317354675959292,0.025143566054195543,0.22881518902624637,1.0,0.9999999999999999,1.0,0.0,0.0,0.034571922230358355,0.0,,,,0.922465983073381,0.8419626894641457,0.5934065934065933,,0.2497154111793671,0.24966652543890602,0.440594572567735
main_corrected_inverse_map_2026-08-31_v2,credit_approval,mlp,0,AIME,0.0,0.0,0,0,42,42,0.029238416929729283,0.8019323671497585,0.4657074795581009,0.00015362491831183434,144,63,X ~= Y A^T,SVD normal-system solve,3.8399115004178537,3.8399115004178537,19.0316044420272,19.0316044420272,73.07967676834375,73.07967676834375,19.031604442027202,7.307967676834375e-11,4.814576589098382,1,True,1.0,0.0,0.0,1.0,rms,6.48074069840786,1.2079990204070767,1.0990900874846778,0.021162273386260533,0.19796602916955364,1.2079990204070767,1.0990900874846778,0.021162273386260533,0.19796602916955364,0.9999999999999999,0.9999999999999999,1.0,0.0,0.0,0.020919652298301356,0.0,,,,0.9546022357818382,0.8486311023335865,0.598068598068598,,0.5843212151688111,0.5843212151688111,0.6825580997463969
main_corrected_inverse_map_2026-08-31_v2,credit_approval,mlp,0,HuberAIME,0.0,0.0,0,0,42,42,0.029238416929729283,0.8019323671497585,0.4657074795581009,0.0005676670698449016,144,63,X ~= Y A^T,SVD normal-system solve,3.86669257776238,3.86669257776238,18.29294636718081,18.29294636718081,70.73319994338334,70.73319994338334,18.29294636718081,7.073319994338332e-11,4.8042326124766666,7,True,0.9701030959832972,0.13194444444444445,0.0,1.0,rms,6.48074069840786,1.2079637850911729,1.0990740580557676,0.02119082444957543,0.19791546960794063,1.2079637850911729,1.0990740580557676,0.02119082444957543,0.19791546960794063,1.0000000000000002,0.9999999999999999,1.0,0.0,0.0,0.016824676730939948,0.0,,,,0.9644056996159257,0.8773971141771479,0.7379953379953379,,0.5873396447679934,0.5873396447679934,0.6816240270134116
main_corrected_inverse_map_2026-08-31_v2,credit_approval,mlp,0,RidgeAIME,0.0,0.0,0,0,42,42,0.029238416929729283,0.8019323671497585,0.4657074795581009,0.00014229200314730406,144,63,X ~= Y A^T,SVD normal-system solve,3.8399115004178537,3.8384200759378087,19.0316044420272,19.041604442027193,73.07967676834375,73.08967676834374,19.041604442027197,7.308967676834373e-11,4.812086559017769,1,True,1.0,0.0,0.01,1.0,rms,6.48074069840786,1.2079815475810132,1.0990821386871015,0.021176431561104048,0.19795729267933584,1.2079815475810132,1.0990821386871015,0.021176431561104048,0.19795729267933584,1.0,0.9999999999999999,1.0,0.0,0.0,0.02092090757354538,0.0,,,,0.9545959234786313,0.8487680292294082,0.598068598068598,,0.5843212151688111,0.5841525021030719,0.6823334307554367
main_corrected_inverse_map_2026-08-31_v2,credit_approval,mlp,0,HuberRidgeAIME,0.0,0.0,0,0,42,42,0.029238416929729283,0.8019323671497585,0.4657074795581009,0.0005142909940332174,144,63,X ~= Y A^T,SVD normal-system solve,3.8667021712439427,3.8651359152401343,18.29289661633628,18.302896616336273,70.73318306472846,70.74318306472846,18.30289661633627,7.074318306472845e-11,4.801638565641817,7,True,0.9701026146554393,0.13194444444444445,0.01,1.0,rms,6.48074069840786,1.2079459398963726,1.0990659397399105,0.021205284353610354,0.19790602080562864,1.2079459398963726,1.0990659397399105,0.021205284353610354,0.19790602080562864,1.0,0.9999999999999999,1.0,0.0,0.0,0.016826496583959336,0.0,,,,0.9644006755202261,0.8773971141771479,0.7379953379953379,,0.5873407222756701,0.5871647702338924,0.6813894662468409
main_corrected_inverse_map_2026-08-31_v2,credit_approval,lgbm,0,AIME,0.0,0.25,0,10,42,52,1.351628415985033,0.855072463768116,0.5642850589292538,0.00015762494876980782,144,63,X ~= Y A^T,SVD normal-system solve,1.4745519714262276,1.4745519714262276,53.895606644941154,53.895606644941154,79.47187302951048,79.47187302951048,53.895606644941154,7.947187302951047e-11,3.0687376937909265,1,True,1.0,0.0,0.0,1.0,rms,7.211102550927978,1.0423436031111977,1.0209523020744886,0.03698115339820507,0.22834284220540804,1.0423436031111977,1.0209523020744886,0.03698115339820507,0.22834284220540804,1.0,0.9999999999999999,1.0,0.26394480026809125,0.4,0.02289212362877019,0.0,,,,0.9396098063412858,0.7666418113915632,0.834965034965035,,0.16866008411457878,0.16866008411457878,0.4869597678688653
main_corrected_inverse_map_2026-08-31_v2,credit_approval,lgbm,0,HuberAIME,0.0,0.25,0,10,42,52,1.351628415985033,0.855072463768116,0.5642850589292538,0.00047500000800937414,144,63,X ~= Y A^T,SVD normal-system solve,1.5144904936312427,1.5144904936312427,51.56341936362735,51.56341936362735,78.09230844533475,78.09230844533475,51.563419363627354,7.809230844533474e-11,3.062363871663606,6,True,0.9719594368836653,0.14583333333333334,0.0,1.0,rms,7.211102550927978,1.0431136895853654,1.021329373701435,0.03626967228398992,0.22693490425505017,1.0431136895853654,1.021329373701435,0.03626967228398992,0.22693490425505017,1.0000000000000002,0.9999999999999999,1.0,0.26840566735821464,0.4,0.023348590698247487,0.0,,,,0.9447830616400974,0.7844733191635459,0.8606060606060606,,0.18026655163622246,0.18026655163622246,0.4860567925238363
main_corrected_inverse_map_2026-08-31_v2,credit_approval,lgbm,0,RidgeAIME,0.0,0.25,0,10,42,52,1.351628415985033,0.855072463768116,0.5642850589292538,0.0001987079158425331,144,63,X ~= Y A^T,SVD normal-system solve,1.4745519714262276,1.4744639375460877,53.895606644941154,53.90560664494115,79.47187302951048,79.48187302951048,53.90560664494115,7.948187302951048e-11,3.0681982293767494,1,True,1.0,0.0,0.01,1.0,rms,7.211102550927978,1.0423411641212446,1.02095110760567,0.036983406775387584,0.2283420789473287,1.0423411641212446,1.02095110760567,0.036983406775387584,0.2283420789473287,1.0,0.9999999999999999,1.0,0.26394468431846874,0.4,0.022892564543644165,0.0,,,,0.9396085934332044,0.7666418113915632,0.834965034965035,,0.16866008411457878,0.16863415503887572,0.48688341497165505
main_corrected_inverse_map_2026-08-31_v2,credit_approval,lgbm,0,HuberRidgeAIME,0.0,0.25,0,10,42,52,1.351628415985033,0.855072463768116,0.5642850589292538,0.0004957920173183084,144,63,X ~= Y A^T,SVD normal-system solve,1.514490841121287,1.514391082199302,51.56341628015795,51.57341628015794,78.09232169322348,78.10232169322349,51.57341628015795,7.810232169322348e-11,3.0618029094441703,6,True,0.9719595233267779,0.14583333333333334,0.01,1.0,rms,7.211102550927978,1.0431111492298235,1.0213281300492136,0.036272019312605486,0.22693395992639057,1.0431111492298235,1.0213281300492136,0.036272019312605486,0.22693395992639057,1.0,0.9999999999999999,1.0,0.26840539510637923,0.4,0.023349049945495345,0.0,,,,0.9447818156812561,0.7844733191635459,0.8606060606060606,,0.1802666512822698,0.18023804353165349,0.48597723139957366
main_corrected_inverse_map_2026-08-31_v2,credit_approval,svm,0,AIME,0.0,0.25,0,10,42,52,0.02301054203417152,0.8260869565217391,0.40887928843798976,0.00015533296391367912,144,63,X ~= Y A^T,SVD normal-system solve,1.8198593636669715,1.8198593636669715,40.4841865014065,40.4841865014065,73.67552588502463,73.67552588502463,40.48418650140649,7.367552588502462e-11,3.591899011448779,1,True,1.0,0.0,0.0,1.0,rms,7.211102550927978,0.7756800070689236,0.8807269764625832,0.02680382736162612,0.22403636549823078,0.7756800070689236,0.8807269764625832,0.02680382736162612,0.22403636549823078,0.9999999999999999,0.9999999999999999,1.0,0.2846268214920172,0.4,0.01968623641043805,0.0,,,,0.9434567192861522,0.8450571331634118,0.5897435897435896,,0.26003782757665383,0.26003782757665383,0.5553241176981945
main_corrected_inverse_map_2026-08-31_v2,credit_approval,svm,0,HuberAIME,0.0,0.25,0,10,42,52,0.02301054203417152,0.8260869565217391,0.40887928843798976,0.0006647499976679683,144,63,X ~= Y A^T,SVD normal-system solve,1.776947905971722,1.776947905971722,39.58028463794213,39.58028463794213,70.33210390515598,70.33210390515598,39.58028463794213,7.033210390515598e-11,3.643617103842166,7,True,0.9496727038257728,0.1875,0.0,1.0,rms,7.211102550927978,0.7754240932400319,0.8805816789145865,0.027124906100968293,0.2253465957233085,0.7754240932400319,0.8805816789145865,0.027124906100968293,0.2253465957233085,0.9999999999999999,0.9999999999999999,1.0,0.2904600279855731,0.4,0.017232195416867657,0.0,,,,0.9509060324758819,0.8650389570156563,0.6456876456876456,,0.24967469596475603,0.24967469596475603,0.5615327320700026
main_corrected_inverse_map_2026-08-31_v2,credit_approval,svm,0,RidgeAIME,0.0,0.25,0,10,42,52,0.02301054203417152,0.8260869565217391,0.40887928843798976,0.00013754202518612146,144,63,X ~= Y A^T,SVD normal-system solve,1.8198593636669715,1.8196569001939409,40.4841865014065,40.49418650140648,73.67552588502463,73.68552588502465,40.49418650140649,7.368552588502463e-11,3.591029925232671,1,True,1.0,0.0,0.01,1.0,rms,7.211102550927978,0.7756735853011116,0.8807233307350906,0.026811884343628023,0.22403447632948023,0.7756735853011116,0.8807233307350906,0.026811884343628023,0.22403447632948023,1.0,0.9999999999999999,1.0,0.2846254414871211,0.4,0.019686715778668346,0.0,,,,0.9434515130389325,0.8450571331634118,0.5897435897435896,,0.26003782757665383,0.2599895086447738,0.555219024259815
main_corrected_inverse_map_2026-08-31_v2,credit_approval,svm,0,HuberRidgeAIME,0.0,0.25,0,10,42,52,0.02301054203417152,0.8260869565217391,0.40887928843798976,0.0005183329340070486,144,63,X ~= Y A^T,SVD normal-system solve,1.7769478581717792,1.7767516111669073,39.58030399874353,39.59030399874353,70.33213641635523,70.34213641635522,39.590303998743536,7.03421364163552e-11,3.6427115959720187,7,True,0.9496732069468359,0.1875,0.01,1.0,rms,7.211102550927978,0.7754168792275263,0.8805775827418765,0.02713395706179722,0.22534527391784723,0.7754168792275263,0.8805775827418765,0.02713395706179722,0.22534527391784723,1.0000000000000002,0.9999999999999999,1.0,0.2904586931329709,0.4,0.01723249991781468,0.0,,,,0.9509017359299967,0.8650389570156563,0.6456876456876456,,0.24967468428222356,0.24962671793496885,0.5614247882509543
main_corrected_inverse_map_2026-08-31_v2,credit_approval,mlp,0,AIME,0.0,0.25,0,10,42,52,0.03299949993379414,0.821256038647343,0.43883220106203175,0.00014749995898455381,144,63,X ~= Y A^T,SVD normal-system solve,2.309974096200213,2.309974096200213,32.6317243320414,32.6317243320414,75.37843792136184,75.37843792136184,32.631724332041394,7.537843792136184e-11,4.557838745496378,1,True,1.0,0.0,0.0,1.0,rms,7.211102550927978,0.8342775035918939,0.9133879261255285,0.058799333168597645,0.2765061842940355,0.8342775035918939,0.9133879261255285,0.058799333168597645,0.2765061842940355,1.0,0.9999999999999999,1.0,0.2983797238226145,0.5,0.01975603290252795,0.0,,,,0.9524184954148935,0.807338966379327,0.779020979020979,,0.36360710978808153,0.36360710978808153,0.6587589559518728
main_corrected_inverse_map_2026-08-31_v2,credit_approval,mlp,0,HuberAIME,0.0,0.25,0,10,42,52,0.03299949993379414,0.821256038647343,0.43883220106203175,0.00045533303637057543,144,63,X ~= Y A^T,SVD normal-system solve,2.3200705672565314,2.3200705672565314,31.328964667774468,31.328964667774468,72.68540882832333,72.68540882832333,31.328964667774468,7.268540882832333e-11,4.586745353413964,6,True,0.9615183052860807,0.14583333333333334,0.0,1.0,rms,7.211102550927978,0.8331873894705721,0.9127909889293234,0.06002915913596829,0.27835772029194994,0.8331873894705721,0.9127909889293234,0.06002915913596829,0.27835772029194994,1.0,0.9999999999999999,1.0,0.3095216349953854,0.5,0.018454259858267333,0.0,,,,0.966975326027225,0.907707233210504,0.8713286713286713,,0.36550119459091296,0.36550119459091296,0.6615046296726405
main_corrected_inverse_map_2026-08-31_v2,credit_approval,mlp,0,RidgeAIME,0.0,0.25,0,10,42,52,0.03299949993379414,0.821256038647343,0.43883220106203175,0.00013099994976073503,144,63,X ~= Y A^T,SVD normal-system solve,2.309974096200213,2.309572777298407,32.6317243320414,32.6417243320414,75.37843792136184,75.38843792136184,32.6417243320414,7.538843792136183e-11,4.556476578414795,1,True,1.0,0.0,0.01,1.0,rms,7.211102550927978,0.8342697861308368,0.9133837014808381,0.05880803971942994,0.27650439756225287,0.8342697861308368,0.9133837014808381,0.05880803971942994,0.27650439756225287,0.9999999999999998,0.9999999999999999,1.0,0.29837670082322826,0.5,0.019756821699463193,0.0,,,,0.9524142266060366,0.807338966379327,0.779020979020979,,0.36360710978808153,0.3635316519175375,0.6586291422181272
main_corrected_inverse_map_2026-08-31_v2,credit_approval,mlp,0,HuberRidgeAIME,0.0,0.25,0,10,42,52,0.03299949993379414,0.821256038647343,0.43883220106203175,0.0004877089522778988,144,63,X ~= Y A^T,SVD normal-system solve,2.320071925698504,2.319650701633215,31.328948423800647,31.33894842380064,72.68541369971628,72.69541369971628,31.33894842380064,7.269541369971628e-11,4.585312203653393,6,True,0.9615182737563236,0.14583333333333334,0.01,1.0,rms,7.211102550927978,0.8331794205742392,0.9127866237923512,0.06003814934667173,0.2783561614865384,0.8331794205742392,0.9127866237923512,0.06003814934667173,0.2783561614865384,1.0000000000000002,0.9999999999999999,1.0,0.3095176935961021,0.5,0.018455130102916398,0.0,,,,0.9669717951715173,0.907707233210504,0.8713286713286713,,0.365501448877868,0.3654225927468463,0.6613689111527882
main_corrected_inverse_map_2026-08-31_v2,credit_approval,lgbm,0,AIME,0.0,0.5,0,21,42,63,1.3454948329599574,0.8357487922705314,0.5709464099188235,0.00016520905774086714,144,63,X ~= Y A^T,SVD normal-system solve,1.4664086528158211,1.4664086528158211,54.68337903252931,54.68337903252931,80.18818017850822,80.18818017850822,54.68337903252931,8.018818017850822e-11,2.723226436998329,1,True,1.0,0.0,0.0,1.0,rms,7.937253933193772,0.9406889295677451,0.969891194705749,-0.0119206011198143,0.12030085028096345,0.9406889295677451,0.969891194705749,-0.0119206011198143,0.12030085028096345,1.0,1.0,1.0,0.23183484830969134,0.047619047619047616,0.02050653467098727,0.0,,,,0.8980795439975713,0.6730947408847603,0.4653846153846154,,0.1662550145967387,0.1662550145967387,0.43508375454240567
main_corrected_inverse_map_2026-08-31_v2,credit_approval,lgbm,0,HuberAIME,0.0,0.5,0,21,42,63,1.3454948329599574,0.8357487922705314,0.5709464099188235,0.0007322919555008411,144,63,X ~= Y A^T,SVD normal-system solve,1.4405382431488036,1.4405382431488036,52.67840503600067,52.67840503600067,75.8852570424415,75.8852570424415,52.67840503600067,7.58852570424415e-11,2.5965275167919257,7,True,0.9531874593850626,0.1875,0.0,1.0,rms,7.937253933193772,0.9383102879043658,0.9686641770522774,-0.009361841867739917,0.12161059067700208,0.9383102879043658,0.9686641770522774,-0.009361841867739917,0.12161059067700208,1.0000000000000002,1.0,1.0,0.22565512820720893,0.0,0.021349558429141904,0.0,,,,0.9084864958340335,0.6877463335013563,0.5487179487179488,,0.1585247923408542,0.1585247923408542,0.41439292940655
main_corrected_inverse_map_2026-08-31_v2,credit_approval,lgbm,0,RidgeAIME,0.0,0.5,0,21,42,63,1.3454948329599574,0.8357487922705314,0.5709464099188235,0.00014849996659904718,144,63,X ~= Y A^T,SVD normal-system solve,1.4664086528158211,1.4663233758296363,54.68337903252931,54.69337903252931,80.18818017850822,80.19818017850822,54.693379032529315,8.019818017850823e-11,2.722767947111321,1,True,1.0,0.0,0.01,1.0,rms,7.937253933193772,0.9406827253329201,0.9698879962825192,-0.0119139270824824,0.12029995947980712,0.9406827253329201,0.9698879962825192,-0.0119139270824824,0.12029995947980712,1.0,1.0,1.0,0.23183594809138305,0.047619047619047616,0.0205067205105451,0.0,,,,0.8980787541515957,0.6730947408847603,0.4653846153846154,,0.1662550145967387,0.16622975806175214,0.43501062937393786
main_corrected_inverse_map_2026-08-31_v2,credit_approval,lgbm,0,HuberRidgeAIME,0.0,0.5,0,21,42,63,1.3454948329599574,0.8357487922705314,0.5709464099188235,0.000526582938618958,144,63,X ~= Y A^T,SVD normal-system solve,1.4405385201810763,1.4404549081300502,52.67840014977835,52.688400149778346,75.88526459726829,75.8952645972683,52.688400149778346,7.589526459726829e-11,2.5960671420410444,7,True,0.9531875073782285,0.1875,0.01,1.0,rms,7.937253933193772,0.9383048303162043,0.9686613599789166,-0.00935597101530461,0.12160976072456418,0.9383048303162043,0.9686613599789166,-0.00935597101530461,0.12160976072456418,1.0,1.0,1.0,0.22565611876380076,0.0,0.021349850722484232,0.0,,,,0.9084852028467078,0.6877463335013563,0.5487179487179488,,0.1585248758607304,0.15849966771409973,0.4143159204244993
main_corrected_inverse_map_2026-08-31_v2,credit_approval,svm,0,AIME,0.0,0.5,0,21,42,63,0.02454391703940928,0.8309178743961353,0.38930072102418484,0.00015029206406325102,144,63,X ~= Y A^T,SVD normal-system solve,1.8027106955197163,1.8027106955197163,40.00988740300176,40.00988740300176,72.12625194793084,72.12625194793084,40.00988740300177,7.212625194793084e-11,3.198438212680661,1,True,1.0,0.0,0.0,1.0,rms,7.937253933193772,1.0230425587844116,1.0114556632815952,0.020554882237414307,0.1878172189872746,1.0230425587844116,1.0114556632815952,0.020554882237414307,0.1878172189872746,0.9999999999999998,1.0,1.0,0.30227906152951645,0.0,0.02377119793380077,0.0,,,,0.9275120199111442,0.8220774670793665,0.4945054945054945,,0.2559260354186582,0.2559260354186582,0.5049379654487582
main_corrected_inverse_map_2026-08-31_v2,credit_approval,svm,0,HuberAIME,0.0,0.5,0,21,42,63,0.02454391703940928,0.8309178743961353,0.38930072102418484,0.000619709026068449,144,63,X ~= Y A^T,SVD normal-system solve,1.761219980438138,1.761219980438138,39.14418509544742,39.14418509544742,68.94152090807076,68.94152090807076,39.144185095447426,6.894152090807074e-11,3.1844182775500833,8,True,0.9549593069373632,0.19444444444444445,0.0,1.0,rms,7.937253933193772,1.0216333870640282,1.0107588174554938,0.021904001440488985,0.19098860812256538,1.0216333870640282,1.0107588174554938,0.021904001440488985,0.19098860812256538,1.0,1.0,1.0,0.27666840638640766,0.0,0.02144400412983503,0.0,,,,0.9404566602628162,0.8834415702718786,0.5010989010989011,,0.24581360373775396,0.24581360373775396,0.5030301079667084
main_corrected_inverse_map_2026-08-31_v2,credit_approval,svm,0,RidgeAIME,0.0,0.5,0,21,42,63,0.02454391703940928,0.8309178743961353,0.38930072102418484,0.00013933295849710703,144,63,X ~= Y A^T,SVD normal-system solve,1.8027106955197163,1.802510117570199,40.00988740300176,40.01988740300177,72.12625194793084,72.13625194793084,40.01988740300176,7.213625194793083e-11,3.1976557035207582,1,True,1.0,0.0,0.01,1.0,rms,7.937253933193772,1.0230415667740822,1.011455172894025,0.0205558319727559,0.18781557006344204,1.0230415667740822,1.011455172894025,0.0205558319727559,0.18781557006344204,1.0000000000000002,1.0,1.0,0.3022784750495206,0.0,0.0237712970107114,0.0,,,,0.9275058563175504,0.8220774670793665,0.4945054945054945,,0.2559260354186582,0.2558777111127292,0.5048317007764966
main_corrected_inverse_map_2026-08-31_v2,credit_approval,svm,0,HuberRidgeAIME,0.0,0.5,0,21,42,63,0.02454391703940928,0.8309178743961353,0.38930072102418484,0.000613250071182847,144,63,X ~= Y A^T,SVD normal-system solve,1.7612196156189184,1.7610251996441517,39.14417015155421,39.15417015155421,68.94148030804185,68.95148030804184,39.154170151554204,6.895148030804183e-11,3.183616597490947,8,True,0.9549587878155289,0.19444444444444445,0.01,1.0,rms,7.937253933193772,1.0216327262718141,1.0107584905761684,0.021904634072731244,0.19098719665962635,1.0216327262718141,1.0107584905761684,0.021904634072731244,0.19098719665962635,1.0,1.0,1.0,0.2766678041163026,0.0,0.021444033554889923,0.0,,,,0.9404521206212764,0.8834415702718786,0.5010989010989011,,0.24581351377795782,0.24576557061128473,0.5029207601900062
main_corrected_inverse_map_2026-08-31_v2,credit_approval,mlp,0,AIME,0.0,0.5,0,21,42,63,0.03615604096557945,0.8115942028985508,0.6970292849042812,0.00015595904551446438,144,63,X ~= Y A^T,SVD normal-system solve,2.601452324216585,2.601452324216585,28.669465781176353,28.669465781176353,74.58224839048907,74.58224839048907,28.669465781176353,7.458224839048907e-11,4.325673635777732,1,True,1.0,0.0,0.0,1.0,rms,7.937253933193772,0.933996412310841,0.9664348981234282,0.021648217154484506,0.19753674182406297,0.933996412310841,0.9664348981234282,0.021648217154484506,0.19753674182406297,1.0,1.0,1.0,0.2893649965060439,0.047619047619047616,0.020615315391696046,0.0,,,,0.9051132346494027,0.7559072696484666,0.41601731601731606,,0.4152158711625241,0.4152158711625241,0.6360537496089369
main_corrected_inverse_map_2026-08-31_v2,credit_approval,mlp,0,HuberAIME,0.0,0.5,0,21,42,63,0.03615604096557945,0.8115942028985508,0.6970292849042812,0.0006212498992681503,144,63,X ~= Y A^T,SVD normal-system solve,2.6467931161623848,2.6467931161623848,26.59398258514601,26.59398258514601,70.38877003770679,70.38877003770679,26.593982585146012,7.03887700377068e-11,4.135028780501978,8,True,0.9474869899176114,0.2152777777777778,0.0,1.0,rms,7.937253933193772,0.926398458608159,0.9624959525152087,0.029606996709756195,0.20877025785526002,0.926398458608159,0.9624959525152087,0.029606996709756195,0.20877025785526002,1.0,1.0,1.0,0.2812098264182587,0.047619047619047616,0.018591579965951302,0.0,,,,0.9231163322258444,0.7927490895553643,0.49696969696969695,,0.4227199964504085,0.4227199964504085,0.6164785366623737
main_corrected_inverse_map_2026-08-31_v2,credit_approval,mlp,0,RidgeAIME,0.0,0.5,0,21,42,63,0.03615604096557945,0.8115942028985508,0.6970292849042812,0.00014650006778538227,144,63,X ~= Y A^T,SVD normal-system solve,2.601452324216585,2.6008939273704104,28.669465781176353,28.679465781176354,74.58224839048907,74.59224839048906,28.67946578117635,7.459224839048905e-11,4.324228038259731,1,True,1.0,0.0,0.01,1.0,rms,7.937253933193772,0.9339874749971105,0.966430274255267,0.021657578900104446,0.1975296208290578,0.9339874749971105,0.966430274255267,0.021657578900104446,0.1975296208290578,1.0000000000000002,1.0,1.0,0.28936658040345586,0.047619047619047616,0.02061665131181135,0.0,,,,0.9051079689465713,0.7559072696484666,0.41601731601731606,,0.4152158711625241,0.4151226406629729,0.6359085884141339
main_corrected_inverse_map_2026-08-31_v2,credit_approval,mlp,0,HuberRidgeAIME,0.0,0.5,0,21,42,63,0.03615604096557945,0.8115942028985508,0.6970292849042812,0.0006202500080689788,144,63,X ~= Y A^T,SVD normal-system solve,2.646794837983253,2.646175834221992,26.59395527531709,26.60395527531709,70.38874354426677,70.39874354426676,26.603955275317087,7.039874354426676e-11,4.133500437497667,8,True,0.9474866631822986,0.2152777777777778,0.01,1.0,rms,7.937253933193772,0.926392186498222,0.962492694257064,0.029613566681394365,0.20876561592264692,0.926392186498222,0.962492694257064,0.029613566681394365,0.20876561592264692,1.0,1.0,1.0,0.2812091308870116,0.047619047619047616,0.018592986105368137,0.0,,,,0.9231100452009011,0.7927490895553643,0.49696969696969695,,0.422720278972323,0.42261869899553217,0.6163179879303593
main_corrected_inverse_map_2026-08-31_v2,credit_approval,lgbm,0,AIME,0.05,0.0,34,0,42,42,1.238846917054616,0.8405797101449275,0.5326204025627256,0.00017879193183034658,144,63,X ~= Y A^T,SVD normal-system solve,1.449852639561163,1.449852639561163,53.889052656692314,53.889052656692314,78.13118523775586,78.13118523775586,53.889052656692314,7.813118523775586e-11,3.090385108195565,1,True,1.0,0.0,0.0,1.0,rms,6.48074069840786,0.8889961581298337,0.9428659279716463,-0.03761214621599307,0.12214373474142537,1.5172892669682694,1.231782962606753,-0.032869777204539874,0.08109892931219334,0.8948406016630993,0.8108918573629015,0.3333333333333333,0.0,0.0,0.04129892642966569,0.2222222222222222,0.0763888888888889,1.0,1.0,0.8827706603271439,0.7386484483595682,0.6713286713286712,,0.1613238635607404,0.1613238635607404,0.49001260238369826
main_corrected_inverse_map_2026-08-31_v2,credit_approval,lgbm,0,HuberAIME,0.05,0.0,34,0,42,42,1.238846917054616,0.8405797101449275,0.5326204025627256,0.0005329999839887023,144,63,X ~= Y A^T,SVD normal-system solve,1.3887991388734835,1.3887991388734835,50.25603967553488,50.25603967553488,69.79554462457446,69.79554462457446,50.25603967553488,6.979554462457446e-11,2.577838823154817,7,True,0.9037542541818829,0.20833333333333334,0.0,1.0,rms,6.48074069840786,0.861893622871187,0.9283822611786521,-0.005978803911366404,0.1460554135581074,1.4888504702670233,1.2201846049950897,-0.013510532891507054,0.09901950894087697,0.9888179884541722,0.9609789770746837,0.8181818181818182,0.0,0.0,0.024073471778493092,0.0,0.911002886002886,0.2675550730228467,0.9563722315709762,0.9274402213978947,0.802955686320067,0.5826839826839827,,0.14263943854770306,0.14263943854770306,0.41125576002952047
main_corrected_inverse_map_2026-08-31_v2,credit_approval,lgbm,0,RidgeAIME,0.05,0.0,34,0,42,42,1.238846917054616,0.8405797101449275,0.5326204025627256,0.00013262499123811722,144,63,X ~= Y A^T,SVD normal-system solve,1.449852639561163,1.4497691774932073,53.889052656692314,53.899052656692305,78.13118523775586,78.14118523775588,53.899052656692305,7.814118523775588e-11,3.089852049402474,1,True,1.0,0.0,0.01,1.0,rms,6.48074069840786,0.8889788835013842,0.9428567672246851,-0.03759198373932038,0.12214258252721738,1.5172703785558934,1.231775295480427,-0.0328569192276813,0.08109830094765771,0.8948360791924312,0.8108918573629015,0.3333333333333333,0.0,0.0,0.04129851623300825,0.2222222222222222,0.0763888888888889,1.0,1.0,0.882767274691254,0.7386484483595682,0.6713286713286712,,0.1613238635607404,0.1612988622896379,0.489937684710787
main_corrected_inverse_map_2026-08-31_v2,credit_approval,lgbm,0,HuberRidgeAIME,0.05,0.0,34,0,42,42,1.238846917054616,0.8405797101449275,0.5326204025627256,0.0005542499711737037,144,63,X ~= Y A^T,SVD normal-system solve,1.3887993642912708,1.3887220159395477,50.25601803769822,50.26601803769822,69.79552590256593,69.80552590256593,50.26601803769822,6.980552590256592e-11,2.577348696232936,7,True,0.9037539690682045,0.20833333333333334,0.01,1.0,rms,6.48074069840786,0.8618844363737683,0.92837731358202,-0.005968081681337001,0.14605482569240058,1.4888397429370472,1.2201802092056104,-0.013503230437608815,0.0990193662386495,0.9888174476200112,0.9609789770746837,0.8181818181818182,0.0,0.0,0.024073639483446124,0.0,0.911002886002886,0.2675545519182881,0.9563719659753405,0.9274383768899777,0.802955686320067,0.5826839826839827,,0.1426395090385973,0.142615320593039,0.4111731793600701
main_corrected_inverse_map_2026-08-31_v2,credit_approval,svm,0,AIME,0.05,0.0,34,0,42,42,0.01934004097711295,0.8309178743961353,0.38956341766705227,0.00015920796431601048,144,63,X ~= Y A^T,SVD normal-system solve,2.0055533656724873,2.0055533656724873,35.9229838237695,35.9229838237695,72.04546111275924,72.04546111275924,35.9229838237695,7.204546111275924e-11,3.1297488175807993,1,True,1.0,0.0,0.0,1.0,rms,6.48074069840786,1.0727861734674424,1.0357539154970365,0.02345764216410129,0.19912964464934374,2.325502393141664,1.5249598005002176,0.004672020609410743,0.14683045233510714,0.9289695885430228,0.8236152255026151,0.6666666666666666,0.0,0.0,0.04140331018493831,0.0,0.08333333333333333,1.0,1.0,0.8866976858995406,0.8334508855607392,0.6237096237096236,,0.30223422259227617,0.30223422259227617,0.4955094840269711
main_corrected_inverse_map_2026-08-31_v2,credit_approval,svm,0,HuberAIME,0.05,0.0,34,0,42,42,0.01934004097711295,0.8309178743961353,0.38956341766705227,0.0005236659198999405,144,63,X ~= Y A^T,SVD normal-system solve,1.8322449238574203,1.8322449238574203,35.32959534032452,35.32959534032452,64.73247172424638,64.73247172424638,35.32959534032452,6.473247172424638e-11,2.9423701507859743,7,True,0.8981097736561718,0.2222222222222222,0.0,1.0,rms,6.48074069840786,1.0626100746776552,1.0308297990830761,0.03272080359507901,0.21531929619506296,2.3192777209074826,1.5229175029880913,0.007336215002625823,0.15428809654509335,0.9919080646183779,0.982616806968337,0.8181818181818182,0.0,0.0,0.03426107117582813,0.0,0.9613858363858364,0.2185779363211278,0.9598853952320849,0.945631173559074,0.9075469513476344,0.6456876456876457,,0.2629835271757437,0.2629835271757437,0.4686973061657891
main_corrected_inverse_map_2026-08-31_v2,credit_approval,svm,0,RidgeAIME,0.05,0.0,34,0,42,42,0.01934004097711295,0.8309178743961353,0.38956341766705227,0.00013433292042464018,144,63,X ~= Y A^T,SVD normal-system solve,2.0055533656724873,2.0052735243515976,35.9229838237695,35.93298382376951,72.04546111275924,72.05546111275923,35.932983823769504,7.205546111275925e-11,3.1289530875455918,1,True,1.0,0.0,0.01,1.0,rms,6.48074069840786,1.0727830348984766,1.0357524003826768,0.023460499159851156,0.1991235497671593,2.325500830328105,1.5249592880887362,0.004672689502320249,0.14682760673505876,0.9289535117376366,0.8236152255026151,0.6666666666666666,0.0,0.0,0.04140287934144144,0.0,0.08333333333333333,1.0,1.0,0.8866849914287277,0.8334508855607392,0.6237096237096236,,0.30223422259227617,0.3021736198562317,0.49539905180940397
main_corrected_inverse_map_2026-08-31_v2,credit_approval,svm,0,HuberRidgeAIME,0.05,0.0,34,0,42,42,0.01934004097711295,0.8309178743961353,0.38956341766705227,0.0005166659830138087,144,63,X ~= Y A^T,SVD normal-system solve,1.8322450134625545,1.8320095141440618,35.32959328571903,35.33959328571902,64.73247112541884,64.74247112541885,35.339593285719026,6.474247112541883e-11,2.9415524048000226,7,True,0.898109779596181,0.2222222222222222,0.01,1.0,rms,6.48074069840786,1.0626102413027216,1.030829879903916,0.032720651918594634,0.21531742277770108,2.3192790529294762,1.5229179403137505,0.007335644889791992,0.1542879677378038,0.9919071101362683,0.982616806968337,0.8181818181818182,0.0,0.0,0.03426115946672321,0.0,0.9613858363858364,0.21857793437546336,0.9598854018889735,0.9456262840689316,0.9075469513476344,0.6456876456876457,,0.26298354841472427,0.2629277247518845,0.4685765899027082
main_corrected_inverse_map_2026-08-31_v2,credit_approval,mlp,0,AIME,0.05,0.0,34,0,42,42,0.03681395808234811,0.821256038647343,0.46827822168673,0.0001392909325659275,144,63,X ~= Y A^T,SVD normal-system solve,2.6494060543861213,2.6494060543861213,27.987524921664324,27.987524921664324,74.15031797473992,74.15031797473992,27.987524921664328,7.415031797473992e-11,4.837798543108435,1,True,1.0,0.0,0.0,1.0,rms,6.48074069840786,0.953677334483268,0.9765640452542106,0.006427088216708898,0.20023334263050319,0.953677334483268,0.9765640452542106,0.006427088216708898,0.20023334263050319,0.8781159135876218,0.7943595828374136,0.6666666666666666,0.0,0.0,0.027696238439892194,0.0,0.06944444444444445,1.0,1.0,0.8537612053261656,0.6501146862724643,0.4791208791208791,,0.4231485244221298,0.4231485244221298,0.6846477793962624
main_corrected_inverse_map_2026-08-31_v2,credit_approval,mlp,0,HuberAIME,0.05,0.0,34,0,42,42,0.03681395808234811,0.821256038647343,0.46827822168673,0.000520791974849999,144,63,X ~= Y A^T,SVD normal-system solve,2.8514780557576653,2.8514780557576653,23.80274750060916,23.80274750060916,67.87301216472764,67.87301216472764,23.802747500609165,6.787301216472764e-11,4.038236958208222,7,True,0.9075130941809861,0.2152777777777778,0.0,1.0,rms,6.48074069840786,0.9189814090059532,0.9586351803506656,0.04257446265566445,0.2360836688006812,0.9189814090059532,0.9586351803506656,0.04257446265566445,0.2360836688006812,0.9876486803430979,0.9572511112503092,1.0,0.0,0.0,0.027232513558556756,0.0,0.7626911976911976,0.26375262594313253,0.9555549201688859,0.9256552237659733,0.8327478987689843,0.576090576090576,,0.45507003371525845,0.45507003371525845,0.6061917991601007
main_corrected_inverse_map_2026-08-31_v2,credit_approval,mlp,0,RidgeAIME,0.05,0.0,34,0,42,42,0.03681395808234811,0.821256038647343,0.46827822168673,0.00015058298595249653,144,63,X ~= Y A^T,SVD normal-system solve,2.6494060543861213,2.6488169287191203,27.987524921664324,27.997524921664322,74.15031797473992,74.16031797473993,27.99752492166433,7.416031797473992e-11,4.8361246125877795,1,True,1.0,0.0,0.01,1.0,rms,6.48074069840786,0.9536462064839396,0.976548107613721,0.006459518406472631,0.2002294065401805,0.9536462064839396,0.976548107613721,0.006459518406472631,0.2002294065401805,0.8781113221962311,0.7943595828374136,0.6666666666666666,0.0,0.0,0.02769880279608492,0.0,0.06944444444444445,1.0,1.0,0.8537559394101277,0.6501146862724643,0.4791208791208791,,0.4231485244221298,0.42305194335025104,0.6844974828136319
main_corrected_inverse_map_2026-08-31_v2,credit_approval,mlp,0,HuberRidgeAIME,0.05,0.0,34,0,42,42,0.03681395808234811,0.821256038647343,0.46827822168673,0.0005162080051377416,144,63,X ~= Y A^T,SVD normal-system solve,2.8514831550952566,2.8507056358902663,23.80269997208076,23.81269997208076,67.87299801617462,67.88299801617461,23.812699972080754,6.788299801617463e-11,4.036567633683989,7,True,0.9075127374634955,0.2152777777777778,0.01,1.0,rms,6.48074069840786,0.9189726956605102,0.9586306356780542,0.0425835405100814,0.2360793800266947,0.9189726956605102,0.9586306356780542,0.0425835405100814,0.2360793800266947,0.987648069014561,0.9572511112503092,1.0,0.0,0.0,0.027234043991095774,0.0,0.7626911976911976,0.26375175643338294,0.955554601719474,0.9256487480490246,0.8327478987689843,0.576090576090576,,0.4550708103693844,0.4549523743390209,0.60601223359131
main_corrected_inverse_map_2026-08-31_v2,credit_approval,lgbm,0,AIME,0.05,0.25,34,10,42,52,1.2589627499692142,0.8695652173913043,0.47687692930859776,0.0001632090425118804,144,63,X ~= Y A^T,SVD normal-system solve,1.5266633584419018,1.5266633584419018,52.82162001536116,52.82162001536116,80.64083181099325,80.64083181099325,52.82162001536117,8.064083181099323e-11,3.397652264415643,1,True,1.0,0.0,0.0,1.0,rms,7.211102550927978,1.0994504797842994,1.0485468419600048,0.018294094602394062,0.1938201165020145,3.36696630773171,1.8349295102896215,-0.0069198124718192755,0.10719686760997413,0.9301319580252846,0.7314563826390911,0.42857142857142855,0.21889639766090987,0.1,0.029532653393810854,0.0,0.04861111111111111,1.0,1.0,0.9077799012985421,0.7896519408643004,0.43150183150183147,,0.18374328218465416,0.18374328218465416,0.5311789285726677
main_corrected_inverse_map_2026-08-31_v2,credit_approval,lgbm,0,HuberAIME,0.05,0.25,34,10,42,52,1.2589627499692142,0.8695652173913043,0.47687692930859776,0.0006095831049606204,144,63,X ~= Y A^T,SVD normal-system solve,1.4785130281723307,1.4785130281723307,49.85902998438001,49.85902998438001,73.71722540394072,73.71722540394072,49.85902998438001,7.371722540394071e-11,2.888512571231462,8,True,0.9285790816628743,0.2222222222222222,0.0,1.0,rms,7.211102550927978,1.081214948482926,1.0398148625995525,0.03457670950482539,0.21127530684130885,3.3481497313882174,1.8297949970934497,-0.0012925558284597738,0.11711821936724266,0.9929392101420704,0.9607889195561683,0.8181818181818182,0.2250597101144052,0.1,0.03492614205895309,0.0,0.7639455782312925,0.3067655053682131,0.9603505782618715,0.9239216093562973,0.7702975772772416,0.43150183150183147,,0.1698251557396636,0.1698251557396636,0.46067426199499223
main_corrected_inverse_map_2026-08-31_v2,credit_approval,lgbm,0,RidgeAIME,0.05,0.25,34,10,42,52,1.2589627499692142,0.8695652173913043,0.47687692930859776,0.00013904203660786152,144,63,X ~= Y A^T,SVD normal-system solve,1.5266633584419018,1.526563671292749,52.82162001536116,52.831620015361175,80.64083181099325,80.65083181099324,52.83162001536117,8.065083181099323e-11,3.3970913050463425,1,True,1.0,0.0,0.01,1.0,rms,7.211102550927978,1.0994406758403017,1.0485421669347885,0.018302848602593014,0.19381845782592036,3.366955738476945,1.8349266302707978,-0.006916651646597716,0.10719585129568134,0.9301318912298284,0.7314563826390911,0.42857142857142855,0.21889700101477205,0.1,0.029532502548911068,0.0,0.04861111111111111,1.0,1.0,0.9077802633984711,0.7896519408643004,0.43150183150183147,,0.18374328218465416,0.18371492295791636,0.5311072197416508
main_corrected_inverse_map_2026-08-31_v2,credit_approval,lgbm,0,HuberRidgeAIME,0.05,0.25,34,10,42,52,1.2589627499692142,0.8695652173913043,0.47687692930859776,0.0006144170183688402,144,63,X ~= Y A^T,SVD normal-system solve,1.4785117742357865,1.4784158205525406,49.85903660682604,49.869036606826036,73.7171726752454,73.7271726752454,49.86903660682602,7.37271726752454e-11,2.8879766577588764,8,True,0.9285787960166287,0.2222222222222222,0.01,1.0,rms,7.211102550927978,1.0812116668978495,1.0398132846323178,0.034579639651756144,0.21127463515592423,3.348145740935731,1.8297939066834088,-0.0012913624498209764,0.11711766295889778,0.9929390900070102,0.9607889195561683,0.8181818181818182,0.2250597983968744,0.1,0.0349262878316017,0.0,0.7639455782312925,0.30676527762679207,0.9603502896569854,0.9239209145171945,0.7702975772772416,0.43150183150183147,,0.16982478741152424,0.16979660129344676,0.46059367870110457
main_corrected_inverse_map_2026-08-31_v2,credit_approval,svm,0,AIME,0.05,0.25,34,10,42,52,0.022397832944989204,0.855072463768116,0.3490328985640057,0.00015516695566475391,144,63,X ~= Y A^T,SVD normal-system solve,2.5374599938630764,2.5374599938630764,30.7677448398101,30.7677448398101,78.07192163240524,78.07192163240524,30.7677448398101,7.807192163240525e-11,3.926701738432003,1,True,1.0,0.0,0.0,1.0,rms,7.211102550927978,1.0017023401243041,1.0008508081249194,0.01556180754755343,0.18420310819781477,1.0017023401243041,1.0008508081249194,0.01556180754755343,0.18420310819781477,0.9574431087847823,0.8740873582964149,0.8181818181818182,0.26401364089325496,0.3,0.024138864414138168,0.0,0.034722222222222224,1.0,1.0,0.8983871037428501,0.7681154470156264,0.641025641025641,,0.40439920379556604,0.40439920379556604,0.5940279146973292
main_corrected_inverse_map_2026-08-31_v2,credit_approval,svm,0,HuberAIME,0.05,0.25,34,10,42,52,0.022397832944989204,0.855072463768116,0.3490328985640057,0.000594249926507473,144,63,X ~= Y A^T,SVD normal-system solve,2.4442876480027125,2.4442876480027125,29.65883985263727,29.65883985263727,72.49473590589187,72.49473590589187,29.65883985263727,7.249473590589189e-11,3.716576237861118,8,True,0.9264981578619221,0.2222222222222222,0.0,1.0,rms,7.211102550927978,0.9882097551504769,0.9940873981448899,0.028821850407688032,0.20357460403353728,0.9882097551504769,0.9940873981448899,0.028821850407688032,0.20357460403353728,0.9962597011020099,0.9816831058006629,0.8181818181818182,0.2547567178927656,0.3,0.02620373273573857,0.0,0.9666666666666668,0.23343239744489072,0.951428580898506,0.931996556606788,0.8091537870378277,0.7123543123543123,,0.3881523131046358,0.3881523131046358,0.570143045881819
main_corrected_inverse_map_2026-08-31_v2,credit_approval,svm,0,RidgeAIME,0.05,0.25,34,10,42,52,0.022397832944989204,0.855072463768116,0.3490328985640057,0.00013879197649657726,144,63,X ~= Y A^T,SVD normal-system solve,2.5374599938630764,2.5369604575904012,30.7677448398101,30.7777448398101,78.07192163240524,78.08192163240524,30.7777448398101,7.808192163240523e-11,3.9255078783652775,1,True,1.0,0.0,0.01,1.0,rms,7.211102550927978,1.0016914997946658,1.0008453925530485,0.015572461046189923,0.1841986432552846,1.0016914997946658,1.0008453925530485,0.015572461046189923,0.1841986432552846,0.9574310972286861,0.8740873582964149,0.8181818181818182,0.2640160105594957,0.3,0.02413926229253538,0.0,0.034722222222222224,1.0,1.0,0.8983740702438855,0.768320382546324,0.641025641025641,,0.40439920379556604,0.4043136981306297,0.5938958533111864
main_corrected_inverse_map_2026-08-31_v2,credit_approval,svm,0,HuberRidgeAIME,0.05,0.25,34,10,42,52,0.022397832944989204,0.855072463768116,0.3490328985640057,0.0005996660329401493,144,63,X ~= Y A^T,SVD normal-system solve,2.4442876716453963,2.4438008684477888,29.6588205571165,29.668820557116497,72.4946894433029,72.50468944330291,29.6688205571165,7.250468944330289e-11,3.715368367218535,8,True,0.9264976903033075,0.2222222222222222,0.01,1.0,rms,7.211102550927978,0.9882037277045864,0.9940843664923951,0.028827773971704884,0.2035744063234082,0.9882037277045864,0.9940843664923951,0.028827773971704884,0.2035744063234082,0.9962593455211072,0.9816831058006629,0.8181818181818182,0.2547554245998653,0.3,0.026204526447175105,0.0,0.9666666666666668,0.23343228250053388,0.9514281006559252,0.9319920683044577,0.8091537870378277,0.7123543123543123,,0.38815231730540456,0.38806581480388125,0.5700018791785078
main_corrected_inverse_map_2026-08-31_v2,credit_approval,mlp,0,AIME,0.05,0.25,34,10,42,52,0.05064758297521621,0.8067632850241546,0.5271062294566617,0.00014758401084691286,144,63,X ~= Y A^T,SVD normal-system solve,1.8532720044541022,1.8532720044541022,39.73643978601881,39.73643978601881,73.64243141210483,73.64243141210483,39.736439786018806,7.364243141210481e-11,3.985063297431897,1,True,1.0,0.0,0.0,1.0,rms,7.211102550927978,0.7850968529447193,0.8860569129264323,-0.0030175302787947,0.1901928953009733,2.73927147113931,1.6550744609047987,-0.006089486997739035,0.11008890050628109,0.9227899690222423,0.8196294406376154,0.5384615384615384,0.21883905433587966,0.2,0.04097159776826613,0.1111111111111111,0.027777777777777776,1.0,1.0,0.8943334495426637,0.7849935859804869,0.4534798534798535,,0.2679391653329731,0.2679391653329731,0.6004352239773185
main_corrected_inverse_map_2026-08-31_v2,credit_approval,mlp,0,HuberAIME,0.05,0.25,34,10,42,52,0.05064758297521621,0.8067632850241546,0.5271062294566617,0.0006771659245714545,144,63,X ~= Y A^T,SVD normal-system solve,1.8618918906659492,1.8618918906659492,37.21375137465067,37.21375137465067,69.2879819057209,69.2879819057209,37.21375137465068,6.928798190572089e-11,3.7280952634921096,9,True,0.9440314445837791,0.1875,0.0,1.0,rms,7.211102550927978,0.7612964155174856,0.8725230171849254,0.0273892353046864,0.22768953683846524,2.712507602109759,1.6469692171105563,0.0037404431664355142,0.13424668925311883,0.9958158992854644,0.9762209708349577,0.8181818181818182,0.23364239218141997,0.2,0.032304515937539656,0.1111111111111111,0.8166666666666667,0.22693470337630167,0.9645199229039926,0.952337704064585,0.8415406491432472,0.5897435897435896,,0.2699544603991963,0.2699544603991963,0.5714870012893348
main_corrected_inverse_map_2026-08-31_v2,credit_approval,mlp,0,RidgeAIME,0.05,0.25,34,10,42,52,0.05064758297521621,0.8067632850241546,0.5271062294566617,0.0001384170027449727,144,63,X ~= Y A^T,SVD normal-system solve,1.8532720044541022,1.8530573256026008,39.73643978601881,39.746439786018804,73.64243141210483,73.65243141210482,39.746439786018804,7.365243141210483e-11,3.9841083557011783,1,True,1.0,0.0,0.01,1.0,rms,7.211102550927978,0.785084775916525,0.8860500978593282,-0.003002101009212277,0.19018644367579587,2.7392604781863112,1.6550711399170464,-0.006085449466388448,0.11008550950086654,0.9227864354131171,0.8196294406376154,0.5384615384615384,0.21883866856278897,0.2,0.04097233379406682,0.1111111111111111,0.027777777777777776,1.0,1.0,0.8943291665392982,0.7849935859804869,0.4534798534798535,,0.2679391653329731,0.2678888547251506,0.6003311414090851
main_corrected_inverse_map_2026-08-31_v2,credit_approval,mlp,0,HuberRidgeAIME,0.05,0.25,34,10,42,52,0.05064758297521621,0.8067632850241546,0.5271062294566617,0.00067445810418576,144,63,X ~= Y A^T,SVD normal-system solve,1.8618911763870827,1.8616596328834365,37.21372525321834,37.22372525321835,69.28790668946039,69.29790668946038,37.22372525321834,6.929790668946038e-11,3.727110764338676,9,True,0.9440307369952607,0.1875,0.01,1.0,rms,7.211102550927978,0.7612906816840393,0.8725197314009806,0.027396560688097038,0.227686596965893,2.7125037719950074,1.6469680543334795,0.0037418499047694453,0.13424534886384562,0.9958156800891892,0.9762209708349577,0.8181818181818182,0.23364178233304383,0.2,0.0323047701091806,0.1111111111111111,0.8166666666666667,0.22693473231376549,0.9645191942718749,0.952334313914117,0.8415406491432472,0.5897435897435896,,0.26995429379047353,0.26990028186946885,0.5713722995491913
main_corrected_inverse_map_2026-08-31_v2,credit_approval,lgbm,0,AIME,0.05,0.5,34,21,42,63,1.326546625001356,0.8743961352657005,0.46584683113490294,0.00016000005416572094,144,63,X ~= Y A^T,SVD normal-system solve,1.2382024331614057,1.2382024331614057,60.11034871691935,60.11034871691935,74.42878003947011,74.42878003947011,60.11034871691935,7.442878003947011e-11,3.6015030834469948,1,True,1.0,0.0,0.0,1.0,rms,7.937253933193772,0.6640933966270132,0.8149192577347851,-0.06128784137463539,0.1449838997939238,1.0441543696528732,1.0218387199812273,-0.04268371100059576,0.11918278097515546,0.8037573952481633,0.6178697873791577,0.42857142857142855,0.29013872870033175,0.14285714285714285,0.038436960665129534,0.1111111111111111,0.05555555555555555,1.0,1.0,0.8350920308966774,0.6009109439172002,0.5025252525252525,,0.09279165309922,0.09279165309922,0.5564837909365158
main_corrected_inverse_map_2026-08-31_v2,credit_approval,lgbm,0,HuberAIME,0.05,0.5,34,21,42,63,1.326546625001356,0.8743961352657005,0.46584683113490294,0.000560042099095881,144,63,X ~= Y A^T,SVD normal-system solve,1.2273258451748308,1.2273258451748308,55.24485387728376,55.24485387728376,67.80343697649732,67.80343697649732,55.24485387728375,6.780343697649733e-11,2.643286861262796,7,True,0.9129363836530425,0.2013888888888889,0.0,1.0,rms,7.937253933193772,0.6256900224578436,0.7910057031765596,8.460153852851704e-05,0.18973243601520312,1.0073271623094338,1.0036568947152378,-0.005908373622645069,0.15246365504338155,0.987094095910504,0.9313891395175524,0.8181818181818182,0.258297588477539,0.09523809523809523,0.0372493736524863,0.0,0.8865936147186148,0.2171685620347269,0.9538639025717669,0.8996246084501882,0.7122179731544455,0.5164835164835164,,0.08895987973961157,0.08895987973961157,0.42214429726078656
main_corrected_inverse_map_2026-08-31_v2,credit_approval,lgbm,0,RidgeAIME,0.05,0.5,34,21,42,63,1.326546625001356,0.8743961352657005,0.46584683113490294,0.00014441704843193293,144,63,X ~= Y A^T,SVD normal-system solve,1.2382024331614057,1.2381628122280204,60.11034871691935,60.120348716919345,74.42878003947011,74.43878003947012,60.12034871691935,7.443878003947012e-11,3.6009260985038596,1,True,1.0,0.0,0.01,1.0,rms,7.937253933193772,0.6640765680525172,0.8149089323676095,-0.061260947625065176,0.14498307433331054,1.0441378722523091,1.0218306475401435,-0.042667236836102296,0.11918219672709174,0.8037569821527047,0.6178697873791577,0.42857142857142855,0.2901386795758195,0.14285714285714285,0.038437115863459444,0.1111111111111111,0.05555555555555555,1.0,1.0,0.8350909186147725,0.6009109439172002,0.5025252525252525,,0.09279165309922,0.09277775599517156,0.5564142084745017
main_corrected_inverse_map_2026-08-31_v2,credit_approval,lgbm,0,HuberRidgeAIME,0.05,0.5,34,21,42,63,1.326546625001356,0.8743961352657005,0.46584683113490294,0.0005441249813884497,144,63,X ~= Y A^T,SVD normal-system solve,1.2273255262481977,1.2272843849776751,55.24486290529465,55.25486290529465,67.8034304377503,67.8134304377503,55.254862905294644,6.78134304377503e-11,2.642822367108484,7,True,0.9129364164723484,0.2013888888888889,0.01,1.0,rms,7.937253933193772,0.6256853229770075,0.7910027325976867,9.211178015611221e-05,0.189731885596527,1.0073226265633284,1.0036546351027968,-0.0059038442649956835,0.15246322600298048,0.9870940034804588,0.9313891395175524,0.8181818181818182,0.25829749552451975,0.09523809523809523,0.037249530622495086,0.0,0.8865936147186148,0.21716827729896526,0.9538639540707827,0.8996230476447196,0.7122179731544455,0.5164835164835164,,0.08895976688604833,0.08894520862431687,0.42206797373439003
main_corrected_inverse_map_2026-08-31_v2,credit_approval,svm,0,AIME,0.05,0.5,34,21,42,63,0.025326083065010607,0.8357487922705314,0.3848811990179145,0.00015962508041411638,144,63,X ~= Y A^T,SVD normal-system solve,2.5041680249199203,2.5041680249199203,29.40605680827212,29.40605680827212,73.63770719825376,73.63770719825376,29.406056808272123,7.363770719825377e-11,3.747204545154762,1,True,1.0,0.0,0.0,1.0,rms,7.937253933193772,1.248137921379139,1.1172009315155171,-0.0002993004519098452,0.13135458193122307,1.7260921416808135,1.3138082591005482,-0.005194479904458982,0.1115944710259925,0.9732077915158255,0.9078427848668277,1.0,0.2937831466473387,0.14285714285714285,0.02845876904168872,0.0,0.06944444444444445,1.0,1.0,0.9265194475978064,0.8067480453839467,0.7333333333333332,,0.3986634658512266,0.3986634658512266,0.5737074001681112
main_corrected_inverse_map_2026-08-31_v2,credit_approval,svm,0,HuberAIME,0.05,0.5,34,21,42,63,0.025326083065010607,0.8357487922705314,0.3848811990179145,0.0005635000998154283,144,63,X ~= Y A^T,SVD normal-system solve,2.3475574737061407,2.3475574737061407,28.883890674826763,28.883890674826763,67.80659342340067,67.80659342340067,28.88389067482676,6.780659342340067e-11,3.67451416053088,7,True,0.9188522360408571,0.20833333333333334,0.0,1.0,rms,7.937253933193772,1.2417081200319908,1.1143195771554903,0.0048537564975098535,0.14056665232643792,1.7198984583065478,1.3114489918813266,-0.0015875714505306782,0.1190270728896332,0.992364809232203,0.9684008407116579,0.8181818181818182,0.2877968488048587,0.09523809523809523,0.030046565158224597,0.0,0.9587412587412588,0.30977972292371914,0.9643054086615389,0.9469248335967275,0.8522455102281056,0.7575757575757576,,0.37061623361456303,0.37061623361456303,0.5651999253661143
main_corrected_inverse_map_2026-08-31_v2,credit_approval,svm,0,RidgeAIME,0.05,0.5,34,21,42,63,0.025326083065010607,0.8357487922705314,0.3848811990179145,0.00014141597785055637,144,63,X ~= Y A^T,SVD normal-system solve,2.5041680249199203,2.5036566824124167,29.40605680827212,29.41605680827212,73.63770719825376,73.64770719825376,29.416056808272113,7.364770719825376e-11,3.7460125884186173,1,True,1.0,0.0,0.01,1.0,rms,7.937253933193772,1.2481311003445141,1.117197878777307,-0.00029383384758130404,0.13134542497416737,1.726085272242352,1.3138056447748854,-0.00519047946818163,0.11158686122212487,0.9732006164759414,0.9078427848668277,1.0,0.29378410088428153,0.14285714285714285,0.028458670317312345,0.0,0.06944444444444445,1.0,1.0,0.9265075696320311,0.8067480453839467,0.7333333333333332,,0.3986634658512266,0.39857477535460517,0.5735692324817053
main_corrected_inverse_map_2026-08-31_v2,credit_approval,svm,0,HuberRidgeAIME,0.05,0.5,34,21,42,63,0.025326083065010607,0.8357487922705314,0.3848811990179145,0.0005519589176401496,144,63,X ~= Y A^T,SVD normal-system solve,2.3475592580014744,2.3470928755826526,28.88386914298375,28.89386914298375,67.80659441351462,67.81659441351461,28.89386914298375,6.781659441351462e-11,3.6732787565838803,7,True,0.9188521496719653,0.20833333333333334,0.01,1.0,rms,7.937253933193772,1.2417024215033066,1.11431702019816,0.004858323488191818,0.1405601609759999,1.7198927043620833,1.3114467981439748,-0.0015842206252334456,0.11902165140851127,0.9923637002941166,0.9684008407116579,0.8181818181818182,0.28779794091908617,0.09523809523809523,0.030046924645354096,0.0,0.9587412587412588,0.3097794748206027,0.9643053343623653,0.9469180848853262,0.8523319157580594,0.7575757575757576,,0.37061656370629953,0.37053027517805337,0.5650538871943227
main_corrected_inverse_map_2026-08-31_v2,credit_approval,mlp,0,AIME,0.05,0.5,34,21,42,63,0.027258207905106246,0.7777777777777778,0.5450823053408316,0.0001598329981788993,144,63,X ~= Y A^T,SVD normal-system solve,4.763005034571774,4.763005034571774,15.513218225998482,15.513218225998482,73.88953651284137,73.88953651284137,15.513218225998488,7.388953651284139e-11,8.992828534830824,1,True,1.0,0.0,0.0,1.0,rms,7.937253933193772,0.9435413050836244,0.971360543301829,0.020135552830004344,0.2154809921281245,1.1739253966740175,1.0834783784986286,0.009881378456666812,0.1944540437956901,0.8669118661097603,0.7134233427966242,0.3333333333333333,0.3173899757154375,0.14285714285714285,0.017323623195452612,0.0,0.04861111111111111,1.0,1.0,0.8271845283511287,0.5908365885082727,0.3934065934065934,,0.6778810405679803,0.6778810405679803,0.9538963128522757
main_corrected_inverse_map_2026-08-31_v2,credit_approval,mlp,0,HuberAIME,0.05,0.5,34,21,42,63,0.027258207905106246,0.7777777777777778,0.5450823053408316,0.0005495420191437006,144,63,X ~= Y A^T,SVD normal-system solve,5.447393506734733,5.447393506734733,12.456835447864627,12.456835447864627,67.85728453316082,67.85728453316082,12.456835447864629,6.785728453316082e-11,7.431999032620656,7,True,0.9239449288899443,0.1736111111111111,0.0,1.0,rms,7.937253933193772,0.9117213431177097,0.9548410041036726,0.053180475476965694,0.24872103266729903,1.141701780166301,1.0685044595912088,0.03705959851064611,0.22127687918874966,0.989354477555195,0.8359075913008526,0.6666666666666666,0.2933671670238219,0.14285714285714285,0.018435082762315928,0.0,0.7231601731601731,0.2877612217834104,0.9564506657494024,0.9429273858814661,0.7846655332479525,0.696969696969697,,0.7361887488054825,0.7361887488054825,0.8711056444560458
main_corrected_inverse_map_2026-08-31_v2,credit_approval,mlp,0,RidgeAIME,0.05,0.5,34,21,42,63,0.027258207905106246,0.7777777777777778,0.5450823053408316,0.0001400420442223549,144,63,X ~= Y A^T,SVD normal-system solve,4.763005034571774,4.760580920589875,15.513218225998482,15.523218225998482,73.88953651284137,73.89953651284138,15.523218225998479,7.389953651284138e-11,8.987139375321632,1,True,1.0,0.0,0.01,1.0,rms,7.937253933193772,0.9434966259686146,0.9713375448157117,0.020181951939500897,0.21546708690257796,1.1738737703427533,1.0834545538889728,0.009924921421229471,0.19444221345751392,0.8669090321018837,0.7134233427966242,0.3333333333333333,0.31738933399794667,0.14285714285714285,0.017325787923755328,0.0,0.04861111111111111,1.0,1.0,0.827180850235667,0.5908365885082727,0.3934065934065934,,0.6778810405679803,0.6776599517147822,0.9536214769152692
main_corrected_inverse_map_2026-08-31_v2,credit_approval,mlp,0,HuberRidgeAIME,0.05,0.5,34,21,42,63,0.027258207905106246,0.7777777777777778,0.5450823053408316,0.0005558750126510859,144,63,X ~= Y A^T,SVD normal-system solve,5.447390299710833,5.443822923895838,12.456839857509292,12.466839857509292,67.8572686048474,67.86726860484741,12.466839857509289,6.786726860484741e-11,7.426064597252905,7,True,0.9239449405196036,0.1736111111111111,0.01,1.0,rms,7.937253933193772,0.9117125778006612,0.9548364141572425,0.05318957822901027,0.24870993042163145,1.1416867842101863,1.0684974423039983,0.037072246482518056,0.22126780395214446,0.9893542505798185,0.835475548096252,0.6666666666666666,0.2933674576641725,0.14285714285714285,0.01843718805360479,0.0,0.7231601731601731,0.28775075581437726,0.9564512127308196,0.9429219961603252,0.7846655332479525,0.696969696969697,,0.7361884931248177,0.7359039900754466,0.8707587227124488
main_corrected_inverse_map_2026-08-31_v2,credit_approval,lgbm,0,AIME,0.1,0.0,69,0,42,42,1.209396917023696,0.9033816425120773,0.37252441671336556,0.0001675420207902789,144,63,X ~= Y A^T,SVD normal-system solve,1.398364378720109,1.398364378720109,54.14065125847619,54.14065125847619,75.70835816056115,75.70835816056115,54.14065125847618,7.570835816056116e-11,3.246550724469455,1,True,1.0,0.0,0.0,1.0,rms,6.48074069840786,0.7436826212513726,0.8623703504013648,-0.04799172206338831,0.16436399145739494,2.8173006515225176,1.6784816506362283,-0.017058445124102928,0.08780677160954381,0.8509787147169818,0.7783135516803223,0.42857142857142855,0.0,0.0,0.04986174133345279,0.1111111111111111,0.09722222222222222,1.0,1.0,0.8655149306520127,0.7177319987869781,0.5677655677655677,,0.14562035241680615,0.14562035241680615,0.5114221927270518
main_corrected_inverse_map_2026-08-31_v2,credit_approval,lgbm,0,HuberAIME,0.1,0.0,69,0,42,42,1.209396917023696,0.9033816425120773,0.37252441671336556,0.0005260409088805318,144,63,X ~= Y A^T,SVD normal-system solve,1.4008551444749395,1.4008551444749395,47.99340414090636,47.99340414090636,67.23180709165354,67.23180709165354,47.993404140906364,6.723180709165354e-11,2.624325263616357,7,True,0.8882753054764663,0.25,0.0,1.0,rms,6.48074069840786,0.7026398589137614,0.8382361593929013,0.009845416994743506,0.21230979442114717,2.7701517733938874,1.6643772929819391,-3.7484065887216644e-05,0.12069701797795829,0.9832435633058375,0.939989471672226,0.8181818181818182,0.0,0.0,0.03810428528988147,0.0,0.8966571127285412,0.2815949276097051,0.9536101154005789,0.9216621522738995,0.8184714020106106,0.6063936063936064,,0.14639322935593946,0.14639322935593946,0.41901766128264867
main_corrected_inverse_map_2026-08-31_v2,credit_approval,lgbm,0,RidgeAIME,0.1,0.0,69,0,42,42,1.209396917023696,0.9033816425120773,0.37252441671336556,0.00013391603715717793,144,63,X ~= Y A^T,SVD normal-system solve,1.398364378720109,1.3982908127759401,54.14065125847619,54.15065125847619,75.70835816056115,75.71835816056115,54.1506512584762,7.571835816056114e-11,3.245981039114429,1,True,1.0,0.0,0.01,1.0,rms,6.48074069840786,0.7436628386849589,0.8623588804465104,-0.04796384462582237,0.1643620493986726,2.8172822696152697,1.6784761748726937,-0.017051809171353627,0.08780545215662201,0.8509752640723557,0.7783135516803223,0.42857142857142855,0.0,0.0,0.049862008223668465,0.1111111111111111,0.09722222222222222,1.0,1.0,0.8655115496112407,0.7177319987869781,0.5677655677655677,,0.14562035241680615,0.1455975042060485,0.5113459786349986
main_corrected_inverse_map_2026-08-31_v2,credit_approval,lgbm,0,HuberRidgeAIME,0.1,0.0,69,0,42,42,1.209396917023696,0.9033816425120773,0.37252441671336556,0.0005141249857842922,144,63,X ~= Y A^T,SVD normal-system solve,1.400854379776626,1.4007708744000724,47.993421614373055,48.00342161437305,67.23179486896068,67.24179486896068,48.00342161437306,6.724179486896067e-11,2.623795672518403,7,True,0.8882754269912055,0.25,0.01,1.0,rms,6.48074069840786,0.70263191687734,0.8382314220293462,0.00985660885023154,0.21230916149690965,2.7701460164131686,1.6643755635111832,-3.540576946714502e-05,0.12069676870102257,0.9832434956298547,0.939989471672226,0.8181818181818182,0.0,0.0,0.03810478928385438,0.0,0.8966571127285412,0.28159408968798044,0.9536103402392452,0.9216588927763073,0.8184714020106106,0.6063936063936064,,0.14639299228335573,0.14636710307907821,0.4189300114380334
main_corrected_inverse_map_2026-08-31_v2,credit_approval,svm,0,AIME,0.1,0.0,69,0,42,42,0.018937916960567236,0.8115942028985508,0.42232905709912194,0.0001532919704914093,144,63,X ~= Y A^T,SVD normal-system solve,2.4096678556247477,2.4096678556247477,31.211927200893278,31.211927200893278,75.21037768809224,75.21037768809224,31.211927200893278,7.521037768809223e-11,3.4043795471655627,1,True,1.0,0.0,0.0,1.0,rms,6.48074069840786,1.2244708961712962,1.1065581304980305,0.007815165355759657,0.16505651275150063,2.3350381896140195,1.5280831749659505,0.0003529691805796986,0.11865868890461939,0.9561529237125717,0.8858543766573931,0.6666666666666666,0.0,0.0,0.04013995329642726,0.1111111111111111,0.0763888888888889,1.0,1.0,0.9117425787453562,0.7867271695972773,0.7016317016317016,,0.38195718431329656,0.38195718431329656,0.5320379726965444
main_corrected_inverse_map_2026-08-31_v2,credit_approval,svm,0,HuberAIME,0.1,0.0,69,0,42,42,0.018937916960567236,0.8115942028985508,0.42232905709912194,0.0005168330390006304,144,63,X ~= Y A^T,SVD normal-system solve,2.247066970472356,2.247066970472356,30.544516254672605,30.544516254672605,68.6355736049308,68.6355736049308,30.544516254672608,6.86355736049308e-11,3.2327314557759173,7,True,0.9126938291283319,0.2222222222222222,0.0,1.0,rms,6.48074069840786,1.2106025738132271,1.1002738630964688,0.01905262242285599,0.18396600988488437,2.3202857963483794,1.523248435531243,0.0066685772897194795,0.1339979929902534,0.994471601062481,0.97775437328437,1.0,0.0,0.0,0.0279216444991016,0.0,0.9419404125286479,0.2732017226387811,0.9655841537252123,0.9476877048530739,0.8256543229884127,0.7016317016317016,,0.35161601610990517,0.35161601610990517,0.5095696291031527
main_corrected_inverse_map_2026-08-31_v2,credit_approval,svm,0,RidgeAIME,0.1,0.0,69,0,42,42,0.018937916960567236,0.8115942028985508,0.42232905709912194,0.00013175001367926598,144,63,X ~= Y A^T,SVD normal-system solve,2.4096678556247477,2.4092163563157674,31.211927200893278,31.221927200893276,75.21037768809224,75.22037768809224,31.22192720089328,7.522037768809224e-11,3.4033648397093574,1,True,1.0,0.0,0.01,1.0,rms,6.48074069840786,1.2244636422085962,1.1065548527789286,0.007821043218438573,0.16504678155897604,2.3350300681957066,1.5280805175761212,0.0003564460195190078,0.11865334080096898,0.9561428275393593,0.8858543766573931,0.6666666666666666,0.0,0.0,0.04013919577707772,0.1111111111111111,0.0763888888888889,1.0,1.0,0.9117290775388309,0.7867271695972773,0.7016317016317016,,0.38195718431329656,0.381875802960094,0.5319085078320618
main_corrected_inverse_map_2026-08-31_v2,credit_approval,svm,0,HuberRidgeAIME,0.1,0.0,69,0,42,42,0.018937916960567236,0.8115942028985508,0.42232905709912194,0.0005156249972060323,144,63,X ~= Y A^T,SVD normal-system solve,2.247068486069351,2.2466603403421326,30.544490783634593,30.554490783634588,68.63556266294103,68.64556266294103,30.554490783634584,6.864556266294103e-11,3.2317075574508003,7,True,0.9126935602359743,0.2222222222222222,0.01,1.0,rms,6.48074069840786,1.2105993539582702,1.1002723998893502,0.019055231460986644,0.18395969395700262,2.3202818341664813,1.5232471349608643,0.006670273528944892,0.13399558653592597,0.9944708862179242,0.97775437328437,1.0,0.0,0.0,0.02792209186429649,0.0,0.9419404125286479,0.2732009853224543,0.9655839235746863,0.947682031125213,0.8256543229884127,0.7016317016317016,,0.3516163090318334,0.3515374188965012,0.5094320538563488
main_corrected_inverse_map_2026-08-31_v2,credit_approval,mlp,0,AIME,0.1,0.0,69,0,42,42,0.04587795806583017,0.8115942028985508,0.5181610365732006,0.00014041701797395945,144,63,X ~= Y A^T,SVD normal-system solve,2.510373720876177,2.510373720876177,28.990922708743852,28.990922708743852,72.77805051198295,72.77805051198295,28.990922708743856,7.277805051198295e-11,5.768758933181433,1,True,1.0,0.0,0.0,1.0,rms,6.48074069840786,0.9821157038284586,0.9910175093450462,-0.0056083015590338015,0.1882934428627003,4.472401535756645,2.1148053186420364,-0.012665187428905655,0.08853713208874324,0.8476369812510972,0.7657522646634076,0.42857142857142855,0.0,0.0,0.03419503306676735,0.0,0.09027777777777778,1.0,1.0,0.8371895202798048,0.6665256607104662,0.6486013986013986,,0.3997383799800342,0.3997383799800342,0.7610823908949533
main_corrected_inverse_map_2026-08-31_v2,credit_approval,mlp,0,HuberAIME,0.1,0.0,69,0,42,42,0.04587795806583017,0.8115942028985508,0.5181610365732006,0.0005173749523237348,144,63,X ~= Y A^T,SVD normal-system solve,2.6474337045269802,2.6474337045269802,24.362963873422263,24.362963873422263,64.49933170067129,64.49933170067129,24.36296387342226,6.449933170067129e-11,4.487316486090417,7,True,0.8886031496307065,0.20833333333333334,0.0,1.0,rms,6.48074069840786,0.9247434939765345,0.961635842705821,0.053136274340710665,0.24805236653572144,4.407597540025695,2.0994279077943343,0.00200808149794629,0.1168969852538428,0.9888917617324089,0.9679484653550364,0.8181818181818182,0.0,0.0,0.03482271298200874,0.0,0.9383413594952055,0.20171939204170022,0.9567671866433559,0.9453860603718812,0.8414243349974486,0.7272727272727273,,0.42282509356947623,0.42282509356947623,0.6519867009829317
main_corrected_inverse_map_2026-08-31_v2,credit_approval,mlp,0,RidgeAIME,0.1,0.0,69,0,42,42,0.04587795806583017,0.8115942028985508,0.5181610365732006,0.00013133406173437834,144,63,X ~= Y A^T,SVD normal-system solve,2.510373720876177,2.5098529189223755,28.990922708743852,29.00092270874385,72.77805051198295,72.78805051198296,29.000922708743847,7.278805051198295e-11,5.766824680182054,1,True,1.0,0.0,0.01,1.0,rms,6.48074069840786,0.9820783209729017,0.9909986483204212,-0.005570024490723524,0.18828696289309405,4.472353382365202,2.1147939337829587,-0.012654284279270955,0.0885356148127058,0.8476328868354434,0.7657522646634076,0.42857142857142855,0.0,0.0,0.03419590210720199,0.0,0.09027777777777778,1.0,1.0,0.8371849043217867,0.6665256607104662,0.6486013986013986,,0.3997383799800342,0.3996482719304419,0.7609367484306858
main_corrected_inverse_map_2026-08-31_v2,credit_approval,mlp,0,HuberRidgeAIME,0.1,0.0,69,0,42,42,0.04587795806583017,0.8115942028985508,0.5181610365732006,0.0005160829750820994,144,63,X ~= Y A^T,SVD normal-system solve,2.647434646431725,2.6467587189318373,24.36294897311689,24.37294897311688,64.49931520067787,64.50931520067788,24.372948973116884,6.450931520067787e-11,4.485493375498761,7,True,0.8886029227222312,0.20833333333333334,0.01,1.0,rms,6.48074069840786,0.924738305312027,0.9616331448697195,0.05314158712013406,0.24804891409481128,4.407585741562219,2.0994250978689903,0.002010752969443752,0.11689708756518848,0.988891226572559,0.9679484653550364,0.8181818181818182,0.0,0.0,0.03482319528345223,0.0,0.9383413594952055,0.20171899179635933,0.9567669769362491,0.94538112560298,0.8414243349974486,0.7272727272727273,,0.42282524808286776,0.4227143524035057,0.6518102196146726
main_corrected_inverse_map_2026-08-31_v2,credit_approval,lgbm,0,AIME,0.1,0.25,69,10,42,52,1.3193806250346825,0.8695652173913043,0.5312683389959831,0.00015833403449505568,144,63,X ~= Y A^T,SVD normal-system solve,1.4102561890548788,1.4102561890548788,55.408214877073256,55.408214877073256,78.13977795487517,78.13977795487517,55.40821487707324,7.813977795487518e-11,3.0943569881538022,1,True,1.0,0.0,0.0,1.0,rms,7.211102550927978,0.8351886459275488,0.9138865607544236,-0.02620247057399716,0.13990392756856174,4.747801394648592,2.1789450187300714,-0.01635205858607791,0.057338544376232085,0.8491573039101024,0.7148071478294001,0.42857142857142855,0.2038522198475319,0.1,0.049830406957012206,0.1111111111111111,0.06944444444444445,1.0,1.0,0.8219808289497191,0.7286295199665807,0.4148351648351648,,0.1492980143477834,0.1492980143477834,0.4905704157116961
main_corrected_inverse_map_2026-08-31_v2,credit_approval,lgbm,0,HuberAIME,0.1,0.25,69,10,42,52,1.3193806250346825,0.8695652173913043,0.5312683389959831,0.0005463750567287207,144,63,X ~= Y A^T,SVD normal-system solve,1.471631433085988,1.471631433085988,48.53806229010289,48.53806229010289,71.43013816720108,71.43013816720108,48.53806229010289,7.143013816720108e-11,2.68481621360215,7,True,0.8954454528791316,0.24305555555555555,0.0,1.0,rms,7.211102550927978,0.8154177635664621,0.9030048524600862,-0.001909841090460107,0.16014834472627557,4.732077421385765,2.175333864349508,-0.012986060039289482,0.06168530048136419,0.9800628243719989,0.9221541567285519,0.6666666666666666,0.19677922470831738,0.2,0.03800385675168481,0.0,0.9999999999999999,0.22332961179661376,0.9456033514673792,0.9061707547032347,0.815065330305797,0.6153846153846153,,0.16779905550456525,0.16779905550456525,0.42891456186042226
main_corrected_inverse_map_2026-08-31_v2,credit_approval,lgbm,0,RidgeAIME,0.1,0.25,69,10,42,52,1.3193806250346825,0.8695652173913043,0.5312683389959831,0.00013933295849710703,144,63,X ~= Y A^T,SVD normal-system solve,1.4102561890548788,1.410182159931068,55.408214877073256,55.41821487707325,78.13977795487517,78.14977795487519,55.41821487707325,7.814977795487519e-11,3.093838537789725,1,True,1.0,0.0,0.01,1.0,rms,7.211102550927978,0.8351740711759272,0.9138785866710781,-0.0261845624688104,0.1399040290892749,4.747786295679516,2.1789415539843,-0.01634882638088908,0.05733877887332025,0.8491538779846934,0.7148071478294001,0.42857142857142855,0.2038526218797572,0.1,0.04983019781532818,0.1111111111111111,0.06944444444444445,1.0,1.0,0.8219750507517866,0.7281343330974577,0.4148351648351648,,0.1492980143477834,0.14927521616111844,0.4904976448589193
main_corrected_inverse_map_2026-08-31_v2,credit_approval,lgbm,0,HuberRidgeAIME,0.1,0.25,69,10,42,52,1.3193806250346825,0.8695652173913043,0.5312683389959831,0.0005452500190585852,144,63,X ~= Y A^T,SVD normal-system solve,1.4716306515875057,1.4715335044439286,48.53807194744188,48.548071947441876,71.43011444681513,71.44011444681513,48.54807194744188,7.144011444681514e-11,2.6842903377607352,7,True,0.8954453822279943,0.24305555555555555,0.01,1.0,rms,7.211102550927978,0.8154081123281746,0.9029995084872275,-0.0018979825425462504,0.1601495878297267,4.732066141749832,2.1753312717261784,-0.01298364543087449,0.06168631547786029,0.9800627268501519,0.9221541567285519,0.6666666666666666,0.19677933144218915,0.2,0.03800414772196766,0.0,0.9999999999999999,0.22332950518298716,0.9456032835000099,0.906167916760177,0.815065330305797,0.6153846153846153,,0.16779882487578077,0.16777015473292306,0.42882948812435906
main_corrected_inverse_map_2026-08-31_v2,credit_approval,svm,0,AIME,0.1,0.25,69,10,42,52,0.01980987493880093,0.8115942028985508,0.4337814119624841,0.0001597920199856162,144,63,X ~= Y A^T,SVD normal-system solve,1.9236745524357128,1.9236745524357128,39.31849164803905,39.31849164803905,75.63598182348883,75.63598182348883,39.31849164803906,7.56359818234888e-11,3.467724007982132,1,True,1.0,0.0,0.0,1.0,rms,7.211102550927978,0.8642136193274098,0.9296309048904354,0.012664870831854635,0.19727966983994633,6.328717799227824,2.5156942976498207,-0.014562168973744294,0.06856229033751424,0.9520056729764719,0.9096226101185307,0.6666666666666666,0.1821779371659269,0.2,0.03687175581891943,0.0,0.05555555555555555,1.0,1.0,0.9182424273383809,0.816239360502274,0.6237096237096236,,0.28413159990729664,0.28413159990729664,0.5400445251997574
main_corrected_inverse_map_2026-08-31_v2,credit_approval,svm,0,HuberAIME,0.1,0.25,69,10,42,52,0.01980987493880093,0.8115942028985508,0.4337814119624841,0.0006204580422490835,144,63,X ~= Y A^T,SVD normal-system solve,1.8296599708265862,1.8296599708265862,38.11360034399532,38.11360034399532,69.73492889349065,69.73492889349065,38.11360034399532,6.973492889349063e-11,3.287982042160965,8,True,0.9181544010443942,0.22916666666666666,0.0,1.0,rms,7.211102550927978,0.8546955480277261,0.9244974570152835,0.023538948659300285,0.21006961235177787,6.31428335054024,2.5128237802401188,-0.01224817014601931,0.07729234967492396,0.9912242514845852,0.9837346320439905,0.8181818181818182,0.1978128626935447,0.2,0.028224588311063555,0.0,0.9526289682539683,0.2363981309205742,0.9582577110516778,0.9451978308795315,0.874588204158252,0.619047619047619,,0.2623703867168698,0.2623703867168698,0.5169294369058177
main_corrected_inverse_map_2026-08-31_v2,credit_approval,svm,0,RidgeAIME,0.1,0.25,69,10,42,52,0.01980987493880093,0.8115942028985508,0.4337814119624841,0.0001335000852122903,144,63,X ~= Y A^T,SVD normal-system solve,1.9236745524357128,1.9234396910124218,39.31849164803905,39.32849164803905,75.63598182348883,75.64598182348884,39.32849164803905,7.564598182348883e-11,3.4669082781831366,1,True,1.0,0.0,0.01,1.0,rms,7.211102550927978,0.8642038522373264,0.9296256516670173,0.0126760294053061,0.1972768854348032,6.328706676929356,2.51569208706657,-0.014560385948554133,0.06856216059661967,0.9519980677343437,0.9096226101185307,0.6666666666666666,0.1821765504129699,0.2,0.03687242471912828,0.0,0.05555555555555555,1.0,1.0,0.9182355887454928,0.816239360502274,0.6237096237096236,,0.28413159990729664,0.28407857365758354,0.539942351951792
main_corrected_inverse_map_2026-08-31_v2,credit_approval,svm,0,HuberRidgeAIME,0.1,0.25,69,10,42,52,0.01980987493880093,0.8115942028985508,0.4337814119624841,0.0006239579524844885,144,63,X ~= Y A^T,SVD normal-system solve,1.8296594991465989,1.8294418754727497,38.113586670096375,38.12358667009637,69.73488589748902,69.74488589748903,38.12358667009637,6.974488589748903e-11,3.287152212133059,8,True,0.9181541032622991,0.22916666666666666,0.01,1.0,rms,7.211102550927978,0.8546885361038774,0.9244936647180864,0.023546959547562252,0.2100691065969448,6.314275523862135,2.512822222892446,-0.012246915444551254,0.07729365720277931,0.9912233000971088,0.9837346320439905,0.8181818181818182,0.19781222232958176,0.2,0.0282252512561261,0.0,0.9526289682539683,0.23639803925091193,0.958257401145322,0.9451941142573924,0.874588204158252,0.619047619047619,,0.26237027475724595,0.26231861575624027,0.5168198146258726
main_corrected_inverse_map_2026-08-31_v2,credit_approval,mlp,0,AIME,0.1,0.25,69,10,42,52,0.03340770804788917,0.8599033816425121,0.4608043542040904,0.0001483340747654438,144,63,X ~= Y A^T,SVD normal-system solve,3.147486667048656,3.147486667048656,23.049450162797807,23.049450162797807,72.54783707020857,72.54783707020857,23.049450162797807,7.254783707020857e-11,7.596806594129458,1,True,1.0,0.0,0.0,1.0,rms,7.211102550927978,1.1359726256267857,1.0658201657065725,-0.05544598514861798,0.1626213905895974,3.9648375674914056,1.9911899877940844,-0.03704138326918427,0.0720705386493938,0.7571401461964937,0.5316655649227991,0.25,0.19546952108347115,0.1,0.033697554483054365,0.1111111111111111,0.125,1.0,1.0,0.8481469928275501,0.7302001608603309,0.44935064935064933,,0.4979638990850756,0.4979638990850756,0.8806310699120453
main_corrected_inverse_map_2026-08-31_v2,credit_approval,mlp,0,HuberAIME,0.1,0.25,69,10,42,52,0.03340770804788917,0.8599033816425121,0.4608043542040904,0.0005452909972518682,144,63,X ~= Y A^T,SVD normal-system solve,3.4587128790249086,3.4587128790249086,18.40038677618479,18.40038677618479,63.641654721829944,63.641654721829944,18.40038677618479,6.364165472182994e-11,5.567127793646418,7,True,0.8791527493248803,0.22916666666666666,0.0,1.0,rms,7.211102550927978,1.0492951932229906,1.0243511083720223,0.025087071696039076,0.21753471658923462,3.8782376007076316,1.9693241482060875,-0.0143903293947798,0.09230260974912569,0.9815155201698584,0.9232641057158647,0.5384615384615384,0.21272472682255705,0.2,0.032985812802755025,0.0,0.9376839090225819,0.2757091064216257,0.9653589840253454,0.9462402905841552,0.8665621386827761,0.5944055944055944,,0.5389145110659127,0.5389145110659127,0.7456311906689742
main_corrected_inverse_map_2026-08-31_v2,credit_approval,mlp,0,RidgeAIME,0.1,0.25,69,10,42,52,0.03340770804788917,0.8599033816425121,0.4608043542040904,0.00013779103755950928,144,63,X ~= Y A^T,SVD normal-system solve,3.147486667048656,3.146555384363299,23.049450162797807,23.059450162797802,72.54783707020857,72.55783707020858,23.059450162797802,7.255783707020857e-11,7.5936242946943375,1,True,1.0,0.0,0.01,1.0,rms,7.211102550927978,1.1358910260310724,1.0657818848296645,-0.05537016997161248,0.16261124515857703,3.9647426268651116,1.991166147478686,-0.03701655063562881,0.0720638346435599,0.7571311490323073,0.5316655649227991,0.25,0.19546817912489192,0.1,0.03369839535862718,0.1111111111111111,0.125,1.0,1.0,0.8481392677572389,0.7302001608603309,0.44935064935064933,,0.4979638990850756,0.49783538042219083,0.8804491060013743
main_corrected_inverse_map_2026-08-31_v2,credit_approval,mlp,0,HuberRidgeAIME,0.1,0.25,69,10,42,52,0.03340770804788917,0.8599033816425121,0.4608043542040904,0.0005427910946309566,144,63,X ~= Y A^T,SVD normal-system solve,3.4587135387498344,3.4573780356203194,18.400391442830838,18.410391442830836,63.64168300161562,63.651683001615616,18.410391442830836,6.365168300161562e-11,5.564152212734696,7,True,0.8791531606533942,0.22916666666666666,0.01,1.0,rms,7.211102550927978,1.049275859655548,1.02434167134582,0.0251050347487356,0.2175226360825294,3.8782025432558522,1.9693152473019275,-0.01438115978122867,0.09229436415879937,0.9815139068852345,0.9232641057158647,0.5384615384615384,0.21272459408657912,0.2,0.032986933904699894,0.0,0.9376839090225819,0.27570806634292944,0.9653596026977462,0.9462346196112446,0.8664426133690221,0.5944055944055944,,0.5389145939044939,0.5387468686392382,0.745399002025717
main_corrected_inverse_map_2026-08-31_v2,credit_approval,lgbm,0,AIME,0.1,0.5,69,21,42,63,1.296912542078644,0.8502415458937198,0.5236357322026042,0.00016583409160375595,144,63,X ~= Y A^T,SVD normal-system solve,1.16750248802156,1.16750248802156,61.723942903436544,61.723942903436544,72.06285691026288,72.06285691026288,61.723942903436544,7.206285691026287e-11,4.030866638700388,1,True,1.0,0.0,0.0,1.0,rms,7.937253933193772,1.0495126685675615,1.024457255607847,0.03780016209771986,0.23972000730576828,3.7917009736826284,1.947229050133196,-0.004991444445827442,0.12551698570191416,0.8399026679735054,0.6609060910374138,0.5384615384615384,0.3923889023536861,0.23809523809523808,0.04285945167577382,0.2222222222222222,0.09027777777777778,1.0,1.0,0.8704665800512338,0.6831893241167435,0.5173453996983409,,0.06725781474811385,0.06725781474811385,0.6053984297495234
main_corrected_inverse_map_2026-08-31_v2,credit_approval,lgbm,0,HuberAIME,0.1,0.5,69,21,42,63,1.296912542078644,0.8502415458937198,0.5236357322026042,0.0006118329474702477,144,63,X ~= Y A^T,SVD normal-system solve,1.16623069359496,1.16623069359496,55.11394743364407,55.11394743364407,64.27557714229489,64.27557714229489,55.11394743364408,6.427557714229489e-11,3.3238924077517,8,True,0.8906763069270548,0.2569444444444444,0.0,1.0,rms,7.937253933193772,1.01722520363444,1.0085758293923368,0.06740151371106173,0.281812356951545,3.741774415392501,1.9343666703581566,0.008241604331083563,0.16305278399014006,0.984230113092193,0.9527512757450193,0.8181818181818182,0.41336305019915515,0.23809523809523808,0.02885102330234801,0.0,0.9774161735700195,0.24081848113370047,0.9551660148302121,0.934358478967779,0.8633640552995392,0.6796536796536796,,0.066784467271533,0.066784467271533,0.5216469575079876
main_corrected_inverse_map_2026-08-31_v2,credit_approval,lgbm,0,RidgeAIME,0.1,0.5,69,21,42,63,1.296912542078644,0.8502415458937198,0.5236357322026042,0.00014074996579438448,144,63,X ~= Y A^T,SVD normal-system solve,1.16750248802156,1.167475355057077,61.723942903436544,61.73394290343654,72.06285691026288,72.07285691026289,61.73394290343653,7.207285691026289e-11,4.030235252234746,1,True,1.0,0.0,0.01,1.0,rms,7.937253933193772,1.0495038293688566,1.0244529415101782,0.03780826593087583,0.2397187615508369,3.791691364534604,1.9472265827413624,-0.004988897538352521,0.12551626577680794,0.839900243529774,0.6609060910374138,0.5384615384615384,0.3923881406524662,0.23809523809523808,0.04285951398971488,0.2222222222222222,0.09027777777777778,1.0,1.0,0.8704659194168822,0.6831893241167435,0.5173453996983409,,0.06725781474811385,0.06724772155019491,0.6053303974476749
main_corrected_inverse_map_2026-08-31_v2,credit_approval,lgbm,0,HuberRidgeAIME,0.1,0.5,69,21,42,63,1.296912542078644,0.8502415458937198,0.5236357322026042,0.0006335830548778176,144,63,X ~= Y A^T,SVD normal-system solve,1.1662311759849524,1.1662010200863901,55.11393392633919,55.123933926339184,64.27558797607152,64.28558797607153,55.123933926339184,6.428558797607153e-11,3.3232938662692226,8,True,0.8906763488316614,0.2569444444444444,0.01,1.0,rms,7.937253933193772,1.0172271620265,1.008576800261884,0.0673997182448619,0.2818117136602655,3.741778391617201,1.9343676981425224,0.008240550431571902,0.16305260590457318,0.9842297251990686,0.9527512757450193,0.8181818181818182,0.4133622971537066,0.23809523809523808,0.028851097853305432,0.0,0.9774161735700195,0.24081816728315178,0.9551660920387651,0.9343577528197222,0.8633640552995392,0.6796536796536796,,0.06678464690946369,0.06677341696643237,0.5215687459902065
main_corrected_inverse_map_2026-08-31_v2,credit_approval,svm,0,AIME,0.1,0.5,69,21,42,63,0.02495512494351715,0.8309178743961353,0.40306854126584984,0.00015937502030283213,144,63,X ~= Y A^T,SVD normal-system solve,2.431444392177338,2.431444392177338,30.130197287310782,30.130197287310782,73.25989922942864,73.25989922942864,30.130197287310786,7.325989922942864e-11,5.066462778075988,1,True,1.0,0.0,0.0,1.0,rms,7.937253933193772,0.9615203122280035,0.9805714212784317,0.026551554888793127,0.22566525694613698,3.7876647029311634,1.9461923602077889,-0.003100328202152225,0.10634137473089021,0.932531651145541,0.7811101115173618,1.0,0.42445677139604127,0.23809523809523808,0.023217216085648463,0.0,0.11805555555555555,1.0,1.0,0.8854712128329384,0.7404029169562412,0.557042957042957,,0.3858643415798321,0.3858643415798321,0.7047048563557284
main_corrected_inverse_map_2026-08-31_v2,credit_approval,svm,0,HuberAIME,0.1,0.5,69,21,42,63,0.02495512494351715,0.8309178743961353,0.40306854126584984,0.0006365419831126928,144,63,X ~= Y A^T,SVD normal-system solve,2.1783449780800224,2.1783449780800224,29.105533237039253,29.105533237039253,63.40189216124564,63.40189216124564,29.105533237039257,6.340189216124564e-11,4.634545632524757,8,True,0.86385190552723,0.2916666666666667,0.0,1.0,rms,7.937253933193772,0.938114630424487,0.968563178334014,0.05024759569900339,0.2504028507087342,3.7641973183348627,1.9401539419166878,0.0031146203312747422,0.11905763354661866,0.99336578380775,0.9845784584839192,1.0,0.43323298936023363,0.23809523809523808,0.01666862822913125,0.0,0.9258480203298998,0.22401560579069524,0.9494992842321205,0.9435129113589937,0.8186769066791589,0.7402597402597404,,0.33812665880472603,0.33812665880472603,0.6660071626531269
main_corrected_inverse_map_2026-08-31_v2,credit_approval,svm,0,RidgeAIME,0.1,0.5,69,21,42,63,0.02495512494351715,0.8309178743961353,0.40306854126584984,0.00013933400623500347,144,63,X ~= Y A^T,SVD normal-system solve,2.431444392177338,2.4309694635036685,30.130197287310782,30.140197287310787,73.25989922942864,73.26989922942863,30.140197287310784,7.326989922942862e-11,5.064922497350711,1,True,1.0,0.0,0.01,1.0,rms,7.937253933193772,0.9615048091137022,0.980563516103726,0.02656725032686047,0.22565443302538726,3.787648777840426,1.9461882688579812,-0.0030961107053573134,0.10633593787648059,0.9325117483524075,0.7811101115173618,1.0,0.42445328342313987,0.23809523809523808,0.023218605142967686,0.0,0.11805555555555555,1.0,1.0,0.8854513584261021,0.7404029169562412,0.557042957042957,,0.3858643415798321,0.38577950351007906,0.7045728042411284
main_corrected_inverse_map_2026-08-31_v2,credit_approval,svm,0,HuberRidgeAIME,0.1,0.5,69,21,42,63,0.02495512494351715,0.8309178743961353,0.40306854126584984,0.0006467079510912299,144,63,X ~= Y A^T,SVD normal-system solve,2.178346279886491,2.177941565421995,29.105497054323457,29.11549705432346,63.401851232532735,63.411851232532726,29.115497054323455,6.341185123253273e-11,4.632975688434376,8,True,0.8638513054154722,0.2916666666666667,0.01,1.0,rms,7.937253933193772,0.93810729063718,0.9685593893185797,0.0502550265399857,0.25039910867884707,3.764189232317309,1.9401518580557835,0.003116761779237587,0.11905589845900173,0.9933646143521904,0.9845784584839192,1.0,0.433230368412983,0.23809523809523808,0.016669829542052234,0.0,0.9258480203298998,0.22401557112050652,0.9494986084313338,0.9435068585886004,0.818561697923285,0.7402597402597404,,0.3381269183445155,0.33804622337419943,0.6658600212464318
main_corrected_inverse_map_2026-08-31_v2,credit_approval,mlp,0,AIME,0.1,0.5,69,21,42,63,0.04366512503474951,0.8164251207729468,0.5228160520584416,0.0001499159261584282,144,63,X ~= Y A^T,SVD normal-system solve,1.9770774293730797,1.9770774293730797,36.87641670094544,36.87641670094544,72.90753113559572,72.90753113559572,36.876416700945434,7.290753113559571e-11,6.8155130923727105,1,True,1.0,0.0,0.0,1.0,rms,7.937253933193772,0.8634751580032216,0.9292336401590408,0.003096051243010156,0.2525270564555494,1.7474003011153147,1.321892696520907,0.003219646944405574,0.19477251344117597,0.881823126850018,0.6490002657185752,0.5384615384615384,0.40520752376413666,0.23809523809523808,0.02949649900985149,0.0,0.0763888888888889,1.0,1.0,0.8905279700115525,0.7909862169469788,0.4477483301012712,,0.2960236781609044,0.2960236781609044,0.8334985563993332
main_corrected_inverse_map_2026-08-31_v2,credit_approval,mlp,0,HuberAIME,0.1,0.5,69,21,42,63,0.04366512503474951,0.8164251207729468,0.5228160520584416,0.0006952499970793724,144,63,X ~= Y A^T,SVD normal-system solve,2.115454542210318,2.115454542210318,31.122627997278546,31.122627997278546,65.83850476236492,65.83850476236492,31.122627997278553,6.58385047623649e-11,5.399137046026842,9,True,0.8984821626193943,0.25,0.0,1.0,rms,7.937253933193772,0.7935939210126344,0.890838886113889,0.08377571000822448,0.31416221984566,1.6757610061435704,1.2945118794910961,0.04408529272059736,0.24400948470509304,0.9918654946979384,0.962122851201925,0.6666666666666666,0.4202845120143463,0.2857142857142857,0.024258911585490983,0.0,0.9406172110717566,0.21758951492193343,0.9547965921282069,0.9571697890814168,0.8729711665849689,0.7636363636363636,,0.3254036974624778,0.3254036974624778,0.7323243512863643
main_corrected_inverse_map_2026-08-31_v2,credit_approval,mlp,0,RidgeAIME,0.1,0.5,69,21,42,63,0.04366512503474951,0.8164251207729468,0.5228160520584416,0.00013833306729793549,144,63,X ~= Y A^T,SVD normal-system solve,1.9770774293730797,1.9768125412335533,36.87641670094544,36.88641670094543,72.90753113559572,72.91753113559572,36.886416700945425,7.291753113559572e-11,6.813732267123859,1,True,1.0,0.0,0.01,1.0,rms,7.937253933193772,0.8634339076799739,0.9292114440104436,0.0031436757864055087,0.2525227367142267,1.7473636049232415,1.321878816277514,0.0032405797800398872,0.1947691435438504,0.8818158004791034,0.6490002657185752,0.5384615384615384,0.40520557173100874,0.23809523809523808,0.029497188750395226,0.0,0.0763888888888889,1.0,1.0,0.8905263344077878,0.7907654028148744,0.4477483301012712,,0.2960236781609044,0.2959654876405079,0.8333850647770442
main_corrected_inverse_map_2026-08-31_v2,credit_approval,mlp,0,HuberRidgeAIME,0.1,0.5,69,21,42,63,0.04366512503474951,0.8164251207729468,0.5228160520584416,0.0006924159824848175,144,63,X ~= Y A^T,SVD normal-system solve,2.115455343754008,2.1150970522188732,31.122617836845958,31.132617836845952,65.83850821456959,65.84850821456959,31.132617836845956,6.584850821456959e-11,5.397425189297092,9,True,0.8984822262214094,0.25,0.01,1.0,rms,7.937253933193772,0.793585685337651,0.8908342636751524,0.08378521830366947,0.3141603125277467,1.6757582989917053,1.2945108338641687,0.04408683697796656,0.24400866811733826,0.9918650579925207,0.962122851201925,0.6666666666666666,0.4202814478158619,0.2857142857142857,0.024259990404009734,0.0,0.9406172110717566,0.21758909407464258,0.9547966957974577,0.957168278557196,0.8729711665849689,0.7636363636363636,,0.32540386201620775,0.3253302999739829,0.7321866315341755
main_corrected_inverse_map_2026-08-31_v2,credit_approval,lgbm,1,AIME,0.0,0.0,0,0,42,42,1.2885169999208301,0.821256038647343,0.511257347243598,0.00015445798635482788,144,63,X ~= Y A^T,SVD normal-system solve,1.5340896721244202,1.5340896721244202,50.353771036990366,50.353771036990366,77.24720010036468,77.24720010036468,50.353771036990366,7.724720010036468e-11,2.5736675174631527,1,True,1.0,0.0,0.0,1.0,rms,6.48074069840786,1.0424808701920782,1.021019524882888,0.013421304204177864,0.16402169882280826,1.0424808701920782,1.021019524882888,0.013421304204177864,0.16402169882280826,1.0000000000000002,0.9999999999999999,1.0,0.0,0.0,0.03013562970191248,0.0,,,,0.9138245854436784,0.801919123130064,0.5934065934065933,,0.18585074616484892,0.18585074616484892,0.410552441302778
main_corrected_inverse_map_2026-08-31_v2,credit_approval,lgbm,1,HuberAIME,0.0,0.0,0,0,42,42,1.2885169999208301,0.821256038647343,0.511257347243598,0.0005636670393869281,144,63,X ~= Y A^T,SVD normal-system solve,1.6058151516452057,1.6058151516452057,46.993916550107954,46.993916550107954,75.46354323131375,75.46354323131375,46.99391655010796,7.546354323131374e-11,2.3826076037637143,8,True,0.9593112846375728,0.14583333333333334,0.0,1.0,rms,6.48074069840786,1.0400347483924959,1.0198209393773476,0.015736254745519873,0.1642179033225089,1.0400347483924959,1.0198209393773476,0.015736254745519873,0.1642179033225089,1.0,0.9999999999999999,1.0,0.0,0.0,0.03301038595399628,0.0,,,,0.9146804340567014,0.7876188275174975,0.6606060606060606,,0.20569555137802387,0.20569555137802387,0.3770525234407078
main_corrected_inverse_map_2026-08-31_v2,credit_approval,lgbm,1,RidgeAIME,0.0,0.0,0,0,42,42,1.2885169999208301,0.821256038647343,0.511257347243598,0.00012429093476384878,144,63,X ~= Y A^T,SVD normal-system solve,1.5340896721244202,1.5339836257221897,50.353771036990366,50.363771036990364,77.24720010036468,77.25720010036468,50.36377103699037,7.725720010036467e-11,2.5731726709726996,1,True,1.0,0.0,0.01,1.0,rms,6.48074069840786,1.0424736300077915,1.0210159793107019,0.013428156139570935,0.1640220190395147,1.0424736300077915,1.0210159793107019,0.013428156139570935,0.1640220190395147,1.0000000000000002,0.9999999999999999,1.0,0.0,0.0,0.03013639863110629,0.0,,,,0.9138221683695195,0.801919123130064,0.5934065934065933,,0.18585074616484892,0.18582072382648754,0.41046893021908903
main_corrected_inverse_map_2026-08-31_v2,credit_approval,lgbm,1,HuberRidgeAIME,0.0,0.0,0,0,42,42,1.2885169999208301,0.821256038647343,0.511257347243598,0.000571583048440516,144,63,X ~= Y A^T,SVD normal-system solve,1.6058150071491726,1.6056861210833928,46.993918032888224,47.00391803288823,75.46353882195004,75.47353882195004,47.00391803288822,7.547353882195004e-11,2.3821205659899514,8,True,0.9593113229255847,0.14583333333333334,0.01,1.0,rms,6.48074069840786,1.0400292538215525,1.0198182454837492,0.015741454674641053,0.16421826006405463,1.0400292538215525,1.0198182454837492,0.015741454674641053,0.16421826006405463,1.0,0.9999999999999999,1.0,0.0,0.0,0.033011285685964835,0.0,,,,0.9146777953962207,0.7876188275174975,0.6606060606060606,,0.20569551229891028,0.20566065351794935,0.3769637385989184
main_corrected_inverse_map_2026-08-31_v2,credit_approval,svm,1,AIME,0.0,0.0,0,0,42,42,0.020293042063713074,0.821256038647343,0.42506109868391695,0.0001533749746158719,144,63,X ~= Y A^T,SVD normal-system solve,2.186969529711929,2.186969529711929,33.90521004011981,33.90521004011981,74.149661256225,74.149661256225,33.90521004011982,7.4149661256225e-11,3.1028270173968084,1,True,1.0,0.0,0.0,1.0,rms,6.48074069840786,0.8629914644596748,0.9289733389391079,0.005995322306973083,0.16223862980947867,0.8629914644596748,0.9289733389391079,0.005995322306973083,0.16223862980947867,1.0,0.9999999999999999,1.0,0.0,0.0,0.0451677560033043,0.1111111111111111,,,,0.9302188768203754,0.8242217173603524,0.731934731934732,,0.33984273220537514,0.33984273220537514,0.4917575643421056
main_corrected_inverse_map_2026-08-31_v2,credit_approval,svm,1,HuberAIME,0.0,0.0,0,0,42,42,0.020293042063713074,0.821256038647343,0.42506109868391695,0.0004616249352693558,144,63,X ~= Y A^T,SVD normal-system solve,2.1437919516867634,2.1437919516867634,33.33548557783513,33.33548557783513,71.46434568733312,71.46434568733312,33.335485577835136,7.14643456873331e-11,3.0792468726729227,6,True,0.9629586877972918,0.1388888888888889,0.0,1.0,rms,6.48074069840786,0.8601325157364751,0.927433294494259,0.009288296248406325,0.16700705400721436,0.8601325157364751,0.927433294494259,0.009288296248406325,0.16700705400721436,1.0,0.9999999999999999,1.0,0.0,0.0,0.04236398386067336,0.1111111111111111,,,,0.9419336001369935,0.8973642437771909,0.7272727272727273,,0.33118263614267074,0.33118263614267074,0.48844450902062997
main_corrected_inverse_map_2026-08-31_v2,credit_approval,svm,1,RidgeAIME,0.0,0.0,0,0,42,42,0.020293042063713074,0.821256038647343,0.42506109868391695,0.00014391704462468624,144,63,X ~= Y A^T,SVD normal-system solve,2.186969529711929,2.1866195482350905,33.90521004011981,33.91521004011982,74.149661256225,74.159661256225,33.91521004011982,7.415966125622501e-11,3.101941007633352,1,True,1.0,0.0,0.01,1.0,rms,6.48074069840786,0.862980758745954,0.9289675768001562,0.006007653285846848,0.16223542224084936,0.862980758745954,0.9289675768001562,0.006007653285846848,0.16223542224084936,1.0000000000000002,0.9999999999999999,1.0,0.0,0.0,0.04516917605566132,0.1111111111111111,,,,0.9302113141036816,0.8242217173603524,0.731934731934732,,0.33984273220537514,0.3397732263502183,0.4916335341923096
main_corrected_inverse_map_2026-08-31_v2,credit_approval,svm,1,HuberRidgeAIME,0.0,0.0,0,0,42,42,0.020293042063713074,0.821256038647343,0.42506109868391695,0.00046137499157339334,144,63,X ~= Y A^T,SVD normal-system solve,2.1437928838090485,2.143449870698639,33.33545675055086,33.345456750550845,71.46431496035524,71.47431496035526,33.34545675055085,7.147431496035524e-11,3.078338244537747,6,True,0.9629581607507524,0.1388888888888889,0.01,1.0,rms,6.48074069840786,0.8601221464966426,0.9274277041886567,0.009300239672324295,0.16700497027989158,0.8601221464966426,0.9274277041886567,0.009300239672324295,0.16700497027989158,1.0,0.9999999999999999,1.0,0.0,0.0,0.042365791460798156,0.1111111111111111,,,,0.9419280484324247,0.8973642437771909,0.7272727272727273,,0.33118282497418333,0.331113331031377,0.48831633793389334
main_corrected_inverse_map_2026-08-31_v2,credit_approval,mlp,1,AIME,0.0,0.0,0,0,42,42,0.030306167085655034,0.8309178743961353,0.43454132738993095,0.0001397499581798911,144,63,X ~= Y A^T,SVD normal-system solve,3.8981315628440534,3.8981315628440534,18.593238080366824,18.593238080366824,72.4788882165519,72.4788882165519,18.593238080366834,7.247888821655187e-11,4.921485312370753,1,True,1.0,0.0,0.0,1.0,rms,6.48074069840786,1.19472619675452,1.0930353135898767,0.01844960144012875,0.19862255906022386,1.19472619675452,1.0930353135898767,0.01844960144012875,0.19862255906022386,1.0000000000000002,0.9999999999999999,1.0,0.0,0.0,0.01769195822194569,0.0,,,,0.9436277969695596,0.8139546552671589,0.6456876456876457,,0.5908564925684141,0.5908564925684141,0.6920961933397575
main_corrected_inverse_map_2026-08-31_v2,credit_approval,mlp,1,HuberAIME,0.0,0.0,0,0,42,42,0.030306167085655034,0.8309178743961353,0.43454132738993095,0.000523374998010695,144,63,X ~= Y A^T,SVD normal-system solve,3.941376632140275,3.941376632140275,17.937462235060607,17.937462235060607,70.69829449316654,70.69829449316654,17.93746223506061,7.069829449316654e-11,4.846820706609415,7,True,0.974215866392306,0.09722222222222222,0.0,1.0,rms,6.48074069840786,1.1894469978451827,1.0906177138874935,0.02278682934022258,0.20609077210000648,1.1894469978451827,1.0906177138874935,0.02278682934022258,0.20609077210000648,0.9999999999999999,0.9999999999999999,1.0,0.0,0.0,0.018034019012758872,0.0,,,,0.9622045985135506,0.8786178753785651,0.7016317016317016,,0.5956479373890137,0.5956479373890137,0.6854569546164325
main_corrected_inverse_map_2026-08-31_v2,credit_approval,mlp,1,RidgeAIME,0.0,0.0,0,0,42,42,0.030306167085655034,0.8309178743961353,0.43454132738993095,0.00013262499123811722,144,63,X ~= Y A^T,SVD normal-system solve,3.8981315628440534,3.896573698804296,18.593238080366824,18.603238080366825,72.4788882165519,72.48888821655189,18.603238080366825,7.24888882165519e-11,4.91887973538866,1,True,1.0,0.0,0.01,1.0,rms,6.48074069840786,1.1947111716103034,1.0930284404398192,0.018461945637765043,0.19861350960926874,1.1947111716103034,1.0930284404398192,0.018461945637765043,0.19861350960926874,1.0,0.9999999999999999,1.0,0.0,0.0,0.01769294992184799,0.0,,,,0.9436228545168996,0.8139546552671589,0.6456876456876457,,0.5908564925684141,0.5906828947883006,0.6918662043654764
main_corrected_inverse_map_2026-08-31_v2,credit_approval,mlp,1,HuberRidgeAIME,0.0,0.0,0,0,42,42,0.030306167085655034,0.8309178743961353,0.43454132738993095,0.0005159170832484961,144,63,X ~= Y A^T,SVD normal-system solve,3.941376849102294,3.939737966970583,17.93745816182486,17.947458161824862,70.6982823307575,70.70828233075748,17.94745816182486,7.07082823307575e-11,4.8441621649687825,7,True,0.9742157574748328,0.09722222222222222,0.01,1.0,rms,6.48074069840786,1.1894369946926049,1.0906131278746853,0.022795047623563325,0.20607884477494143,1.1894369946926049,1.0906131278746853,0.022795047623563325,0.20607884477494143,0.9999999999999999,0.9999999999999999,1.0,0.0,0.0,0.018035229307203398,0.0,,,,0.9622006207690786,0.8786178753785651,0.7016317016317016,,0.595647961295738,0.5954673377435726,0.6852186733174764
main_corrected_inverse_map_2026-08-31_v2,credit_approval,lgbm,1,AIME,0.0,0.25,0,10,42,52,1.6694903749739751,0.8647342995169082,0.4493327377425364,0.0006305419374257326,144,63,X ~= Y A^T,SVD normal-system solve,1.1857557630922535,1.1857557630922535,61.49538402750743,61.49538402750743,72.91850601418825,72.91850601418825,61.495384027507434,7.291850601418824e-11,2.570523596165359,1,True,1.0,0.0,0.0,1.0,rms,7.211102550927978,1.2597803276330921,1.1223993619176251,0.008432286631024466,0.15395550472361763,1.2597803276330921,1.1223993619176251,0.008432286631024466,0.15395550472361763,1.0000000000000002,0.9999999999999999,1.0,0.1730061776950281,0.1,0.036097644450857364,0.0,,,,0.92494323929052,0.7129192351276846,0.7575757575757576,,0.07399524411714717,0.07399524411714717,0.41002159483498224
main_corrected_inverse_map_2026-08-31_v2,credit_approval,lgbm,1,HuberAIME,0.0,0.25,0,10,42,52,1.6694903749739751,0.8647342995169082,0.4493327377425364,0.0005606249906122684,144,63,X ~= Y A^T,SVD normal-system solve,1.1913006941333617,1.1913006941333617,58.96380856573766,58.96380856573766,70.24362607310994,70.24362607310994,58.96380856573766,7.024362607310995e-11,2.521165084598663,7,True,0.9616846611874751,0.1875,0.0,1.0,rms,7.211102550927978,1.258967752528313,1.1220373222528353,0.009071861024204764,0.1546384830575652,1.258967752528313,1.1220373222528353,0.009071861024204764,0.1546384830575652,0.9999999999999999,0.9999999999999999,1.0,0.17106589817599532,0.2,0.03398070988735186,0.0,,,,0.9317532327628928,0.722620006023232,0.793939393939394,,0.07602139483332368,0.07602139483332368,0.40160128398779404
main_corrected_inverse_map_2026-08-31_v2,credit_approval,lgbm,1,RidgeAIME,0.0,0.25,0,10,42,52,1.6694903749739751,0.8647342995169082,0.4493327377425364,0.0004283750895410776,144,63,X ~= Y A^T,SVD normal-system solve,1.1857557630922535,1.185725561547132,61.49538402750743,61.50538402750743,72.91850601418825,72.92850601418826,61.50538402750743,7.292850601418825e-11,2.5701105207627664,1,True,1.0,0.0,0.01,1.0,rms,7.211102550927978,1.2597763937915485,1.1223976094911947,0.008435382940895741,0.1539553297238355,1.2597763937915485,1.1223976094911947,0.008435382940895741,0.1539553297238355,1.0,0.9999999999999999,1.0,0.1730061005590548,0.1,0.036097783283051396,0.0,,,,0.9249420373207601,0.7129192351276846,0.7575757575757576,,0.07399524411714717,0.07398418236915394,0.4099517994112032
main_corrected_inverse_map_2026-08-31_v2,credit_approval,lgbm,1,HuberRidgeAIME,0.0,0.25,0,10,42,52,1.6694903749739751,0.8647342995169082,0.4493327377425364,0.0011081660632044077,144,63,X ~= Y A^T,SVD normal-system solve,1.1913009517744177,1.1912685134765013,58.9637945767175,58.973794576717495,70.2436245994748,70.2536245994748,58.973794576717495,7.02536245994748e-11,2.5207390635503844,7,True,0.9616846076577519,0.1875,0.01,1.0,rms,7.211102550927978,1.2589641581758437,1.1220357205436213,0.009074690123676121,0.15463817223105827,1.2589641581758437,1.1220357205436213,0.009074690123676121,0.15463817223105827,1.0,0.9999999999999999,1.0,0.17106576718743205,0.2,0.03398089456332431,0.0,,,,0.9317522324581246,0.722620006023232,0.793939393939394,,0.07602148875761787,0.07600966305935909,0.40152789164020236
main_corrected_inverse_map_2026-08-31_v2,credit_approval,svm,1,AIME,0.0,0.25,0,10,42,52,0.03850020794197917,0.8405797101449275,0.4082436421602695,0.0002185420598834753,144,63,X ~= Y A^T,SVD normal-system solve,2.310369389671129,2.310369389671129,33.652477263382195,33.652477263382195,77.74965335592186,77.74965335592186,33.65247726338219,7.774965335592186e-11,3.290350985581424,1,True,1.0,0.0,0.0,1.0,rms,7.211102550927978,1.0295387301064947,1.0146618796951499,0.024181955306392777,0.20550952535110956,1.0295387301064947,1.0146618796951499,0.024181955306392777,0.20550952535110956,1.0,0.9999999999999999,1.0,0.20449142823649213,0.1,0.027343659648167744,0.0,,,,0.9310125841677124,0.7907866297156217,0.5457875457875457,,0.36368142191405006,0.36368142191405006,0.5172422271204756
main_corrected_inverse_map_2026-08-31_v2,credit_approval,svm,1,HuberAIME,0.0,0.25,0,10,42,52,0.03850020794197917,0.8405797101449275,0.4082436421602695,0.0008031249744817615,144,63,X ~= Y A^T,SVD normal-system solve,2.2706360935319743,2.2706360935319743,32.9789036964307,32.9789036964307,74.88308905823058,74.88308905823058,32.978903696430706,7.488308905823057e-11,3.293825796920489,8,True,0.9628903658180382,0.1875,0.0,1.0,rms,7.211102550927978,1.0316323633774436,1.0156930458447786,0.022197566506807265,0.20122897396298536,1.0316323633774436,1.0156930458447786,0.022197566506807265,0.20122897396298536,1.0,0.9999999999999999,1.0,0.20226823567670327,0.1,0.025331469552067814,0.0,,,,0.9374285669796029,0.8535205631043186,0.6153846153846153,,0.3561475370225684,0.3561475370225684,0.5177006265772843
main_corrected_inverse_map_2026-08-31_v2,credit_approval,svm,1,RidgeAIME,0.0,0.25,0,10,42,52,0.03850020794197917,0.8405797101449275,0.4082436421602695,0.00019679195247590542,144,63,X ~= Y A^T,SVD normal-system solve,2.310369389671129,2.309980122601026,33.652477263382195,33.6624772633822,77.74965335592186,77.75965335592187,33.6624772633822,7.775965335592186e-11,3.2894111452884536,1,True,1.0,0.0,0.01,1.0,rms,7.211102550927978,1.0295374434342457,1.0146612456550441,0.02418317484089061,0.20550703748705665,1.0295374434342457,1.0146612456550441,0.02418317484089061,0.20550703748705665,1.0,0.9999999999999999,1.0,0.20449018005087066,0.1,0.027344021769577818,0.0,,,,0.9310068223266663,0.7907866297156217,0.5457875457875457,,0.36368142191405006,0.3636082428004427,0.5171181595788943
main_corrected_inverse_map_2026-08-31_v2,credit_approval,svm,1,HuberRidgeAIME,0.0,0.25,0,10,42,52,0.03850020794197917,0.8405797101449275,0.4082436421602695,0.0006727919680997729,144,63,X ~= Y A^T,SVD normal-system solve,2.270634733142123,2.270249562771813,32.978901304100994,32.98890130410099,74.88303876195776,74.89303876195777,32.988901304101,7.489303876195777e-11,3.2928617633289092,8,True,0.96288993501899,0.1875,0.01,1.0,rms,7.211102550927978,1.031630638755823,1.0156921968568149,0.022199201138752955,0.20122590069634155,1.031630638755823,1.0156921968568149,0.022199201138752955,0.20122590069634155,1.0,0.9999999999999999,1.0,0.20226603007095417,0.1,0.025331907996506742,0.0,,,,0.9374236278460814,0.8535205631043186,0.6153846153846153,,0.35614727682676495,0.35607360070734917,0.5175734991043771
main_corrected_inverse_map_2026-08-31_v2,credit_approval,mlp,1,AIME,0.0,0.25,0,10,42,52,0.052197374985553324,0.8454106280193237,0.44623332582644865,0.00024287495762109756,144,63,X ~= Y A^T,SVD normal-system solve,1.8327776315941608,1.8327776315941608,39.30616902151047,39.30616902151047,72.03946736628373,72.03946736628373,39.30616902151048,7.203946736628373e-11,3.5927432179177248,1,True,1.0,0.0,0.0,1.0,rms,7.211102550927978,0.9348803602372849,0.9668921140630349,0.03413661315761696,0.21626123943349843,0.9348803602372849,0.9668921140630349,0.03413661315761696,0.21626123943349843,0.9999999999999999,0.9999999999999999,1.0,0.2163049481077748,0.2,0.020687780410219514,0.0,,,,0.9478193769516216,0.856570493918877,0.5897435897435896,,0.2631097758024097,0.2631097758024097,0.5554261782326047
main_corrected_inverse_map_2026-08-31_v2,credit_approval,mlp,1,HuberAIME,0.0,0.25,0,10,42,52,0.052197374985553324,0.8454106280193237,0.44623332582644865,0.000631874892860651,144,63,X ~= Y A^T,SVD normal-system solve,1.8792413187524746,1.8792413187524746,37.00012687707303,37.00012687707303,69.5321672264796,69.5321672264796,37.00012687707303,6.95321672264796e-11,3.4047304740953632,8,True,0.962914701101114,0.11805555555555555,0.0,1.0,rms,7.211102550927978,0.9274777552026264,0.9630564652203039,0.04178454916561802,0.22872587257882454,0.9274777552026264,0.9630564652203039,0.04178454916561802,0.22872587257882454,1.0000000000000002,0.9999999999999999,1.0,0.1988796587298269,0.1,0.023050737065667046,0.0,,,,0.9518772287379663,0.8650504914196009,0.5504495504495505,,0.2739825526780877,0.2739825526780877,0.5320827379092734
main_corrected_inverse_map_2026-08-31_v2,credit_approval,mlp,1,RidgeAIME,0.0,0.25,0,10,42,52,0.052197374985553324,0.8454106280193237,0.44623332582644865,0.00013975007459521294,144,63,X ~= Y A^T,SVD normal-system solve,1.8327776315941608,1.8325658160352398,39.30616902151047,39.31616902151046,72.03946736628373,72.04946736628374,39.316169021510476,7.204946736628374e-11,3.5918556417747247,1,True,1.0,0.0,0.01,1.0,rms,7.211102550927978,0.9348754110792591,0.9668895547472106,0.03414172633651791,0.21625810833480974,0.9348754110792591,0.9668895547472106,0.03414172633651791,0.21625810833480974,1.0,0.9999999999999999,1.0,0.2163055418460282,0.2,0.020687849018329027,0.0,,,,0.9478164846636276,0.856570493918877,0.5897435897435896,,0.2631097758024097,0.26305958114543554,0.5553188738637281
main_corrected_inverse_map_2026-08-31_v2,credit_approval,mlp,1,HuberRidgeAIME,0.0,0.25,0,10,42,52,0.052197374985553324,0.8454106280193237,0.44623332582644865,0.0005804169923067093,144,63,X ~= Y A^T,SVD normal-system solve,1.8792413639445429,1.879003796241265,37.000138660030984,37.01013866003099,69.53219104161384,69.54219104161383,37.01013866003099,6.954219104161385e-11,3.403830466109318,8,True,0.9629149783045938,0.11805555555555555,0.01,1.0,rms,7.211102550927978,0.9274760021941892,0.9630555550923265,0.041786360270801404,0.2287227148099292,0.9274760021941892,0.9630555550923265,0.041786360270801404,0.2287227148099292,1.0000000000000002,0.9999999999999999,1.0,0.1988799836665515,0.1,0.023050960096135054,0.0,,,,0.9518739804653743,0.8650504914196009,0.5504495504495505,,0.27398256312201813,0.2739276575273313,0.5319679211344167
main_corrected_inverse_map_2026-08-31_v2,credit_approval,lgbm,1,AIME,0.0,0.5,0,21,42,63,1.31232245801948,0.8743961352657005,0.4578206695945373,0.00015962496399879456,144,63,X ~= Y A^T,SVD normal-system solve,1.3886885071707662,1.3886885071707662,56.21814561739053,56.21814561739053,78.06949271332282,78.06949271332282,56.21814561739054,7.80694927133228e-11,2.9989191788883005,1,True,1.0,0.0,0.0,1.0,rms,7.937253933193772,1.0270289556655483,1.013424370964873,0.01395196984097935,0.1698263905651074,1.0270289556655483,1.013424370964873,0.01395196984097935,0.1698263905651074,1.0,0.9999999999999998,1.0,0.2736834874238008,0.14285714285714285,0.01857644733456,0.0,,,,0.9246523646846174,0.8358576152138081,0.6713286713286712,,0.1426048412827197,0.1426048412827197,0.4769647616462213
main_corrected_inverse_map_2026-08-31_v2,credit_approval,lgbm,1,HuberAIME,0.0,0.5,0,21,42,63,1.31232245801948,0.8743961352657005,0.4578206695945373,0.0006260409718379378,144,63,X ~= Y A^T,SVD normal-system solve,1.3959881113408896,1.3959881113408896,53.93891297172847,53.93891297172847,75.29808124718384,75.29808124718384,53.93891297172846,7.529808124718383e-11,2.8804960015745524,8,True,0.9613155990924054,0.1597222222222222,0.0,1.0,rms,7.937253933193772,1.0265157657417916,1.0131711433621624,0.014444682252471197,0.16819844780265528,1.0265157657417916,1.0131711433621624,0.014444682252471197,0.16819844780265528,0.9999999999999998,0.9999999999999998,1.0,0.2694357873650651,0.14285714285714285,0.020066095172132644,0.0,,,,0.9339918051744014,0.8329291711011233,0.7016317016317016,,0.14488171971906608,0.14488171971906608,0.4594672767174445
main_corrected_inverse_map_2026-08-31_v2,credit_approval,lgbm,1,RidgeAIME,0.0,0.5,0,21,42,63,1.31232245801948,0.8743961352657005,0.4578206695945373,0.00014458398800343275,144,63,X ~= Y A^T,SVD normal-system solve,1.3886885071707662,1.3886193801343147,56.21814561739053,56.22814561739053,78.06949271332282,78.07949271332282,56.22814561739054,7.807949271332281e-11,2.998406962417567,1,True,1.0,0.0,0.01,1.0,rms,7.937253933193772,1.0270230681759072,1.013421466210336,0.013957622405623482,0.16982663893768332,1.0270230681759072,1.013421466210336,0.013957622405623482,0.16982663893768332,1.0000000000000002,0.9999999999999998,1.0,0.2736835474722183,0.14285714285714285,0.018576523170294363,0.0,,,,0.9246504225146918,0.8358576152138081,0.6713286713286712,,0.1426048412827197,0.14258322215246438,0.4768905776575306
main_corrected_inverse_map_2026-08-31_v2,credit_approval,lgbm,1,HuberRidgeAIME,0.0,0.5,0,21,42,63,1.31232245801948,0.8743961352657005,0.4578206695945373,0.0006219580536708236,144,63,X ~= Y A^T,SVD normal-system solve,1.3959883306636027,1.3959149300212341,53.93889171042919,53.94889171042918,75.29806339668689,75.30806339668689,53.948891710429194,7.530806339668689e-11,2.8799812332086376,8,True,0.9613153189591132,0.1597222222222222,0.01,1.0,rms,7.937253933193772,1.026510661742763,1.0131686245353055,0.014449582589662446,0.16819846274823963,1.026510661742763,1.0131686245353055,0.014449582589662446,0.16819846274823963,0.9999999999999998,0.9999999999999998,1.0,0.26943566167531646,0.14285714285714285,0.020066221516537783,0.0,,,,0.9339901026807214,0.8329291711011233,0.7016317016317016,,0.14488178795076218,0.1448589522784772,0.45938965777989527
main_corrected_inverse_map_2026-08-31_v2,credit_approval,svm,1,AIME,0.0,0.5,0,21,42,63,0.02481487498153001,0.821256038647343,0.4145445575895012,0.00015633401926606894,144,63,X ~= Y A^T,SVD normal-system solve,2.1599435426541707,2.1599435426541707,34.71996780551026,34.71996780551026,74.99317026267258,74.99317026267258,34.71996780551026,7.499317026267257e-11,3.5870730943273093,1,True,1.0,0.0,0.0,1.0,rms,7.937253933193772,1.1804394126529891,1.0864802863618783,0.016088439804676113,0.1755179787501522,1.1804394126529891,1.0864802863618783,0.016088439804676113,0.1755179787501522,1.0,1.0,1.0,0.27088821318196055,0.09523809523809523,0.028031120392657566,0.0,,,,0.9322490546828582,0.8158072666709838,0.6606060606060605,,0.3344423995610243,0.3344423995610243,0.5547402264500328
main_corrected_inverse_map_2026-08-31_v2,credit_approval,svm,1,HuberAIME,0.0,0.5,0,21,42,63,0.02481487498153001,0.821256038647343,0.4145445575895012,0.0006231670267879963,144,63,X ~= Y A^T,SVD normal-system solve,2.0992980972325332,2.0992980972325332,33.91958103345915,33.91958103345915,71.20731192246552,71.20731192246552,33.91958103345916,7.120731192246552e-11,3.493623966699401,8,True,0.9495934373009514,0.1875,0.0,1.0,rms,7.937253933193772,1.1821783434115891,1.0872802506307144,0.01463901846426141,0.1712021928932566,1.1821783434115891,1.0872802506307144,0.01463901846426141,0.1712021928932566,1.0,1.0,1.0,0.2701660087265186,0.09523809523809523,0.028750420158643413,0.0,,,,0.9363859800890459,0.8559119983351634,0.6796536796536796,,0.32207411213695947,0.32207411213695947,0.5432761582382198
main_corrected_inverse_map_2026-08-31_v2,credit_approval,svm,1,RidgeAIME,0.0,0.5,0,21,42,63,0.02481487498153001,0.821256038647343,0.4145445575895012,0.00014016707427799702,144,63,X ~= Y A^T,SVD normal-system solve,2.1599435426541707,2.1596095534178,34.71996780551026,34.729967805510256,74.99317026267258,75.00317026267258,34.72996780551026,7.500317026267258e-11,3.586068337038481,1,True,1.0,0.0,0.01,1.0,rms,7.937253933193772,1.1804372778111845,1.0864793039037535,0.01609021922300824,0.17551615173525556,1.1804372778111845,1.0864793039037535,0.01609021922300824,0.17551615173525556,1.0,1.0,1.0,0.2708903576201602,0.09523809523809523,0.028032763674720157,0.0,,,,0.9322446112419926,0.8158360705883168,0.6606060606060605,,0.3344423995610243,0.33437523998250596,0.5546185613321152
main_corrected_inverse_map_2026-08-31_v2,credit_approval,svm,1,HuberRidgeAIME,0.0,0.5,0,21,42,63,0.02481487498153001,0.821256038647343,0.4145445575895012,0.0006110419053584337,144,63,X ~= Y A^T,SVD normal-system solve,2.099297554426845,2.0989735605404807,33.919577090641326,33.92957709064133,71.20728523357617,71.21728523357616,33.929577090641324,7.121728523357616e-11,3.492610484462754,8,True,0.9495931678185355,0.1875,0.01,1.0,rms,7.937253933193772,1.1821766166244863,1.08727945654486,0.01464045776370737,0.1711998059159231,1.1821766166244863,1.08727945654486,0.01464045776370737,0.1711998059159231,1.0,1.0,1.0,0.27016872717567136,0.09523809523809523,0.028752129658361214,0.0,,,,0.9363822225231541,0.8559119983351634,0.6796536796536796,,0.3220739998434524,0.3220069680804031,0.5431501533785069
main_corrected_inverse_map_2026-08-31_v2,credit_approval,mlp,1,AIME,0.0,0.5,0,21,42,63,0.023794957902282476,0.7439613526570048,0.5429536363840473,0.0001474160235375166,144,63,X ~= Y A^T,SVD normal-system solve,6.3643765822876075,6.3643765822876075,11.563646147725997,11.563646147725997,73.59539874844764,73.59539874844764,11.563646147725994,7.359539874844764e-11,7.524763184991355,1,True,1.0,0.0,0.0,1.0,rms,7.937253933193772,1.00042573897421,1.0002128468352174,0.021951416588950612,0.19110974596346877,1.00042573897421,1.0002128468352174,0.021951416588950612,0.19110974596346877,1.0,0.9999999999999998,1.0,0.28914474104611265,0.09523809523809523,0.011008389581035755,0.0,,,,0.9291179950598278,0.7974554707379133,0.5868131868131867,,0.8037558690843509,0.8037558690843509,0.8764928366154029
main_corrected_inverse_map_2026-08-31_v2,credit_approval,mlp,1,HuberAIME,0.0,0.5,0,21,42,63,0.023794957902282476,0.7439613526570048,0.5429536363840473,0.0006219169590622187,144,63,X ~= Y A^T,SVD normal-system solve,6.648218512391886,6.648218512391886,10.511858444389476,10.511858444389476,69.88513190963309,69.88513190963309,10.511858444389473,6.988513190963308e-11,7.271394773969757,8,True,0.9523603075089522,0.14583333333333334,0.0,1.0,rms,7.937253933193772,0.9976597773119592,0.9988292032734922,0.024655510236428535,0.19334079868048326,0.9976597773119592,0.9988292032734922,0.024655510236428535,0.19334079868048326,1.0,0.9999999999999998,1.0,0.26756736147929844,0.09523809523809523,0.009918799036115571,0.0,,,,0.9557243594675343,0.8964424600316866,0.6987012987012988,,0.8227052853197444,0.8227052853197444,0.8616177237254913
main_corrected_inverse_map_2026-08-31_v2,credit_approval,mlp,1,RidgeAIME,0.0,0.5,0,21,42,63,0.023794957902282476,0.7439613526570048,0.5429536363840473,0.00014112493954598904,144,63,X ~= Y A^T,SVD normal-system solve,6.3643765822876075,6.359741589551684,11.563646147725997,11.573646147725993,73.59539874844764,73.60539874844763,11.57364614772599,7.360539874844763e-11,7.518336615893258,1,True,1.0,0.0,0.01,1.0,rms,7.937253933193772,1.0004029656996574,1.0002014625562479,0.021973680479260627,0.19109553915365748,1.0004029656996574,1.0002014625562479,0.021973680479260627,0.19109553915365748,0.9999999999999999,0.9999999999999998,1.0,0.28914520970214613,0.09523809523809523,0.01101166329059178,0.0,,,,0.9291081587113442,0.7973402467713283,0.5868131868131867,,0.8037558690843509,0.803439469656002,0.8761217663302074
main_corrected_inverse_map_2026-08-31_v2,credit_approval,mlp,1,HuberRidgeAIME,0.0,0.5,0,21,42,63,0.023794957902282476,0.7439613526570048,0.5429536363840473,0.0006065419875085354,144,63,X ~= Y A^T,SVD normal-system solve,6.648227682957081,6.642859588188392,10.511847929920199,10.521847929920197,69.88515840673055,69.89515840673056,10.5218479299202,6.989515840673056e-11,7.2645398095314935,8,True,0.9523605474968326,0.14583333333333334,0.01,1.0,rms,7.937253933193772,0.9976408641559972,0.9988197355659314,0.024674000349863112,0.19332657153176866,0.9976408641559972,0.9988197355659314,0.024674000349863112,0.19332657153176866,1.0000000000000002,0.9999999999999998,1.0,0.2675691969084093,0.09523809523809523,0.00992166761751598,0.0,,,,0.955716180450105,0.8964424600316866,0.6987012987012988,,0.8227058843859613,0.8223550727457123,0.8612081080337345
main_corrected_inverse_map_2026-08-31_v2,credit_approval,lgbm,1,AIME,0.05,0.0,34,0,42,42,1.2478372920304537,0.8743961352657005,0.404034751293629,0.00014212506357580423,144,63,X ~= Y A^T,SVD normal-system solve,1.3951237564234902,1.3951237564234902,54.255264809181234,54.255264809181234,75.69280884633612,75.69280884633612,54.25526480918124,7.569280884633612e-11,2.842757516292078,1,True,1.0,0.0,0.0,1.0,rms,6.48074069840786,0.9952677717372365,0.9976310799775819,0.010633926642850011,0.17410687086005416,2.0992548728716174,1.448880558524966,-0.0012349929583514996,0.12370719025734331,0.9169165216097507,0.8578376003303954,0.5384615384615384,0.0,0.0,0.047387584879253764,0.1111111111111111,0.041666666666666664,1.0,1.0,0.8602651897682219,0.7973883171468603,0.6713286713286714,,0.14461273402388983,0.14461273402388983,0.45373981648694145
main_corrected_inverse_map_2026-08-31_v2,credit_approval,lgbm,1,HuberAIME,0.05,0.0,34,0,42,42,1.2478372920304537,0.8743961352657005,0.404034751293629,0.0005155409453436732,144,63,X ~= Y A^T,SVD normal-system solve,1.4378320166285177,1.4378320166285177,49.99524237129878,49.99524237129878,71.88476016055604,71.88476016055604,49.99524237129878,7.188476016055604e-11,2.6165721806056297,7,True,0.9341815408730734,0.16666666666666666,0.0,1.0,rms,6.48074069840786,0.9777011758038312,0.9887877304072048,0.02809635688968548,0.19927533402243763,2.085315584580237,1.4440621816875605,0.005413319923815552,0.13661576426465669,0.9927606419804553,0.9356459994533337,0.8181818181818182,0.0,0.0,0.04481534504077176,0.0,0.9444444444444443,0.2628883795544207,0.9633682000608409,0.9386510484369468,0.8326384239169613,0.7016317016317017,,0.15770814994618237,0.15770814994618237,0.4177327196628594
main_corrected_inverse_map_2026-08-31_v2,credit_approval,lgbm,1,RidgeAIME,0.05,0.0,34,0,42,42,1.2478372920304537,0.8743961352657005,0.404034751293629,0.00013475003652274609,144,63,X ~= Y A^T,SVD normal-system solve,1.3951237564234902,1.3950509430394933,54.255264809181234,54.26526480918124,75.69280884633612,75.70280884633611,54.26526480918124,7.570280884633611e-11,2.8422563588622283,1,True,1.0,0.0,0.01,1.0,rms,6.48074069840786,0.9952581319010416,0.9976262486026727,0.01064350931713598,0.1741058043522029,2.0992456211537793,1.4488773658090526,-0.0012305803718839492,0.12370664718456115,0.9169146986080207,0.8578376003303954,0.5384615384615384,0.0,0.0,0.04738798425192092,0.1111111111111111,0.041666666666666664,1.0,1.0,0.860262922283489,0.7973883171468603,0.6713286713286714,,0.14461273402388983,0.14459006701963967,0.4536632467857263
main_corrected_inverse_map_2026-08-31_v2,credit_approval,lgbm,1,HuberRidgeAIME,0.05,0.0,34,0,42,42,1.2478372920304537,0.8743961352657005,0.404034751293629,0.0005243329796940088,144,63,X ~= Y A^T,SVD normal-system solve,1.4378323485575595,1.43774479123557,49.99522384751934,50.00522384751934,71.88475012133964,71.89475012133964,50.00522384751934,7.189475012133964e-11,2.616063521581006,7,True,0.934181310425051,0.16666666666666666,0.01,1.0,rms,6.48074069840786,0.9776959806273392,0.9887851033603506,0.02810152126003107,0.19927499044350794,2.08531014441019,1.444060298052055,0.0054159146009507,0.1366157547303818,0.9927603676204143,0.9356459994533337,0.8181818181818182,0.0,0.0,0.04481625791747538,0.0,0.9444444444444443,0.2628884418024709,0.9633679568869024,0.9386488294792852,0.8326384239169613,0.7016317016317017,,0.1577082502047195,0.15768180287957162,0.4176482850410615
main_corrected_inverse_map_2026-08-31_v2,credit_approval,svm,1,AIME,0.05,0.0,34,0,42,42,0.019801833084784448,0.8067632850241546,0.4125361898497981,0.00013912504073232412,144,63,X ~= Y A^T,SVD normal-system solve,2.150224619788593,2.150224619788593,34.40354901236652,34.40354901236652,73.97535809449403,73.97535809449403,34.40354901236652,7.397535809449402e-11,3.434475374850049,1,True,1.0,0.0,0.0,1.0,rms,6.48074069840786,1.2067237756967333,1.098509797724505,0.009914056646537772,0.1744371113608767,2.8673711291968096,1.6933313701685235,-0.007222396841127576,0.10043970533234776,0.9357030874306269,0.833096971186351,0.5384615384615384,0.0,0.0,0.053657556786415254,0.2222222222222222,0.04861111111111111,1.0,1.0,0.9076150260347072,0.7955005693941928,0.4945054945054944,,0.3324838301664299,0.3324838301664299,0.5358604068370472
main_corrected_inverse_map_2026-08-31_v2,credit_approval,svm,1,HuberAIME,0.05,0.0,34,0,42,42,0.019801833084784448,0.8067632850241546,0.4125361898497981,0.0005244999192655087,144,63,X ~= Y A^T,SVD normal-system solve,2.052645245195962,2.052645245195962,33.231407991738074,33.231407991738074,68.21229160540824,68.21229160540824,33.23140799173808,6.821229160540822e-11,3.1584238422893893,7,True,0.9153163601837095,0.2152777777777778,0.0,1.0,rms,6.48074069840786,1.192456455606047,1.0919965456017007,0.021620027271801012,0.19255384307886747,2.8502713210112613,1.688274658049235,-0.0012157416123026454,0.11437811628019184,0.9962340072506094,0.9818064013543425,0.8181818181818182,0.0,0.0,0.032627618901806515,0.0,1.0,0.19895032194211795,0.9519190044734258,0.940533367340327,0.8586243249419614,0.7622377622377623,,0.3123138975602163,0.3123138975602163,0.49947040940128135
main_corrected_inverse_map_2026-08-31_v2,credit_approval,svm,1,RidgeAIME,0.05,0.0,34,0,42,42,0.019801833084784448,0.8067632850241546,0.4125361898497981,0.00013424991630017757,144,63,X ~= Y A^T,SVD normal-system solve,2.150224619788593,2.1498903838109626,34.40354901236652,34.413549012366516,73.97535809449403,73.98535809449403,34.413549012366516,7.398535809449403e-11,3.4335375471109866,1,True,1.0,0.0,0.01,1.0,rms,6.48074069840786,1.2067152565056896,1.0985059201049805,0.00992104642453917,0.17443139795619844,2.8673608223756277,1.6933283268095494,-0.007218776360671031,0.10043531418664134,0.9356910149658679,0.833096971186351,0.5384615384615384,0.0,0.0,0.05365944446392217,0.2222222222222222,0.04861111111111111,1.0,1.0,0.9076051820728456,0.7955108986305811,0.4945054945054944,,0.3324838301664299,0.33241631716228504,0.5357418009406373
main_corrected_inverse_map_2026-08-31_v2,credit_approval,svm,1,HuberRidgeAIME,0.05,0.0,34,0,42,42,0.019801833084784448,0.8067632850241546,0.4125361898497981,0.0005189169896766543,144,63,X ~= Y A^T,SVD normal-system solve,2.052647098244567,2.0523304305466956,33.23137906462044,33.241379064620446,68.2122938076584,68.22229380765839,33.241379064620446,6.822229380765838e-11,3.157481252502292,7,True,0.9153161304903618,0.2152777777777778,0.01,1.0,rms,6.48074069840786,1.1924528248972812,1.0919948831827377,0.02162300617532964,0.19255197496210774,2.8502664689287727,1.6882732210542146,-0.0012140372196955962,0.11437622896930477,0.9962334244023757,0.9818064013543425,0.8181818181818182,0.0,0.0,0.03262916139480673,0.0,1.0,0.19895033074436047,0.9519187625941721,0.9405288420163489,0.8587148529292603,0.7622377622377623,,0.3123142896242725,0.31224728461238593,0.49934078061803333
main_corrected_inverse_map_2026-08-31_v2,credit_approval,mlp,1,AIME,0.05,0.0,34,0,42,42,0.05452683300245553,0.8260869565217391,0.4561645973538408,0.00013758300337940454,144,63,X ~= Y A^T,SVD normal-system solve,1.7968099716568502,1.7968099716568502,41.85963361074359,41.85963361074359,75.21380708168633,75.21380708168633,41.859633610743586,7.521380708168632e-11,3.593846340277282,1,True,1.0,0.0,0.0,1.0,rms,6.48074069840786,0.9558419053770887,0.9776716756545055,0.011933122834479226,0.18464107732150942,1.5069428495565511,1.2275760056129115,-0.0004974349836355252,0.14516998886206042,0.9486091117559975,0.9176528071561544,0.6666666666666666,0.0,0.0,0.02714310345217365,0.0,0.05555555555555555,1.0,1.0,0.9140993459532523,0.7924135297289048,0.5421245421245421,,0.2545021491041194,0.2545021491041194,0.5555595043265753
main_corrected_inverse_map_2026-08-31_v2,credit_approval,mlp,1,HuberAIME,0.05,0.0,34,0,42,42,0.05452683300245553,0.8260869565217391,0.4561645973538408,0.0005212499527260661,144,63,X ~= Y A^T,SVD normal-system solve,1.8074398180565412,1.8074398180565412,38.33889664939347,38.33889664939347,69.29524838446827,69.29524838446827,38.33889664939346,6.929524838446828e-11,3.2181342893087876,7,True,0.9228497439077162,0.16666666666666666,0.0,1.0,rms,6.48074069840786,0.9442182823350651,0.9717089493953759,0.023948621271901782,0.19592864577219246,1.4952190508935943,1.222791499354487,0.007286291183554172,0.15375116063043007,0.9935532913294085,0.9634462920566336,0.5384615384615384,0.0,0.0,0.032858694947545446,0.0,0.7602678571428572,0.26241364906776316,0.9616989259571253,0.9443521873832103,0.8684400267734758,0.6153846153846153,,0.2570638455952913,0.2570638455952913,0.5076041627862952
main_corrected_inverse_map_2026-08-31_v2,credit_approval,mlp,1,RidgeAIME,0.05,0.0,34,0,42,42,0.05452683300245553,0.8260869565217391,0.4561645973538408,0.00013320904690772295,144,63,X ~= Y A^T,SVD normal-system solve,1.7968099716568502,1.7966196642901644,41.85963361074359,41.86963361074359,75.21380708168633,75.22380708168633,41.86963361074359,7.522380708168632e-11,3.5930276192170716,1,True,1.0,0.0,0.01,1.0,rms,6.48074069840786,0.9558304935098113,0.9776658393898251,0.011944919438080626,0.18463888896242076,1.5069304279113471,1.227570946182479,-0.0004891879395167997,0.14516844934725268,0.9486047642870384,0.9176528071561544,0.6666666666666666,0.0,0.0,0.02714362564167297,0.0,0.05555555555555555,1.0,1.0,0.9140941829570467,0.7924135297289048,0.5421245421245421,,0.2545021491041194,0.2544561487937375,0.5554605555924778
main_corrected_inverse_map_2026-08-31_v2,credit_approval,mlp,1,HuberRidgeAIME,0.05,0.0,34,0,42,42,0.05452683300245553,0.8260869565217391,0.4561645973538408,0.0005231659160926938,144,63,X ~= Y A^T,SVD normal-system solve,1.807442113733098,1.8072315618806256,38.33884871585725,38.348848715857244,69.2952497610825,69.30524976108251,38.348848715857244,6.930524976108252e-11,3.2173187830069763,7,True,0.9228494580065083,0.16666666666666666,0.01,1.0,rms,6.48074069840786,0.9442124631499794,0.9717059550861976,0.02395463664327535,0.1959264297431198,1.4952120639397666,1.2227886423825527,0.007290929998745477,0.15374983188346777,0.9935527300816189,0.9639325945511519,0.5384615384615384,0.0,0.0,0.032859833928822586,0.0,0.7602678571428572,0.26241315799972875,0.9616986521245543,0.9443472648437561,0.8684400267734758,0.6153846153846153,,0.2570643972037143,0.2570138025907601,0.5074940944244409
main_corrected_inverse_map_2026-08-31_v2,credit_approval,lgbm,1,AIME,0.05,0.25,34,10,42,52,1.277054207981564,0.8454106280193237,0.5679558251788247,0.00016370904631912708,144,63,X ~= Y A^T,SVD normal-system solve,1.2113018678792666,1.2113018678792666,59.633277320037365,59.633277320037365,72.23390020552357,72.23390020552357,59.63327732003735,7.223390020552358e-11,2.5991305779421605,1,True,1.0,0.0,0.0,1.0,rms,7.211102550927978,0.8267361283470646,0.909250311161379,0.004735264709336495,0.16186282681005698,5.453951872767764,2.3353697507606292,-0.010442379043406058,0.06897781011676,0.9570925366670281,0.9020620831363675,0.5384615384615384,0.11510979411852572,0.0,0.026275916707861443,0.0,0.027777777777777776,1.0,1.0,0.8945803343948391,0.7257619583874764,0.4791208791208791,,0.083252386922778,0.083252386922778,0.4148280986065161
main_corrected_inverse_map_2026-08-31_v2,credit_approval,lgbm,1,HuberAIME,0.05,0.25,34,10,42,52,1.277054207981564,0.8454106280193237,0.5679558251788247,0.0005378329660743475,144,63,X ~= Y A^T,SVD normal-system solve,1.2005765349207747,1.2005765349207747,57.04142981587954,57.04142981587954,68.48260215527522,68.48260215527522,57.041429815879546,6.848260215527523e-11,2.4417038453422473,7,True,0.9476524861768473,0.125,0.0,1.0,rms,7.211102550927978,0.8235998934587128,0.9075240456641976,0.008510815189034848,0.16314195581649038,5.457677312787252,2.336167227059581,-0.011132583607746271,0.06342178096764807,0.9949828511884544,0.9755368734756023,0.6666666666666666,0.11660860632558957,0.0,0.025903052682523214,0.0,1.0,0.2464536394313412,0.9676867389410043,0.9191419217009692,0.8005964152007955,0.5677655677655677,,0.07938985088557826,0.07938985088557826,0.38769298715456146
main_corrected_inverse_map_2026-08-31_v2,credit_approval,lgbm,1,RidgeAIME,0.05,0.25,34,10,42,52,1.277054207981564,0.8454106280193237,0.5679558251788247,0.00014366593677550554,144,63,X ~= Y A^T,SVD normal-system solve,1.2113018678792666,1.2112664402707631,59.633277320037365,59.643277320037356,72.23390020552357,72.24390020552359,59.64327732003736,7.224390020552357e-11,2.5987057548761596,1,True,1.0,0.0,0.01,1.0,rms,7.211102550927978,0.8267290242784499,0.9092464046002325,0.004743816928995059,0.16186183504861795,5.45394572879267,2.3353684353421986,-0.0104412407618526,0.06897735079501609,0.9570916058413635,0.9020620831363675,0.5384615384615384,0.11511011952726725,0.0,0.026276127217441412,0.0,0.027777777777777776,1.0,1.0,0.8945788436711462,0.7257619583874764,0.4791208791208791,,0.083252386922778,0.08323968468868254,0.41475710817821215
main_corrected_inverse_map_2026-08-31_v2,credit_approval,lgbm,1,HuberRidgeAIME,0.05,0.25,34,10,42,52,1.277054207981564,0.8454106280193237,0.5679558251788247,0.0005510000046342611,144,63,X ~= Y A^T,SVD normal-system solve,1.200576574466317,1.2005414173151558,57.041429892381146,57.05142989238116,68.48260450285554,68.49260450285553,57.05142989238115,6.849260450285553e-11,2.441284670129369,7,True,0.9476525164152978,0.125,0.01,1.0,rms,7.211102550927978,0.8235941099456723,0.9075208592344709,0.008517777660345782,0.16314096861486269,5.457671511975743,2.3361659855360757,-0.01113150890340009,0.06342118741215474,0.9949827306894878,0.9755368734756023,0.6666666666666666,0.11660912249999471,0.0,0.025903320113083727,0.0,1.0,0.24645351044574587,0.9676867737287136,0.9191409365816,0.8005964152007955,0.5677655677655677,,0.07938986519071423,0.07937714731778828,0.38761842401284036
main_corrected_inverse_map_2026-08-31_v2,credit_approval,svm,1,AIME,0.05,0.25,34,10,42,52,0.022338125039823353,0.855072463768116,0.3694307906780587,0.00015637499745935202,144,63,X ~= Y A^T,SVD normal-system solve,2.001241724685777,2.001241724685777,36.225830274506656,36.225830274506656,72.49664305672793,72.49664305672793,36.225830274506656,7.249664305672795e-11,3.3032102325248225,1,True,1.0,0.0,0.0,1.0,rms,7.211102550927978,0.7199651064060486,0.8485075759273152,0.0026264750724331876,0.18079489828052456,2.8997223996921604,1.7028571283851621,-0.016543664429699678,0.07050875587503683,0.9666405676963553,0.9151724735115663,0.8181818181818182,0.13732226555751031,0.1,0.03766569902669838,0.0,0.04861111111111111,1.0,1.0,0.892106144456504,0.7320241797144227,0.43150183150183147,,0.30129954908439116,0.30129954908439116,0.5189362152051609
main_corrected_inverse_map_2026-08-31_v2,credit_approval,svm,1,HuberAIME,0.05,0.25,34,10,42,52,0.022338125039823353,0.855072463768116,0.3694307906780587,0.0005528749898076057,144,63,X ~= Y A^T,SVD normal-system solve,1.9290421291420787,1.9290421291420787,34.780838118295605,34.780838118295605,67.09370201706292,67.09370201706292,34.78083811829561,6.70937020170629e-11,3.1376315995186888,7,True,0.9201793063547685,0.20833333333333334,0.0,1.0,rms,7.211102550927978,0.7145524110903685,0.845312019960895,0.010124725971434656,0.18691818218517098,2.887571322596095,1.699285532980286,-0.012283911689467297,0.08075255368589633,0.9947013398560495,0.9764344271193052,1.0,0.13680786576725562,0.1,0.02735088242083841,0.0,0.982142857142857,0.2550684760196873,0.9541630714083857,0.9255289344250233,0.7985775464222884,0.5076923076923077,,0.28534171248273305,0.28534171248273305,0.496601950185097
main_corrected_inverse_map_2026-08-31_v2,credit_approval,svm,1,RidgeAIME,0.05,0.25,34,10,42,52,0.022338125039823353,0.855072463768116,0.3694307906780587,0.00014083296991884708,144,63,X ~= Y A^T,SVD normal-system solve,2.001241724685777,2.0009654120645117,36.225830274506656,36.23583027450666,72.49664305672793,72.50664305672792,36.23583027450666,7.250664305672793e-11,3.302341264996765,1,True,1.0,0.0,0.01,1.0,rms,7.211102550927978,0.7199540226115576,0.8485010445553721,0.0026418295432023564,0.18078964990958724,2.899708780351015,1.7028531294128142,-0.01653888995371644,0.07050453661206532,0.9666338210607665,0.9151724735115663,0.8181818181818182,0.13732213617751,0.1,0.03766585917921987,0.0,0.04861111111111111,1.0,1.0,0.8920945231316253,0.7320241797144227,0.43150183150183147,,0.30129954908439116,0.30123958165003,0.5188219513758024
main_corrected_inverse_map_2026-08-31_v2,credit_approval,svm,1,HuberRidgeAIME,0.05,0.25,34,10,42,52,0.022338125039823353,0.855072463768116,0.3694307906780587,0.0005548750050365925,144,63,X ~= Y A^T,SVD normal-system solve,1.92904199292201,1.928774956494893,34.78083370579979,34.79083370579979,67.09368876732505,67.10368876732505,34.79083370579979,6.710368876732505e-11,3.136753592737018,7,True,0.9201791146295089,0.20833333333333334,0.01,1.0,rms,7.211102550927978,0.7145432403807157,0.8453065954910772,0.010137430230198197,0.1869142231607001,2.887560229489394,1.699282268926912,-0.012280022825023718,0.08075000252779448,0.9947007480698069,0.9764344271193052,1.0,0.13680946614893696,0.1,0.027351158997662394,0.0,0.982142857142857,0.2550680038418523,0.9541628940128198,0.9255227102500478,0.7985775464222884,0.5076923076923077,,0.28534168181485625,0.2852815584609129,0.49648040409216254
main_corrected_inverse_map_2026-08-31_v2,credit_approval,mlp,1,AIME,0.05,0.25,34,10,42,52,0.040182875003665686,0.8164251207729468,0.46755785842673053,0.00015237508341670036,144,63,X ~= Y A^T,SVD normal-system solve,2.2797741126592124,2.2797741126592124,31.699471067975505,31.699471067975505,72.26763352576023,72.26763352576023,31.699471067975505,7.226763352576025e-11,4.749599790139916,1,True,1.0,0.0,0.0,1.0,rms,7.211102550927978,0.7978150634651155,0.8932049392301386,0.015557854097112855,0.2163015246321833,2.8131546793252933,1.6772461594307775,0.001937251742989643,0.13375114133199845,0.8745957742749854,0.8129709928258302,0.42857142857142855,0.1548037426120657,0.2,0.030538431722787265,0.1111111111111111,0.020833333333333332,1.0,1.0,0.8904279062344125,0.772657091358542,0.44102564102564096,,0.35789181784010843,0.35789181784010843,0.6766570167287909
main_corrected_inverse_map_2026-08-31_v2,credit_approval,mlp,1,HuberAIME,0.05,0.25,34,10,42,52,0.040182875003665686,0.8164251207729468,0.46755785842673053,0.0005677079316228628,144,63,X ~= Y A^T,SVD normal-system solve,2.3779065995501467,2.3779065995501467,28.954248253412032,28.954248253412032,68.85049800680179,68.85049800680179,28.954248253412032,6.885049800680178e-11,3.8899535819632876,7,True,0.9491842718104139,0.1527777777777778,0.0,1.0,rms,7.211102550927978,0.770978601031048,0.8780538713718242,0.048671975247309596,0.249064280882019,2.788750806866328,1.6699553307996977,0.010595359380480174,0.1519952187549214,0.9954675537336931,0.9778195303659033,0.6666666666666666,0.1356968671058236,0.1,0.0206414849850657,0.0,1.0,0.15066907432465235,0.9661739568633023,0.9414632018396084,0.8295226798439916,0.5636363636363636,,0.37619479221009094,0.37619479221009094,0.589944419007589
main_corrected_inverse_map_2026-08-31_v2,credit_approval,mlp,1,RidgeAIME,0.05,0.25,34,10,42,52,0.040182875003665686,0.8164251207729468,0.46755785842673053,0.00013770908117294312,144,63,X ~= Y A^T,SVD normal-system solve,2.2797741126592124,2.2793705190105156,31.699471067975505,31.7094710679755,72.26763352576023,72.27763352576024,31.7094710679755,7.227763352576025e-11,4.7481286533017775,1,True,1.0,0.0,0.01,1.0,rms,7.211102550927978,0.7977921728298459,0.8931921253738447,0.01558609937241262,0.21629885153199419,2.813138334619522,1.6772412869410058,0.0019430505858621938,0.13374847834253942,0.874591066189492,0.8129709928258302,0.42857142857142855,0.1548036264107777,0.2,0.030539267553115562,0.1111111111111111,0.020833333333333332,1.0,1.0,0.890422309934889,0.772657091358542,0.44102564102564096,,0.35789181784010843,0.3578149268839407,0.6765224779030407
main_corrected_inverse_map_2026-08-31_v2,credit_approval,mlp,1,HuberRidgeAIME,0.05,0.25,34,10,42,52,0.040182875003665686,0.8164251207729468,0.46755785842673053,0.0005439999513328075,144,63,X ~= Y A^T,SVD normal-system solve,2.377908639789363,2.377432911909294,28.954218779613388,28.964218779613383,68.8504869943941,68.86048699439411,28.96421877961339,6.886048699439409e-11,3.888629448420901,7,True,0.9491840471491115,0.1527777777777778,0.01,1.0,rms,7.211102550927978,0.7709730925499482,0.8780507346104485,0.04867877228737927,0.24906209126107673,2.788751864197242,1.6699556473742774,0.010594984256209083,0.15199242050136252,0.9954674506135786,0.9778195303659033,0.6666666666666666,0.13569818981196335,0.1,0.020643129043756155,0.0,1.0,0.15066861751797667,0.9661737371412634,0.9414584675695336,0.8295226798439916,0.5636363636363636,,0.376195164833748,0.3761082705521724,0.5897965607423832
main_corrected_inverse_map_2026-08-31_v2,credit_approval,lgbm,1,AIME,0.05,0.5,34,21,42,63,1.3020408749580383,0.8260869565217391,0.5788997883647176,0.00016470893751829863,144,63,X ~= Y A^T,SVD normal-system solve,1.4408892561118871,1.4408892561118871,53.946806779936786,53.946806779936786,77.73137429075483,77.73137429075483,53.94680677993678,7.773137429075484e-11,3.641263254387761,1,True,1.0,0.0,0.0,1.0,rms,7.937253933193772,0.9733732141802794,0.9865967839904403,-0.013577786076104603,0.14766742467520785,0.9733732141802794,0.9865967839904403,-0.013577786076104603,0.14766742467520785,0.8771741986495846,0.6970620711527455,0.8181818181818182,0.3688144630650765,0.23809523809523808,0.03423995001301107,0.0,0.041666666666666664,1.0,1.0,0.8717878173410195,0.7328694648895823,0.557042957042957,,0.15863060308482527,0.15863060308482527,0.5612520784931185
main_corrected_inverse_map_2026-08-31_v2,credit_approval,lgbm,1,HuberAIME,0.05,0.5,34,21,42,63,1.3020408749580383,0.8260869565217391,0.5788997883647176,0.0006456669652834535,144,63,X ~= Y A^T,SVD normal-system solve,1.4075701291778304,1.4075701291778304,51.04712178528741,51.04712178528741,71.85240380547344,71.85240380547344,51.04712178528741,7.185240380547344e-11,3.3118436811448078,8,True,0.9317203105306818,0.2222222222222222,0.0,1.0,rms,7.937253933193772,0.9536932640595253,0.9765722011502914,0.006915032077187688,0.16939735437945708,0.9536932640595253,0.9765722011502914,0.006915032077187688,0.16939735437945708,0.9942136478325552,0.9633718979300505,0.8181818181818182,0.4019485017042802,0.23809523809523808,0.027378303577677773,0.0,0.8551587301587301,0.22109670933068049,0.9626169888437254,0.9451449904885589,0.8268429134860256,0.8545454545454547,,0.14847004185817542,0.14847004185817542,0.5200698299188911
main_corrected_inverse_map_2026-08-31_v2,credit_approval,lgbm,1,RidgeAIME,0.05,0.5,34,21,42,63,1.3020408749580383,0.8260869565217391,0.5788997883647176,0.00014304195065051317,144,63,X ~= Y A^T,SVD normal-system solve,1.4408892561118871,1.4408075445943933,53.946806779936786,53.956806779936784,77.73137429075483,77.74137429075483,53.95680677993678,7.774137429075485e-11,3.6406317499869294,1,True,1.0,0.0,0.01,1.0,rms,7.937253933193772,0.9733584384978339,0.98658929575474,-0.013562400093335869,0.14766646561276922,0.9733584384978339,0.98658929575474,-0.013562400093335869,0.14766646561276922,0.8771723161002781,0.6970620711527455,0.8181818181818182,0.3688143237633015,0.23809523809523808,0.03424079317636276,0.0,0.041666666666666664,1.0,1.0,0.8717862206155372,0.7328694648895823,0.557042957042957,,0.15863060308482527,0.15860597394191453,0.5611767522553462
main_corrected_inverse_map_2026-08-31_v2,credit_approval,lgbm,1,HuberRidgeAIME,0.05,0.5,34,21,42,63,1.3020408749580383,0.8260869565217391,0.5788997883647176,0.0006267499411478639,144,63,X ~= Y A^T,SVD normal-system solve,1.4075702681747442,1.4074904418424012,51.04712065318655,51.05712065318655,71.85240930735432,71.86240930735433,51.057120653186544,7.186240930735432e-11,3.3112112033339627,8,True,0.9317204197391461,0.2222222222222222,0.01,1.0,rms,7.937253933193772,0.9536835037309459,0.9765672038989155,0.006925195550035235,0.16939681764893338,0.9536835037309459,0.9765672038989155,0.006925195550035235,0.16939681764893338,0.994213409091374,0.9633718979300505,0.8181818181818182,0.4019478866685569,0.23809523809523808,0.027378937684590602,0.0,0.8551587301587301,0.2210968106068444,0.9626170983970723,0.9451433942261309,0.8268429134860256,0.8545454545454547,,0.148470084744557,0.1484454542735103,0.5199868828110074
main_corrected_inverse_map_2026-08-31_v2,credit_approval,svm,1,AIME,0.05,0.5,34,21,42,63,0.024267458938993514,0.8405797101449275,0.3800778243281139,0.00014700007159262896,144,63,X ~= Y A^T,SVD normal-system solve,1.9929422278641822,1.9929422278641822,36.626536485483705,36.626536485483705,72.99457122232864,72.99457122232864,36.6265364854837,7.299457122232864e-11,4.017552380018759,1,True,1.0,0.0,0.0,1.0,rms,7.937253933193772,1.0919753423044538,1.0449762400669471,0.017932127412915166,0.19391934245409764,3.1132211385159616,1.764432242540348,-0.002993466732249539,0.11917053916036167,0.9712473160189571,0.9002904418339596,1.0,0.35635382217461414,0.23809523809523808,0.023796567244724783,0.0,0.04861111111111111,1.0,1.0,0.9078944644513071,0.7621351766513056,0.6796536796536796,,0.2994947093961972,0.2994947093961972,0.6039615477141163
main_corrected_inverse_map_2026-08-31_v2,credit_approval,svm,1,HuberAIME,0.05,0.5,34,21,42,63,0.024267458938993514,0.8405797101449275,0.3800778243281139,0.000565290916711092,144,63,X ~= Y A^T,SVD normal-system solve,1.914773724987272,1.914773724987272,35.70704006044889,35.70704006044889,68.37090210481547,68.37090210481547,35.70704006044889,6.837090210481549e-11,3.9516756151524888,7,True,0.935713778175584,0.1875,0.0,1.0,rms,7.937253933193772,1.0887013952250122,1.0434085466513163,0.020876551264542353,0.19767551998877966,3.1107742035580213,1.763738700476355,-0.0022051321851241923,0.12077630888213904,0.9967009257692805,0.9791171624723131,1.0,0.36993738527100906,0.23809523809523808,0.022891556932854204,0.0,0.9240362811791383,0.2351813637061719,0.9715074051922693,0.9455100102634126,0.8583237327188942,0.8545454545454545,,0.28211745935130833,0.28211745935130833,0.5967812870463236
main_corrected_inverse_map_2026-08-31_v2,credit_approval,svm,1,RidgeAIME,0.05,0.5,34,21,42,63,0.024267458938993514,0.8405797101449275,0.3800778243281139,0.0001408749958500266,144,63,X ~= Y A^T,SVD normal-system solve,1.9929422278641822,1.9926712027283167,36.626536485483705,36.636536485483695,72.99457122232864,73.00457122232865,36.636536485483695,7.300457122232864e-11,4.01650365632155,1,True,1.0,0.0,0.01,1.0,rms,7.937253933193772,1.0919688367794802,1.044973127300162,0.017937978155897483,0.193913434774105,3.11321684594606,1.7644310261231693,-0.00299208378533522,0.11916670389993395,0.9712413250351483,0.9002904418339596,1.0,0.3563506918604209,0.23809523809523808,0.023797413852723926,0.0,0.04861111111111111,1.0,1.0,0.9078850991527299,0.7621351766513056,0.6796536796536796,,0.2994947093961972,0.29943564460067973,0.6038481666484962
main_corrected_inverse_map_2026-08-31_v2,credit_approval,svm,1,HuberRidgeAIME,0.05,0.5,34,21,42,63,0.024267458938993514,0.8405797101449275,0.3800778243281139,0.0005578750278800726,144,63,X ~= Y A^T,SVD normal-system solve,1.914773537956286,1.9145174212318932,35.707055968301205,35.7170559683012,68.37092588642722,68.38092588642722,35.7170559683012,6.83809258864272e-11,3.950588515351927,7,True,0.9357141184190026,0.1875,0.01,1.0,rms,7.937253933193772,1.0886952701634824,1.043405611525778,0.020882059837779132,0.1976712852294905,3.1107702897463256,1.7637375909545971,-0.002203871263594337,0.12077339848598465,0.9967004964629547,0.9791171624723131,1.0,0.3699366799054465,0.23809523809523808,0.02289248857767379,0.0,0.9240362811791383,0.23518132744653822,0.97150776467307,0.9455070033209474,0.8583237327188942,0.8545454545454545,,0.2821174169303538,0.2820593225826125,0.5966617968749389
main_corrected_inverse_map_2026-08-31_v2,credit_approval,mlp,1,AIME,0.05,0.5,34,21,42,63,0.02400629105977714,0.7681159420289855,0.5245031378079509,0.0001485829707235098,144,63,X ~= Y A^T,SVD normal-system solve,4.867582170992332,4.867582170992332,15.04057367787628,15.04057367787628,73.21122827592714,73.21122827592714,15.040573677876278,7.321122827592714e-11,9.15641443323157,1,True,1.0,0.0,0.0,1.0,rms,7.937253933193772,0.7587013981790864,0.8710346710545376,0.08062072686718191,0.30975001353130377,2.3782554859400755,1.54215935815339,0.013709090793033063,0.18108414455543173,0.9208112945035543,0.7919831988331398,0.8181818181818182,0.3919368330211146,0.23809523809523808,0.027784447089821182,0.0,0.04861111111111111,1.0,1.0,0.8907320191225899,0.8144354103741579,0.6153846153846153,,0.6873132916984533,0.6873132916984533,0.9617254412755836
main_corrected_inverse_map_2026-08-31_v2,credit_approval,mlp,1,HuberAIME,0.05,0.5,34,21,42,63,0.02400629105977714,0.7681159420289855,0.5245031378079509,0.0006334580248221755,144,63,X ~= Y A^T,SVD normal-system solve,5.252214918382565,5.252214918382565,13.033162507744361,13.033162507744361,68.45297055687925,68.45297055687925,13.03316250774436,6.845297055687925e-11,8.53872720001302,8,True,0.928602599497521,0.1597222222222222,0.0,1.0,rms,7.937253933193772,0.7431277303165615,0.8620485661008674,0.09949258801548622,0.33241021254182956,2.350864202068922,1.5332528174012667,0.025068582838080222,0.20500706582931316,0.995052782337069,0.9505190525212504,0.8181818181818182,0.43998978184898,0.23809523809523808,0.018572892324703213,0.0,1.0,0.24200179848877054,0.9636843922497929,0.9656856621755429,0.853606530355305,0.7878787878787878,,0.7203424889250405,0.7203424889250405,0.9313931386975092
main_corrected_inverse_map_2026-08-31_v2,credit_approval,mlp,1,RidgeAIME,0.05,0.5,34,21,42,63,0.02400629105977714,0.7681159420289855,0.5245031378079509,0.00014233298134058714,144,63,X ~= Y A^T,SVD normal-system solve,4.867582170992332,4.865012446904887,15.04057367787628,15.050573677876276,73.21122827592714,73.22122827592715,15.050573677876274,7.322122827592714e-11,9.150398482729795,1,True,1.0,0.0,0.01,1.0,rms,7.937253933193772,0.7586848618504348,0.8710251786546901,0.08064076526153907,0.3097357800785701,2.3782269171293278,1.542150095525506,0.013720938619514955,0.1810825852372521,0.9208086260068691,0.7919831988331398,0.8181818181818182,0.3919348731680873,0.23809523809523808,0.02778477698323988,0.0,0.04861111111111111,1.0,1.0,0.890725532317353,0.8144354103741579,0.6153846153846153,,0.6873132916984533,0.6870839557277406,0.9614400071902116
main_corrected_inverse_map_2026-08-31_v2,credit_approval,mlp,1,HuberRidgeAIME,0.05,0.5,34,21,42,63,0.02400629105977714,0.7681159420289855,0.5245031378079509,0.0006181249627843499,144,63,X ~= Y A^T,SVD normal-system solve,5.252221688958241,5.248961568941933,13.03314463175769,13.043144631757691,68.4529649102474,68.46296491024741,13.043144631757691,6.84629649102474e-11,8.532221378439997,8,True,0.9286025723605535,0.1597222222222222,0.01,1.0,rms,7.937253933193772,0.7431291700303415,0.8620494011542155,0.09949084339894576,0.33239780493801935,2.3508637643554704,1.5332526746611175,0.02506876436306804,0.20500537859841728,0.9950524630134342,0.9505190525212504,0.8181818181818182,0.4399854169936513,0.23809523809523808,0.018574467124285506,0.0,1.0,0.2420020187848604,0.9636843524702605,0.9656810070617198,0.853606530355305,0.7878787878787878,,0.7203430487691835,0.7200733930277038,0.9310621152006935
main_corrected_inverse_map_2026-08-31_v2,credit_approval,lgbm,1,AIME,0.1,0.0,69,0,42,42,1.3192976249847561,0.8357487922705314,0.5117122950093526,0.00015541689936071634,144,63,X ~= Y A^T,SVD normal-system solve,1.2341589750187683,1.2341589750187683,58.68678019202456,58.68678019202456,72.42881648894078,72.42881648894078,58.68678019202455,7.242881648894078e-11,3.276449912750724,1,True,1.0,0.0,0.0,1.0,rms,6.48074069840786,0.9110045522760958,0.9544655846472914,-0.0493067702923895,0.11779068829996887,1.5706088008803907,1.2532393230665844,-0.05316201806284582,0.05351424552217127,0.8274589505331671,0.7702905361017768,0.6666666666666666,0.0,0.0,0.04687619866966201,0.0,0.09027777777777778,1.0,1.0,0.831040537626073,0.6987000722815103,0.5904761904761904,,0.091371105828899,0.091371105828899,0.5154035332620216
main_corrected_inverse_map_2026-08-31_v2,credit_approval,lgbm,1,HuberAIME,0.1,0.0,69,0,42,42,1.3192976249847561,0.8357487922705314,0.5117122950093526,0.0005118339322507381,144,63,X ~= Y A^T,SVD normal-system solve,1.1934059259084768,1.1934059259084768,54.05435842314438,54.05435842314438,64.5087916633613,64.5087916633613,54.05435842314438,6.45087916633613e-11,2.4034086157507186,7,True,0.8959551162500267,0.2222222222222222,0.0,1.0,rms,6.48074069840786,0.8597551644523089,0.9272298336724876,0.00972293431499427,0.16407138232495164,1.5094375710622607,1.2285917023414494,-0.01214402821933036,0.09090060925096481,0.9840742919900719,0.9242676027607327,0.8181818181818182,0.0,0.0,0.05361570070559744,0.1111111111111111,0.9230835403912327,0.21060794411411082,0.9639666676833617,0.9152316251409868,0.8170389847053734,0.5164835164835164,,0.07678819002137073,0.07678819002137073,0.3808276137000708
main_corrected_inverse_map_2026-08-31_v2,credit_approval,lgbm,1,RidgeAIME,0.1,0.0,69,0,42,42,1.3192976249847561,0.8357487922705314,0.5117122950093526,0.00012949993833899498,144,63,X ~= Y A^T,SVD normal-system solve,1.2341589750187683,1.2341190820341357,58.68678019202456,58.696780192024555,72.42881648894078,72.43881648894079,58.696780192024555,7.24388164889408e-11,3.2759208487190095,1,True,1.0,0.0,0.01,1.0,rms,6.48074069840786,0.9109836697627198,0.954454645209881,-0.049282717544671284,0.11778904217785144,1.5705832473185164,1.253229128020298,-0.053144883279965915,0.05351302945171243,0.8274538315993408,0.7702905361017768,0.6666666666666666,0.0,0.0,0.046876594133793116,0.0,0.09027777777777778,1.0,1.0,0.8310371259503357,0.6987000722815103,0.5904761904761904,,0.091371105828899,0.09135706745664625,0.5153333999931908
main_corrected_inverse_map_2026-08-31_v2,credit_approval,lgbm,1,HuberRidgeAIME,0.1,0.0,69,0,42,42,1.3192976249847561,0.8357487922705314,0.5117122950093526,0.0005021250108256936,144,63,X ~= Y A^T,SVD normal-system solve,1.1934060481138633,1.193370274806454,54.05434633036429,54.064346330364295,64.50878383749816,64.51878383749815,54.064346330364295,6.451878383749814e-11,2.4029682937069476,7,True,0.8959550073922973,0.2222222222222222,0.01,1.0,rms,6.48074069840786,0.8597491749549186,0.9272266038865141,0.0097298330951886,0.1640708649909484,1.509428162021974,1.2285878731380895,-0.01213771904555605,0.09090008618994742,0.9840737740491489,0.9242676027607327,0.8181818181818182,0.0,0.0,0.053616245499242626,0.1111111111111111,0.9230835403912327,0.2106075932516774,0.9639665828413665,0.9152302332880458,0.8170389847053734,0.5164835164835164,,0.0767882344933489,0.07677521597137077,0.38074804048390093
main_corrected_inverse_map_2026-08-31_v2,credit_approval,svm,1,AIME,0.1,0.0,69,0,42,42,0.020467499969527125,0.8357487922705314,0.4029148463913104,0.00015062501188367605,144,63,X ~= Y A^T,SVD normal-system solve,2.049342159495593,2.049342159495593,35.67334801155177,35.67334801155177,73.10689605043132,73.10689605043132,35.67334801155177,7.31068960504313e-11,3.470034856227405,1,True,1.0,0.0,0.0,1.0,rms,6.48074069840786,1.2343445872708059,1.111010615282683,-0.01409965303106242,0.1487418331864117,5.8012852996601,2.4085857467941847,-0.015416893040703927,0.05930841432535214,0.8624446739283873,0.7763819324985693,0.5384615384615384,0.0,0.0,0.06785273558099232,0.3333333333333333,0.10416666666666667,1.0,1.0,0.8458148419962249,0.6960438497671838,0.5238095238095238,,0.3116144745432979,0.3116144745432979,0.5403338372667217
main_corrected_inverse_map_2026-08-31_v2,credit_approval,svm,1,HuberAIME,0.1,0.0,69,0,42,42,0.020467499969527125,0.8357487922705314,0.4029148463913104,0.0004730409709736705,144,63,X ~= Y A^T,SVD normal-system solve,1.886216266911541,1.886216266911541,34.61805782847206,34.61805782847206,65.29714380494842,65.29714380494842,34.61805782847207,6.529714380494841e-11,3.0155674700990542,7,True,0.8898546782262547,0.2152777777777778,0.0,1.0,rms,6.48074069840786,1.2092111470222437,1.099641372003729,0.0065492105831886915,0.16742326400848648,5.763989204072915,2.40083094033564,-0.00888884217826691,0.07737134270855495,0.9898404896843666,0.9607716283367825,0.8181818181818182,0.0,0.0,0.036462027918709866,0.1111111111111111,0.9595394801277154,0.1957793862134691,0.9705611075300669,0.9369856773575386,0.8049691979468871,0.6456876456876457,,0.2755914859313331,0.2755914859313331,0.4793690497905269
main_corrected_inverse_map_2026-08-31_v2,credit_approval,svm,1,RidgeAIME,0.1,0.0,69,0,42,42,0.020467499969527125,0.8357487922705314,0.4029148463913104,0.000118291936814785,144,63,X ~= Y A^T,SVD normal-system solve,2.049342159495593,2.0490480889506553,35.67334801155177,35.683348011551765,73.10689605043132,73.11689605043131,35.683348011551765,7.311689605043131e-11,3.469188087452904,1,True,1.0,0.0,0.01,1.0,rms,6.48074069840786,1.2343285711083904,1.1110034073342847,-0.014086494643270164,0.14873340704402502,5.801270150073943,2.408582601878944,-0.015414241361823677,0.05930368250533054,0.8624154717471465,0.7763819324985693,0.5384615384615384,0.0,0.0,0.06785266058693462,0.3333333333333333,0.10416666666666667,1.0,1.0,0.8457992478931798,0.6960438497671838,0.5238095238095238,,0.3116144745432979,0.3115521509443071,0.5402278464343118
main_corrected_inverse_map_2026-08-31_v2,credit_approval,svm,1,HuberRidgeAIME,0.1,0.0,69,0,42,42,0.020467499969527125,0.8357487922705314,0.4029148463913104,0.0004551670281216502,144,63,X ~= Y A^T,SVD normal-system solve,1.8862157460951774,1.8859598219322617,34.61806075051469,34.62806075051469,65.29713128690024,65.30713128690023,34.62806075051469,6.530713128690024e-11,3.0147208356379847,7,True,0.889854635034477,0.2152777777777778,0.01,1.0,rms,6.48074069840786,1.209203236608544,1.0996377751826025,0.006555709536455789,0.1674190476777296,5.763983931330071,2.4008298422274894,-0.008887919273793177,0.07736926648568235,0.9898389417415582,0.9607716283367825,0.8181818181818182,0.0,0.0,0.03646280910423568,0.1111111111111111,0.9595394801277154,0.19577939635857705,0.9705610581363259,0.936982221155521,0.8049691979468871,0.6456876456876457,,0.27559136601523015,0.27553243638700575,0.4792471024943428
main_corrected_inverse_map_2026-08-31_v2,credit_approval,mlp,1,AIME,0.1,0.0,69,0,42,42,0.024280583020299673,0.7342995169082126,0.6365821291604958,0.0001626670127734542,144,63,X ~= Y A^T,SVD normal-system solve,15.168406374400542,15.168406374400542,4.798656289891552,4.798656289891552,72.78796865614827,72.78796865614827,4.798656289891555,7.278796865614827e-11,17.20447053302006,1,True,1.0,0.0,0.0,1.0,rms,6.48074069840786,0.8993169545157343,0.9483232331413874,-0.07725742363552901,0.14665352402637433,4.608521779294135,2.146746789748184,-0.04228086664519992,0.07033479045137847,0.6503640248546441,0.41768305345276774,0.3333333333333333,0.0,0.0,0.024914559465236102,0.0,0.08333333333333333,1.0,1.0,0.9106650602100789,0.801960943197472,0.4945054945054944,,1.1809399552653264,1.1809399552653264,1.235641311765088
main_corrected_inverse_map_2026-08-31_v2,credit_approval,mlp,1,HuberAIME,0.1,0.0,69,0,42,42,0.024280583020299673,0.7342995169082126,0.6365821291604958,0.0007277920376509428,144,63,X ~= Y A^T,SVD normal-system solve,20.555665744910183,20.555665744910183,3.17421356451414,3.17421356451414,65.24807303511255,65.24807303511255,3.174213564514143,6.524807303511255e-11,12.210996927572157,8,True,0.8977232210892827,0.2222222222222222,0.0,1.0,rms,6.48074069840786,0.8083220502027538,0.8990673223973574,0.031741896005839876,0.22203674808030552,4.493919832669335,2.119886749963152,-0.016362053201810278,0.07737238859469224,0.9599860691644048,0.7973580836091934,0.8181818181818182,0.0,0.0,0.02639861478554775,0.0,0.9722222222222222,0.2388754135286579,0.9576184763220669,0.9432531380832871,0.8653917834859414,0.598068598068598,,1.3129315470204659,1.3129315470204659,1.0867511219685635
main_corrected_inverse_map_2026-08-31_v2,credit_approval,mlp,1,RidgeAIME,0.1,0.0,69,0,42,42,0.024280583020299673,0.7342995169082126,0.6365821291604958,0.00016649998724460602,144,63,X ~= Y A^T,SVD normal-system solve,15.168406374400542,15.138941996993944,4.798656289891552,4.80865628989155,72.78796865614827,72.79796865614827,4.808656289891547,7.279796865614826e-11,17.168953079963597,1,True,1.0,0.0,0.01,1.0,rms,6.48074069840786,0.8989828514612251,0.9481470621487076,-0.07685721435011272,0.14659268390675667,4.607776275441426,2.1465731470046454,-0.0421122606498503,0.07031369802645157,0.6503617514368711,0.41768305345276774,0.3333333333333333,0.0,0.0,0.02492139273274507,0.0,0.08333333333333333,1.0,1.0,0.9106612342396281,0.801960943197472,0.4945054945054944,,1.1809399552653264,1.1800955250370515,1.2347438137714644
main_corrected_inverse_map_2026-08-31_v2,credit_approval,mlp,1,HuberRidgeAIME,0.1,0.0,69,0,42,42,0.024280583020299673,0.7342995169082126,0.6365821291604958,0.0007206660229712725,144,63,X ~= Y A^T,SVD normal-system solve,20.555487339882635,20.494074473984266,3.1742655531246293,3.1842655531246296,65.24857539067887,65.25857539067886,3.1842655531246287,6.525857539067885e-11,12.172629116506906,8,True,0.8977299983488992,0.2222222222222222,0.01,1.0,rms,6.48074069840786,0.8082462127683053,0.8990251457931003,0.03183273877138415,0.2219688747125133,4.493474168825841,2.119781632344672,-0.016261260166803515,0.07735719340950518,0.9599867503823912,0.7973580836091934,0.8181818181818182,0.0,0.0,0.026406979300876973,0.0,0.9722222222222222,0.23887225289708536,0.9576261570263368,0.9432574926521893,0.8652297220646628,0.598068598068598,,1.3129277777114976,1.3116283100681079,1.0853843898549478
main_corrected_inverse_map_2026-08-31_v2,credit_approval,lgbm,1,AIME,0.1,0.25,69,10,42,52,1.3174697499489412,0.8888888888888888,0.43887758031547347,0.0001611249754205346,144,63,X ~= Y A^T,SVD normal-system solve,1.5505320144009664,1.5505320144009664,51.50310663985948,51.50310663985948,79.85721568620912,79.85721568620912,51.503106639859475,7.985721568620913e-11,3.3821954805473626,1,True,1.0,0.0,0.0,1.0,rms,7.211102550927978,1.0272148095743519,1.0135160628102309,-0.011206204672042697,0.16137737344649336,2.974404603399724,1.724646225577792,-0.02123741610001373,0.07273441500516417,0.8227045484712273,0.6300644717178527,0.5384615384615384,0.1881027071670051,0.2,0.0352010818734095,0.0,0.10416666666666667,1.0,1.0,0.8367767906352264,0.7167250064031417,0.5826839826839827,,0.19048073770275056,0.19048073770275056,0.5291987048789979
main_corrected_inverse_map_2026-08-31_v2,credit_approval,lgbm,1,HuberAIME,0.1,0.25,69,10,42,52,1.3174697499489412,0.8888888888888888,0.43887758031547347,0.0005199169972911477,144,63,X ~= Y A^T,SVD normal-system solve,1.5610725548770288,1.5610725548770288,46.368387205168865,46.368387205168865,72.3844166799003,72.3844166799003,46.36838720516886,7.23844166799003e-11,2.7993013118122936,7,True,0.8984958901565299,0.25,0.0,1.0,rms,7.211102550927978,1.0007061442850502,1.0003530098345534,0.014889336950087761,0.18944303237128682,2.928818503140819,1.7113791231462474,-0.0055858026022168605,0.10627311111778485,0.9818121417170991,0.9202493351320177,0.8181818181818182,0.186326105621503,0.2,0.02600850418542094,0.0,0.9741269841269842,0.28012430133823796,0.9703995632749359,0.9225861300275062,0.8021685306923931,0.7016317016317017,,0.19342308848872045,0.19342308848872045,0.4470496476674823
main_corrected_inverse_map_2026-08-31_v2,credit_approval,lgbm,1,RidgeAIME,0.1,0.25,69,10,42,52,1.3174697499489412,0.8888888888888888,0.43887758031547347,0.00013095897156745195,144,63,X ~= Y A^T,SVD normal-system solve,1.5505320144009664,1.5504251421794468,51.50310663985948,51.51310663985948,79.85721568620912,79.86721568620914,51.51310663985948,7.986721568620913e-11,3.3815846861530967,1,True,1.0,0.0,0.01,1.0,rms,7.211102550927978,1.0271999844449742,1.0135087490717454,-0.011191610584542877,0.16137661930468739,2.9743857482062688,1.7246407591745792,-0.021230942324044655,0.07273363461454115,0.8227017216677714,0.6300644717178527,0.5384615384615384,0.18810287563341357,0.2,0.03520156437191824,0.0,0.10416666666666667,1.0,1.0,0.8367742558808177,0.7167250064031417,0.5826839826839827,,0.19048073770275056,0.19045080241906268,0.5291202680791047
main_corrected_inverse_map_2026-08-31_v2,credit_approval,lgbm,1,HuberRidgeAIME,0.1,0.25,69,10,42,52,1.3174697499489412,0.8888888888888888,0.43887758031547347,0.0005151669029146433,144,63,X ~= Y A^T,SVD normal-system solve,1.5610724867267831,1.5609515095985402,46.36839357505805,46.37839357505804,72.38442346374207,72.39442346374209,46.37839357505805,7.239442346374207e-11,2.798742481502669,7,True,0.8984960319163418,0.25,0.01,1.0,rms,7.211102550927978,1.0007004733328497,1.0003501753550352,0.014894919523467887,0.18944223411348335,2.928812148749355,1.7113772666333262,-0.005583620874044293,0.1062722049144246,0.9818115189898,0.9202493351320177,0.8181818181818182,0.1863262821018163,0.2,0.026008850760648905,0.0,0.9741269841269842,0.2801241399971583,0.9703997402790375,0.922583472088746,0.8021685306923931,0.7016317016317017,,0.19342306952914282,0.19338941206890514,0.4469629399068584
main_corrected_inverse_map_2026-08-31_v2,credit_approval,svm,1,AIME,0.1,0.25,69,10,42,52,0.021919457940384746,0.8502415458937198,0.35967542793074436,0.00014620902948081493,144,63,X ~= Y A^T,SVD normal-system solve,2.128715455434265,2.128715455434265,34.24589264487092,34.24589264487092,72.89976095827934,72.89976095827934,34.24589264487092,7.289976095827935e-11,3.5584011251431042,1,True,1.0,0.0,0.0,1.0,rms,7.211102550927978,0.9835366149958267,0.9917341453211272,0.011399591199676484,0.17651261305972915,3.4543580385431802,1.858590336395619,-0.0015785073556207063,0.11109436951289972,0.894368703511435,0.8223541031460415,0.6666666666666666,0.16731146400733005,0.1,0.05786177296530204,0.2222222222222222,0.1111111111111111,1.0,1.0,0.875595543406613,0.757995389737898,0.42857142857142855,,0.3281176133436428,0.3281176133436428,0.5512549028870339
main_corrected_inverse_map_2026-08-31_v2,credit_approval,svm,1,HuberAIME,0.1,0.25,69,10,42,52,0.021919457940384746,0.8502415458937198,0.35967542793074436,0.0005118330009281635,144,63,X ~= Y A^T,SVD normal-system solve,1.9335924670530062,1.9335924670530062,33.523459403197826,33.523459403197826,64.82070857158058,64.82070857158058,33.52345940319783,6.482070857158059e-11,3.2128029198484267,7,True,0.8888491920698055,0.24305555555555555,0.0,1.0,rms,7.211102550927978,0.9634070301085583,0.9815330000099631,0.031632814391493014,0.20559172771900686,3.459340742314087,1.8599303057679573,-0.003023224130713542,0.10110875918629597,0.9902160506707736,0.9562396014051001,0.8181818181818182,0.17426142624968674,0.2,0.04470631436599928,0.0,0.9775943765664161,0.2519719419483779,0.9684588483349841,0.931165924555805,0.839767779390421,0.598068598068598,,0.28636494546554114,0.28636494546554114,0.5068840858230933
main_corrected_inverse_map_2026-08-31_v2,credit_approval,svm,1,RidgeAIME,0.1,0.25,69,10,42,52,0.021919457940384746,0.8502415458937198,0.35967542793074436,0.00013279204722493887,144,63,X ~= Y A^T,SVD normal-system solve,2.128715455434265,2.1283859601654846,34.24589264487092,34.25589264487092,72.89976095827934,72.90976095827935,34.25589264487092,7.290976095827933e-11,3.5574870120814976,1,True,1.0,0.0,0.01,1.0,rms,7.211102550927978,0.9835295456159483,0.9917305811640318,0.011406696976656416,0.17650287279264823,3.4543538208723916,1.8585892017528758,-0.0015772844573669342,0.11109160259153693,0.8943437258067145,0.8223541031460415,0.6666666666666666,0.16730976944834183,0.1,0.05786162018533139,0.2222222222222222,0.1111111111111111,1.0,1.0,0.8755805810303615,0.757995389737898,0.42857142857142855,,0.3281176133436428,0.32805038545153486,0.5511433232070223
main_corrected_inverse_map_2026-08-31_v2,credit_approval,svm,1,HuberRidgeAIME,0.1,0.25,69,10,42,52,0.021919457940384746,0.8502415458937198,0.35967542793074436,0.0005109580233693123,144,63,X ~= Y A^T,SVD normal-system solve,1.9335922916546835,1.9333138854189518,33.52345478050986,33.53345478050985,64.82069375322821,64.83069375322822,33.53345478050985,6.483069375322821e-11,3.2118697701961314,7,True,0.8888490434591627,0.24305555555555555,0.01,1.0,rms,7.211102550927978,0.9634058774404745,0.9815324128323396,0.0316339729941536,0.20558805196586163,3.4593387582204516,1.8599297723893908,-0.0030226488500042503,0.10110683468790896,0.9902148348072084,0.9562396014051001,0.8181818181818182,0.17426028875125354,0.2,0.04470602318280988,0.0,0.9775943765664161,0.2519718830679605,0.968458688508063,0.9311604202762686,0.839767779390421,0.598068598068598,,0.286364906070204,0.2863023701375602,0.5067579278794335
main_corrected_inverse_map_2026-08-31_v2,credit_approval,mlp,1,AIME,0.1,0.25,69,10,42,52,0.04048712505027652,0.8115942028985508,0.46291981540368515,0.00015929201617836952,144,63,X ~= Y A^T,SVD normal-system solve,2.855010161918604,2.855010161918604,26.864758763887007,26.864758763887007,76.69915926838928,76.69915926838928,26.864758763887004,7.669915926838927e-11,5.827417690466695,1,True,1.0,0.0,0.0,1.0,rms,7.211102550927978,0.9581364845190313,0.9788444639057992,-0.029694984313651362,0.15382362723507548,2.746276342368683,1.657189289842498,-0.024681373087800385,0.08995731270986425,0.8631849999615668,0.7458430291284909,0.6666666666666666,0.17362219712807297,0.2,0.022116061812880793,0.0,0.09722222222222222,1.0,1.0,0.8474856767601008,0.6404611652327412,0.619047619047619,,0.4556076583812788,0.4556076583812788,0.7654761480306971
main_corrected_inverse_map_2026-08-31_v2,credit_approval,mlp,1,HuberAIME,0.1,0.25,69,10,42,52,0.04048712505027652,0.8115942028985508,0.46291981540368515,0.0005764999659731984,144,63,X ~= Y A^T,SVD normal-system solve,2.9742417579783327,2.9742417579783327,22.573652431481232,22.573652431481232,67.13949969180061,67.13949969180061,22.573652431481236,6.71394996918006e-11,4.542244119897731,8,True,0.8880231291390389,0.2777777777777778,0.0,1.0,rms,7.211102550927978,0.902523129983373,0.9500121735974614,0.030071858042811317,0.21704151880471845,2.679868667379294,1.6370304417998138,9.643479041376857e-05,0.13519938532995443,0.9850944008371295,0.9254413133448243,1.0,0.16110021131199492,0.1,0.01970761190248944,0.0,0.8705839002267574,0.29412725199368667,0.951981146677769,0.931947196959778,0.7995935599569903,0.482051282051282,,0.47337626677122896,0.47337626677122896,0.6572704713798571
main_corrected_inverse_map_2026-08-31_v2,credit_approval,mlp,1,RidgeAIME,0.1,0.25,69,10,42,52,0.04048712505027652,0.8115942028985508,0.46291981540368515,0.0001299170544371009,144,63,X ~= Y A^T,SVD normal-system solve,2.855010161918604,2.8543199193835127,26.864758763887007,26.874758763887,76.69915926838928,76.7091592683893,26.874758763887,7.670915926838928e-11,5.825409227781241,1,True,1.0,0.0,0.01,1.0,rms,7.211102550927978,0.9581062875521915,0.9788290389808587,-0.029662532083933657,0.15381332594647468,2.74624023903581,1.6571783968649272,-0.0246679023339178,0.08995226055565983,0.8631762950058995,0.7458430291284909,0.6666666666666666,0.1736267257921669,0.2,0.022116761339272917,0.0,0.09722222222222222,1.0,1.0,0.8474789186410497,0.6404611652327412,0.619047619047619,,0.4556076583812788,0.45550264832883597,0.765326439419017
main_corrected_inverse_map_2026-08-31_v2,credit_approval,mlp,1,HuberRidgeAIME,0.1,0.25,69,10,42,52,0.04048712505027652,0.8115942028985508,0.46291981540368515,0.0005728750256821513,144,63,X ~= Y A^T,SVD normal-system solve,2.9742453775741446,2.973371184059197,22.573619574095325,22.58361957409532,67.13948367337025,67.14948367337026,22.583619574095323,6.714948367337024e-11,4.5402943697183,8,True,0.8880227957196066,0.2777777777777778,0.01,1.0,rms,7.211102550927978,0.9025209161045136,0.9500110084122781,0.030074237265389936,0.21703108630330464,2.679865501251303,1.6370294747655898,9.761612541892006e-05,0.13519442077116486,0.9850934303629527,0.9254413133448243,1.0,0.16110294889487356,0.1,0.01970842939536024,0.0,0.8705839002267574,0.2941257641675089,0.9519809375790633,0.9319415823596164,0.7995935599569903,0.482051282051282,,0.47337679529905524,0.47324912821814746,0.6570840112271162
main_corrected_inverse_map_2026-08-31_v2,credit_approval,lgbm,1,AIME,0.1,0.5,69,21,42,63,1.3087797089247033,0.8405797101449275,0.5525197968191217,0.00016216596122831106,144,63,X ~= Y A^T,SVD normal-system solve,1.2018839554548109,1.2018839554548109,60.49526064008961,60.49526064008961,72.70828314438063,72.70828314438063,60.495260640089604,7.270828314438063e-11,3.899809785843341,1,True,1.0,0.0,0.0,1.0,rms,7.937253933193772,1.3127759377389612,1.1457643465123888,0.00062399145929104,0.16961774704719923,2.4284182963844647,1.5583383125574706,-0.011244205269454133,0.11997507586245718,0.8481838641199253,0.5688088812567508,0.3333333333333333,0.2990389660077832,0.09523809523809523,0.03343563297915208,0.1111111111111111,0.0763888888888889,1.0,1.0,0.8749170417827953,0.6999265491613632,0.47619047619047616,,0.07986253760137342,0.07986253760137342,0.5910434247256735
main_corrected_inverse_map_2026-08-31_v2,credit_approval,lgbm,1,HuberAIME,0.1,0.5,69,21,42,63,1.3087797089247033,0.8405797101449275,0.5525197968191217,0.0006288749864324927,144,63,X ~= Y A^T,SVD normal-system solve,1.221953401488214,1.221953401488214,53.98770763360644,53.98770763360644,65.97046298143661,65.97046298143661,53.98770763360645,6.59704629814366e-11,2.8599954334674007,8,True,0.9026992407388911,0.22916666666666666,0.0,1.0,rms,7.937253933193772,1.2962350745890951,1.1385231989683369,0.013216042636739145,0.17469487994418909,2.4123204375133165,1.5531646524156144,-0.004540719908249891,0.12075875630421637,0.9841815693986914,0.860894089966912,0.6666666666666666,0.3148719420917978,0.14285714285714285,0.03390859409057528,0.1111111111111111,0.9777495232040686,0.24336955081479747,0.9572302677250942,0.9287079703816389,0.7710100215544864,0.557042957042957,,0.08705464464434143,0.08705464464434143,0.4563653396949547
main_corrected_inverse_map_2026-08-31_v2,credit_approval,lgbm,1,RidgeAIME,0.1,0.5,69,21,42,63,1.3087797089247033,0.8405797101449275,0.5525197968191217,0.0001437090104445815,144,63,X ~= Y A^T,SVD normal-system solve,1.2018839554548109,1.2018505891072704,60.49526064008961,60.50526064008961,72.70828314438063,72.71828314438064,60.50526064008961,7.271828314438063e-11,3.8991760802982625,1,True,1.0,0.0,0.01,1.0,rms,7.937253933193772,1.3127635465217573,1.1457589390974687,0.0006334245124376414,0.16961721667645077,2.4284049717154086,1.558334037270382,-0.011238656598374641,0.11997449900741251,0.8481826334997162,0.5688088812567508,0.3333333333333333,0.2990391027104117,0.09523809523809523,0.03343596741910717,0.1111111111111111,0.0763888888888889,1.0,1.0,0.8749153907031791,0.6999265491613632,0.47619047619047616,,0.07986253760137342,0.07985048067882196,0.590972847646369
main_corrected_inverse_map_2026-08-31_v2,credit_approval,lgbm,1,HuberRidgeAIME,0.1,0.5,69,21,42,63,1.3087797089247033,0.8405797101449275,0.5525197968191217,0.0005939590046182275,144,63,X ~= Y A^T,SVD normal-system solve,1.221953910903268,1.2219128065600955,53.98767853482743,53.99767853482742,65.9704549262208,65.9804549262208,53.997678534827436,6.59804549262208e-11,2.8594712504895017,8,True,0.9026989983131687,0.22916666666666666,0.01,1.0,rms,7.937253933193772,1.2962326936495083,1.1385221533415626,0.013217855172932391,0.17469415338577032,2.4123169696291256,1.5531635360222455,-0.00453927580869018,0.1207579578637531,0.9841814678255829,0.860894089966912,0.6666666666666666,0.3148721901187649,0.14285714285714285,0.03390904454695282,0.1111111111111111,0.9777495232040686,0.24336921360931504,0.9572300331382995,0.9287066605013499,0.7710100215544864,0.557042957042957,,0.08705482569551778,0.08704021656049729,0.45628573444921205
main_corrected_inverse_map_2026-08-31_v2,credit_approval,svm,1,AIME,0.1,0.5,69,21,42,63,0.022730583092197776,0.821256038647343,0.42057419509874033,0.00016208295710384846,144,63,X ~= Y A^T,SVD normal-system solve,1.8555918224167067,1.8555918224167067,39.055168010133954,39.055168010133954,72.47045038271513,72.47045038271513,39.05516801013395,7.247045038271514e-11,3.8662950461805075,1,True,1.0,0.0,0.0,1.0,rms,7.937253933193772,1.0862700819443285,1.0422428133330202,0.0006033746357468894,0.15037450834709198,3.4264742028071877,1.85107379723424,-0.00861753595831205,0.09224121721842043,0.9351667820660429,0.7994287243789165,0.6666666666666666,0.31553966485179724,0.047619047619047616,0.031208038458802684,0.0,0.08333333333333333,1.0,1.0,0.888580031128471,0.7023488781782872,0.4148351648351648,,0.26848244991746717,0.26848244991746717,0.587294993003129
main_corrected_inverse_map_2026-08-31_v2,credit_approval,svm,1,HuberAIME,0.1,0.5,69,21,42,63,0.022730583092197776,0.821256038647343,0.42057419509874033,0.0005373329622671008,144,63,X ~= Y A^T,SVD normal-system solve,1.6954941027461916,1.6954941027461916,38.12698647230708,38.12698647230708,64.64408071928048,64.64408071928048,38.12698647230709,6.464408071928047e-11,3.581625789824354,7,True,0.8939488923527436,0.20833333333333334,0.0,1.0,rms,7.937253933193772,1.0735819570359229,1.0361380009612247,0.012276778355900797,0.1634301945126658,3.4207190491486723,1.8495185992978476,-0.006923447937057681,0.09355581000510135,0.9937661782690606,0.9608026716540842,1.0,0.2973228299899354,0.047619047619047616,0.02544662306443246,0.0,0.9188563751063753,0.2513477322662752,0.9523671796333317,0.9295896001519364,0.8555559609747447,0.5164835164835164,,0.2292962835571948,0.2292962835571948,0.5540802085638188
main_corrected_inverse_map_2026-08-31_v2,credit_approval,svm,1,RidgeAIME,0.1,0.5,69,21,42,63,0.022730583092197776,0.821256038647343,0.42057419509874033,0.000139000010676682,144,63,X ~= Y A^T,SVD normal-system solve,1.8555918224167067,1.8553728058692305,39.055168010133954,39.06516801013395,72.47045038271513,72.48045038271513,39.06516801013395,7.248045038271514e-11,3.865383034751275,1,True,1.0,0.0,0.01,1.0,rms,7.937253933193772,1.086259560413701,1.0422377657778963,0.0006130547165826838,0.15037013756648182,3.4264667698930915,1.8510717895027982,-0.008615348004439749,0.09223933930343639,0.9351545862023671,0.7994287243789165,0.6666666666666666,0.3155420976099059,0.047619047619047616,0.03120867185120563,0.0,0.08333333333333333,1.0,1.0,0.8885684206261422,0.702339277563848,0.4148351648351648,,0.26848244991746717,0.26843118686990275,0.5871925361939243
main_corrected_inverse_map_2026-08-31_v2,credit_approval,svm,1,HuberRidgeAIME,0.1,0.5,69,21,42,63,0.022730583092197776,0.821256038647343,0.42057419509874033,0.0005282500060275197,144,63,X ~= Y A^T,SVD normal-system solve,1.695494757269376,1.6953123896474056,38.12696476131145,38.13696476131145,64.6440688633978,64.65406886339781,38.13696476131145,6.465406886339781e-11,3.5807021495214086,7,True,0.8939486489057233,0.20833333333333334,0.01,1.0,rms,7.937253933193772,1.0735753478833099,1.0361348116356819,0.012282858947576525,0.16342863192586665,3.4207146408230464,1.8495174075479923,-0.006922150301567953,0.09355510844613812,0.9937654387568963,0.9608026716540842,1.0,0.2973243491116728,0.047619047619047616,0.025447335648495443,0.0,0.9188563751063753,0.25134759160923303,0.9523669268417678,0.9295835720673173,0.8555559609747447,0.5164835164835164,,0.2292964512108315,0.2292497359312274,0.5539681969685796
main_corrected_inverse_map_2026-08-31_v2,credit_approval,mlp,1,AIME,0.1,0.5,69,21,42,63,0.037812292110174894,0.8647342995169082,0.4516840091702587,0.00015891692601144314,144,63,X ~= Y A^T,SVD normal-system solve,3.1035209849697676,3.1035209849697676,23.706764745142724,23.706764745142724,73.57444187229191,73.57444187229191,23.706764745142724,7.357444187229191e-11,8.06449441220298,1,True,1.0,0.0,0.0,1.0,rms,7.937253933193772,0.9768227142311092,0.9883434191773167,-0.058610057974271434,0.17046688031300522,2.1596523098571025,1.4695755543207374,-0.03569423544988015,0.11555038722571122,0.826407371942873,0.5280768080230304,0.42857142857142855,0.3373534564356497,0.23809523809523808,0.01919226228755574,0.0,0.13194444444444445,1.0,1.0,0.8460292291356474,0.6297139016897082,0.4001292824822237,,0.4918546862852184,0.4918546862852184,0.9065771453302993
main_corrected_inverse_map_2026-08-31_v2,credit_approval,mlp,1,HuberAIME,0.1,0.5,69,21,42,63,0.037812292110174894,0.8647342995169082,0.4516840091702587,0.0005329169798642397,144,63,X ~= Y A^T,SVD normal-system solve,3.3717677369812997,3.3717677369812997,18.91033074695326,18.91033074695326,63.76124310822249,63.76124310822249,18.910330746953257,6.37612431082225e-11,5.9074869208692355,7,True,0.8717751646252228,0.2222222222222222,0.0,1.0,rms,7.937253933193772,0.8936108276770377,0.9453099109165405,0.03156898758415616,0.22442257994218795,2.083764099099856,1.4435248869000685,0.0006991145635240059,0.14309850583040226,0.9770769923511876,0.9190519057861839,0.6666666666666666,0.33041322144497426,0.19047619047619047,0.018912617356305738,0.0,0.9107737400470006,0.276441840318075,0.9622658299199094,0.9491820294748882,0.8540706605222734,0.5201465201465201,,0.5278576507624593,0.5278576507624593,0.7714027687808168
main_corrected_inverse_map_2026-08-31_v2,credit_approval,mlp,1,RidgeAIME,0.1,0.5,69,21,42,63,0.037812292110174894,0.8647342995169082,0.4516840091702587,0.00013987498823553324,144,63,X ~= Y A^T,SVD normal-system solve,3.1035209849697676,3.102634050766233,23.706764745142724,23.716764745142715,73.57444187229191,73.58444187229193,23.716764745142722,7.358444187229192e-11,8.061242526367208,1,True,1.0,0.0,0.01,1.0,rms,7.937253933193772,0.9767500979270154,0.9883066821220098,-0.05853136165735884,0.1704528837013298,2.159582008361063,1.4695516351462656,-0.035660521294198944,0.11553917614296955,0.8263970920129707,0.5280768080230304,0.42857142857142855,0.33735066523107476,0.23809523809523808,0.019193334867939813,0.0,0.13194444444444445,1.0,1.0,0.8460256881199975,0.6297139016897082,0.4001292824822237,,0.4918546862852184,0.49173055447387604,0.9064019873082159
main_corrected_inverse_map_2026-08-31_v2,credit_approval,mlp,1,HuberRidgeAIME,0.1,0.5,69,21,42,63,0.037812292110174894,0.8647342995169082,0.4516840091702587,0.00052304205019027,144,63,X ~= Y A^T,SVD normal-system solve,3.371771316648445,3.370517757668051,18.91030094909,18.920300949090002,63.76121032933153,63.77121032933153,18.920300949090002,6.377121032933152e-11,5.904399433367987,7,True,0.8717745755484061,0.2222222222222222,0.01,1.0,rms,7.937253933193772,0.8935910294973018,0.9452994390653693,0.03159044342449724,0.22441231436907955,2.083742797609809,1.4435175085913605,0.0007093300182744455,0.14308965350505937,0.9770754414068504,0.9190519057861839,0.6666666666666666,0.3304124698716928,0.19047619047619047,0.0189137070880051,0.0,0.9107737400470006,0.27644037937344307,0.9622653733670005,0.9491792149029312,0.8540706605222734,0.5201465201465201,,0.5278581118348059,0.5276966195735879,0.7711757298854087
main_corrected_inverse_map_2026-08-31_v2,credit_approval,lgbm,2,AIME,0.0,0.0,0,0,42,42,1.195203582989052,0.8743961352657005,0.3482357812202646,0.00015974999405443668,144,63,X ~= Y A^T,SVD normal-system solve,1.3438197427298129,1.3438197427298129,55.858237339588776,55.858237339588776,75.06340213102702,75.06340213102702,55.858237339588776,7.506340213102702e-11,2.324346340993459,1,True,1.0,0.0,0.0,1.0,rms,6.48074069840786,1.308340567546874,1.1438271580736636,0.011593210683218724,0.16225210885233668,1.308340567546874,1.1438271580736636,0.011593210683218724,0.16225210885233668,1.0,0.9999999999999999,1.0,0.0,0.0,0.028392270209017953,0.0,,,,0.9120068631398366,0.6943331982164571,0.5173453996983408,,0.12834101723863314,0.12834101723863314,0.3663008409194483
main_corrected_inverse_map_2026-08-31_v2,credit_approval,lgbm,2,HuberAIME,0.0,0.0,0,0,42,42,1.195203582989052,0.8743961352657005,0.3482357812202646,0.000526666990481317,144,63,X ~= Y A^T,SVD normal-system solve,1.3428929318343081,1.3428929318343081,53.322914541069,53.322914541069,71.60696504200641,71.60696504200641,53.322914541069,7.16069650420064e-11,2.2763146905488174,7,True,0.9564886728085106,0.1388888888888889,0.0,1.0,rms,6.48074069840786,1.3060762108930288,1.142836913515235,0.013303855102272166,0.16598444689220365,1.3060762108930288,1.142836913515235,0.013303855102272166,0.16598444689220365,1.0,0.9999999999999999,1.0,0.0,0.0,0.025119966044631653,0.0,,,,0.9231484488018318,0.7279935143899472,0.5576923076923077,,0.12804138797238365,0.12804138797238365,0.35723230118591626
main_corrected_inverse_map_2026-08-31_v2,credit_approval,lgbm,2,RidgeAIME,0.0,0.0,0,0,42,42,1.195203582989052,0.8743961352657005,0.3482357812202646,0.00013254093937575817,144,63,X ~= Y A^T,SVD normal-system solve,1.3438197427298129,1.3437582015466467,55.858237339588776,55.868237339588774,75.06340213102702,75.07340213102702,55.86823733958878,7.507340213102702e-11,2.32394163698617,1,True,1.0,0.0,0.01,1.0,rms,6.48074069840786,1.3083381331912753,1.1438260939457865,0.011595049756057407,0.1622511337602486,1.3083381331912753,1.1438260939457865,0.011595049756057407,0.1622511337602486,1.0,0.9999999999999999,1.0,0.0,0.0,0.028392672574777122,0.0,,,,0.9120043666027128,0.6943331982164571,0.5173453996983408,,0.12834101723863314,0.12832112795778797,0.3662252170689268
main_corrected_inverse_map_2026-08-31_v2,credit_approval,lgbm,2,HuberRidgeAIME,0.0,0.0,0,0,42,42,1.195203582989052,0.8743961352657005,0.3482357812202646,0.000523083028383553,144,63,X ~= Y A^T,SVD normal-system solve,1.342892734939276,1.3428284420457604,53.32291382423382,53.33291382423382,71.60695358035669,71.6169535803567,53.33291382423382,7.161695358035669e-11,2.2758972953881855,7,True,0.9564885815166976,0.1388888888888889,0.01,1.0,rms,6.48074069840786,1.3060743676792181,1.1428361070946342,0.013305247587600322,0.16598357564917474,1.3060743676792181,1.1428361070946342,0.013305247587600322,0.16598357564917474,0.9999999999999998,0.9999999999999999,1.0,0.0,0.0,0.0251204216479064,0.0,,,,0.9231462020190555,0.7279935143899472,0.5576923076923077,,0.1280413242960993,0.12802053133432495,0.3571526597210181
main_corrected_inverse_map_2026-08-31_v2,credit_approval,svm,2,AIME,0.0,0.0,0,0,42,42,0.02068666589912027,0.8840579710144928,0.3697652672762235,0.00014891603495925665,144,63,X ~= Y A^T,SVD normal-system solve,2.292732793192528,2.292732793192528,32.44835781706846,32.44835781706846,74.39541405243799,74.39541405243799,32.44835781706847,7.439541405243799e-11,3.1558406602930575,1,True,1.0,0.0,0.0,1.0,rms,6.48074069840786,0.7666298545306247,0.8755740143075426,0.050586082194722715,0.26135398881517447,0.7666298545306247,0.8755740143075426,0.050586082194722715,0.26135398881517447,1.0000000000000002,0.9999999999999999,1.0,0.0,0.0,0.034153243693315675,0.0,,,,0.9408442702869078,0.8462818224624087,0.4725274725274725,,0.36035344277875164,0.36035344277875164,0.4991150673819894
main_corrected_inverse_map_2026-08-31_v2,credit_approval,svm,2,HuberAIME,0.0,0.0,0,0,42,42,0.02068666589912027,0.8840579710144928,0.3697652672762235,0.0005233330884948373,144,63,X ~= Y A^T,SVD normal-system solve,2.292161608234812,2.292161608234812,31.778039185289895,31.778039185289895,72.84040140550296,72.84040140550296,31.778039185289902,7.284040140550294e-11,3.182513854749714,7,True,0.9759694666679225,0.125,0.0,1.0,rms,6.48074069840786,0.766187646193547,0.8753214530636999,0.05113372425080753,0.2623757670539412,0.766187646193547,0.8753214530636999,0.05113372425080753,0.2623757670539412,1.0,0.9999999999999999,1.0,0.0,0.0,0.03444114679067189,0.0,,,,0.9422325945765604,0.8419366319898846,0.557042957042957,,0.36024523418991766,0.36024523418991766,0.5027703029865733
main_corrected_inverse_map_2026-08-31_v2,credit_approval,svm,2,RidgeAIME,0.0,0.0,0,0,42,42,0.02068666589912027,0.8840579710144928,0.3697652672762235,0.00013299996498972178,144,63,X ~= Y A^T,SVD normal-system solve,2.292732793192528,2.292334518948194,32.44835781706846,32.45835781706846,74.39541405243799,74.40541405243799,32.45835781706846,7.440541405243798e-11,3.1549019228713466,1,True,1.0,0.0,0.01,1.0,rms,6.48074069840786,0.7666310884713625,0.8755747189539923,0.05058455405111695,0.261351607817712,0.7666310884713625,0.8755747189539923,0.05058455405111695,0.261351607817712,1.0000000000000002,0.9999999999999999,1.0,0.0,0.0,0.03415429615785557,0.0,,,,0.9408401640774278,0.8462818224624087,0.4725274725274725,,0.36035344277875164,0.36027799424320867,0.4989858627821061
main_corrected_inverse_map_2026-08-31_v2,credit_approval,svm,2,HuberRidgeAIME,0.0,0.0,0,0,42,42,0.02068666589912027,0.8840579710144928,0.3697652672762235,0.0005182089516893029,144,63,X ~= Y A^T,SVD normal-system solve,2.292159794999136,2.2917533029581474,31.7780712216419,31.788071221641896,72.84041721686664,72.85041721686665,31.788071221641896,7.285041721686665e-11,3.1815428268129073,7,True,0.9759698634185597,0.125,0.01,1.0,rms,6.48074069840786,0.7661888060127917,0.8753221155739136,0.05113228790114466,0.26237333839703947,0.7661888060127917,0.8753221155739136,0.05113228790114466,0.26237333839703947,1.0,0.9999999999999999,1.0,0.0,0.0,0.03444209207211259,0.0,,,,0.9422282387057255,0.8419366319898846,0.557042957042957,,0.36024489063710835,0.36016786594356415,0.5026377736584725
main_corrected_inverse_map_2026-08-31_v2,credit_approval,mlp,2,AIME,0.0,0.0,0,0,42,42,0.034350041998550296,0.821256038647343,0.40237910465157584,0.0001397499581798911,144,63,X ~= Y A^T,SVD normal-system solve,2.067427880605734,2.067427880605734,34.96730590416083,34.96730590416083,72.2923831359316,72.2923831359316,34.96730590416083,7.229238313593161e-11,3.626297075348861,1,True,1.0,0.0,0.0,1.0,rms,6.48074069840786,0.6495580164497529,0.8059516216558863,0.07149761977012503,0.30211814513232704,0.6495580164497529,0.8059516216558863,0.07149761977012503,0.30211814513232704,1.0,0.9999999999999999,1.0,0.0,0.0,0.032799331458482815,0.0,,,,0.9073509081461666,0.7508612020277431,0.5421245421245421,,0.31543036871974384,0.31543036871974384,0.5594633797098012
main_corrected_inverse_map_2026-08-31_v2,credit_approval,mlp,2,HuberAIME,0.0,0.0,0,0,42,42,0.034350041998550296,0.821256038647343,0.40237910465157584,0.0005216660210862756,144,63,X ~= Y A^T,SVD normal-system solve,2.1336080244350897,2.1336080244350897,32.476178073856566,32.476178073856566,69.29143414136328,69.29143414136328,32.476178073856566,6.929143414136328e-11,3.424526122803385,7,True,0.9553766796203299,0.18055555555555555,0.0,1.0,rms,6.48074069840786,0.641433007886681,0.8008951291440602,0.0831118091098757,0.31893468178122075,0.641433007886681,0.8008951291440602,0.0831118091098757,0.31893468178122075,1.0000000000000002,0.9999999999999999,1.0,0.0,0.0,0.03314946343244544,0.0,,,,0.9355344423171263,0.8410447850208425,0.6153846153846153,,0.32911463605327,0.32911463605327,0.5346004834225675
main_corrected_inverse_map_2026-08-31_v2,credit_approval,mlp,2,RidgeAIME,0.0,0.0,0,0,42,42,0.034350041998550296,0.821256038647343,0.40237910465157584,0.00012887490447610617,144,63,X ~= Y A^T,SVD normal-system solve,2.067427880605734,2.067122703333497,34.96730590416083,34.97730590416082,72.2923831359316,72.3023831359316,34.97730590416083,7.230238313593161e-11,3.6252715606859716,1,True,1.0,0.0,0.01,1.0,rms,6.48074069840786,0.6495546651040055,0.8059495425298072,0.07150241030834426,0.30211654863341136,0.6495546651040055,0.8059495425298072,0.07150241030834426,0.30211654863341136,1.0000000000000002,0.9999999999999999,1.0,0.0,0.0,0.03280041074464718,0.0,,,,0.9073455657301179,0.750985002026753,0.5421245421245421,,0.31543036871974384,0.3153662568880539,0.5593405441180757
main_corrected_inverse_map_2026-08-31_v2,credit_approval,mlp,2,HuberRidgeAIME,0.0,0.0,0,0,42,42,0.034350041998550296,0.821256038647343,0.40237910465157584,0.0005119999404996634,144,63,X ~= Y A^T,SVD normal-system solve,2.1336081280311046,2.133259177068291,32.47617281034499,32.48617281034499,69.29142627549483,69.30142627549483,32.48617281034499,6.930142627549482e-11,3.4234807069260884,7,True,0.955376574080578,0.18055555555555555,0.01,1.0,rms,6.48074069840786,0.6414341520413067,0.8008958434411473,0.08311017361271245,0.3189335764183743,0.6414341520413067,0.8008958434411473,0.08311017361271245,0.3189335764183743,0.9999999999999999,0.9999999999999999,1.0,0.0,0.0,0.033150342630519004,0.0,,,,0.9355293345927898,0.8410447850208425,0.6153846153846153,,0.32911465714016885,0.3290436226002564,0.5344678847375428
main_corrected_inverse_map_2026-08-31_v2,credit_approval,lgbm,2,AIME,0.0,0.25,0,10,42,52,1.2324937080265954,0.9082125603864735,0.3028203240503822,0.00015612493734806776,144,63,X ~= Y A^T,SVD normal-system solve,1.5451951702426272,1.5451951702426272,51.63471474341524,51.63471474341524,79.785711838381,79.785711838381,51.634714743415245,7.9785711838381e-11,2.5748221246020226,1,True,1.0,0.0,0.0,1.0,rms,7.211102550927978,0.8680295583875617,0.9316810389760875,0.010494690336390278,0.1574994636421286,0.8680295583875617,0.9316810389760875,0.010494690336390278,0.1574994636421286,1.0,0.9999999999999999,1.0,0.15847020539070036,0.0,0.03853839503443852,0.0,,,,0.9155747364271475,0.7901020538878687,0.62004662004662,,0.18898334201727274,0.18898334201727274,0.410747232223007
main_corrected_inverse_map_2026-08-31_v2,credit_approval,lgbm,2,HuberAIME,0.0,0.25,0,10,42,52,1.2324937080265954,0.9082125603864735,0.3028203240503822,0.0007435419829562306,144,63,X ~= Y A^T,SVD normal-system solve,1.550589647488864,1.550589647488864,49.289511922255016,49.289511922255016,76.42780691642757,76.42780691642757,49.28951192225502,7.642780691642757e-11,2.4871544225045805,10,True,0.9568822816688614,0.2013888888888889,0.0,1.0,rms,7.211102550927978,0.86390086919888,0.9294626776793569,0.01520116586441278,0.1644832318579019,0.86390086919888,0.9294626776793569,0.01520116586441278,0.1644832318579019,1.0000000000000002,0.9999999999999999,1.0,0.16652302341690328,0.0,0.04089548045760999,0.0,,,,0.9078164536714877,0.7880011956104018,0.5267399267399266,,0.19049688007624044,0.19049688007624044,0.3957027505934648
main_corrected_inverse_map_2026-08-31_v2,credit_approval,lgbm,2,RidgeAIME,0.0,0.25,0,10,42,52,1.2324937080265954,0.9082125603864735,0.3028203240503822,0.00013912504073232412,144,63,X ~= Y A^T,SVD normal-system solve,1.5451951702426272,1.5450896037441093,51.63471474341524,51.644714743415236,79.785711838381,79.79571183838101,51.64471474341525,7.9795711838381e-11,2.574359745908678,1,True,1.0,0.0,0.01,1.0,rms,7.211102550927978,0.8680233146245506,0.9316776881650385,0.010501807878174452,0.15749869389851995,0.8680233146245506,0.9316776881650385,0.010501807878174452,0.15749869389851995,1.0,0.9999999999999999,1.0,0.15847105978983095,0.0,0.038538351600625464,0.0,,,,0.9155739912831875,0.7901020538878687,0.62004662004662,,0.18898334201727274,0.1889536703519402,0.4106692359429537
main_corrected_inverse_map_2026-08-31_v2,credit_approval,lgbm,2,HuberRidgeAIME,0.0,0.25,0,10,42,52,1.2324937080265954,0.9082125603864735,0.3028203240503822,0.0007242910796776414,144,63,X ~= Y A^T,SVD normal-system solve,1.550588533184843,1.5504768508081068,49.28949999919557,49.29949999919556,76.42773350516698,76.437733505167,49.29949999919557,7.6437733505167e-11,2.486682204075525,10,True,0.9568816838714207,0.2013888888888889,0.01,1.0,rms,7.211102550927978,0.8638955002259836,0.9294597894615902,0.015207286194230063,0.1644829830635317,0.8638955002259836,0.9294597894615902,0.015207286194230063,0.1644829830635317,0.9999999999999999,0.9999999999999999,1.0,0.16652343743900389,0.0,0.040895524735952565,0.0,,,,0.9078153983936922,0.7870105469917588,0.5267399267399266,,0.19049656797802528,0.19046528644477306,0.39562028634141755
main_corrected_inverse_map_2026-08-31_v2,credit_approval,svm,2,AIME,0.0,0.25,0,10,42,52,0.02260345802642405,0.8792270531400966,0.3515265422102979,0.0001521250233054161,144,63,X ~= Y A^T,SVD normal-system solve,2.133410558826116,2.133410558826116,34.836449569789885,34.836449569789885,74.32044934420325,74.32044934420325,34.836449569789885,7.432044934420326e-11,2.8919014570518744,1,True,1.0,0.0,0.0,1.0,rms,7.211102550927978,1.4244882335676077,1.193519264011942,0.004887467418336677,0.13701373140872689,1.4244882335676077,1.193519264011942,0.004887467418336677,0.13701373140872689,1.0,0.9999999999999999,1.0,0.15448303678210676,0.0,0.04349329428726837,0.1111111111111111,,,,0.932103683341906,0.7537194911971901,0.5457875457875457,,0.32907444020095267,0.32907444020095267,0.46118349007901066
main_corrected_inverse_map_2026-08-31_v2,credit_approval,svm,2,HuberAIME,0.0,0.25,0,10,42,52,0.02260345802642405,0.8792270531400966,0.3515265422102979,0.00067912507802248,144,63,X ~= Y A^T,SVD normal-system solve,2.112578642196791,2.112578642196791,33.95864671109846,33.95864671109846,71.74031175977291,71.74031175977291,33.95864671109845,7.17403117597729e-11,2.876077779062269,9,True,0.9648919274153679,0.1736111111111111,0.0,1.0,rms,7.211102550927978,1.4242330572621948,1.1934123584336618,0.005065727324982783,0.13759340719971314,1.4242330572621948,1.1934123584336618,0.005065727324982783,0.13759340719971314,1.0000000000000002,0.9999999999999999,1.0,0.15083366937514292,0.0,0.041091849879006215,0.1111111111111111,,,,0.9382153477599464,0.7830285434608197,0.5826839826839827,,0.32481288483422815,0.32481288483422815,0.45880062669025956
main_corrected_inverse_map_2026-08-31_v2,credit_approval,svm,2,RidgeAIME,0.0,0.25,0,10,42,52,0.02260345802642405,0.8792270531400966,0.3515265422102979,0.00013879197649657726,144,63,X ~= Y A^T,SVD normal-system solve,2.133410558826116,2.133085300278167,34.836449569789885,34.84644956978988,74.32044934420325,74.33044934420326,34.846449569789876,7.433044934420325e-11,2.891108585513978,1,True,1.0,0.0,0.01,1.0,rms,7.211102550927978,1.4244865176800023,1.193518545176405,0.004888666095321237,0.1370078226128574,1.4244865176800023,1.193518545176405,0.004888666095321237,0.1370078226128574,1.0,0.9999999999999999,1.0,0.1544827885408596,0.0,0.04349359892836611,0.1111111111111111,,,,0.9320988710486791,0.7537194911971901,0.5457875457875457,,0.32907444020095267,0.32900822286592896,0.46106440339806437
main_corrected_inverse_map_2026-08-31_v2,credit_approval,svm,2,HuberRidgeAIME,0.0,0.25,0,10,42,52,0.02260345802642405,0.8792270531400966,0.3515265422102979,0.0006630420684814453,144,63,X ~= Y A^T,SVD normal-system solve,2.112576895664626,2.1122493653656114,33.95867095996881,33.96867095996881,71.7403036775074,71.75030367750739,33.96867095996882,7.175030367750738e-11,2.87526895422304,9,True,0.964892178586481,0.1736111111111111,0.01,1.0,rms,7.211102550927978,1.4242313881561117,1.1934116591336419,0.005066893321543753,0.13758727871526727,1.4242313881561117,1.1934116591336419,0.005066893321543753,0.13758727871526727,1.0,0.9999999999999999,1.0,0.15083380273929645,0.0,0.04109222443047727,0.1111111111111111,,,,0.9382112798589846,0.7830285434608197,0.5826839826839827,,0.32481252578979775,0.32474518829802196,0.4586784750680017
main_corrected_inverse_map_2026-08-31_v2,credit_approval,mlp,2,AIME,0.0,0.25,0,10,42,52,0.05648366699460894,0.855072463768116,0.4260233022107175,0.00014483300037682056,144,63,X ~= Y A^T,SVD normal-system solve,1.6582638700262509,1.6582638700262509,45.41382156626158,45.41382156626158,75.30809950315054,75.30809950315054,45.41382156626159,7.530809950315053e-11,3.045606830118839,1,True,1.0,0.0,0.0,1.0,rms,7.211102550927978,0.5985657590138179,0.7736703167459754,0.05515915469882826,0.27559278399762194,0.5985657590138179,0.7736703167459754,0.05515915469882826,0.27559278399762194,1.0,0.9999999999999999,1.0,0.15279333539331963,0.1,0.023008801943643756,0.0,,,,0.9048093379246163,0.8173766539232101,0.43150183150183147,,0.219653638505118,0.219653638505118,0.48367383776204903
main_corrected_inverse_map_2026-08-31_v2,credit_approval,mlp,2,HuberAIME,0.0,0.25,0,10,42,52,0.05648366699460894,0.855072463768116,0.4260233022107175,0.0006694579496979713,144,63,X ~= Y A^T,SVD normal-system solve,1.6257108594527558,1.6257108594527558,44.0794761832209,44.0794761832209,71.66048311005133,71.66048311005133,44.0794761832209,7.166048311005132e-11,2.988179167697291,9,True,0.9580143994833499,0.20833333333333334,0.0,1.0,rms,7.211102550927978,0.595872311736356,0.7719276596523511,0.05941078280165213,0.2816764629632786,0.595872311736356,0.7719276596523511,0.05941078280165213,0.2816764629632786,1.0,0.9999999999999999,1.0,0.15833396950854212,0.0,0.02327259874498715,0.0,,,,0.9236480591790478,0.799699356493857,0.41538461538461535,,0.21104330674986513,0.21104330674986513,0.47540663370878217
main_corrected_inverse_map_2026-08-31_v2,credit_approval,mlp,2,RidgeAIME,0.0,0.25,0,10,42,52,0.05648366699460894,0.855072463768116,0.4260233022107175,0.00013829197268933058,144,63,X ~= Y A^T,SVD normal-system solve,1.6582638700262509,1.6581189540224168,45.41382156626158,45.42382156626158,75.30809950315054,75.31809950315055,45.42382156626159,7.531809950315053e-11,3.0449577407092305,1,True,1.0,0.0,0.01,1.0,rms,7.211102550927978,0.598563095539402,0.7736685954201592,0.05516335901452907,0.27559147925288796,0.598563095539402,0.7736685954201592,0.05516335901452907,0.27559147925288796,1.0,0.9999999999999999,1.0,0.15279325833366755,0.1,0.023009379587368525,0.0,,,,0.9048051036544814,0.8173766539232101,0.43150183150183147,,0.219653638505118,0.21961568376696877,0.48358126967689247
main_corrected_inverse_map_2026-08-31_v2,credit_approval,mlp,2,HuberRidgeAIME,0.0,0.25,0,10,42,52,0.05648366699460894,0.855072463768116,0.4260233022107175,0.0006750420434400439,144,63,X ~= Y A^T,SVD normal-system solve,1.6257103341667891,1.625568415821156,44.07946083561108,44.08946083561107,71.66043500495319,71.67043500495319,44.08946083561107,7.167043500495319e-11,2.9875158625244183,9,True,0.958013969881085,0.20833333333333334,0.01,1.0,rms,7.211102550927978,0.5958705320923305,0.7719265069242865,0.05941359198400176,0.28167551673664826,0.5958705320923305,0.7719265069242865,0.05941359198400176,0.28167551673664826,1.0000000000000002,0.9999999999999999,1.0,0.15833399035396087,0.0,0.023273289951235645,0.0,,,,0.9236444625929326,0.799699356493857,0.41538461538461535,,0.21104316642427629,0.2110052525084494,0.47531021989377903
main_corrected_inverse_map_2026-08-31_v2,credit_approval,lgbm,2,AIME,0.0,0.5,0,21,42,63,1.3448367909295484,0.8454106280193237,0.5663913435593207,0.00016337493434548378,144,63,X ~= Y A^T,SVD normal-system solve,1.2379349189389461,1.2379349189389461,59.24975582481681,59.24975582481681,73.34734167414695,73.34734167414695,59.249755824816816,7.334734167414693e-11,3.1652812678315247,1,True,1.0,0.0,0.0,1.0,rms,7.937253933193772,1.8856758113393708,1.3731991156927574,-0.006975758743721139,0.11850292911970489,1.8856758113393708,1.3731991156927574,-0.006975758743721139,0.11850292911970489,0.9999999999999998,0.9999999999999998,1.0,0.30327097385311963,0.09523809523809523,0.018726470151742256,0.0,,,,0.9226580414937381,0.8021508473762541,0.537995337995338,,0.09269781343317864,0.09269781343317864,0.500412307604473
main_corrected_inverse_map_2026-08-31_v2,credit_approval,lgbm,2,HuberAIME,0.0,0.5,0,21,42,63,1.3448367909295484,0.8454106280193237,0.5663913435593207,0.000625167042016983,144,63,X ~= Y A^T,SVD normal-system solve,1.2692745831459609,1.2692745831459609,55.7982376861689,55.7982376861689,70.82328487939128,70.82328487939128,55.79823768616891,7.082328487939127e-11,3.0389398920828916,8,True,0.9549452318969944,0.19444444444444445,0.0,1.0,rms,7.937253933193772,1.8826697710539113,1.3721041400177727,-0.005370493576155155,0.12063100574237427,1.8826697710539113,1.3721041400177727,-0.005370493576155155,0.12063100574237427,1.0000000000000002,0.9999999999999998,1.0,0.30667765071266334,0.09523809523809523,0.020214099689942987,0.0,,,,0.9300957448256687,0.8281818618272601,0.535064935064935,,0.10355558351745346,0.10355558351745346,0.48272211015072897
main_corrected_inverse_map_2026-08-31_v2,credit_approval,lgbm,2,RidgeAIME,0.0,0.5,0,21,42,63,1.3448367909295484,0.8454106280193237,0.5663913435593207,0.0001391660189256072,144,63,X ~= Y A^T,SVD normal-system solve,1.2379349189389461,1.2378947677578236,59.24975582481681,59.259755824816814,73.34734167414695,73.35734167414694,59.259755824816814,7.335734167414694e-11,3.1647568510432595,1,True,1.0,0.0,0.01,1.0,rms,7.937253933193772,1.8856688619576394,1.3731965853284225,-0.006972047682201721,0.11850245595346523,1.8856688619576394,1.3731965853284225,-0.006972047682201721,0.11850245595346523,1.0,0.9999999999999998,1.0,0.30327101936990636,0.09523809523809523,0.01872655165333612,0.0,,,,0.922656601754736,0.8021508473762541,0.537995337995338,,0.09269781343317864,0.09268372729752992,0.5003403486956622
main_corrected_inverse_map_2026-08-31_v2,credit_approval,lgbm,2,HuberRidgeAIME,0.0,0.5,0,21,42,63,1.3448367909295484,0.8454106280193237,0.5663913435593207,0.0006187499966472387,144,63,X ~= Y A^T,SVD normal-system solve,1.2692749035056345,1.2692266534424745,55.79819710254661,55.80819710254661,70.82325124312322,70.83325124312323,55.80819710254661,7.083325124312322e-11,3.0384076350294467,8,True,0.954944679526863,0.19444444444444445,0.01,1.0,rms,7.937253933193772,1.8826637597364315,1.3721019494689275,-0.005367283453320937,0.12063051509288844,1.8826637597364315,1.3721019494689275,-0.005367283453320937,0.12063051509288844,1.0,0.9999999999999998,1.0,0.30667783377939867,0.09523809523809523,0.020214188756059463,0.0,,,,0.9300944787826608,0.8281818618272601,0.535064935064935,,0.10355569313157699,0.10353918359970213,0.4826460387064599
main_corrected_inverse_map_2026-08-31_v2,credit_approval,svm,2,AIME,0.0,0.5,0,21,42,63,0.024791667005047202,0.8405797101449275,0.36488822241559415,0.00015912496019154787,144,63,X ~= Y A^T,SVD normal-system solve,1.849543560377259,1.849543560377259,39.1032487195776,39.1032487195776,72.32316185912505,72.32316185912505,39.1032487195776,7.232316185912506e-11,3.648560510180824,1,True,1.0,0.0,0.0,1.0,rms,7.937253933193772,0.7605843766555876,0.8721148873030362,0.03023076386282575,0.2126446938354944,0.7605843766555876,0.8721148873030362,0.03023076386282575,0.2126446938354944,1.0000000000000002,0.9999999999999998,1.0,0.3248972493148805,0.19047619047619047,0.02542851690012377,0.0,,,,0.9233487820721764,0.770569878534735,0.579020979020979,,0.26706456425843805,0.26706456425843805,0.5621215532801248
main_corrected_inverse_map_2026-08-31_v2,credit_approval,svm,2,HuberAIME,0.0,0.5,0,21,42,63,0.024791667005047202,0.8405797101449275,0.36488822241559415,0.0005565829342231154,144,63,X ~= Y A^T,SVD normal-system solve,1.816984632237696,1.816984632237696,38.14904559701272,38.14904559701272,69.31622958430725,69.31622958430725,38.14904559701272,6.931622958430724e-11,3.6593652836014297,7,True,0.957014201521039,0.1875,0.0,1.0,rms,7.937253933193772,0.757889390930046,0.8705684297802477,0.03366695625472205,0.21909349182253027,0.757889390930046,0.8705684297802477,0.03366695625472205,0.21909349182253027,1.0,0.9999999999999998,1.0,0.31763843028320826,0.14285714285714285,0.02277307528888355,0.0,,,,0.9401127546128489,0.8884343943540255,0.5523809523809524,,0.2593512541310436,0.2593512541310436,0.5634057636091239
main_corrected_inverse_map_2026-08-31_v2,credit_approval,svm,2,RidgeAIME,0.0,0.5,0,21,42,63,0.024791667005047202,0.8405797101449275,0.36488822241559415,0.00014220806770026684,144,63,X ~= Y A^T,SVD normal-system solve,1.849543560377259,1.849326359406185,39.1032487195776,39.11324871957759,72.32316185912505,72.33316185912506,39.113248719577584,7.233316185912505e-11,3.647646236759573,1,True,1.0,0.0,0.01,1.0,rms,7.937253933193772,0.7605785766357087,0.8721115620353331,0.030238159072378035,0.21264262231649328,0.7605785766357087,0.8721115620353331,0.030238159072378035,0.21264262231649328,1.0,0.9999999999999998,1.0,0.324896976873042,0.19047619047619047,0.02542887254054767,0.0,,,,0.9233415277304162,0.770569878534735,0.579020979020979,,0.26706456425843805,0.26701355993260045,0.5620127120924638
main_corrected_inverse_map_2026-08-31_v2,credit_approval,svm,2,HuberRidgeAIME,0.0,0.5,0,21,42,63,0.024791667005047202,0.8405797101449275,0.36488822241559415,0.0005530830239877105,144,63,X ~= Y A^T,SVD normal-system solve,1.8169847536098729,1.8167706536814254,38.149039077443796,38.15903907744379,69.31622236858263,69.32622236858262,38.15903907744379,6.932622236858263e-11,3.6584228303753785,7,True,0.9570141384382604,0.1875,0.01,1.0,rms,7.937253933193772,0.7578837347062303,0.8705651811933615,0.0336741681197269,0.21909192448856796,0.7578837347062303,0.8705651811933615,0.0336741681197269,0.21909192448856796,1.0000000000000002,0.9999999999999998,1.0,0.3176371137612653,0.14285714285714285,0.02277329776179941,0.0,,,,0.9401075915487933,0.8884343943540255,0.5523809523809524,,0.2593512831413412,0.2593001061042618,0.5632938985943369
main_corrected_inverse_map_2026-08-31_v2,credit_approval,mlp,2,AIME,0.0,0.5,0,21,42,63,0.058597708004526794,0.8599033816425121,0.38271064974361013,0.00014945794828236103,144,63,X ~= Y A^T,SVD normal-system solve,1.5464519818414557,1.5464519818414557,47.46435787513923,47.46435787513923,73.40135030284117,73.40135030284117,47.464357875139235,7.340135030284115e-11,3.468280543925688,1,True,1.0,0.0,0.0,1.0,rms,7.937253933193772,0.6445257323907143,0.8028235997968136,0.044371106524559334,0.2554177780509723,0.6445257323907143,0.8028235997968136,0.044371106524559334,0.2554177780509723,1.0,0.9999999999999998,1.0,0.31426897142980126,0.14285714285714285,0.0174772658379299,0.0,,,,0.9483130714343962,0.866292188775265,0.731934731934732,,0.1893364394733408,0.1893364394733408,0.5401142196435765
main_corrected_inverse_map_2026-08-31_v2,credit_approval,mlp,2,HuberAIME,0.0,0.5,0,21,42,63,0.058597708004526794,0.8599033816425121,0.38271064974361013,0.0005539580015465617,144,63,X ~= Y A^T,SVD normal-system solve,1.536069167193458,1.536069167193458,46.16589216470845,46.16589216470845,70.9140035301867,70.9140035301867,46.16589216470844,7.091400353018672e-11,3.4607619371057674,7,True,0.9661570183517197,0.1597222222222222,0.0,1.0,rms,7.937253933193772,0.643685591084515,0.8023001876383397,0.04561677177337453,0.2573343135640511,0.643685591084515,0.8023001876383397,0.04561677177337453,0.2573343135640511,1.0,0.9999999999999998,1.0,0.3224993247948491,0.14285714285714285,0.017536656476350696,0.0,,,,0.9529498565364823,0.8904220077776177,0.7622377622377623,,0.18641077185052607,0.18641077185052607,0.5391717255705609
main_corrected_inverse_map_2026-08-31_v2,credit_approval,mlp,2,RidgeAIME,0.0,0.5,0,21,42,63,0.058597708004526794,0.8599033816425121,0.38271064974361013,0.00014074996579438448,144,63,X ~= Y A^T,SVD normal-system solve,1.5464519818414557,1.5463368771815298,47.46435787513923,47.474357875139226,73.40135030284117,73.41135030284116,47.47435787513922,7.341135030284117e-11,3.467563581142098,1,True,1.0,0.0,0.01,1.0,rms,7.937253933193772,0.6445219802763809,0.8028212629697726,0.044376669729701446,0.25541549696639765,0.6445219802763809,0.8028212629697726,0.044376669729701446,0.25541549696639765,1.0000000000000002,0.9999999999999998,1.0,0.3142689696095002,0.14285714285714285,0.01747727902283995,0.0,,,,0.9483107875018385,0.866292188775265,0.731934731934732,,0.1893364394733408,0.18930411310322703,0.5400244330289591
main_corrected_inverse_map_2026-08-31_v2,credit_approval,mlp,2,HuberRidgeAIME,0.0,0.5,0,21,42,63,0.058597708004526794,0.8599033816425121,0.38271064974361013,0.0005583750316873193,144,63,X ~= Y A^T,SVD normal-system solve,1.5360694619219044,1.5359533689147813,46.16586151010379,46.175861510103786,70.91397004898629,70.92397004898629,46.175861510103786,7.092397004898629e-11,3.4600237703044776,7,True,0.9661565900089302,0.1597222222222222,0.01,1.0,rms,7.937253933193772,0.6436818154691192,0.802297834640677,0.04562236982319878,0.25733222500195807,0.6436818154691192,0.802297834640677,0.04562236982319878,0.25733222500195807,1.0,0.9999999999999998,1.0,0.3224992536274437,0.14285714285714285,0.01753672875008297,0.0,,,,0.9529475661857187,0.8904220077776177,0.7622377622377623,,0.18641085517940756,0.1863780308449664,0.5390790823987325
main_corrected_inverse_map_2026-08-31_v2,credit_approval,lgbm,2,AIME,0.05,0.0,34,0,42,42,1.2472856669919565,0.8260869565217391,0.5100561566794322,0.000156833091750741,144,63,X ~= Y A^T,SVD normal-system solve,1.2559374409057693,1.2559374409057693,58.36181672253955,58.36181672253955,73.29879074111786,73.29879074111786,58.36181672253955,7.329879074111785e-11,3.154160436498951,1,True,1.0,0.0,0.0,1.0,rms,6.48074069840786,1.7244960527169715,1.313200690190563,-0.03413675304685815,0.08260850824371091,2.484193550616958,1.5761324660754115,-0.03889779403865923,0.05173919834061902,0.8651936870874394,0.6208461846684457,0.42857142857142855,0.0,0.0,0.029065360158136728,0.0,0.0625,1.0,1.0,0.8665679434737991,0.6973438675468139,0.5677655677655677,,0.09896800743775305,0.09896800743775305,0.498883779961212
main_corrected_inverse_map_2026-08-31_v2,credit_approval,lgbm,2,HuberAIME,0.05,0.0,34,0,42,42,1.2472856669919565,0.8260869565217391,0.5100561566794322,0.0005858750082552433,144,63,X ~= Y A^T,SVD normal-system solve,1.295343267261012,1.295343267261012,52.15692141369312,52.15692141369312,67.56111699428908,67.56111699428908,52.15692141369313,6.756111699428907e-11,2.453824295014911,8,True,0.9082893179004409,0.2152777777777778,0.0,1.0,rms,6.48074069840786,1.6811479216167353,1.2965908844414784,-0.008141973020530768,0.11350266230786403,2.445453702893641,1.5637946485691916,-0.022696664166490965,0.06571482491396519,0.989373241819874,0.9545307463237969,0.6666666666666666,0.0,0.0,0.030295183966781786,0.0,1.0,0.21355632637115807,0.9546048506690598,0.9154181269035082,0.7851839264318711,0.5677655677655677,,0.11238487214119199,0.11238487214119199,0.3898434620432302
main_corrected_inverse_map_2026-08-31_v2,credit_approval,lgbm,2,RidgeAIME,0.05,0.0,34,0,42,42,1.2472856669919565,0.8260869565217391,0.5100561566794322,0.00016487506218254566,144,63,X ~= Y A^T,SVD normal-system solve,1.2559374409057693,1.2558935948418162,58.36181672253955,58.37181672253956,73.29879074111786,73.30879074111785,58.37181672253955,7.330879074111788e-11,3.1536471843976575,1,True,1.0,0.0,0.01,1.0,rms,6.48074069840786,1.7244773337576382,1.3131935629440308,-0.03412552775945055,0.08260707464301154,2.4841720794527298,1.5761256547156162,-0.03888881472819161,0.051738114507425596,0.8651893682889668,0.6208461846684457,0.42857142857142855,0.0,0.0,0.029065426330164967,0.0,0.0625,1.0,1.0,0.8665657037283869,0.6973438675468139,0.5677655677655677,,0.09896800743775305,0.09895284550738516,0.4988131048330834
main_corrected_inverse_map_2026-08-31_v2,credit_approval,lgbm,2,HuberRidgeAIME,0.05,0.0,34,0,42,42,1.2472856669919565,0.8260869565217391,0.5100561566794322,0.000611291965469718,144,63,X ~= Y A^T,SVD normal-system solve,1.2953432381003878,1.2952866230412146,52.15690442721827,52.166904427218284,67.56109347004536,67.57109347004535,52.16690442721829,6.757109347004534e-11,2.453366054082912,8,True,0.9082890319783243,0.2152777777777778,0.01,1.0,rms,6.48074069840786,1.6811410465571612,1.2965882332325716,-0.008137850220844678,0.11350175615600441,2.445443169644692,1.5637912807164172,-0.022692259127642833,0.06571374997041474,0.98937294274071,0.9545307463237969,0.6666666666666666,0.0,0.0,0.030295388644154004,0.0,1.0,0.21355591691330492,0.9546045729826587,0.9154163041108234,0.7851839264318711,0.5677655677655677,,0.11238486236440261,0.11236588041089063,0.38976235187852487
main_corrected_inverse_map_2026-08-31_v2,credit_approval,svm,2,AIME,0.05,0.0,34,0,42,42,0.024097457993775606,0.8454106280193237,0.3740536861427548,0.000150540960021317,144,63,X ~= Y A^T,SVD normal-system solve,1.9212583631823987,1.9212583631823987,37.68265442182103,37.68265442182103,72.39811495483585,72.39811495483585,37.68265442182102,7.239811495483584e-11,3.087095416179897,1,True,1.0,0.0,0.0,1.0,rms,6.48074069840786,0.8668091674405287,0.9310258682982598,0.01614685305901753,0.18798521363213347,1.7496942379165243,1.3227600832790973,-0.0009321464897444898,0.12433032662475428,0.9630657621140177,0.948127763479305,0.8181818181818182,0.0,0.0,0.07125688921965845,0.2222222222222222,0.041666666666666664,1.0,1.0,0.9011985502986419,0.7589174297058585,0.5897435897435896,,0.2835857709833054,0.2835857709833054,0.4895500528964172
main_corrected_inverse_map_2026-08-31_v2,credit_approval,svm,2,HuberAIME,0.05,0.0,34,0,42,42,0.024097457993775606,0.8454106280193237,0.3740536861427548,0.0005402909591794014,144,63,X ~= Y A^T,SVD normal-system solve,1.8206100136868753,1.8206100136868753,37.17143254640174,37.17143254640174,67.67468231706523,67.67468231706523,37.17143254640173,6.767468231706523e-11,3.0081368410841858,7,True,0.9343104001333165,0.16666666666666666,0.0,1.0,rms,6.48074069840786,0.8571037244193122,0.9257989654451512,0.027162807916850107,0.20483514414126916,1.7397154468322658,1.3189827318173144,0.004776332490693425,0.13728729267371254,0.9967112847649102,0.9874372151195397,0.8181818181818182,0.0,0.0,0.038958847270302376,0.0,0.8178571428571427,0.2160056828896195,0.9655410400134772,0.9294800501637136,0.8428004213596954,0.6456876456876456,,0.260216927100541,0.260216927100541,0.4782975885605653
main_corrected_inverse_map_2026-08-31_v2,credit_approval,svm,2,RidgeAIME,0.05,0.0,34,0,42,42,0.024097457993775606,0.8454106280193237,0.3740536861427548,0.00013166689313948154,144,63,X ~= Y A^T,SVD normal-system solve,1.9212583631823987,1.9210139499466339,37.68265442182103,37.69265442182102,72.39811495483585,72.40811495483585,37.69265442182102,7.240811495483585e-11,3.086313565878643,1,True,1.0,0.0,0.01,1.0,rms,6.48074069840786,0.8668006563847753,0.9310212974925844,0.01615651335023427,0.18798064668885306,1.7496859066840287,1.322756934090322,-0.000927380515070686,0.1243269131740986,0.9630580357002826,0.948127763479305,0.8181818181818182,0.0,0.0,0.07125807566522789,0.2222222222222222,0.041666666666666664,1.0,1.0,0.9011886515189393,0.7589174297058585,0.5897435897435896,,0.2835857709833054,0.28353051861643,0.48944004778439193
main_corrected_inverse_map_2026-08-31_v2,credit_approval,svm,2,HuberRidgeAIME,0.05,0.0,34,0,42,42,0.024097457993775606,0.8454106280193237,0.3740536861427548,0.0005319160409271717,144,63,X ~= Y A^T,SVD normal-system solve,1.8206101706144526,1.8203894663413502,37.17143555073435,37.18143555073434,67.6746936200066,67.6846936200066,37.18143555073434,6.768469362000659e-11,3.0073446093132135,7,True,0.934310557573251,0.16666666666666666,0.01,1.0,rms,6.48074069840786,0.8570971339130653,0.9257954060768855,0.027170288329557257,0.20483345180939808,1.7397089386736886,1.3189802647021254,0.0047800555555542745,0.13728597987571634,0.996711025086694,0.9874372151195397,0.8181818181818182,0.0,0.0,0.03895920317279355,0.0,0.8178571428571427,0.21600567067956822,0.9655412048294978,0.9294748096320806,0.8428004213596954,0.6456876456876456,,0.26021696453457543,0.2601643138025702,0.4781831964237603
main_corrected_inverse_map_2026-08-31_v2,credit_approval,mlp,2,AIME,0.05,0.0,34,0,42,42,0.04566604201681912,0.8164251207729468,0.4655650791265544,0.00014508399181067944,144,63,X ~= Y A^T,SVD normal-system solve,2.6250097868068294,2.6250097868068294,27.733734116617192,27.733734116617192,72.80132348081858,72.80132348081858,27.733734116617196,7.280132348081857e-11,4.803680837115018,1,True,1.0,0.0,0.0,1.0,rms,6.48074069840786,0.7257953579778609,0.8519362405590344,0.018307675290866854,0.23658605310927275,2.330134373839443,1.5264777672273655,0.006916244348884382,0.15037793240971845,0.8903949398770666,0.7605771014267224,0.3333333333333333,0.0,0.0,0.02951043910650877,0.0,0.04861111111111111,1.0,1.0,0.8675605290077867,0.7171435432305644,0.5284715284715285,,0.4191309269222721,0.4191309269222721,0.6815741445917318
main_corrected_inverse_map_2026-08-31_v2,credit_approval,mlp,2,HuberAIME,0.05,0.0,34,0,42,42,0.04566604201681912,0.8164251207729468,0.4655650791265544,0.0005294999573379755,144,63,X ~= Y A^T,SVD normal-system solve,2.69672292017842,2.69672292017842,25.162293279291134,25.162293279291134,67.85573301051582,67.85573301051582,25.162293279291138,6.785573301051582e-11,4.042872323481938,7,True,0.9321537314644139,0.18055555555555555,0.0,1.0,rms,6.48074069840786,0.705457699155175,0.8399152928451624,0.045815874880912655,0.2561954135658512,2.3016054070399723,1.517104283508544,0.01907505107357177,0.17525286774501758,0.9921974366319075,0.9555844017285867,0.5384615384615384,0.0,0.0,0.035750225527746204,0.0,0.9999999999999998,0.24188040499630706,0.9674231715029301,0.9573625028479457,0.9003880555331705,0.5677655677655677,,0.43083632634932056,0.43083632634932056,0.6066900262501188
main_corrected_inverse_map_2026-08-31_v2,credit_approval,mlp,2,RidgeAIME,0.05,0.0,34,0,42,42,0.04566604201681912,0.8164251207729468,0.4655650791265544,0.00013137503992766142,144,63,X ~= Y A^T,SVD normal-system solve,2.6250097868068294,2.6244240654399875,27.733734116617192,27.743734116617194,72.80132348081858,72.81132348081857,27.743734116617183,7.281132348081858e-11,4.802013970481206,1,True,1.0,0.0,0.01,1.0,rms,6.48074069840786,0.7257748285654063,0.8519241917949075,0.018335442851537986,0.23657592991817525,2.3301196911248336,1.5264729578753873,0.006922501998885666,0.15037218106852404,0.8903872695579801,0.7605771014267224,0.3333333333333333,0.0,0.0,0.029511582768951314,0.0,0.04861111111111111,1.0,1.0,0.8675542482914167,0.7171435432305644,0.5284715284715285,,0.4191309269222721,0.41903401149643094,0.6814234192141513
main_corrected_inverse_map_2026-08-31_v2,credit_approval,mlp,2,HuberRidgeAIME,0.05,0.0,34,0,42,42,0.04566604201681912,0.8164251207729468,0.4655650791265544,0.0005139580462127924,144,63,X ~= Y A^T,SVD normal-system solve,2.696725380482688,2.6960513349071027,25.162264931964522,25.172264931964527,67.85571847245822,67.86571847245821,25.172264931964524,6.786571847245821e-11,4.04129222409735,7,True,0.9321534697587224,0.18055555555555555,0.01,1.0,rms,6.48074069840786,0.7054522476439173,0.8399120475644563,0.04582324845626118,0.2561869959092303,2.3016097337032364,1.5171057094689335,0.019073207085923638,0.17524818634538694,0.9921970113502343,0.9555844017285867,0.5384615384615384,0.0,0.0,0.03575153934089199,0.0,0.9999999999999998,0.24187998635233268,0.967422917815983,0.9573585170334002,0.9003880555331705,0.5677655677655677,,0.43083672256951505,0.4307281572455635,0.6065202552247309
main_corrected_inverse_map_2026-08-31_v2,credit_approval,lgbm,2,AIME,0.05,0.25,34,10,42,52,1.6489447499625385,0.8792270531400966,0.427351333101095,0.00017654208932071924,144,63,X ~= Y A^T,SVD normal-system solve,1.2165630719851637,1.2165630719851637,60.22705246666986,60.22705246666986,73.27000796546352,73.27000796546352,60.22705246666985,7.327000796546353e-11,2.818904394348117,1,True,1.0,0.0,0.0,1.0,rms,7.211102550927978,0.856998095225481,0.9257419161005301,0.0038017176153891663,0.16736948784545994,4.032829151086147,2.0081905166308665,-0.011223822928070115,0.08551878227575539,0.9662621978085698,0.9329661423473506,0.8181818181818182,0.18455072641725181,0.3,0.027508143324669023,0.0,0.027777777777777776,1.0,1.0,0.916546761314458,0.7799359113111688,0.6493506493506492,,0.08513462958829297,0.08513462958829297,0.45008034663742197
main_corrected_inverse_map_2026-08-31_v2,credit_approval,lgbm,2,HuberAIME,0.05,0.25,34,10,42,52,1.6489447499625385,0.8792270531400966,0.427351333101095,0.002539833076298237,144,63,X ~= Y A^T,SVD normal-system solve,1.198708787581096,1.198708787581096,57.85011649919052,57.85011649919052,69.34544301016983,69.34544301016983,57.85011649919052,6.934544301016983e-11,2.5591971366316772,7,True,0.9539334116557243,0.1388888888888889,0.0,1.0,rms,7.211102550927978,0.8511998493639005,0.9226049259373703,0.010541758929752287,0.1715822393005386,4.026732118728863,2.00667190111609,-0.00969500429036807,0.08861641381772672,0.9963836704224204,0.9800179335178592,0.8181818181818182,0.18381720624143164,0.3,0.030948324128418053,0.0,0.7928571428571428,0.3410956652475749,0.9714430615530999,0.9299688263972852,0.8350641713707802,0.6857142857142856,,0.07871368909735138,0.07871368909735138,0.4081037411641415
main_corrected_inverse_map_2026-08-31_v2,credit_approval,lgbm,2,RidgeAIME,0.05,0.25,34,10,42,52,1.6489447499625385,0.8792270531400966,0.427351333101095,0.00018429197371006012,144,63,X ~= Y A^T,SVD normal-system solve,1.2165630719851637,1.2165271201808978,60.22705246666986,60.23705246666986,73.27000796546352,73.28000796546353,60.23705246666985,7.328000796546354e-11,2.8184476113892227,1,True,1.0,0.0,0.01,1.0,rms,7.211102550927978,0.8569903542855849,0.9257377351526646,0.0038107158979658884,0.16736903274207274,4.0328227122411215,2.008188913484267,-0.011222208400591294,0.08551860016489835,0.9662609526530217,0.9329661423473506,0.8181818181818182,0.1845506311310363,0.3,0.02750841166845208,0.0,0.027777777777777776,1.0,1.0,0.916544434704757,0.7799359113111688,0.6493506493506492,,0.08513462958829297,0.0851217951522671,0.45000996667225124
main_corrected_inverse_map_2026-08-31_v2,credit_approval,lgbm,2,HuberRidgeAIME,0.05,0.25,34,10,42,52,1.6489447499625385,0.8792270531400966,0.427351333101095,0.0006247090641409159,144,63,X ~= Y A^T,SVD normal-system solve,1.1987089149506305,1.198674571964295,57.85011531124279,57.86011531124279,69.3454489545087,69.3554489545087,57.8601153112428,6.935544895450868e-11,2.558759672312087,7,True,0.953933461354108,0.1388888888888889,0.01,1.0,rms,7.211102550927978,0.8511945327000986,0.9226020445999991,0.01054793916676433,0.17158185018093736,4.026728175343038,2.0066709185471936,-0.009694015494279729,0.08861631753712167,0.9963835702993534,0.9800179335178592,0.8181818181818182,0.18381696956166108,0.3,0.030948693439365155,0.0,0.7928571428571428,0.34109516646338023,0.9714431269224142,0.9299670972966851,0.8350641713707802,0.6857142857142856,,0.0787137352435744,0.07870129253714885,0.40802949734084143
main_corrected_inverse_map_2026-08-31_v2,credit_approval,svm,2,AIME,0.05,0.25,34,10,42,52,0.02795191598124802,0.8309178743961353,0.40834772630991506,0.00017029198352247477,144,63,X ~= Y A^T,SVD normal-system solve,2.0374507557724546,2.0374507557724546,36.692317179922064,36.692317179922064,74.75878936927484,74.75878936927484,36.692317179922064,7.475878936927483e-11,3.3572426975599954,1,True,1.0,0.0,0.0,1.0,rms,7.211102550927978,0.951215745044787,0.9753028991266185,0.008115704870340634,0.16549143502749902,3.436666990491646,1.8538249622042653,-0.0039077067761978945,0.09278699640635589,0.9487051434967823,0.9307290051948627,0.8181818181818182,0.18264928482659146,0.2,0.04168620547078363,0.1111111111111111,0.034722222222222224,1.0,1.0,0.860634777292384,0.770714390883037,0.5641025641025641,,0.309087120845272,0.309087120845272,0.5259827378524758
main_corrected_inverse_map_2026-08-31_v2,credit_approval,svm,2,HuberAIME,0.05,0.25,34,10,42,52,0.02795191598124802,0.8309178743961353,0.40834772630991506,0.0006045419722795486,144,63,X ~= Y A^T,SVD normal-system solve,1.9659891947299553,1.9659891947299553,35.85027056769953,35.85027056769953,70.48124456424262,70.48124456424262,35.850270567699525,7.048124456424262e-11,3.1890243401745044,7,True,0.9404792491585074,0.1736111111111111,0.0,1.0,rms,7.211102550927978,0.9383591551802276,0.9686894007783029,0.021521969055947943,0.1842775416670117,3.4270880524288034,1.8512395988712005,-0.0011095393160904798,0.10017003482742137,0.9962179086343276,0.9729106683660794,1.0,0.1847784346138085,0.2,0.03172922675545473,0.0,1.0,0.18701244062598207,0.967582371767591,0.9385746029520516,0.8084013649232912,0.5166666666666666,,0.2935811265774741,0.2935811265774741,0.5036578340009193
main_corrected_inverse_map_2026-08-31_v2,credit_approval,svm,2,RidgeAIME,0.05,0.25,34,10,42,52,0.02795191598124802,0.8309178743961353,0.40834772630991506,0.0002441669348627329,144,63,X ~= Y A^T,SVD normal-system solve,2.0374507557724546,2.0371680894899185,36.692317179922064,36.70231717992206,74.75878936927484,74.76878936927484,36.702317179922055,7.476878936927485e-11,3.3564091362076987,1,True,1.0,0.0,0.01,1.0,rms,7.211102550927978,0.9512074759788961,0.9752986598877782,0.0081243274742403,0.16548577297919811,3.4366602539066853,1.8538231452613503,-0.003905738907452383,0.09278486077971493,0.948695806412974,0.9307290051948627,0.8181818181818182,0.18265075050431342,0.2,0.041685402543405504,0.1111111111111111,0.034722222222222224,1.0,1.0,0.8606266035532084,0.770714390883037,0.5641025641025641,,0.309087120845272,0.3090268647027544,0.525874894578367
main_corrected_inverse_map_2026-08-31_v2,credit_approval,svm,2,HuberRidgeAIME,0.05,0.25,34,10,42,52,0.02795191598124802,0.8309178743961353,0.40834772630991506,0.0005521669518202543,144,63,X ~= Y A^T,SVD normal-system solve,1.965988974541647,1.9657195987928042,35.85027987641184,35.86027987641184,70.48125497125795,70.49125497125794,35.86027987641183,7.049125497125794e-11,3.1881606382346104,7,True,0.9404794313134326,0.1736111111111111,0.01,1.0,rms,7.211102550927978,0.9383542696651291,0.9686868790610974,0.021527063447756456,0.18427506360926693,3.4270842586089465,1.8512385742007826,-0.0011084310780786755,0.10016954688770367,0.9962173166981559,0.9729106683660794,1.0,0.1847784169203967,0.2,0.031729439906783764,0.0,1.0,0.18701237378459418,0.9675825628792181,0.9385707222964591,0.8084013649232912,0.5166666666666666,,0.2935810779370376,0.29352156772701976,0.5035401955789296
main_corrected_inverse_map_2026-08-31_v2,credit_approval,mlp,2,AIME,0.05,0.25,34,10,42,52,0.04149558302015066,0.8019323671497585,0.5630166053215662,0.00016670895274728537,144,63,X ~= Y A^T,SVD normal-system solve,2.2155216451473403,2.2155216451473403,33.08362174568715,33.08362174568715,73.29748007743711,73.29748007743711,33.08362174568713,7.329748007743711e-11,5.106969434491355,1,True,1.0,0.0,0.0,1.0,rms,7.211102550927978,0.7752790015927185,0.8804992910801908,0.015565167587954565,0.22569494303322465,3.2336900914208684,1.7982463934124457,0.014595128850858896,0.18585709727427285,0.8915010612905077,0.787217698468999,0.6666666666666666,0.25027359038410724,0.3,0.02735797798617629,0.0,0.04861111111111111,1.0,1.0,0.860524758050064,0.691423376110065,0.39999999999999997,,0.34547599734760365,0.34547599734760365,0.7081632585856232
main_corrected_inverse_map_2026-08-31_v2,credit_approval,mlp,2,HuberAIME,0.05,0.25,34,10,42,52,0.04149558302015066,0.8019323671497585,0.5630166053215662,0.0005481250118464231,144,63,X ~= Y A^T,SVD normal-system solve,2.43463818112782,2.43463818112782,28.29005734726747,28.29005734726747,68.876053763953,68.876053763953,28.29005734726747,6.8876053763953e-11,4.186950053714898,7,True,0.9262178159555994,0.1875,0.0,1.0,rms,7.211102550927978,0.7437185735458237,0.8623911951926595,0.05564001113636641,0.2672892522343107,3.250816246740409,1.8030020096329369,0.009376262355054288,0.17297459545272592,0.990669676917988,0.9605089093852996,0.6666666666666666,0.21743222382743183,0.2,0.025710284511614733,0.0,0.8121315192743763,0.24608444988446573,0.9609691558278469,0.949694896842128,0.8735226841952747,0.5457875457875457,,0.3864344285423249,0.3864344285423249,0.6218977802068766
main_corrected_inverse_map_2026-08-31_v2,credit_approval,mlp,2,RidgeAIME,0.05,0.25,34,10,42,52,0.04149558302015066,0.8019323671497585,0.5630166053215662,0.00013958301860839128,144,63,X ~= Y A^T,SVD normal-system solve,2.2155216451473403,2.2151543472872013,33.08362174568715,33.09362174568714,73.29748007743711,73.30748007743712,33.09362174568713,7.330748007743712e-11,5.105454920298003,1,True,1.0,0.0,0.01,1.0,rms,7.211102550927978,0.7752575817809151,0.8804871275498098,0.015592366065921293,0.22569059674296083,3.233692823503968,1.79824715306433,0.014594296301072451,0.1858550998543656,0.8914988545774644,0.787217698468999,0.6666666666666666,0.250272202924455,0.3,0.027358954615682416,0.0,0.04861111111111111,1.0,1.0,0.8605191467296367,0.691423376110065,0.39999999999999997,,0.34547599734760365,0.34540399233775365,0.7080344458495073
main_corrected_inverse_map_2026-08-31_v2,credit_approval,mlp,2,HuberRidgeAIME,0.05,0.25,34,10,42,52,0.04149558302015066,0.8019323671497585,0.5630166053215662,0.0005555000388994813,144,63,X ~= Y A^T,SVD normal-system solve,2.4346419848123384,2.4341350440110183,28.28999047371049,28.299990473710483,68.87599855723666,68.88599855723666,28.29999047371049,6.888599855723665e-11,4.185499229086957,7,True,0.9262169421766606,0.1875,0.01,1.0,rms,7.211102550927978,0.7437165719757279,0.8623900347149936,0.05564255269278395,0.2672825158728247,3.250828593714591,1.8030054336342392,0.009372499852105864,0.1729698978879684,0.9906695817471828,0.9605089093852996,0.6666666666666666,0.21743012462202252,0.2,0.025711309780367102,0.0,0.8121315192743763,0.24608462697363082,0.9609682283549175,0.9496903368544072,0.8735226841952747,0.5457875457875457,,0.3864351070488561,0.3863446688989235,0.6217472662735822
main_corrected_inverse_map_2026-08-31_v2,credit_approval,lgbm,2,AIME,0.05,0.5,34,21,42,63,1.6766677079722285,0.8695652173913043,0.4903015439884704,0.000164708006195724,144,63,X ~= Y A^T,SVD normal-system solve,1.5683935568030225,1.5683935568030225,52.427095711587285,52.427095711587285,82.22631911594887,82.22631911594887,52.427095711587285,8.222631911594886e-11,3.4130595215178317,1,True,1.0,0.0,0.0,1.0,rms,7.937253933193772,0.7488770281377476,0.8653768128033866,0.007901696140853787,0.19744513561052934,2.3323148422467024,1.527191815800066,-0.010442127058792217,0.10447892298437145,0.8581221846180501,0.7328916751677363,0.3333333333333333,0.3147836531033046,0.14285714285714285,0.03204993301095752,0.0,0.034722222222222224,1.0,1.0,0.8719440204578037,0.7816234430728468,0.5230769230769231,,0.19545504948468473,0.19545504948468473,0.5331438621553881
main_corrected_inverse_map_2026-08-31_v2,credit_approval,lgbm,2,HuberAIME,0.05,0.5,34,21,42,63,1.6766677079722285,0.8695652173913043,0.4903015439884704,0.0005585829494521022,144,63,X ~= Y A^T,SVD normal-system solve,1.6234663287710975,1.6234663287710975,48.56933805283609,48.56933805283609,78.85068493948017,78.85068493948017,48.569338052836095,7.885068493948018e-11,2.9042155330788164,7,True,0.9444329253693738,0.1736111111111111,0.0,1.0,rms,7.937253933193772,0.7238297624241335,0.8507818536053373,0.04108384607617677,0.23951212208156436,2.30215167303817,1.5172843085717884,0.002625635621371525,0.13409797435854395,0.9935238157683716,0.945128539931537,1.0,0.3075413715825938,0.14285714285714285,0.027730079338882923,0.0,1.0,0.18465682601963254,0.9717630008855517,0.9261540209274559,0.8077135526563464,0.6713286713286712,,0.21044328564415424,0.21044328564415424,0.4630288438990352
main_corrected_inverse_map_2026-08-31_v2,credit_approval,lgbm,2,RidgeAIME,0.05,0.5,34,21,42,63,1.6766677079722285,0.8695652173913043,0.4903015439884704,0.00014679203741252422,144,63,X ~= Y A^T,SVD normal-system solve,1.5683935568030225,1.5682851614868654,52.427095711587285,52.43709571158728,82.22631911594887,82.23631911594887,52.4370957115873,8.223631911594886e-11,3.4124540977892006,1,True,1.0,0.0,0.01,1.0,rms,7.937253933193772,0.7488659557529621,0.865370415344182,0.007916364629474204,0.19744588781556496,2.3323028121117546,1.52718787714929,-0.010436915174476535,0.10447902796771262,0.858124885933854,0.7328916751677363,0.3333333333333333,0.31478393868681026,0.14285714285714285,0.03205100705189261,0.0,0.034722222222222224,1.0,1.0,0.87194446718673,0.7816234430728468,0.5230769230769231,,0.19545504948468473,0.19542503334856248,0.5330668182287586
main_corrected_inverse_map_2026-08-31_v2,credit_approval,lgbm,2,HuberRidgeAIME,0.05,0.5,34,21,42,63,1.6766677079722285,0.8695652173913043,0.4903015439884704,0.0005529579939320683,144,63,X ~= Y A^T,SVD normal-system solve,1.623465227540396,1.6233368880149976,48.569362094773574,48.57936209477357,78.85067048468346,78.86067048468347,48.579362094773565,7.886067048468349e-11,2.9036652095834388,7,True,0.9444330115769495,0.1736111111111111,0.01,1.0,rms,7.937253933193772,0.7238270049689779,0.8507802330619688,0.041087499101279956,0.2395125448516665,2.302148948194306,1.5172834106370194,0.002626816121096498,0.1340976590185601,0.9935239619405279,0.945128539931537,1.0,0.30754171307842165,0.14285714285714285,0.027730795621190785,0.0,1.0,0.18465665512110277,0.9717630963415482,0.9261537388665602,0.8077135526563464,0.6713286713286712,,0.21044299105314812,0.21040865748692764,0.4629465410871803
main_corrected_inverse_map_2026-08-31_v2,credit_approval,svm,2,AIME,0.05,0.5,34,21,42,63,0.025469791959039867,0.8454106280193237,0.3790347685837108,0.0001355410786345601,144,63,X ~= Y A^T,SVD normal-system solve,2.083419119744051,2.083419119744051,35.20414459282882,35.20414459282882,73.3449879389337,73.3449879389337,35.20414459282881,7.33449879389337e-11,3.7581130878722244,1,True,1.0,0.0,0.0,1.0,rms,7.937253933193772,0.619946780606825,0.7873669923274819,0.05386684262328434,0.2720759611808169,4.06741953136081,2.0167844533714576,-0.007940313978357594,0.09072433729964187,0.9766526608398838,0.9517774441997536,0.8181818181818182,0.28870565307060236,0.14285714285714285,0.03955617218017914,0.0,0.034722222222222224,1.0,1.0,0.9064105477655101,0.7537273697887705,0.6713286713286714,,0.31877664540733386,0.31877664540733386,0.5749698446042932
main_corrected_inverse_map_2026-08-31_v2,credit_approval,svm,2,HuberAIME,0.05,0.5,34,21,42,63,0.025469791959039867,0.8454106280193237,0.3790347685837108,0.0005402499809861183,144,63,X ~= Y A^T,SVD normal-system solve,2.0309517302355995,2.0309517302355995,33.829794141463836,33.829794141463836,68.70667894512012,68.70667894512012,33.829794141463836,6.870667894512011e-11,3.3856289952179663,7,True,0.9284746246266775,0.22916666666666666,0.0,1.0,rms,7.937253933193772,0.6131433717197939,0.783034719357829,0.06424988022033551,0.28834540072463793,4.051981221122717,2.0129533579103907,-0.0041145725841642555,0.10566133035177208,0.9949617459738325,0.986150118972629,0.6666666666666666,0.26740997685070483,0.14285714285714285,0.030545785056043828,0.0,0.6861904761904761,0.24613870089645817,0.9530190823148149,0.9311724983165088,0.8546323785325672,0.6503496503496503,,0.30769960162172555,0.30769960162172555,0.5296393654216137
main_corrected_inverse_map_2026-08-31_v2,credit_approval,svm,2,RidgeAIME,0.05,0.5,34,21,42,63,0.025469791959039867,0.8454106280193237,0.3790347685837108,0.00013591593597084284,144,63,X ~= Y A^T,SVD normal-system solve,2.083419119744051,2.0831114538523265,35.20414459282882,35.21414459282882,73.3449879389337,73.35498793893369,35.214144592828816,7.335498793893368e-11,3.7570754779858473,1,True,1.0,0.0,0.01,1.0,rms,7.937253933193772,0.6199447176906012,0.7873656823170547,0.05386999094746514,0.2720714837149597,4.0674146671572275,2.0167832474406433,-0.007939108588343569,0.09072155888994166,0.9766474403490607,0.9517774441997536,0.8181818181818182,0.28870597690168787,0.14285714285714285,0.039557768707394296,0.0,0.034722222222222224,1.0,1.0,0.9063990162754412,0.7537273697887705,0.6713286713286714,,0.31877664540733386,0.31871250686476066,0.5748499199352217
main_corrected_inverse_map_2026-08-31_v2,credit_approval,svm,2,HuberRidgeAIME,0.05,0.5,34,21,42,63,0.025469791959039867,0.8454106280193237,0.3790347685837108,0.0005516669480130076,144,63,X ~= Y A^T,SVD normal-system solve,2.0309516657225273,2.0306470091300883,33.82979507781929,33.839795077819296,68.70667866434884,68.71667866434883,33.83979507781929,6.871667866434883e-11,3.384645383092066,7,True,0.9284746045951794,0.22916666666666666,0.01,1.0,rms,7.937253933193772,0.6131455025530145,0.7830360799816407,0.06424662824447902,0.2883434985741188,4.051981776521551,2.012953495866596,-0.004114710216604367,0.10566053712972476,0.9949610043204441,0.986150118972629,0.6666666666666666,0.26741046737174023,0.14285714285714285,0.03054696019248825,0.0,0.6861904761904761,0.2461385000418311,0.9530190687877459,0.9311651269124323,0.8546323785325672,0.6503496503496503,,0.3076995878263845,0.3076344358072847,0.5295131733951913
main_corrected_inverse_map_2026-08-31_v2,credit_approval,mlp,2,AIME,0.05,0.5,34,21,42,63,0.021726207924075425,0.6714975845410628,0.6586989317772551,0.00014812499284744263,144,63,X ~= Y A^T,SVD normal-system solve,17.391668941219866,17.391668941219866,4.157769631790056,4.157769631790056,72.31055296995027,72.31055296995027,4.1577696317900585,7.231055296995024e-11,16.27708016082307,1,True,1.0,0.0,0.0,1.0,rms,7.937253933193772,0.7598539200318315,0.871696002074021,-0.02418293753483991,0.1216900654144997,1.7852209600883817,1.3361216112646266,0.027551693643584785,0.2029899835841814,0.7309500716148142,0.7390667756917526,0.42857142857142855,0.4037436579577831,0.19047619047619047,0.014913367930685392,0.0,0.04861111111111111,1.0,1.0,0.8183674638316463,0.756126595958596,0.4737096237096237,,1.2403412598166317,1.2403412598166317,1.2115765022871388
main_corrected_inverse_map_2026-08-31_v2,credit_approval,mlp,2,HuberAIME,0.05,0.5,34,21,42,63,0.021726207924075425,0.6714975845410628,0.6586989317772551,0.0006292910547927022,144,63,X ~= Y A^T,SVD normal-system solve,23.595961952141288,23.595961952141288,2.8161083288637836,2.8161083288637836,66.44878498097802,66.44878498097802,2.8161083288637796,6.644878498097802e-11,13.242095641192241,8,True,0.9193261951108536,0.2152777777777778,0.0,1.0,rms,7.937253933193772,0.7329874759794915,0.8561468775738725,0.012029488123881937,0.15862132704032725,1.7803971368484497,1.334315231438377,0.03017933405600881,0.21363076386342025,0.9651610900476557,0.8793384861637283,0.6666666666666666,0.38153479257214384,0.23809523809523808,0.018016330222456595,0.0,0.9240362811791383,0.23953267623215385,0.9540601705280134,0.9165802215576292,0.8350749866504303,0.6456876456876456,,1.3728376872094168,1.3728376872094168,1.1219567202536536
main_corrected_inverse_map_2026-08-31_v2,credit_approval,mlp,2,RidgeAIME,0.05,0.5,34,21,42,63,0.021726207924075425,0.6714975845410628,0.6586989317772551,0.00016912503633648157,144,63,X ~= Y A^T,SVD normal-system solve,17.391668941219866,17.35233934676198,4.157769631790056,4.167769631790055,72.31055296995027,72.32055296995026,4.1677696317900566,7.232055296995024e-11,16.23835311848986,1,True,1.0,0.0,0.01,1.0,rms,7.937253933193772,0.7597630671540374,0.8716438878085692,-0.024060479829734138,0.12159286724649015,1.785287761779254,1.3361466093880767,0.02751530532381785,0.20288267499676885,0.7309514836791814,0.7383466950425124,0.42857142857142855,0.4037340414029158,0.19047619047619047,0.014923246955447791,0.0,0.04861111111111111,1.0,1.0,0.8183593338344215,0.7563378176568393,0.4737096237096237,,1.2403412598166317,1.23935803226254,1.2105419813201752
main_corrected_inverse_map_2026-08-31_v2,credit_approval,mlp,2,HuberRidgeAIME,0.05,0.5,34,21,42,63,0.021726207924075425,0.6714975845410628,0.6586989317772551,0.0006289168959483504,144,63,X ~= Y A^T,SVD normal-system solve,23.595363922871698,23.515414278345993,2.816199423013667,2.826199423013666,66.44925026538877,66.45925026538876,2.826199423013668,6.645925026538878e-11,13.194873196844124,8,True,0.9193323758119109,0.2152777777777778,0.01,1.0,rms,7.937253933193772,0.7329583628467634,0.8561298749878802,0.012068728789768168,0.15851406543011268,1.7805543832695099,1.3343741541522414,0.030093678543745006,0.21351931428148552,0.9651675586319342,0.8793384861637283,0.6666666666666666,0.381516690052943,0.23809523809523808,0.018027101561779148,0.0,0.9240362811791383,0.23952753837692783,0.9540669295494645,0.9165924855914485,0.8350749866504303,0.6456876456876456,,1.3728266800674476,1.371352634250067,1.120405220992181
main_corrected_inverse_map_2026-08-31_v2,credit_approval,lgbm,2,AIME,0.1,0.0,69,0,42,42,1.286131542059593,0.8454106280193237,0.4883066963022389,0.0001550000160932541,144,63,X ~= Y A^T,SVD normal-system solve,1.4761444296884452,1.4761444296884452,52.631311084511005,52.631311084511005,77.69141668460064,77.69141668460064,52.63131108451101,7.769141668460064e-11,3.4319138092168036,1,True,1.0,0.0,0.0,1.0,rms,6.48074069840786,0.8140085779789386,0.9022242392991549,-0.008088934417064486,0.20215802097996777,1.0440952679917053,1.0218098003012621,-0.015161438857136167,0.1679340300701175,0.7503252547480872,0.4704166130307649,0.5384615384615384,0.0,0.0,0.06632127495663204,0.3333333333333333,0.16666666666666666,1.0,1.0,0.7846396624163507,0.6500886515635347,0.4534798534798535,,0.1691288520317571,0.1691288520317571,0.5355363722269084
main_corrected_inverse_map_2026-08-31_v2,credit_approval,lgbm,2,HuberAIME,0.1,0.0,69,0,42,42,1.286131542059593,0.8454106280193237,0.4883066963022389,0.0005312090506777167,144,63,X ~= Y A^T,SVD normal-system solve,1.471444887463055,1.471444887463055,45.34637618397249,45.34637618397249,66.72469340088276,66.72469340088276,45.3463761839725,6.672469340088274e-11,2.6109616336782184,7,True,0.8580466908284384,0.2638888888888889,0.0,1.0,rms,6.48074069840786,0.7724695544547686,0.8789024715261464,0.04335404922467467,0.2491239127172425,1.0003690296816161,1.000184497821085,0.027353063755313878,0.2111695827445787,0.9769499207474938,0.8809369688200178,1.0,0.0,0.0,0.06236823655576044,0.2222222222222222,0.9934615384615382,0.24456465966920238,0.9807430970602856,0.9238188900030846,0.8460230689135824,0.5284715284715285,,0.16774400036773043,0.16774400036773043,0.41680049020507365
main_corrected_inverse_map_2026-08-31_v2,credit_approval,lgbm,2,RidgeAIME,0.1,0.0,69,0,42,42,1.286131542059593,0.8454106280193237,0.4883066963022389,0.00013358297292143106,144,63,X ~= Y A^T,SVD normal-system solve,1.4761444296884452,1.4760539789721012,52.631311084511005,52.641311084511,77.69141668460064,77.70141668460064,52.64131108451101,7.770141668460064e-11,3.431328751500581,1,True,1.0,0.0,0.01,1.0,rms,6.48074069840786,0.8139916626823382,0.9022148650306856,-0.008067986083365675,0.2021567567148816,1.0440775257257502,1.0218011184793987,-0.015144188262494529,0.1679329228652701,0.7503201044582216,0.4704166130307649,0.5384615384615384,0.0,0.0,0.06632088024276506,0.3333333333333333,0.16666666666666666,1.0,1.0,0.7846375778194787,0.6500886515635347,0.4534798534798535,,0.1691288520317571,0.16910223983192021,0.5354623292840521
main_corrected_inverse_map_2026-08-31_v2,credit_approval,lgbm,2,HuberRidgeAIME,0.1,0.0,69,0,42,42,1.286131542059593,0.8454106280193237,0.4883066963022389,0.0004988330183550715,144,63,X ~= Y A^T,SVD normal-system solve,1.4714442609498206,1.4713403187625842,45.346392191113054,45.35639219111305,66.72468854439306,66.73468854439307,45.35639219111305,6.673468854439308e-11,2.610421041594015,7,True,0.8580468058335082,0.2638888888888889,0.01,1.0,rms,6.48074069840786,0.7724673475570962,0.8789012160402876,0.04335678230290396,0.24912282240763448,1.0003662095626074,1.0001830880206921,0.02735580572356,0.21116840666372386,0.9769491510172892,0.8809369688200178,1.0,0.0,0.0,0.062367944843129165,0.2222222222222222,0.9934615384615382,0.24456457046705618,0.9807432529067988,0.9238173891089998,0.8460230689135824,0.5284715284715285,,0.16774381545336445,0.16771313599508286,0.4167105614737126
main_corrected_inverse_map_2026-08-31_v2,credit_approval,svm,2,AIME,0.1,0.0,69,0,42,42,0.0209334579994902,0.821256038647343,0.39727590088969467,0.0001378749730065465,144,63,X ~= Y A^T,SVD normal-system solve,2.3444914213029127,2.3444914213029127,31.411064670245427,31.411064670245427,73.64297165338141,73.64297165338141,31.41106467024542,7.364297165338142e-11,3.496132355319699,1,True,1.0,0.0,0.0,1.0,rms,6.48074069840786,0.6664244767658115,0.8163482570360591,0.047388074274700265,0.27000378403210107,2.166137056579822,1.4717802337916561,0.00174858900700392,0.142291245020242,0.9412927256994156,0.8310099127161323,0.6666666666666666,0.0,0.0,0.05106152935133401,0.1111111111111111,0.11805555555555555,1.0,1.0,0.8468171365742903,0.7190562330921099,0.43681318681318676,,0.37004864795666675,0.37004864795666675,0.5435878656376889
main_corrected_inverse_map_2026-08-31_v2,credit_approval,svm,2,HuberAIME,0.1,0.0,69,0,42,42,0.0209334579994902,0.821256038647343,0.39727590088969467,0.000516542000696063,144,63,X ~= Y A^T,SVD normal-system solve,2.1639461880661583,2.1639461880661583,29.82235129199689,29.82235129199689,64.53396339748654,64.53396339748654,29.82235129199689,6.453396339748655e-11,3.1570525116786974,7,True,0.8678520070803761,0.2708333333333333,0.0,1.0,rms,6.48074069840786,0.6534222051217731,0.8083453501578227,0.06597400480615578,0.29158344976236056,2.1435371998532995,1.4640823746815954,0.012163598896134387,0.16676594525385685,0.9923617331447623,0.9615821324943132,0.8181818181818182,0.0,0.0,0.039764258719933505,0.0,0.9330375266793953,0.2512661968093866,0.9503871155418471,0.9285495839826288,0.8071696588699696,0.7016317016317016,,0.33524645675037973,0.33524645675037973,0.4992818056307758
main_corrected_inverse_map_2026-08-31_v2,credit_approval,svm,2,RidgeAIME,0.1,0.0,69,0,42,42,0.0209334579994902,0.821256038647343,0.39727590088969467,0.00013704190496355295,144,63,X ~= Y A^T,SVD normal-system solve,2.3444914213029127,2.344063526374651,31.411064670245427,31.421064670245414,73.64297165338141,73.65297165338143,31.42106467024542,7.365297165338141e-11,3.4951018686735997,1,True,1.0,0.0,0.01,1.0,rms,6.48074069840786,0.6664182365664998,0.816344435006756,0.04739699424761612,0.26999439324478897,2.166131104086457,1.471778211581642,0.0017513321782556268,0.1422839067400205,0.9412759584537125,0.8310099127161323,0.6666666666666666,0.0,0.0,0.051064387544624855,0.1111111111111111,0.11805555555555555,1.0,1.0,0.846788802756526,0.7190562330921099,0.43681318681318676,,0.37004864795666675,0.3699693773034407,0.5434598382671337
main_corrected_inverse_map_2026-08-31_v2,credit_approval,svm,2,HuberRidgeAIME,0.1,0.0,69,0,42,42,0.0209334579994902,0.821256038647343,0.39727590088969467,0.0005427090218290687,144,63,X ~= Y A^T,SVD normal-system solve,2.163946051380711,2.163555889001894,29.822349672165938,29.832349672165932,64.53395581597832,64.54395581597832,29.832349672165932,6.454395581597832e-11,3.156013988538184,7,True,0.8678518999301805,0.2708333333333333,0.01,1.0,rms,6.48074069840786,0.6534217128048221,0.8083450456363434,0.06597470854231047,0.29158113985666206,2.1435384940401088,1.4640828166603517,0.01216300247782165,0.16676391614028868,0.9923605424360491,0.9615821324943132,0.8181818181818182,0.0,0.0,0.03976708882695039,0.0,0.9330375266793953,0.2512662478984906,0.950386987210013,0.9285403328635656,0.8071696588699696,0.7016317016317016,,0.3352464293182108,0.3351681183799559,0.49913891948398587
main_corrected_inverse_map_2026-08-31_v2,credit_approval,mlp,2,AIME,0.1,0.0,69,0,42,42,0.030566666973754764,0.7391304347826086,0.672175742210899,0.0001444999361410737,144,63,X ~= Y A^T,SVD normal-system solve,5.024258724432796,5.024258724432796,15.256856208410541,15.256856208410541,76.65439291252333,76.65439291252333,15.256856208410543,7.665439291252332e-11,8.052817360440399,1,True,1.0,0.0,0.0,1.0,rms,6.48074069840786,0.8634968756176844,0.9292453258519434,-0.07731173636979283,0.16605854822085742,2.4367219481085227,1.5610003036862365,-0.03228359100655376,0.11018350200082236,0.7160091777225333,0.3170306761946503,0.25,0.0,0.0,0.02569949626554548,0.0,0.11805555555555555,1.0,1.0,0.8683276411415044,0.7818977392431732,0.5164835164835164,,0.7010719953191853,0.7010719953191853,0.9059478493156489
main_corrected_inverse_map_2026-08-31_v2,credit_approval,mlp,2,HuberAIME,0.1,0.0,69,0,42,42,0.030566666973754764,0.7391304347826086,0.672175742210899,0.0004980410449206829,144,63,X ~= Y A^T,SVD normal-system solve,5.40684721516108,5.40684721516108,12.157065907681709,12.157065907681709,65.73139794747856,65.73139794747856,12.157065907681707,6.573139794747855e-11,5.395401683758361,7,True,0.8676822188805345,0.2777777777777778,0.0,1.0,rms,6.48074069840786,0.7674023390695475,0.8760150335864947,0.042577257959538595,0.23783325052254753,2.336645789365355,1.5286091028661823,0.010112291134094065,0.15361433184735507,0.9735177008986124,0.8904736886571618,0.5384615384615384,0.0,0.0,0.028385899199601893,0.0,0.9734305486900643,0.23311708390890976,0.9526240086011457,0.933848976292335,0.8155092780163681,0.6456876456876456,,0.7329440976041153,0.7329440976041153,0.7320237831330653
main_corrected_inverse_map_2026-08-31_v2,credit_approval,mlp,2,RidgeAIME,0.1,0.0,69,0,42,42,0.030566666973754764,0.7391304347826086,0.672175742210899,0.0001376670552417636,144,63,X ~= Y A^T,SVD normal-system solve,5.024258724432796,5.021622779828681,15.256856208410541,15.266856208410546,76.65439291252333,76.66439291252333,15.266856208410543,7.666439291252333e-11,8.047794214461712,1,True,1.0,0.0,0.01,1.0,rms,6.48074069840786,0.8633860056398993,0.9291856680125341,-0.07717341331194327,0.16603987287561978,2.4366094986542417,1.5609642848746546,-0.03223595334869067,0.11017049456651529,0.7159986933216942,0.3170306761946503,0.25,0.0,0.0,0.025702170690276877,0.0,0.11805555555555555,1.0,1.0,0.8683184006867937,0.78131431812657,0.5164835164835164,,0.7010719953191853,0.7008440857580469,0.9056768627582789
main_corrected_inverse_map_2026-08-31_v2,credit_approval,mlp,2,HuberRidgeAIME,0.1,0.0,69,0,42,42,0.030566666973754764,0.7391304347826086,0.672175742210899,0.0008159580174833536,144,63,X ~= Y A^T,SVD normal-system solve,5.406844632820554,5.403222690423147,12.157075423329099,12.167075423329099,65.7314180034216,65.7414180034216,12.167075423329099,6.574141800342158e-11,5.391052611688808,7,True,0.8676825446924148,0.2777777777777778,0.01,1.0,rms,6.48074069840786,0.7673859417185308,0.8760056744784995,0.04259771554218239,0.2378173876313332,2.3366343209816844,1.5286053516135827,0.010117149556405192,0.15360412218157868,0.973516262219171,0.8904736886571618,0.5384615384615384,0.0,0.0,0.0283920054849249,0.0,0.9734305486900643,0.23311652830326013,0.9526244523980498,0.9338415944902195,0.8154120411636011,0.6456876456876456,,0.7329438901825877,0.7326528670818444,0.7316735701619028
main_corrected_inverse_map_2026-08-31_v2,credit_approval,lgbm,2,AIME,0.1,0.25,69,10,42,52,1.3377220830880105,0.8647342995169082,0.44768002152692304,0.00016262498684227467,144,63,X ~= Y A^T,SVD normal-system solve,1.3662926062217138,1.3662926062217138,56.161289815919694,56.161289815919694,76.73275503136591,76.73275503136591,56.1612898159197,7.67327550313659e-11,3.1498266309170413,1,True,1.0,0.0,0.0,1.0,rms,7.211102550927978,1.4947371363244857,1.222594428387634,-0.012199913041839094,0.11255505266483377,6.536820850123421,2.556720721964646,-0.005581589082170435,0.07066288144401042,0.7667382978059538,0.39119669022568676,0.3333333333333333,0.16479063111920414,0.1,0.03653619225623022,0.1111111111111111,0.1111111111111111,1.0,1.0,0.8110793938344194,0.6594985517783923,0.4534798534798535,,0.13554371812956148,0.13554371812956148,0.4982866505171799
main_corrected_inverse_map_2026-08-31_v2,credit_approval,lgbm,2,HuberAIME,0.1,0.25,69,10,42,52,1.3377220830880105,0.8647342995169082,0.44768002152692304,0.0006099579622969031,144,63,X ~= Y A^T,SVD normal-system solve,1.389901853505776,1.389901853505776,49.7929571874125,49.7929571874125,69.20732348631839,69.20732348631839,49.7929571874125,6.92073234863184e-11,2.4725609979316454,8,True,0.8921174663080202,0.2361111111111111,0.0,1.0,rms,7.211102550927978,1.4659871594333407,1.210779566821864,0.007268877424376097,0.14131884176065249,6.516165944097977,2.55267819046937,-0.002404173990089742,0.08180578109711635,0.978347409549362,0.9017205384979515,0.8181818181818182,0.18272098038853712,0.3,0.03660921358520708,0.1111111111111111,0.9829545454545454,0.25515091789019606,0.9717382848602484,0.9187077337255664,0.7674048210622881,0.5934065934065933,,0.14298413407728489,0.14298413407728489,0.3931470144202188
main_corrected_inverse_map_2026-08-31_v2,credit_approval,lgbm,2,RidgeAIME,0.1,0.25,69,10,42,52,1.3377220830880105,0.8647342995169082,0.44768002152692304,0.00014045799616724253,144,63,X ~= Y A^T,SVD normal-system solve,1.3662926062217138,1.3662273962884144,56.161289815919694,56.17128981591971,76.73275503136591,76.7427550313659,56.17128981591971,7.67427550313659e-11,3.1493064387942717,1,True,1.0,0.0,0.01,1.0,rms,7.211102550927978,1.4947263680347624,1.2225900245113905,-0.012192621015932659,0.11255256875998965,6.536814029658627,2.556719388133674,-0.0055805398666599615,0.07066151263901871,0.7667337944789977,0.39119669022568676,0.3333333333333333,0.16478992759558744,0.1,0.03653621922410112,0.1111111111111111,0.1111111111111111,1.0,1.0,0.8110776169917553,0.6594985517783923,0.4534798534798535,,0.13554371812956148,0.13552298978050892,0.4982149211009375
main_corrected_inverse_map_2026-08-31_v2,credit_approval,lgbm,2,HuberRidgeAIME,0.1,0.25,69,10,42,52,1.3377220830880105,0.8647342995169082,0.44768002152692304,0.0006098750745877624,144,63,X ~= Y A^T,SVD normal-system solve,1.389902202297556,1.3898239133252765,49.79295320578662,49.802953205786615,69.20733531962198,69.21733531962198,49.80295320578663,6.921733531962197e-11,2.472091280230791,8,True,0.8921175446374142,0.2361111111111111,0.01,1.0,rms,7.211102550927978,1.4659852147874797,1.2107787637663123,0.007270194291618792,0.14131629126942685,6.5161665447464685,2.5526783081200164,-0.0024042663899090932,0.08180483297059025,0.9783470975241642,0.9017205384979515,0.8181818181818182,0.18272080280663,0.3,0.03660923969189281,0.1111111111111111,0.9829545454545454,0.25515066768725747,0.9717384042561836,0.9187064155062753,0.7674048210622881,0.5934065934065933,,0.1429842430621934,0.14295977988326886,0.39306450273095483
main_corrected_inverse_map_2026-08-31_v2,credit_approval,svm,2,AIME,0.1,0.25,69,10,42,52,0.021861541899852455,0.821256038647343,0.4117589103745773,0.00015875010285526514,144,63,X ~= Y A^T,SVD normal-system solve,2.1466124635794377,2.1466124635794377,34.57496522204423,34.57496522204423,74.21905127346574,74.21905127346574,34.57496522204423,7.421905127346573e-11,3.7376929541428043,1,True,1.0,0.0,0.0,1.0,rms,7.211102550927978,0.6326580725689889,0.7953980591936272,0.006830300838848946,0.22646840612264674,5.4948328930815356,2.3441059901552097,-0.014056476681192587,0.0870576709401581,0.8738874941375082,0.7544455160916707,0.42857142857142855,0.1587888601210374,0.2,0.0427352811157198,0.0,0.11805555555555555,1.0,1.0,0.8537853049263306,0.7263265741728921,0.4534798534798535,,0.33175364661582524,0.33175364661582524,0.5726036218693238
main_corrected_inverse_map_2026-08-31_v2,credit_approval,svm,2,HuberAIME,0.1,0.25,69,10,42,52,0.021861541899852455,0.821256038647343,0.4117589103745773,0.0006052500102669001,144,63,X ~= Y A^T,SVD normal-system solve,1.9420253237069502,1.9420253237069502,33.284337112514784,33.284337112514784,64.63902555530278,64.63902555530278,33.284337112514784,6.463902555530278e-11,3.1700108005116467,8,True,0.8657388639706708,0.3125,0.0,1.0,rms,7.211102550927978,0.6096398429479739,0.780794366621567,0.04296515658343114,0.25595659045262326,5.493201006017039,2.343757881270384,-0.013755316358546876,0.08176246679592264,0.9852423254156302,0.9431956505855463,0.8181818181818182,0.12731455661244828,0.0,0.041315866090175714,0.0,0.9938080495356038,0.20222011575465074,0.9545563342043112,0.9116951608891288,0.7303223052294556,0.5010989010989011,,0.2882548887411332,0.2882548887411332,0.5010607419005967
main_corrected_inverse_map_2026-08-31_v2,credit_approval,svm,2,RidgeAIME,0.1,0.25,69,10,42,52,0.021861541899852455,0.821256038647343,0.4117589103745773,0.00014404195826500654,144,63,X ~= Y A^T,SVD normal-system solve,2.1466124635794377,2.1462809286317466,34.57496522204423,34.584965222044225,74.21905127346574,74.22905127346574,34.58496522204422,7.422905127346574e-11,3.7367672686412554,1,True,1.0,0.0,0.01,1.0,rms,7.211102550927978,0.6326457774252997,0.7953903302312014,0.006849602203501393,0.2264586309047444,5.494825008868126,2.3441043084445123,-0.01405502167103534,0.08705503716343457,0.8738629150306051,0.7544455160916707,0.42857142857142855,0.15879407347218852,0.2,0.04273560368899693,0.0,0.11805555555555555,1.0,1.0,0.8537751935926,0.7260021344717182,0.4534798534798535,,0.33175364661582524,0.33168656654396145,0.572496050193143
main_corrected_inverse_map_2026-08-31_v2,credit_approval,svm,2,HuberRidgeAIME,0.1,0.25,69,10,42,52,0.021861541899852455,0.821256038647343,0.4117589103745773,0.0005826660199090838,144,63,X ~= Y A^T,SVD normal-system solve,1.9420256484708975,1.9417427096392552,33.284321709195254,33.29432170919526,64.63900645121389,64.64900645121388,33.29432170919526,6.464900645121388e-11,3.1690837477192044,8,True,0.865738583060665,0.3125,0.01,1.0,rms,7.211102550927978,0.6096358721750037,0.7807918238397503,0.04297139004755213,0.25595481734045283,5.493198350735546,2.3437573148121684,-0.013754826333563841,0.08176097438840055,0.985240278614223,0.9431956505855463,0.8181818181818182,0.12731677864311952,0.0,0.04131759985709314,0.0,0.9938080495356038,0.20221967812965985,0.9545560742719019,0.9116876037808013,0.7303223052294556,0.5010989010989011,,0.28825496136798145,0.28819168325137634,0.5009337162151466
main_corrected_inverse_map_2026-08-31_v2,credit_approval,mlp,2,AIME,0.1,0.25,69,10,42,52,0.0421217909315601,0.8067632850241546,0.6399478800764307,0.0001426249509677291,144,63,X ~= Y A^T,SVD normal-system solve,4.766056985996409,4.766056985996409,15.51600117889905,15.51600117889905,73.95014581342033,73.95014581342033,15.516001178899053,7.395014581342032e-11,7.425088512315085,1,True,1.0,0.0,0.0,1.0,rms,7.211102550927978,1.6725294171998986,1.2932630889343044,-0.001009466733278952,0.14762621839886453,5.465755648987503,2.337895559897299,0.005132266733310131,0.15010263058416407,0.8008007355541189,0.7748367053264203,0.3333333333333333,0.22317853676602792,0.2,0.014524080867972347,0.0,0.05555555555555555,1.0,1.0,0.8600160316383807,0.8112187088563267,0.5760905760905761,,0.6781592307414129,0.6781592307414129,0.870701635117991
main_corrected_inverse_map_2026-08-31_v2,credit_approval,mlp,2,HuberAIME,0.1,0.25,69,10,42,52,0.0421217909315601,0.8067632850241546,0.6399478800764307,0.0005293330177664757,144,63,X ~= Y A^T,SVD normal-system solve,5.330066525908262,5.330066525908262,12.870133638131087,12.870133638131087,68.59866848856842,68.59866848856842,12.87013363813109,6.859866848856841e-11,5.641639500891931,7,True,0.9288085557612086,0.1736111111111111,0.0,1.0,rms,7.211102550927978,1.6459814181030743,1.2829580734003252,0.014879520417235947,0.16557591044916625,5.440047229292062,2.3323908826121023,0.00981167043717146,0.16940053356576892,0.9786814258726882,0.9234086230373654,0.8181818181818182,0.18835364361712806,0.2,0.01941613388939172,0.0,0.9416666666666667,0.274805307248234,0.9672793350855011,0.9350318867041445,0.8660483551028573,0.45054945054945045,,0.7267326295996601,0.7267326295996601,0.7514053314160478
main_corrected_inverse_map_2026-08-31_v2,credit_approval,mlp,2,RidgeAIME,0.1,0.25,69,10,42,52,0.0421217909315601,0.8067632850241546,0.6399478800764307,0.0001413749996572733,144,63,X ~= Y A^T,SVD normal-system solve,4.766056985996409,4.7636313408205515,15.51600117889905,15.526001178899046,73.95014581342033,73.96014581342033,15.526001178899053,7.396014581342033e-11,7.420389686017034,1,True,1.0,0.0,0.01,1.0,rms,7.211102550927978,1.6724837557227945,1.2932454352220983,-0.0009821383225641078,0.14761893029615494,5.46574689203321,2.3378936870681715,0.005133860659535139,0.1500975817177371,0.8007963236326708,0.7748367053264203,0.3333333333333333,0.22317705505738533,0.2,0.014525213215175354,0.0,0.05555555555555555,1.0,1.0,0.8600098714533239,0.8112187088563267,0.5760905760905761,,0.6781592307414129,0.6779381439017278,0.8704267131015294
main_corrected_inverse_map_2026-08-31_v2,credit_approval,mlp,2,HuberRidgeAIME,0.1,0.25,69,10,42,52,0.0421217909315601,0.8067632850241546,0.6399478800764307,0.0005380000220611691,144,63,X ~= Y A^T,SVD normal-system solve,5.3300662955792415,5.32670448220328,12.870150714326082,12.880150714326085,68.59875654145455,68.60875654145454,12.880150714326085,6.860875654145454e-11,5.637300141362284,7,True,0.9288097337090527,0.1736111111111111,0.01,1.0,rms,7.211102550927978,1.6459783639991976,1.2829568831411278,0.014881348299521147,0.16556261974355901,5.440105655364286,2.332403407510006,0.009801035820885873,0.16939098181913365,0.9786815989209456,0.9234086230373654,0.8181818181818182,0.18835318176293386,0.2,0.019417549100462537,0.0,0.9416666666666667,0.2748063055505703,0.9672805236007282,0.9350257495505302,0.8663045026447744,0.45054945054945045,,0.7267326108324225,0.7264586034286329,0.751071158160143
main_corrected_inverse_map_2026-08-31_v2,credit_approval,lgbm,2,AIME,0.1,0.5,69,21,42,63,1.336795874987729,0.855072463768116,0.4347000898606187,0.00016362499445676804,144,63,X ~= Y A^T,SVD normal-system solve,1.3445276489980504,1.3445276489980504,57.52550836597993,57.52550836597993,77.34463652072868,77.34463652072868,57.525508365979924,7.73446365207287e-11,5.015924977903493,1,True,1.0,0.0,0.0,1.0,rms,7.937253933193772,0.8187930792505647,0.9048718579172217,-0.0286373167100753,0.20662390315409276,3.186923393568732,1.7851956177317745,-0.012675196843765058,0.12180741345541674,0.8448031774989999,0.5936727410317894,0.42857142857142855,0.38668871494812995,0.23809523809523808,0.0297789346731664,0.0,0.09722222222222222,1.0,1.0,0.8503264430558399,0.5635272657450077,0.5421245421245421,,0.1285697375253433,0.1285697375253433,0.7003510322233396
main_corrected_inverse_map_2026-08-31_v2,credit_approval,lgbm,2,HuberAIME,0.1,0.5,69,21,42,63,1.336795874987729,0.855072463768116,0.4347000898606187,0.000560999964363873,144,63,X ~= Y A^T,SVD normal-system solve,1.5310528599490196,1.5310528599490196,47.57127251533229,47.57127251533229,72.8341328360137,72.8341328360137,47.57127251533229,7.283413283601368e-11,3.6097071701489245,7,True,0.8958081070152719,0.2222222222222222,0.0,1.0,rms,7.937253933193772,0.7598438546423002,0.8716902286032007,0.045419699353965726,0.248928163992614,3.137713362821631,1.771359185151795,0.002961758118526614,0.14032388170704643,0.985444273688035,0.933702986026587,0.8181818181818182,0.3980108221445565,0.23809523809523808,0.02562937243458004,0.0,0.9038626265130024,0.2381500513710729,0.9666328207000318,0.9308996258978421,0.8186251920122889,0.654012654012654,,0.18499018507309725,0.18499018507309725,0.5574719721143295
main_corrected_inverse_map_2026-08-31_v2,credit_approval,lgbm,2,RidgeAIME,0.1,0.5,69,21,42,63,1.336795874987729,0.855072463768116,0.4347000898606187,0.00014233298134058714,144,63,X ~= Y A^T,SVD normal-system solve,1.3445276489980504,1.3444677681246942,57.52550836597993,57.53550836597992,77.34463652072868,77.35463652072869,57.535508365979915,7.735463652072869e-11,5.015086383318728,1,True,1.0,0.0,0.01,1.0,rms,7.937253933193772,0.8187635598605886,0.9048555464053853,-0.028600231948533672,0.20662405786193766,3.1868982087499176,1.7851885639197662,-0.012667194128230141,0.12180730097604059,0.8448029010443954,0.5936727410317894,0.42857142857142855,0.3866876800957766,0.23809523809523808,0.029779063213083296,0.0,0.09722222222222222,1.0,1.0,0.85032502897099,0.5635272657450077,0.5421245421245421,,0.1285697375253433,0.1285503950357958,0.7002784180095877
main_corrected_inverse_map_2026-08-31_v2,credit_approval,lgbm,2,HuberRidgeAIME,0.1,0.5,69,21,42,63,1.336795874987729,0.855072463768116,0.4347000898606187,0.000553417019546032,144,63,X ~= Y A^T,SVD normal-system solve,1.5310536590972534,1.530942049251755,47.57125564323391,47.58125564323391,72.83414502042415,72.84414502042415,47.58125564323391,7.284414502042416e-11,3.6090013873553546,7,True,0.8958080787933445,0.2222222222222222,0.01,1.0,rms,7.937253933193772,0.7598359433237334,0.8716856906728098,0.04542963822339252,0.24892891022844943,3.137708805480337,1.771357898754607,0.002963206257035833,0.14032388120244427,0.9854444302031332,0.933702986026587,0.8181818181818182,0.3980097177834114,0.23809523809523808,0.02562952726035821,0.0,0.9038626265130024,0.23815033668507044,0.966632758712697,0.9308985500723287,0.8186251920122889,0.654012654012654,,0.18499041175735267,0.1849587516606939,0.5573870490089833
main_corrected_inverse_map_2026-08-31_v2,credit_approval,svm,2,AIME,0.1,0.5,69,21,42,63,0.024144000024534762,0.821256038647343,0.383279022347583,0.00016529206186532974,144,63,X ~= Y A^T,SVD normal-system solve,2.1581843294557044,2.1581843294557044,33.49697496519899,33.49697496519899,72.29264645406249,72.29264645406249,33.49697496519898,7.22926464540625e-11,4.674921195750906,1,True,1.0,0.0,0.0,1.0,rms,7.937253933193772,0.6671482102346235,0.8167914117047408,0.030631491157556257,0.25065011964475103,4.16885784301227,2.0417781081724504,-0.008905040257337182,0.1052729760179603,0.9245976098478432,0.870862439549361,0.8181818181818182,0.386966624390255,0.23809523809523808,0.03685970624755184,0.1111111111111111,0.125,1.0,1.0,0.8960111801529689,0.8109927035330262,0.6796536796536796,,0.3340885348078337,0.3340885348078337,0.6697742944515341
main_corrected_inverse_map_2026-08-31_v2,credit_approval,svm,2,HuberAIME,0.1,0.5,69,21,42,63,0.024144000024534762,0.821256038647343,0.383279022347583,0.000561708933673799,144,63,X ~= Y A^T,SVD normal-system solve,2.0000513487845386,2.0000513487845386,32.152774365600536,32.152774365600536,64.30719973708429,64.30719973708429,32.15277436560053,6.430719973708431e-11,4.358998136471005,7,True,0.8848891951023857,0.22916666666666666,0.0,1.0,rms,7.937253933193772,0.6413698365617544,0.8008556902224985,0.0680875515415964,0.29334377541307,4.142636000177681,2.035346653564862,-0.0025590936223383043,0.1246389459106871,0.9875947061055385,0.9394397662435682,1.0,0.399845809437147,0.23809523809523808,0.0290425499282408,0.0,0.9708994708994709,0.2827538029107808,0.9709085368440437,0.9585243286535883,0.889660138248848,0.8242424242424242,,0.3010411457677345,0.3010411457677345,0.6393866833511246
main_corrected_inverse_map_2026-08-31_v2,credit_approval,svm,2,RidgeAIME,0.1,0.5,69,21,42,63,0.024144000024534762,0.821256038647343,0.383279022347583,0.0001409159740433097,144,63,X ~= Y A^T,SVD normal-system solve,2.1581843294557044,2.1578386747582403,33.49697496519899,33.50697496519898,72.29264645406249,72.3026464540625,33.50697496519898,7.23026464540625e-11,4.6736177257807645,1,True,1.0,0.0,0.01,1.0,rms,7.937253933193772,0.6671375381700433,0.8167848787594217,0.030646997701933798,0.25063738039269096,4.168850345036078,2.0417762720327803,-0.008903225672561854,0.10526777491885372,0.9245827502373692,0.870862439549361,0.8181818181818182,0.3869606622912874,0.23809523809523808,0.036859504185139065,0.1111111111111111,0.125,1.0,1.0,0.8959960063442836,0.8109927035330262,0.6796536796536796,,0.3340885348078337,0.33401897265400504,0.6696531867952942
main_corrected_inverse_map_2026-08-31_v2,credit_approval,svm,2,HuberRidgeAIME,0.1,0.5,69,21,42,63,0.024144000024534762,0.821256038647343,0.383279022347583,0.0005600419826805592,144,63,X ~= Y A^T,SVD normal-system solve,2.0000518858536687,1.9997409511870536,32.152765790682366,32.162765790682364,64.30719985506559,64.31719985506558,32.16276579068237,6.431719985506558e-11,4.357664723086235,7,True,0.8848891841334954,0.22916666666666666,0.01,1.0,rms,7.937253933193772,0.6413661101013146,0.800853363669851,0.06809296610067694,0.2933380912202154,4.14263598629,2.0353466501532362,-0.002559090261381236,0.1246366347583036,0.9875935499190232,0.9394397662435682,1.0,0.39984359787574086,0.23809523809523808,0.02904283063802306,0.0,0.9708994708994709,0.2827520669369858,0.9709087723044252,0.9585207155674744,0.889660138248848,0.8242424242424242,,0.3010412623878045,0.3009737402856772,0.6392538127585712
main_corrected_inverse_map_2026-08-31_v2,credit_approval,mlp,2,AIME,0.1,0.5,69,21,42,63,0.03721679199952632,0.7874396135265701,0.5883072627514934,0.00014895806089043617,144,63,X ~= Y A^T,SVD normal-system solve,4.462407620646387,4.462407620646387,16.272817099102053,16.272817099102053,72.61594303241785,72.61594303241785,16.272817099102053,7.261594303241785e-11,10.169764153428833,1,True,1.0,0.0,0.0,1.0,rms,7.937253933193772,0.8784903536557706,0.9372781623700461,-0.015364845441175223,0.24949071128636663,4.772465104611801,2.184597240823077,0.0013257286235173193,0.14898866842067157,0.8897288799465911,0.8390101075496367,0.3333333333333333,0.39453706430322716,0.23809523809523808,0.019660565292305584,0.0,0.09027777777777778,1.0,1.0,0.914420889679253,0.7421674990943727,0.557042957042957,,0.6495692385860676,0.6495692385860676,1.0073108813345328
main_corrected_inverse_map_2026-08-31_v2,credit_approval,mlp,2,HuberAIME,0.1,0.5,69,21,42,63,0.03721679199952632,0.7874396135265701,0.5883072627514934,0.0006237920606508851,144,63,X ~= Y A^T,SVD normal-system solve,5.298225986053354,5.298225986053354,12.469907256389218,12.469907256389218,66.06838666947664,66.06838666947664,12.469907256389224,6.606838666947664e-11,7.432946712264363,8,True,0.9013961185669116,0.2013888888888889,0.0,1.0,rms,7.937253933193772,0.7945910215813241,0.8913983517941483,0.08160654643567689,0.311892159083816,4.71542407907397,2.1715027237086235,0.013261992874567197,0.16394512159569433,0.9813988662703172,0.8745109357543033,0.6666666666666666,0.39567426373029546,0.23809523809523808,0.016157381094832158,0.0,0.8913392388088743,0.2324362303440375,0.9677814509859753,0.9593169490014019,0.8528390768423197,0.6237096237096236,,0.7241304783860598,0.7241304783860598,0.8711610193020082
main_corrected_inverse_map_2026-08-31_v2,credit_approval,mlp,2,RidgeAIME,0.1,0.5,69,21,42,63,0.03721679199952632,0.7874396135265701,0.5883072627514934,0.0001408749958500266,144,63,X ~= Y A^T,SVD normal-system solve,4.462407620646387,4.4602812025950325,16.272817099102053,16.282817099102047,72.61594303241785,72.62594303241784,16.28281709910205,7.262594303241783e-11,10.163668283989509,1,True,1.0,0.0,0.01,1.0,rms,7.937253933193772,0.8783817783141251,0.937220240025857,-0.015239353357477503,0.24947448378788656,4.77237703781937,2.184577084430616,0.0013441572631900378,0.14897976240655433,0.8897179951136515,0.8390101075496367,0.3333333333333333,0.39453357154356755,0.23809523809523808,0.019662207934045925,0.0,0.09027777777777778,1.0,1.0,0.9144155124593057,0.7420330888791867,0.557042957042957,,0.6495692385860676,0.6493622400766048,1.0070504823539512
main_corrected_inverse_map_2026-08-31_v2,credit_approval,mlp,2,HuberRidgeAIME,0.1,0.5,69,21,42,63,0.03721679199952632,0.7874396135265701,0.5883072627514934,0.0006194579182192683,144,63,X ~= Y A^T,SVD normal-system solve,5.298224366865821,5.294780257804628,12.46993106635109,12.479931066351092,66.06849262887843,66.07849262887842,12.479931066351087,6.607849262887842e-11,7.427028257635669,8,True,0.9013975560594313,0.2013888888888889,0.01,1.0,rms,7.937253933193772,0.7945769779048014,0.8913904744301464,0.0816227782080381,0.3118802431084368,4.715432479865414,2.1715046580344732,0.013260234945679295,0.16393753940663652,0.9813973283160805,0.8745109357543033,0.6666666666666666,0.39566916980940386,0.23809523809523808,0.01615828784699267,0.0,0.8913392388088743,0.23243518326339202,0.9677831350391909,0.9593119480221475,0.8528390768423197,0.6237096237096236,,0.7241303456615743,0.7238479408734991,0.8708150762801992
main_corrected_inverse_map_2026-08-31_v2,har,lgbm,0,AIME,0.0,0.0,0,0,561,561,11.936404332984239,0.9788888888888889,0.05846464131551089,0.0012289169244468212,630,270,X ~= Y A^T,SVD normal-system solve,1.418716692293822,1.418716692293822,83.87965575665876,83.87965575665876,119.00146776583135,119.00146776583135,83.8796557566588,1.1900146776583137e-10,42.2729320707559,1,True,1.0,0.0,0.0,1.0,rms,23.68543856465402,0.49772460394546786,0.70549599853257,0.49865981616041766,0.7067296748717609,0.49772460394546786,0.70549599853257,0.49865981616041766,0.7067296748717609,1.0000000000000002,1.0,1.0,0.0,0.0,0.0006810563651287078,0.0,,,,0.9952205534472119,0.9899150460411391,0.25392156862745097,,0.15189567857399036,0.15189567857399036,1.626062371746398
main_corrected_inverse_map_2026-08-31_v2,har,lgbm,0,HuberAIME,0.0,0.0,0,0,561,561,11.936404332984239,0.9788888888888889,0.05846464131551089,0.0046891249949112535,630,270,X ~= Y A^T,SVD normal-system solve,1.4802617706412136,1.4802617706412136,79.75428156648906,79.75428156648906,118.05721404782899,118.05721404782899,79.75428156648907,1.1805721404782902e-10,41.23179607723906,7,True,0.9842805253998891,0.06666666666666667,0.0,1.0,rms,23.68543856465402,0.49744153821064085,0.7052953553020471,0.4989449381463752,0.706906419370716,0.49744153821064085,0.7052953553020471,0.4989449381463752,0.706906419370716,1.0000000000000002,1.0,1.0,0.0,0.0,0.0006965387501521953,0.0,,,,0.9956535661659272,0.9928551378474733,0.3352941176470588,,0.17033852316001866,0.17033852316001866,1.6152322532938295
main_corrected_inverse_map_2026-08-31_v2,har,lgbm,0,RidgeAIME,0.0,0.0,0,0,561,561,11.936404332984239,0.9788888888888889,0.05846464131551089,0.0011965830344706774,630,270,X ~= Y A^T,SVD normal-system solve,1.418716692293822,1.4186667795020118,83.87965575665876,83.8896557566587,119.00146776583135,119.0114677658314,83.88965575665878,1.190114677658314e-10,42.2686183939105,1,True,1.0,0.0,0.01,1.0,rms,23.68543856465402,0.4977230677877313,0.7054949098241116,0.4986613634771384,0.7067298691288068,0.4977230677877313,0.7054949098241116,0.4986613634771384,0.7067298691288068,0.9999999999999999,1.0,1.0,0.0,0.0,0.0006810591880769093,0.0,,,,0.9952204946403078,0.9899170442541656,0.25392156862745097,,0.15189567857399036,0.1518803991094575,1.6260180525674381
main_corrected_inverse_map_2026-08-31_v2,har,lgbm,0,HuberRidgeAIME,0.0,0.0,0,0,561,561,11.936404332984239,0.9788888888888889,0.05846464131551089,0.00454158300999552,630,270,X ~= Y A^T,SVD normal-system solve,1.4802665780133264,1.4802063670930878,79.75403219096063,79.7640321909606,118.05722831407796,118.06722831407791,79.76403219096069,1.1806722831407796e-10,41.22745115884967,7,True,0.9842795114782178,0.06666666666666667,0.01,1.0,rms,23.68543856465402,0.4974426458478408,0.7052961405309409,0.49894382246305735,0.7069063110009188,0.4974426458478408,0.7052961405309409,0.49894382246305735,0.7069063110009188,1.0000000000000002,1.0,1.0,0.0,0.0,0.0006965423501982068,0.0,,,,0.9956536061458788,0.9928551650340453,0.3352941176470588,,0.17033993359419472,0.1703222679908277,1.6151864858597131
main_corrected_inverse_map_2026-08-31_v2,har,svm,0,AIME,0.0,0.0,0,0,561,561,1.1474310830235481,0.97,0.08393525511090742,0.0011870419839397073,630,270,X ~= Y A^T,SVD normal-system solve,1.4189706521587777,1.4189706521587777,81.5556379040033,81.5556379040033,115.7250567038687,115.7250567038687,81.5556379040033,1.1572505670386869e-10,41.95720552004467,1,True,1.0,0.0,0.0,1.0,rms,23.68543856465402,0.4646754683457176,0.6816710851618378,0.5155787073502149,0.7187271270222998,0.4646754683457176,0.6816710851618378,0.5155787073502149,0.7187271270222998,0.9999999999999999,1.0,1.0,0.0,0.0,0.0008176417452450162,0.0,,,,0.994987790203624,0.9920924865423071,0.6713286713286712,,0.15197341326064306,0.15197341326064306,1.6228065551259254
main_corrected_inverse_map_2026-08-31_v2,har,svm,0,HuberAIME,0.0,0.0,0,0,561,561,1.1474310830235481,0.97,0.08393525511090742,0.004665250075049698,630,270,X ~= Y A^T,SVD normal-system solve,1.4829823510794056,1.4829823510794056,77.68345102423206,77.68345102423206,115.20318683987752,115.20318683987752,77.68345102423208,1.1520318683987752e-10,41.27137434840139,7,True,0.9830792070414724,0.07301587301587302,0.0,1.0,rms,23.68543856465402,0.4650821289507617,0.6819693020589429,0.5151547661926013,0.7185421897705461,0.4650821289507617,0.6819693020589429,0.5151547661926013,0.7185421897705461,1.0000000000000002,1.0,1.0,0.0,0.0,0.0008255077213694308,0.0,,,,0.9953049355561138,0.9935974807835116,0.7016317016317016,,0.17113598253584328,0.17113598253584328,1.6156489312469053
main_corrected_inverse_map_2026-08-31_v2,har,svm,0,RidgeAIME,0.0,0.0,0,0,561,561,1.1474310830235481,0.97,0.08393525511090742,0.0011810000287368894,630,270,X ~= Y A^T,SVD normal-system solve,1.4189706521587777,1.4189192860856465,81.5556379040033,81.5656379040033,115.7250567038687,115.73505670386871,81.56563790400327,1.1573505670386871e-10,41.952880898169134,1,True,1.0,0.0,0.01,1.0,rms,23.68543856465402,0.4646757483581886,0.6816712905485961,0.5155784154389513,0.7187272506959924,0.4646757483581886,0.6816712905485961,0.5155784154389513,0.7187272506959924,1.0000000000000002,1.0,1.0,0.0,0.0,0.0008176363560291182,0.0,,,,0.9949878632066971,0.9920936147850364,0.6713286713286712,,0.15197341326064306,0.15195769171921208,1.6227617891270163
main_corrected_inverse_map_2026-08-31_v2,har,svm,0,HuberRidgeAIME,0.0,0.0,0,0,561,561,1.1474310830235481,0.97,0.08393525511090742,0.0048202500911429524,630,270,X ~= Y A^T,SVD normal-system solve,1.4829896149245003,1.48292744856348,77.68308143518456,77.69308143518461,115.20320302371296,115.21320302371299,77.69308143518462,1.1521320302371296e-10,41.26697893931903,7,True,0.9830780503627008,0.07301587301587302,0.01,1.0,rms,23.68543856465402,0.46508405631204114,0.68197071514255,0.5151527569304257,0.718542120077586,0.46508405631204114,0.68197071514255,0.5151527569304257,0.718542120077586,1.0,1.0,1.0,0.0,0.0,0.0008255036267374945,0.0,,,,0.9953050580409138,0.9935992750972498,0.7016317016317016,,0.17113810976285568,0.17111990392164222,1.6156026763402844
main_corrected_inverse_map_2026-08-31_v2,har,mlp,0,AIME,0.0,0.0,0,0,561,561,0.19439108297228813,0.9566666666666667,0.12493264191548682,0.0014321249909698963,630,270,X ~= Y A^T,SVD normal-system solve,1.4434070836365187,1.4434070836365187,81.47874507566287,81.47874507566287,117.60699780802591,117.60699780802591,81.47874507566281,1.176069978080259e-10,42.35761884139775,1,True,1.0,0.0,0.0,1.0,rms,23.68543856465402,0.44970646414279597,0.6706015688490417,0.5047615761973827,0.7119119205909932,0.44970646414279597,0.6706015688490417,0.5047615761973827,0.7119119205909932,1.0,1.0,1.0,0.0,0.0,0.0007211780325922936,0.0,,,,0.9956007147602669,0.990018708439378,0.3103174603174603,,0.15938883230213358,0.15938883230213358,1.6269315380004168
main_corrected_inverse_map_2026-08-31_v2,har,mlp,0,HuberAIME,0.0,0.0,0,0,561,561,0.19439108297228813,0.9566666666666667,0.12493264191548682,0.004676374956034124,630,270,X ~= Y A^T,SVD normal-system solve,1.459327178904776,1.459327178904776,80.1183789955271,80.1183789955271,116.91892799796621,116.91892799796621,80.11837899552708,1.1691892799796611e-10,41.49746199323951,7,True,0.9887009057590121,0.05238095238095238,0.0,1.0,rms,23.68543856465402,0.4464586451661185,0.6681756095265065,0.5083382309245321,0.7139525978081981,0.4464586451661185,0.6681756095265065,0.5083382309245321,0.7139525978081981,1.0000000000000002,1.0,1.0,0.0,0.0,0.0007486587574359931,0.0,,,,0.995617125502877,0.9915580393207545,0.3666666666666666,,0.1641526709635996,0.1641526709635996,1.6180215358437242
main_corrected_inverse_map_2026-08-31_v2,har,mlp,0,RidgeAIME,0.0,0.0,0,0,561,561,0.19439108297228813,0.9566666666666667,0.12493264191548682,0.0011812919983640313,630,270,X ~= Y A^T,SVD normal-system solve,1.4434070836365187,1.4433526703450614,81.47874507566287,81.48874507566285,117.60699780802591,117.61699780802594,81.48874507566282,1.1761699780802584e-10,42.353312780509405,1,True,1.0,0.0,0.01,1.0,rms,23.68543856465402,0.44970144873386797,0.6705978293536805,0.5047670994073213,0.7119126659810726,0.44970144873386797,0.6705978293536805,0.5047670994073213,0.7119126659810726,0.9999999999999999,1.0,1.0,0.0,0.0,0.0007211742674231373,0.0,,,,0.9956007265307052,0.9900193609171011,0.3103174603174603,,0.15938883230213358,0.15937246004102507,1.626887385529222
main_corrected_inverse_map_2026-08-31_v2,har,mlp,0,HuberRidgeAIME,0.0,0.0,0,0,561,561,0.19439108297228813,0.9566666666666667,0.12493264191548682,0.004736667033284903,630,270,X ~= Y A^T,SVD normal-system solve,1.459333757025417,1.459276432050311,80.11803428144793,80.12803428144805,116.91895197343656,116.92895197343653,80.12803428144797,1.1692895197343666e-10,41.493112935066115,7,True,0.988699867205605,0.05238095238095238,0.01,1.0,rms,23.68543856465402,0.4464556457488019,0.6681733650399437,0.5083415340273839,0.7139533110886612,0.4464556457488019,0.6681733650399437,0.5083415340273839,0.7139533110886612,1.0,1.0,1.0,0.0,0.0,0.0007486574613123381,0.0,,,,0.9956171099566478,0.9915580393207545,0.3666666666666666,,0.16415462860209096,0.16413756848185967,1.617976018097413
main_corrected_inverse_map_2026-08-31_v2,har,lgbm,0,AIME,0.0,0.25,0,100,561,661,12.445377958007157,0.9822222222222222,0.04862049267500061,0.0014898749068379402,630,270,X ~= Y A^T,SVD normal-system solve,1.3987030809568368,1.3987030809568368,85.07855691959345,85.07855691959345,118.99963968679697,118.99963968679697,85.07855691959344,1.1899963968679703e-10,46.0399722450032,1,True,1.0,0.0,0.0,1.0,rms,25.709920264364882,0.49654924016989455,0.7046625008966311,0.47941835785890186,0.6940475109484415,0.49654924016989455,0.7046625008966311,0.47941835785890186,0.6940475109484415,1.0,1.0,1.0,0.14930377627214794,0.0,0.0005530550140735549,0.0,,,,0.99512748685366,0.9882435930101124,0.27058823529411763,,0.14572553151259754,0.14572553151259754,1.6631350531452957
main_corrected_inverse_map_2026-08-31_v2,har,lgbm,0,HuberAIME,0.0,0.25,0,100,561,661,12.445377958007157,0.9822222222222222,0.04862049267500061,0.006229166989214718,630,270,X ~= Y A^T,SVD normal-system solve,1.4777099362513286,1.4777099362513286,79.57442669716134,79.57442669716134,117.58792100189831,117.58792100189831,79.57442669716127,1.1758792100189834e-10,45.021394811346106,8,True,0.9835215292379645,0.06984126984126984,0.0,1.0,rms,25.709920264364882,0.49474856059134253,0.703383651069132,0.4813061882212075,0.6947598400256317,0.49474856059134253,0.703383651069132,0.4813061882212075,0.6947598400256317,1.0000000000000002,1.0,1.0,0.14953898400850918,0.0,0.0005687090699585173,0.0,,,,0.9953913991508834,0.9919756167325579,0.319047619047619,,0.16958919356595104,0.16958919356595104,1.6534189457841653
main_corrected_inverse_map_2026-08-31_v2,har,lgbm,0,RidgeAIME,0.0,0.25,0,100,561,661,12.445377958007157,0.9822222222222222,0.04862049267500061,0.0013426659861579537,630,270,X ~= Y A^T,SVD normal-system solve,1.3987030809568368,1.3986562235302467,85.07855691959345,85.08855691959344,118.99963968679697,119.009639686797,85.08855691959342,1.1900963968679701e-10,46.03530959550822,1,True,1.0,0.0,0.01,1.0,rms,25.709920264364882,0.49654336541578636,0.7046583323964788,0.47942451694423194,0.6940479471070989,0.49654336541578636,0.7046583323964788,0.47942451694423194,0.6940479471070989,1.0,1.0,1.0,0.14930381813670449,0.0,0.0005530557906483243,0.0,,,,0.9951274393251642,0.9882445819162475,0.27058823529411763,,0.14572553151259754,0.14571098213256362,1.6630910682036701
main_corrected_inverse_map_2026-08-31_v2,har,lgbm,0,HuberRidgeAIME,0.0,0.25,0,100,561,661,12.445377958007157,0.9822222222222222,0.04862049267500061,0.005944874952547252,630,270,X ~= Y A^T,SVD normal-system solve,1.477721880677534,1.4776618531477026,79.57379796874643,79.58379796874638,117.58794238703011,117.59794238703014,79.58379796874645,1.175979423870302e-10,45.01661975509859,8,True,0.9835201532250187,0.06984126984126984,0.01,1.0,rms,25.709920264364882,0.49474489837412516,0.7033810477786029,0.4813100276854513,0.6947601076570408,0.49474489837412516,0.7033810477786029,0.4813100276854513,0.6947601076570408,1.0000000000000002,1.0,1.0,0.14953904416186362,0.0,0.0005687129529793697,0.0,,,,0.9953913703289163,0.9919758743467613,0.319047619047619,,0.16959270398250734,0.16957506185727445,1.6533728812281885
main_corrected_inverse_map_2026-08-31_v2,har,svm,0,AIME,0.0,0.25,0,100,561,661,1.3711127089336514,0.9633333333333334,0.09049141789862367,0.0013441670453175902,630,270,X ~= Y A^T,SVD normal-system solve,1.4287116431224753,1.4287116431224753,81.44943079303503,81.44943079303503,116.36775009970742,116.36775009970742,81.44943079303503,1.1636775009970741e-10,45.1637263568579,1,True,1.0,0.0,0.0,1.0,rms,25.709920264364882,0.49851089206629945,0.7060530377148019,0.4950714732719673,0.7041387733800326,0.49851089206629945,0.7060530377148019,0.4950714732719673,0.7041387733800326,1.0,1.0,1.0,0.14898135702856993,0.0,0.0006096192566263008,0.0,,,,0.9954781278154856,0.9925920542804763,0.5328282828282829,,0.15494458397806252,0.15494458397806252,1.6547897673861571
main_corrected_inverse_map_2026-08-31_v2,har,svm,0,HuberAIME,0.0,0.25,0,100,561,661,1.3711127089336514,0.9633333333333334,0.09049141789862367,0.005432791076600552,630,270,X ~= Y A^T,SVD normal-system solve,1.481516921286307,1.481516921286307,78.0997240501946,78.0997240501946,115.70606272815445,115.70606272815445,78.09972405019455,1.1570606272815442e-10,44.35658448089004,7,True,0.9870519135564798,0.06190476190476191,0.0,1.0,rms,25.709920264364882,0.5003430109693481,0.707349284985394,0.4932157683852145,0.7029663068874331,0.5003430109693481,0.707349284985394,0.4932157683852145,0.7029663068874331,1.0000000000000002,1.0,1.0,0.14916440415297358,0.0,0.0006185757349725123,0.0,,,,0.9954084449517981,0.9931601850102109,0.5772727272727274,,0.17070661618009425,0.17070661618009425,1.6469580974813944
main_corrected_inverse_map_2026-08-31_v2,har,svm,0,RidgeAIME,0.0,0.25,0,100,561,661,1.3711127089336514,0.9633333333333334,0.09049141789862367,0.0013306660111993551,630,270,X ~= Y A^T,SVD normal-system solve,1.4287116431224753,1.4286590142692,81.44943079303503,81.45943079303495,116.36775009970742,116.37775009970743,81.45943079303494,1.1637775009970737e-10,45.15906110145112,1,True,1.0,0.0,0.01,1.0,rms,25.709920264364882,0.4985119554631417,0.7060537907717384,0.4950703961853692,0.7041386551830332,0.4985119554631417,0.7060537907717384,0.4950703961853692,0.7041386551830332,1.0000000000000002,1.0,1.0,0.1489813890282669,0.0,0.0006096192365342129,0.0,,,,0.9954782077184884,0.992594771694814,0.5328282828282829,,0.15494458397806252,0.1549285857592036,1.6547449039637883
main_corrected_inverse_map_2026-08-31_v2,har,svm,0,HuberRidgeAIME,0.0,0.25,0,100,561,661,1.3711127089336514,0.9633333333333334,0.09049141789862367,0.005657625035382807,630,270,X ~= Y A^T,SVD normal-system solve,1.4815231889812577,1.4814615417042505,78.09940115265087,78.10940115265082,115.70607385320183,115.71607385320183,78.10940115265085,1.1571607385320184e-10,44.351870547231506,7,True,0.9870508998125958,0.06190476190476191,0.01,1.0,rms,25.709920264364882,0.5003458815598772,0.7073513141006224,0.4932128608398233,0.7029658214987905,0.5003458815598772,0.7073513141006224,0.4932128608398233,0.7029658214987905,0.9999999999999999,1.0,1.0,0.14916443605447774,0.0,0.0006185771280860148,0.0,,,,0.9954085488290796,0.9931602348710242,0.5772727272727274,,0.1707084534993542,0.1706903818083629,1.6469119409932167
main_corrected_inverse_map_2026-08-31_v2,har,mlp,0,AIME,0.0,0.25,0,100,561,661,0.1935992909129709,0.9411111111111111,0.13942311111919403,0.0013562089297920465,630,270,X ~= Y A^T,SVD normal-system solve,1.483252819545471,1.483252819545471,77.20941345287287,77.20941345287287,114.5210801994257,114.5210801994257,77.20941345287282,1.1452108019942563e-10,45.48942090761365,1,True,1.0,0.0,0.0,1.0,rms,25.709920264364882,0.4918267805517429,0.7013036293587414,0.5090892775783459,0.7140826196219426,0.4918267805517429,0.7013036293587414,0.5090892775783459,0.7140826196219426,1.0,1.0,1.0,0.14949644962536,0.01,0.0006294255247037061,0.0,,,,0.9946457162312509,0.9875575663867648,0.2818753142282554,,0.17121518256949528,0.17121518256949528,1.6579104081812697
main_corrected_inverse_map_2026-08-31_v2,har,mlp,0,HuberAIME,0.0,0.25,0,100,561,661,0.1935992909129709,0.9411111111111111,0.13942311111919403,0.005483541986905038,630,270,X ~= Y A^T,SVD normal-system solve,1.4850159446794555,1.4850159446794555,76.78308773072611,76.78308773072611,114.02410956184974,114.02410956184974,76.78308773072612,1.1402410956184969e-10,44.817646513895085,7,True,0.9859743311763295,0.06190476190476191,0.0,1.0,rms,25.709920264364882,0.49316880260370094,0.7022597828465623,0.5077497551263691,0.7133377336821717,0.49316880260370094,0.7022597828465623,0.5077497551263691,0.7133377336821717,1.0000000000000002,1.0,1.0,0.1495818549782828,0.01,0.0006420029976444034,0.0,,,,0.9949244135681419,0.9898547454779983,0.4636363636363637,,0.17173111671661687,0.17173111671661687,1.651449046914241
main_corrected_inverse_map_2026-08-31_v2,har,mlp,0,RidgeAIME,0.0,0.25,0,100,561,661,0.1935992909129709,0.9411111111111111,0.13942311111919403,0.0013087081024423242,630,270,X ~= Y A^T,SVD normal-system solve,1.483252819545471,1.4831902377674,77.20941345287287,77.2194134528729,114.5210801994257,114.53108019942573,77.21941345287289,1.1453108019942573e-10,45.484835003188,1,True,1.0,0.0,0.01,1.0,rms,25.709920264364882,0.4918289090354852,0.7013051468765114,0.5090871530590376,0.7140823413954763,0.4918289090354852,0.7013051468765114,0.5090871530590376,0.7140823413954763,0.9999999999999998,1.0,1.0,0.14949648663312426,0.01,0.0006294177343583514,0.0,,,,0.9946458636902967,0.9875579403428665,0.2818753142282554,,0.17121518256949528,0.17119685832031006,1.6578666236409436
main_corrected_inverse_map_2026-08-31_v2,har,mlp,0,HuberRidgeAIME,0.0,0.25,0,100,561,661,0.1935992909129709,0.9411111111111111,0.13942311111919403,0.005468207993544638,630,270,X ~= Y A^T,SVD normal-system solve,1.485016144354956,1.4849529855310812,76.7830931256886,76.79309312568861,114.02413290515761,114.03413290515766,76.79309312568857,1.1403413290515766e-10,44.81298817753393,7,True,0.985973269555973,0.06190476190476191,0.01,1.0,rms,25.709920264364882,0.49317246743826365,0.7022623921571364,0.5077460971177898,0.7133372112503604,0.49317246743826365,0.7022623921571364,0.5077460971177898,0.7133372112503604,1.0000000000000002,1.0,1.0,0.1495819049116098,0.01,0.000641996021458494,0.0,,,,0.9949245621140387,0.9898580778423698,0.4636363636363637,,0.17173117511192404,0.17171270385683896,1.651403904094818
main_corrected_inverse_map_2026-08-31_v2,har,lgbm,0,AIME,0.0,0.5,0,100,561,661,12.601876375032589,0.98,0.0879369761098492,0.0015963329933583736,630,270,X ~= Y A^T,SVD normal-system solve,1.3926061233786182,1.3926061233786182,85.45080963066569,85.45080963066569,118.99932073932564,118.99932073932564,85.45080963066567,1.1899932073932568e-10,46.004258784235574,1,True,1.0,0.0,0.0,1.0,rms,25.709920264364882,0.4578424610392501,0.6766405700512275,0.5198136996753118,0.7216858920196016,0.4578424610392501,0.6766405700512275,0.5198136996753118,0.7216858920196016,1.0,1.0,1.0,0.15183325773256964,0.01,0.0005761359952596067,0.0,,,,0.995517545654913,0.9912494770847182,0.44102564102564107,,0.14382830046450593,0.14382830046450593,1.6627980377876586
main_corrected_inverse_map_2026-08-31_v2,har,lgbm,0,HuberAIME,0.0,0.5,0,100,561,661,12.601876375032589,0.98,0.0879369761098492,0.005170124932192266,630,270,X ~= Y A^T,SVD normal-system solve,1.454847103764044,1.454847103764044,81.03642318761023,81.03642318761023,117.89560557389215,117.89560557389215,81.03642318761013,1.1789560557389214e-10,45.17954580183432,7,True,0.9853771073766713,0.06190476190476191,0.0,1.0,rms,25.709920264364882,0.4567925887521743,0.6758643271782987,0.5209148083147332,0.7224096041225182,0.4567925887521743,0.6758643271782987,0.5209148083147332,0.7224096041225182,1.0,1.0,1.0,0.15233680828117938,0.01,0.0005940355535301351,0.0,,,,0.9955849664790861,0.9925547667020848,0.4807692307692307,,0.16281735381629386,0.16281735381629386,1.6549418605651196
main_corrected_inverse_map_2026-08-31_v2,har,lgbm,0,RidgeAIME,0.0,0.5,0,100,561,661,12.601876375032589,0.98,0.0879369761098492,0.0013999579241499305,630,270,X ~= Y A^T,SVD normal-system solve,1.3926061233786182,1.3925601834764503,85.45080963066569,85.46080963066565,118.99932073932564,119.00932073932574,85.46080963066571,1.1900932073932566e-10,45.99961379993724,1,True,1.0,0.0,0.01,1.0,rms,25.709920264364882,0.45784105183873536,0.6766395287290976,0.5198151776482809,0.7216860910188667,0.45784105183873536,0.6766395287290976,0.5198151776482809,0.7216860910188667,1.0,1.0,1.0,0.1518332445341952,0.01,0.0005761386958498079,0.0,,,,0.9955176494888425,0.9912488953752268,0.44102564102564107,,0.14382830046450593,0.1438139735311638,1.6627541854802643
main_corrected_inverse_map_2026-08-31_v2,har,lgbm,0,HuberRidgeAIME,0.0,0.5,0,100,561,661,12.601876375032589,0.98,0.0879369761098492,0.005286916974000633,630,270,X ~= Y A^T,SVD normal-system solve,1.454853241083475,1.4547971183021386,81.03609754652867,81.04609754652863,117.89562916032386,117.90562916032388,81.04609754652861,1.179056291603239e-10,45.17482350341438,7,True,0.9853761699235931,0.06190476190476191,0.01,1.0,rms,25.709920264364882,0.45679302900132557,0.6758646528716571,0.5209143465803395,0.7224096648101785,0.45679302900132557,0.6758646528716571,0.5209143465803395,0.7224096648101785,1.0,1.0,1.0,0.15233681047367084,0.01,0.0005940392232588378,0.0,,,,0.9955850846542365,0.9925568608562532,0.4807692307692307,,0.16281918589770888,0.1628024321223504,1.6548964644616813
main_corrected_inverse_map_2026-08-31_v2,har,svm,0,AIME,0.0,0.5,0,100,561,661,1.316676166956313,0.9644444444444444,0.09453290490880559,0.0014638330321758986,630,270,X ~= Y A^T,SVD normal-system solve,1.454059195535908,1.454059195535908,80.33234997314469,80.33234997314469,116.80799217745978,116.80799217745978,80.33234997314473,1.168079921774598e-10,46.07342881182494,1,True,1.0,0.0,0.0,1.0,rms,25.709920264364882,0.5431793730824803,0.7370070373357912,0.49422877803325915,0.7041041090436266,0.5431793730824803,0.7370070373357912,0.49422877803325915,0.7041041090436266,1.0,1.0,1.0,0.1514801542445893,0.0,0.0005867776018556237,0.0,,,,0.9955097939715121,0.9886885259797278,0.30434173669467784,,0.16258208724605322,0.16258208724605322,1.6634505339076244
main_corrected_inverse_map_2026-08-31_v2,har,svm,0,HuberAIME,0.0,0.5,0,100,561,661,1.316676166956313,0.9644444444444444,0.09453290490880559,0.005577874951995909,630,270,X ~= Y A^T,SVD normal-system solve,1.5017787626430974,1.5017787626430974,77.2322126720881,77.2322126720881,115.98569678287701,115.98569678287701,77.23221267208808,1.1598569678287709e-10,45.26527705919234,7,True,0.9850196675528184,0.0746031746031746,0.0,1.0,rms,25.709920264364882,0.5465489368906423,0.73928948111727,0.49109127228616556,0.7021767278174333,0.5465489368906423,0.73928948111727,0.49109127228616556,0.7021767278174333,1.0,1.0,1.0,0.15177701823197337,0.0,0.0006105911883458709,0.0,,,,0.9957474686107162,0.9905374646673811,0.3840120663650075,,0.17660595847360347,0.17660595847360347,1.655765182939368
main_corrected_inverse_map_2026-08-31_v2,har,svm,0,RidgeAIME,0.0,0.5,0,100,561,661,1.316676166956313,0.9644444444444444,0.09453290490880559,0.0013805830385535955,630,270,X ~= Y A^T,SVD normal-system solve,1.454059195535908,1.4540026799876724,80.33234997314469,80.34234997314462,116.80799217745978,116.81799217745979,80.34234997314476,1.168179921774598e-10,46.06866668394132,1,True,1.0,0.0,0.01,1.0,rms,25.709920264364882,0.5431836653715337,0.7370099493029478,0.49422478134931425,0.7041033643001358,0.5431836653715337,0.7370099493029478,0.49422478134931425,0.7041033643001358,1.0,1.0,1.0,0.1514801663926766,0.0,0.000586773913544389,0.0,,,,0.995509901429716,0.9886890910689479,0.30434173669467784,,0.16258208724605322,0.162565207006365,1.6634056431147097
main_corrected_inverse_map_2026-08-31_v2,har,svm,0,HuberRidgeAIME,0.0,0.5,0,100,561,661,1.316676166956313,0.9644444444444444,0.09453290490880559,0.005346750025637448,630,270,X ~= Y A^T,SVD normal-system solve,1.5017886890399328,1.501723725609159,77.23171631052,77.24171631052,115.98571799027982,115.99571799027984,77.24171631052006,1.1599571799027982e-10,45.26044719220742,7,True,0.9850180614431905,0.0746031746031746,0.01,1.0,rms,25.709920264364882,0.5465551923589475,0.7392937118351186,0.4910854476249109,0.7021755022132418,0.5465551923589475,0.7392937118351186,0.4910854476249109,0.7021755022132418,1.0,1.0,1.0,0.15177703357844996,0.0,0.0006105886952801477,0.0,,,,0.9957476024628958,0.9905357361591784,0.3840120663650075,,0.17660882904630754,0.1765900422023595,1.6557188406515992
main_corrected_inverse_map_2026-08-31_v2,har,mlp,0,AIME,0.0,0.5,0,100,561,661,0.25284600001759827,0.9588888888888889,0.11430837808252059,0.001323707983829081,630,270,X ~= Y A^T,SVD normal-system solve,1.4424849557403718,1.4424849557403718,81.2084152500056,81.2084152500056,117.14191727765007,117.14191727765007,81.2084152500056,1.1714191727765e-10,46.95428964465493,1,True,1.0,0.0,0.0,1.0,rms,25.709920264364882,0.5018958602851065,0.7084460884817605,0.49737265705436806,0.7060109043794676,0.5018958602851065,0.7084460884817605,0.49737265705436806,0.7060109043794676,1.0000000000000002,1.0,1.0,0.15184700665218734,0.01,0.0006182744705573907,0.0,,,,0.9954596392006853,0.9870853180014658,0.3882395382395383,,0.1591112924184022,0.1591112924184022,1.6716752746405092
main_corrected_inverse_map_2026-08-31_v2,har,mlp,0,HuberAIME,0.0,0.5,0,100,561,661,0.25284600001759827,0.9588888888888889,0.11430837808252059,0.006041334010660648,630,270,X ~= Y A^T,SVD normal-system solve,1.4732398077115563,1.4732398077115563,78.75651607979515,78.75651607979515,116.0272346054295,116.0272346054295,78.75651607979516,1.1602723460542953e-10,45.73868553881515,8,True,0.982471380229984,0.06825396825396825,0.0,1.0,rms,25.709920264364882,0.5007075956545239,0.7076069499761318,0.4985626535083072,0.7065481742822641,0.5007075956545239,0.7076069499761318,0.4985626535083072,0.7065481742822641,1.0,1.0,1.0,0.15242568997512693,0.0,0.0006427539721571462,0.0,,,,0.9959417530531359,0.992774320484368,0.4010989010989011,,0.16827344520588303,0.16827344520588303,1.6602836794783804
main_corrected_inverse_map_2026-08-31_v2,har,mlp,0,RidgeAIME,0.0,0.5,0,100,561,661,0.25284600001759827,0.9588888888888889,0.11430837808252059,0.0013286670437082648,630,270,X ~= Y A^T,SVD normal-system solve,1.4424849557403718,1.4424304748748706,81.2084152500056,81.21841525000558,117.14191727765007,117.15191727764999,81.2184152500056,1.1715191727765002e-10,46.94951178787425,1,True,1.0,0.0,0.01,1.0,rms,25.709920264364882,0.5018921435724331,0.708443465332579,0.49737637918392386,0.7060113493928999,0.5018921435724331,0.708443465332579,0.49737637918392386,0.7060113493928999,1.0,1.0,1.0,0.15184703515044665,0.01,0.0006182701857507053,0.0,,,,0.9954596893079579,0.9870845202284491,0.3882395382395383,,0.1591112924184022,0.15909488934536356,1.6716310805438845
main_corrected_inverse_map_2026-08-31_v2,har,mlp,0,HuberRidgeAIME,0.0,0.5,0,100,561,661,0.25284600001759827,0.9588888888888889,0.11430837808252059,0.006087042042054236,630,270,X ~= Y A^T,SVD normal-system solve,1.4732485573585856,1.4731884745626525,78.75606772388484,78.76606772388482,116.02726315744842,116.03726315744845,78.76606772388477,1.1603726315744845e-10,45.733801898182044,8,True,0.9824703044917509,0.06825396825396825,0.01,1.0,rms,25.709920264364882,0.5007066219660028,0.7076062619607056,0.4985636286159201,0.7065484399864487,0.5007066219660028,0.7076062619607056,0.4985636286159201,0.7065484399864487,1.0,1.0,1.0,0.15242574722940663,0.0,0.000642751057465498,0.0,,,,0.9959418107300474,0.9927780932859258,0.4010989010989011,,0.16827602449550014,0.1682583125088179,1.660237306230205
main_corrected_inverse_map_2026-08-31_v2,har,lgbm,0,AIME,0.05,0.0,150,0,561,561,11.078744082944468,0.9744444444444444,0.0958901416649905,0.0011802909430116415,630,270,X ~= Y A^T,SVD normal-system solve,1.4033170575729248,1.4033170575729248,84.5171767532086,84.5171767532086,118.6043957956835,118.6043957956835,84.51717675320862,1.1860439579568358e-10,42.9537860873203,1,True,1.0,0.0,0.0,1.0,rms,23.68543856465402,0.47892526106036404,0.6920442623563641,0.5018128011101488,0.7096290067656201,1.351696350251548,1.1626247676062762,0.2639161539896573,0.5160177004369331,0.989297425817454,0.9748782942719092,0.17647058823529413,0.0,0.0,0.0009430524319320059,0.0,0.044444444444444446,1.0,1.0,0.9848604175383551,0.9699831204373041,0.24240163001772905,,0.14715580417021654,0.14715580417021654,1.6330014499917807
main_corrected_inverse_map_2026-08-31_v2,har,lgbm,0,HuberAIME,0.05,0.0,150,0,561,561,11.078744082944468,0.9744444444444444,0.0958901416649905,0.004969874978996813,630,270,X ~= Y A^T,SVD normal-system solve,1.498568813872087,1.498568813872087,76.59422933087085,76.59422933087085,114.78172339780974,114.78172339780974,76.59422933087082,1.1478172339780969e-10,41.707585903537314,7,True,0.948224940802118,0.1111111111111111,0.0,1.0,rms,23.68543856465402,0.4673548068563538,0.6836335325716212,0.5138486084447147,0.7175263168339066,1.340416867982661,1.1577637358211998,0.27005854291298526,0.5216561459977433,0.999428414133896,0.9985317219226676,0.42857142857142855,0.0,0.0,0.001000946844432692,0.0,0.9999999999999999,0.18731821459090897,0.9836159513235698,0.9949006390305956,0.9906042855125868,0.41245421245421243,,0.17567669042397158,0.17567669042397158,1.620215052969441
main_corrected_inverse_map_2026-08-31_v2,har,lgbm,0,RidgeAIME,0.05,0.0,150,0,561,561,11.078744082944468,0.9744444444444444,0.0958901416649905,0.0011896250071004033,630,270,X ~= Y A^T,SVD normal-system solve,1.4033170575729248,1.4032693430894816,84.5171767532086,84.52717675320856,118.6043957956835,118.61439579568348,84.52717675320858,1.1861439579568344e-10,42.94943538516758,1,True,1.0,0.0,0.01,1.0,rms,23.68543856465402,0.4789211347515629,0.6920412811036368,0.5018170933753321,0.7096292100812338,1.3516928034153073,1.1626232422480238,0.26391808546551043,0.5160178367897509,0.9892973810519892,0.974881556658972,0.17647058823529413,0.0,0.0,0.00094305336010269,0.0,0.044444444444444446,1.0,1.0,0.9848605027745305,0.9699823048409264,0.24240163001772905,,0.14715580417021654,0.1471410373795962,1.6329574589538065
main_corrected_inverse_map_2026-08-31_v2,har,lgbm,0,HuberRidgeAIME,0.05,0.0,150,0,561,561,11.078744082944468,0.9744444444444444,0.0958901416649905,0.004733624984510243,630,270,X ~= Y A^T,SVD normal-system solve,1.4985769249603904,1.498511839848498,76.59383618692915,76.60383618692916,114.78175550392817,114.79175550392816,76.6038361869292,1.1479175550392816e-10,41.70302392253688,7,True,0.9482238363957416,0.1111111111111111,0.01,1.0,rms,23.68543856465402,0.4673546892604778,0.6836334465636374,0.5138487307701898,0.7175264339400181,1.340417364973134,1.1577639504549855,0.2700582722703526,0.5216562063666073,0.9994284140875961,0.9985321297210503,0.42857142857142855,0.0,0.0,0.0010009494226471724,0.0,0.9999999999999999,0.1873181945600812,0.9836147964811209,0.9949007509481307,0.990605726399519,0.41245421245421243,,0.17567904106101054,0.17566017868677242,1.6201675471861565
main_corrected_inverse_map_2026-08-31_v2,har,svm,0,AIME,0.05,0.0,150,0,561,561,1.0998845408903435,0.9166666666666666,0.1953246569690552,0.0012060839217156172,630,270,X ~= Y A^T,SVD normal-system solve,1.5260012848934208,1.5260012848934208,75.1939195241449,75.1939195241449,114.7460178100176,114.7460178100176,75.1939195241448,1.1474601781001754e-10,42.16843246227153,1,True,1.0,0.0,0.0,1.0,rms,23.68543856465402,0.5708700088143994,0.7555594012481079,0.4750705240501235,0.690297264874099,1.7150110046801332,1.3095842869705383,0.22103033658096805,0.4726517628362343,0.9965257963736163,0.9987738182292853,0.6666666666666666,0.0,0.0,0.0013001204193808151,0.0,0.05238095238095238,1.0,1.0,0.9926541348930564,0.9878893622671807,0.39340659340659334,,0.18355489929506583,0.18355489929506583,1.6249874571770935
main_corrected_inverse_map_2026-08-31_v2,har,svm,0,HuberAIME,0.05,0.0,150,0,561,561,1.0998845408903435,0.9166666666666666,0.1953246569690552,0.004896749975159764,630,270,X ~= Y A^T,SVD normal-system solve,1.534148693149308,1.534148693149308,72.55489065251797,72.55489065251797,111.30999067615139,111.30999067615139,72.554890652518,1.1130999067615137e-10,41.49087563928727,7,True,0.9420503462919954,0.12380952380952381,0.0,1.0,rms,23.68543856465402,0.5704082697322681,0.7552537783634505,0.4754951048665377,0.6909009528055107,1.7145886350241781,1.3094230160739417,0.2212221797515599,0.4730252799187413,0.9996037793518081,0.9992540687914864,0.6666666666666666,0.0,0.0,0.0011209156195641284,0.0,0.9991087344028519,0.17990066092047874,0.9841792233728327,0.9953201203196571,0.990651746430521,0.4725274725274725,,0.18586745445304342,0.18586745445304342,1.617952600442319
main_corrected_inverse_map_2026-08-31_v2,har,svm,0,RidgeAIME,0.05,0.0,150,0,561,561,1.0998845408903435,0.9166666666666666,0.1953246569690552,0.0011737920576706529,630,270,X ~= Y A^T,SVD normal-system solve,1.5260012848934208,1.5259313415595877,75.1939195241449,75.20391952414481,114.7460178100176,114.75601781001755,75.20391952414484,1.1475601781001755e-10,42.16382255502577,1,True,1.0,0.0,0.01,1.0,rms,23.68543856465402,0.5708739353894576,0.7555619996992025,0.4750669134646036,0.6902965111298167,1.7150140359862127,1.3095854443243529,0.22102895974112846,0.4726512835079606,0.9965257245503568,0.9987730026325196,0.6666666666666666,0.0,0.0,0.0013001133569745156,0.0,0.05238095238095238,1.0,1.0,0.9926542098888852,0.9878923391939795,0.39340659340659334,,0.18355489929506583,0.18353499321740757,1.624939976950684
main_corrected_inverse_map_2026-08-31_v2,har,svm,0,HuberRidgeAIME,0.05,0.0,150,0,561,561,1.0998845408903435,0.9166666666666666,0.1953246569690552,0.00467841699719429,630,270,X ~= Y A^T,SVD normal-system solve,1.5341598939704566,1.5340862821125427,72.5543814876283,72.56438148762828,111.3100222101519,111.32002221015189,72.56438148762834,1.1132002221015191e-10,41.48619794560357,7,True,0.9420488428413822,0.12380952380952381,0.01,1.0,rms,23.68543856465402,0.5704143578662689,0.7552578088747371,0.475489506672656,0.6908997264869712,1.7145937734438548,1.3094249781655514,0.22121984584639243,0.47302447589405594,0.9996037779724898,0.9992534570939122,0.6666666666666666,0.0,0.0,0.0011209112322753336,0.0,0.9991087344028519,0.17990065414051096,0.9841776371916817,0.9953202862894491,0.9906525756201832,0.4725274725274725,,0.18587062522591682,0.18584978646535716,1.617903635192781
main_corrected_inverse_map_2026-08-31_v2,har,mlp,0,AIME,0.05,0.0,150,0,561,561,0.361584083060734,0.9366666666666666,0.34365405158030227,0.0012829579645767808,630,270,X ~= Y A^T,SVD normal-system solve,1.414180630196288,1.414180630196288,82.9811959138688,82.9811959138688,117.35039993191663,117.35039993191663,82.98119591386877,1.1735039993191659e-10,43.653759312681146,1,True,1.0,0.0,0.0,1.0,rms,23.68543856465402,0.5299808865718301,0.7279978616533362,0.4763567972779964,0.6918682883391853,1.9978127123253167,1.4134400278488355,0.1948608998712762,0.44438969917761195,0.9856235550110739,0.965247014015392,0.05263157894736842,0.0,0.0,0.0011086037459941936,0.0,0.06031746031746032,1.0,1.0,0.9830617653291087,0.9624047179531793,0.3103174603174603,,0.15050488448732133,0.15050488448732133,1.6400216496097921
main_corrected_inverse_map_2026-08-31_v2,har,mlp,0,HuberAIME,0.05,0.0,150,0,561,561,0.361584083060734,0.9366666666666666,0.34365405158030227,0.005292790941894054,630,270,X ~= Y A^T,SVD normal-system solve,1.5088727890936375,1.5088727890936375,73.37248306407008,73.37248306407008,110.7097431636091,110.7097431636091,73.37248306407014,1.107097431636092e-10,41.817136031202786,8,True,0.9324863054511973,0.13015873015873017,0.0,1.0,rms,23.68543856465402,0.5150142308265533,0.7176449197385524,0.491144476885065,0.7012880343740787,1.9833220029878236,1.4083046556011323,0.20070080498562315,0.4503130113991226,0.999123707740174,0.9974617609156692,0.5384615384615384,0.0,0.0,0.0010395410374536033,0.0,0.9999999999999999,0.18745244162346142,0.9803094250887883,0.994901122260041,0.9904066699471764,0.30965309200603314,,0.17865262657247305,0.17865262657247305,1.6213542855730725
main_corrected_inverse_map_2026-08-31_v2,har,mlp,0,RidgeAIME,0.05,0.0,150,0,561,561,0.361584083060734,0.9366666666666666,0.34365405158030227,0.0011729169636964798,630,270,X ~= Y A^T,SVD normal-system solve,1.414180630196288,1.4141307236217842,82.9811959138688,82.99119591386881,117.35039993191663,117.36039993191656,82.99119591386878,1.173603999319166e-10,43.64928629903287,1,True,1.0,0.0,0.01,1.0,rms,23.68543856465402,0.5299741976043671,0.7279932675542866,0.47636340625661044,0.691868693554538,1.997806708715745,1.4134379040890848,0.19486331938776957,0.4443899709647574,0.9856235953839037,0.9652544223526803,0.05263157894736842,0.0,0.0,0.0011086041339369746,0.0,0.06031746031746032,1.0,1.0,0.9830619033875314,0.96240761332032,0.3103174603174603,,0.15050488448732133,0.15048955792160168,1.639977147035271
main_corrected_inverse_map_2026-08-31_v2,har,mlp,0,HuberRidgeAIME,0.05,0.0,150,0,561,561,0.361584083060734,0.9366666666666666,0.34365405158030227,0.005262000020593405,630,270,X ~= Y A^T,SVD normal-system solve,1.5088825291604304,1.5088131821498079,73.37204265795447,73.38204265795449,110.70979329540133,110.71979329540126,73.38204265795453,1.107197932954013e-10,41.812408299620714,8,True,0.9324852991851715,0.13015873015873017,0.01,1.0,rms,23.68543856465402,0.5150136521150233,0.7176445165365811,0.49114504867617437,0.7012881072477509,1.9833221164225916,1.4083046958746503,0.20070075927024333,0.4503130813637194,0.9991237127850744,0.9974641397395692,0.5384615384615384,0.0,0.0,0.00103954813068537,0.0,0.9999999999999999,0.18745240126808504,0.9803083568217414,0.9949012094005972,0.9904069418126358,0.30965309200603314,,0.17865543001862122,0.17863546973969563,1.6213051826452345
main_corrected_inverse_map_2026-08-31_v2,har,lgbm,0,AIME,0.05,0.25,150,100,561,661,11.428423791076057,0.9766666666666667,0.0814178247347473,0.0013506660470739007,630,270,X ~= Y A^T,SVD normal-system solve,1.4669051667407107,1.4669051667407107,81.18433811981929,81.18433811981929,119.08972504638776,119.08972504638776,81.1843381198193,1.1908972504638779e-10,44.654919629360926,1,True,1.0,0.0,0.0,1.0,rms,25.709920264364882,0.5215710840397711,0.7221987842967967,0.4737571030179426,0.6890826587274353,1.5977847151712143,1.2640350925394495,0.22121891408331085,0.4728994211810398,0.985281131081978,0.9739336052769426,0.05263157894736842,0.14443746507191169,0.0,0.0008806109441947536,0.0,0.050793650793650794,1.0,1.0,0.9814426677478622,0.966950742946465,0.1700034399724802,,0.16640203825195718,0.16640203825195718,1.6498693120529497
main_corrected_inverse_map_2026-08-31_v2,har,lgbm,0,HuberAIME,0.05,0.25,150,100,561,661,11.428423791076057,0.9766666666666667,0.0814178247347473,0.005383457988500595,630,270,X ~= Y A^T,SVD normal-system solve,1.5046468593505926,1.5046468593505926,75.24135087947454,75.24135087947454,113.21166229409731,113.21166229409731,75.24135087947452,1.1321166229409729e-10,43.65845675898486,7,True,0.9475865799904952,0.1111111111111111,0.0,1.0,rms,25.709920264364882,0.5094031497838447,0.7137248417869766,0.48603402781126126,0.6979191883079433,1.5857559567858839,1.2592680242052856,0.22708188762950188,0.4788404114381384,0.9993079919709815,0.9987089169349843,0.42857142857142855,0.14481021193200685,0.0,0.0007942229520535123,0.0,1.0,0.1857291918065014,0.9883548683214113,0.9949066133836435,0.9929553691962567,0.5047619047619046,,0.1774345829653514,0.1774345829653514,1.6400683801843323
main_corrected_inverse_map_2026-08-31_v2,har,lgbm,0,RidgeAIME,0.05,0.25,150,100,561,661,11.428423791076057,0.9766666666666667,0.0814178247347473,0.0013405840145424008,630,270,X ~= Y A^T,SVD normal-system solve,1.4669051667407107,1.4668476620947526,81.18433811981929,81.19433811981928,119.08972504638776,119.09972504638776,81.19433811981934,1.1909972504638772e-10,44.65041637613562,1,True,1.0,0.0,0.01,1.0,rms,25.709920264364882,0.5215697478677541,0.7221978592240177,0.4737584511583105,0.6890824402973054,1.597782386525544,1.2640341714232033,0.22122004909554793,0.4728991955135511,0.9852811200984152,0.9739369708808775,0.05263157894736842,0.144437378687309,0.0,0.0008806112910511927,0.0,0.050793650793650794,1.0,1.0,0.9814427781482029,0.9669512166239181,0.1700034399724802,,0.16640203825195718,0.16638501299326386,1.6498255131465127
main_corrected_inverse_map_2026-08-31_v2,har,lgbm,0,HuberRidgeAIME,0.05,0.25,150,100,561,661,11.428423791076057,0.9766666666666667,0.0814178247347473,0.005735083948820829,630,270,X ~= Y A^T,SVD normal-system solve,1.5046550917377577,1.5045880287951214,75.2409615431876,75.25096154318759,113.21169589320203,113.2216958932021,75.2509615431876,1.1322169589320202e-10,43.65373879719663,7,True,0.9475855843205961,0.1111111111111111,0.01,1.0,rms,25.709920264364882,0.5094053683873712,0.7137263960281777,0.48603178933527447,0.6979188320166415,1.5857571151591248,1.2592684841443165,0.2270813230232931,0.478840073421768,0.9993079893181581,0.9987085222036587,0.42857142857142855,0.14481006450843653,0.0,0.000794226734276148,0.0,1.0,0.18572914322637063,0.9883538219711233,0.9949067541662657,0.9929562583802476,0.5047619047619046,,0.17743695911794544,0.17741760204723672,1.6400214455090696
main_corrected_inverse_map_2026-08-31_v2,har,svm,0,AIME,0.05,0.25,150,100,561,661,1.2639749579830095,0.9266666666666666,0.18712025001713528,0.0013882089406251907,630,270,X ~= Y A^T,SVD normal-system solve,1.5129402379527492,1.5129402379527492,75.12028692104184,75.12028692104184,113.65250476939984,113.65250476939984,75.12028692104185,1.1365250476939988e-10,46.250882758051276,1,True,1.0,0.0,0.0,1.0,rms,25.709920264364882,0.4880480891386359,0.698604386715855,0.4942902582160458,0.7039137808373321,2.222725094230636,1.4908806438580642,0.16000944540625894,0.403442385651388,0.9970174871833839,0.9988337766859056,0.6666666666666666,0.14589395357319015,0.0,0.0010260104861744505,0.0,0.05555555555555555,1.0,1.0,0.9915465361317312,0.9895024766267186,0.30238095238095236,,0.17982177346935507,0.17982177346935507,1.6651200262273083
main_corrected_inverse_map_2026-08-31_v2,har,svm,0,HuberAIME,0.05,0.25,150,100,561,661,1.2639749579830095,0.9266666666666666,0.18712025001713528,0.006202624994330108,630,270,X ~= Y A^T,SVD normal-system solve,1.5349738312119259,1.5349738312119259,71.0533455527742,71.0533455527742,109.06502604356668,109.06502604356668,71.05334555277422,1.0906502604356665e-10,45.21339129743682,8,True,0.9378139175699677,0.12857142857142856,0.0,1.0,rms,25.709920264364882,0.483753378276027,0.695523815750422,0.49874038755719297,0.7068800636016754,2.219105991318808,1.4896664026951831,0.1613771414249564,0.4048507830260123,0.9995805583667267,0.9994773549494725,0.6666666666666666,0.14547675705949373,0.0,0.0008737793905826468,0.0,0.9975496865412832,0.1861008287577956,0.982032334558919,0.9949593968610934,0.9923874216198854,0.38767507002801116,,0.18610097586718893,0.18610097586718893,1.6552670831574159
main_corrected_inverse_map_2026-08-31_v2,har,svm,0,RidgeAIME,0.05,0.25,150,100,561,661,1.2639749579830095,0.9266666666666666,0.18712025001713528,0.0013283330481499434,630,270,X ~= Y A^T,SVD normal-system solve,1.5129402379527492,1.5128719645228215,75.12028692104184,75.13028692104184,113.65250476939984,113.66250476939982,75.13028692104191,1.1366250476939983e-10,46.24577540772954,1,True,1.0,0.0,0.01,1.0,rms,25.709920264364882,0.48804520790748773,0.6986023245792184,0.4942932437141808,0.7039141217227051,2.2227206689734786,1.490879159748864,0.1600111177562149,0.4034424996863677,0.9970174040063332,0.998833070324586,0.6666666666666666,0.1458938119078035,0.0,0.0010260082297921325,0.0,0.05555555555555555,1.0,1.0,0.9915464385735092,0.9895022023924035,0.30238095238095236,,0.17982177346935507,0.17980217491405875,1.6650720657040177
main_corrected_inverse_map_2026-08-31_v2,har,svm,0,HuberRidgeAIME,0.05,0.25,150,100,561,661,1.2639749579830095,0.9266666666666666,0.18712025001713528,0.006105958018451929,630,270,X ~= Y A^T,SVD normal-system solve,1.5349844898241567,1.5349092065531031,71.05286460863296,71.06286460863289,109.06504513182735,109.07504513182731,71.06286460863295,1.0907504513182736e-10,45.20821063621347,8,True,0.9378124987091478,0.12857142857142856,0.01,1.0,rms,25.709920264364882,0.4837533132686929,0.6955237690177762,0.4987404549170349,0.7068800870383569,2.2191040964962476,1.4896657667061588,0.16137785749778844,0.4048506800235587,0.99958054686411,0.9994773549494725,0.6666666666666666,0.14547658974703917,0.0,0.0008737835850550768,0.0,0.9975496865412832,0.18610082641025108,0.9820308323737889,0.9949594803627795,0.9923877290947237,0.38767507002801116,,0.18610399152798465,0.18608269104501135,1.6552173177797571
main_corrected_inverse_map_2026-08-31_v2,har,mlp,0,AIME,0.05,0.25,150,100,561,661,0.30687612493056804,0.9322222222222222,0.2694238421104375,0.0014600000577047467,630,270,X ~= Y A^T,SVD normal-system solve,1.4209437234678595,1.4209437234678595,81.47783571668914,81.47783571668914,115.77541926337483,115.77541926337483,81.47783571668909,1.1577541926337481e-10,45.990653710046765,1,True,1.0,0.0,0.0,1.0,rms,25.709920264364882,0.5819749712059287,0.7628728407840514,0.4598916000612333,0.6788808187912886,1.8904244832249781,1.3749270828756621,0.20484163711920578,0.4549332847529761,0.9857108692619289,0.9716157221570544,0.17647058823529413,0.14488465201208145,0.0,0.0009187903487653616,0.0,0.047619047619047616,1.0,1.0,0.9838165221192373,0.9683679110948973,0.3103174603174603,,0.1525768780180059,0.1525768780180059,1.6626695826692404
main_corrected_inverse_map_2026-08-31_v2,har,mlp,0,HuberAIME,0.05,0.25,150,100,561,661,0.30687612493056804,0.9322222222222222,0.2694238421104375,0.005229332949966192,630,270,X ~= Y A^T,SVD normal-system solve,1.5263483260651187,1.5263483260651187,73.1853929195869,73.1853929195869,111.70640197522947,111.70640197522947,73.18539291958693,1.1170640197522948e-10,44.65078721125179,7,True,0.9485860511555363,0.10634920634920635,0.0,1.0,rms,25.709920264364882,0.5716753540476273,0.7560921597580729,0.46945027529399286,0.6860887623037233,1.8807437648214702,1.3714021163836194,0.20891358194723264,0.45943328084357826,0.9991703417316857,0.9981408362312922,0.42857142857142855,0.14451117707239014,0.0,0.0009119854821854536,0.0,1.0,0.18465204673812144,0.9867827513764069,0.9948077034744098,0.9909924581408326,0.4534798534798535,,0.1836536547364281,0.1836536547364281,1.6498291200776216
main_corrected_inverse_map_2026-08-31_v2,har,mlp,0,RidgeAIME,0.05,0.25,150,100,561,661,0.30687612493056804,0.9322222222222222,0.2694238421104375,0.0013665829319506884,630,270,X ~= Y A^T,SVD normal-system solve,1.4209437234678595,1.4208920662211353,81.47783571668914,81.48783571668915,115.77541926337483,115.78541926337488,81.48783571668918,1.1578541926337484e-10,45.985986326838386,1,True,1.0,0.0,0.01,1.0,rms,25.709920264364882,0.5819745023771873,0.7628725335055571,0.4598920351630056,0.6788804518725791,1.8904234432174094,1.3749267046709834,0.20484207457159975,0.45493307892914936,0.9857110657737256,0.9716160130117153,0.17647058823529413,0.1448845525540912,0.0,0.0009187869105495237,0.0,0.047619047619047616,1.0,1.0,0.9838167227091155,0.9683661077965231,0.3103174603174603,,0.1525768780180059,0.1525610893103779,1.662625505852056
main_corrected_inverse_map_2026-08-31_v2,har,mlp,0,HuberRidgeAIME,0.05,0.25,150,100,561,661,0.30687612493056804,0.9322222222222222,0.2694238421104375,0.005229458911344409,630,270,X ~= Y A^T,SVD normal-system solve,1.5263558543723914,1.5262839429681019,73.18504598512092,73.19504598512098,111.70642339190199,111.71642339190198,73.195045985121,1.1171642339190198e-10,44.64587533566863,7,True,0.9485848429118047,0.10634920634920635,0.01,1.0,rms,25.709920264364882,0.5716796723567049,0.7560950154290828,0.4694462676388156,0.6860877582478887,1.8807473960292511,1.3714034402863553,0.20891205457321693,0.4594326628504934,0.9991703507961208,0.998143079967249,0.42857142857142855,0.144511026363012,0.0,0.0009119851323214659,0.0,1.0,0.18465201072186727,0.9867814845213017,0.9948078384965433,0.9909928071663245,0.4534798534798535,,0.18365579677320162,0.1836353353181018,1.6497813422457774
main_corrected_inverse_map_2026-08-31_v2,har,lgbm,0,AIME,0.05,0.5,150,100,561,661,11.88570616603829,0.9777777777777777,0.07784471871931463,0.0013539169449359179,630,270,X ~= Y A^T,SVD normal-system solve,1.4070318595923808,1.4070318595923808,84.57526856796675,84.57526856796675,119.00009740871128,119.00009740871128,84.5752685679667,1.1900009740871126e-10,45.23607396353582,1,True,1.0,0.0,0.0,1.0,rms,25.709920264364882,0.47238086065885826,0.6872996876609637,0.5021363560782837,0.7094220748079968,0.9495880247905759,0.9744680727404956,0.33379691341537787,0.5793215538762556,0.9878703239858619,0.9794618174934785,0.05263157894736842,0.14252827575729293,0.0,0.000806378760632125,0.0,0.046031746031746035,1.0,1.0,0.9838468578144302,0.9712763591673207,0.24820138581748488,,0.14830393132850214,0.14830393132850214,1.6554849054938938
main_corrected_inverse_map_2026-08-31_v2,har,lgbm,0,HuberAIME,0.05,0.5,150,100,561,661,11.88570616603829,0.9777777777777777,0.07784471871931463,0.006069540977478027,630,270,X ~= Y A^T,SVD normal-system solve,1.4358261113661135,1.4358261113661135,79.30567815220594,79.30567815220594,113.8691634705344,113.8691634705344,79.30567815220601,1.1386916347053443e-10,44.07157636026683,8,True,0.9459845272042858,0.12222222222222222,0.0,1.0,rms,25.709920264364882,0.4616485401966021,0.6794472313554616,0.5134476360603344,0.7173793406142204,0.9393641785802508,0.9692080161555882,0.3409696638337366,0.5855185550895833,0.9993934661060352,0.9989507210349797,0.5384615384615384,0.1427885443274343,0.0,0.0007798795635157301,0.0,0.9999999999999998,0.18907615565635458,0.9825075601075971,0.9947532207407006,0.9924548936348625,0.4534798534798535,,0.15710184697667762,0.15710184697667762,1.6441585847128166
main_corrected_inverse_map_2026-08-31_v2,har,lgbm,0,RidgeAIME,0.05,0.5,150,100,561,661,11.88570616603829,0.9777777777777777,0.07784471871931463,0.001303749973885715,630,270,X ~= Y A^T,SVD normal-system solve,1.4070318595923808,1.4069837387001163,84.57526856796675,84.58526856796676,119.00009740871128,119.0100974087113,84.58526856796671,1.1901009740871127e-10,45.23151077221345,1,True,1.0,0.0,0.01,1.0,rms,25.709920264364882,0.47237939117655137,0.6872986186342522,0.5021379048324286,0.7094220375206393,0.9495866139715945,0.9744673488483822,0.3337979032045659,0.5793215564773605,0.9878702072523073,0.9794618174934785,0.05263157894736842,0.14252821190798592,0.0,0.0008063813803707345,0.0,0.046031746031746035,1.0,1.0,0.9838468357701364,0.9712732262480056,0.24820138581748488,,0.14830393132850214,0.1482890780789399,1.6554410938055715
main_corrected_inverse_map_2026-08-31_v2,har,lgbm,0,HuberRidgeAIME,0.05,0.5,150,100,561,661,11.88570616603829,0.9777777777777777,0.07784471871931463,0.006115167052485049,630,270,X ~= Y A^T,SVD normal-system solve,1.4358324103512865,1.435777461030808,79.3053412204887,79.31534122048873,113.86917923834552,113.8791792383455,79.31534122048876,1.1387917923834559e-10,44.066802611554486,8,True,0.9459834332460098,0.12063492063492064,0.01,1.0,rms,25.709920264364882,0.46165078783598146,0.6794488853740077,0.5134452671711078,0.7173791327553308,0.9393664251201188,0.9692091751113991,0.340968087727304,0.5855184278324613,0.9993934541489106,0.9989499315723284,0.5384615384615384,0.14278845902423518,0.0,0.0007798844776253609,0.0,0.9999999999999998,0.18907612222868442,0.9825064149756312,0.9947533549200538,0.9924547606727689,0.4534798534798535,,0.15710375222723685,0.15708713145509864,1.6441115402186932
main_corrected_inverse_map_2026-08-31_v2,har,svm,0,AIME,0.05,0.5,150,100,561,661,1.2653415829408914,0.9255555555555556,0.18183594063582342,0.0013427920639514923,630,270,X ~= Y A^T,SVD normal-system solve,1.5128674109430127,1.5128674109430127,74.35673130646242,74.35673130646242,112.49187557779307,112.49187557779307,74.35673130646235,1.12491875577793e-10,45.49818795390343,1,True,1.0,0.0,0.0,1.0,rms,25.709920264364882,0.4502257006452461,0.6709885994897723,0.4965458493802617,0.706201818466159,1.9127142439359486,1.3830091264832451,0.17742277692081942,0.42483319295590904,0.9972323590678744,0.999265238800237,0.8181818181818182,0.142627011229098,0.0,0.0012050475726353624,0.0,0.05396825396825397,1.0,1.0,0.9932261862680244,0.9906113804747662,0.39999999999999997,,0.17980086773301077,0.17980086773301077,1.6579941004529024
main_corrected_inverse_map_2026-08-31_v2,har,svm,0,HuberAIME,0.05,0.5,150,100,561,661,1.2653415829408914,0.9255555555555556,0.18183594063582342,0.005180250038392842,630,270,X ~= Y A^T,SVD normal-system solve,1.5285396180951654,1.5285396180951654,71.41417002323162,71.41417002323162,109.15938817389367,109.15938817389367,71.41417002323159,1.0915938817389372e-10,44.6044231404279,7,True,0.9453323486392036,0.10634920634920635,0.0,1.0,rms,25.709920264364882,0.44545972463119193,0.6674276924365604,0.5018752883762827,0.70943867348702,1.9078977338361012,1.3812667135047094,0.17949415350800513,0.4269080930849746,0.9996741766403258,0.9996362031450704,0.8181818181818182,0.1424736896690699,0.0,0.000999267678901451,0.0,1.0,0.18240126418892588,0.9888552628528099,0.9951903980041313,0.9915641286557826,0.4124542124542125,,0.1842766996516611,0.1842766996516611,1.6493779271030236
main_corrected_inverse_map_2026-08-31_v2,har,svm,0,RidgeAIME,0.05,0.5,150,100,561,661,1.2653415829408914,0.9255555555555556,0.18183594063582342,0.0013281250139698386,630,270,X ~= Y A^T,SVD normal-system solve,1.5128674109430127,1.5127984463130064,74.35673130646242,74.36673130646236,112.49187557779307,112.50187557779307,74.36673130646236,1.1250187557779303e-10,45.49314042050646,1,True,1.0,0.0,0.01,1.0,rms,25.709920264364882,0.4502200519785183,0.670984390264422,0.4965521658670937,0.7062027101967815,1.9127086874030557,1.3830071176255947,0.17742516654980434,0.424833668123939,0.997232284069315,0.9992659867122224,0.8181818181818182,0.1426268854878573,0.0,0.0012050439566410902,0.0,0.05396825396825397,1.0,1.0,0.9932260476853305,0.9906114968165968,0.39999999999999997,,0.17980086773301077,0.1797810698044381,1.6579459174899114
main_corrected_inverse_map_2026-08-31_v2,har,svm,0,HuberRidgeAIME,0.05,0.5,150,100,561,661,1.2653415829408914,0.9255555555555556,0.18183594063582342,0.00518312503118068,630,270,X ~= Y A^T,SVD normal-system solve,1.5285491150737496,1.5284751131885206,71.41373649451104,71.42373649451103,109.15940372279479,109.16940372279483,71.42373649451093,1.0916940372279481e-10,44.59933610251937,7,True,0.9453311537482048,0.10634920634920635,0.01,1.0,rms,25.709920264364882,0.4454563892178164,0.6674251937242228,0.5018790181227311,0.7094395284751984,1.9078944103917639,1.381265510461969,0.1794955827803716,0.42690853048100397,0.9996741767132249,0.9996371588103854,0.8181818181818182,0.14247352538507393,0.0,0.000999268567796659,0.0,1.0,0.1824012586964393,0.9888540001102183,0.9951903214881233,0.9915637962505522,0.4124542124542125,,0.1842793979609049,0.18425837188586464,1.6493283939328063
main_corrected_inverse_map_2026-08-31_v2,har,mlp,0,AIME,0.05,0.5,150,100,561,661,0.20255620905663818,0.9311111111111111,0.29702269629382105,0.0013267920585349202,630,270,X ~= Y A^T,SVD normal-system solve,1.754664001760705,1.754664001760705,67.137001159803,67.137001159803,117.80287912127302,117.80287912127302,67.13700115980298,1.1780287912127304e-10,45.89252198134556,1,True,1.0,0.0,0.0,1.0,rms,25.709920264364882,0.4902848569487822,0.700203439686483,0.4802346887875234,0.6942243438599273,1.7309214944143658,1.315644896776621,0.2054498991499467,0.4562445581728989,0.9796330529831322,0.9609955797155543,0.1111111111111111,0.14463786451631833,0.01,0.0009873475297492939,0.0,0.06349206349206349,1.0,1.0,0.9761655187899707,0.9527009628533001,0.22719298245614034,,0.24419396629951579,0.24419396629951579,1.66174192460436
main_corrected_inverse_map_2026-08-31_v2,har,mlp,0,HuberAIME,0.05,0.5,150,100,561,661,0.20255620905663818,0.9311111111111111,0.29702269629382105,0.005872250068932772,630,270,X ~= Y A^T,SVD normal-system solve,1.7666863993714021,1.7666863993714021,62.83518534697698,62.83518534697698,111.01006735448544,111.01006735448544,62.835185346976935,1.1101006735448541e-10,44.0230217980001,8,True,0.9351545156428789,0.12698412698412698,0.0,1.0,rms,25.709920264364882,0.4739869391094809,0.6884670937012756,0.4975125879879564,0.7058518921418474,1.7150552026616743,1.3096011616754448,0.21273305078501414,0.4636525244199097,0.9989301856471967,0.9975377075409437,0.42857142857142855,0.14288295528014539,0.0,0.0009093477042857416,0.0,1.0,0.19014689594634393,0.9856635068087456,0.9941281606555321,0.9886680813279259,0.4214285714285714,,0.24715946568693037,0.24715946568693037,1.643679849783779
main_corrected_inverse_map_2026-08-31_v2,har,mlp,0,RidgeAIME,0.05,0.5,150,100,561,661,0.20255620905663818,0.9311111111111111,0.29702269629382105,0.0013611249160021544,630,270,X ~= Y A^T,SVD normal-system solve,1.754664001760705,1.754551611931118,67.137001159803,67.147001159803,117.80287912127302,117.812879121273,67.14700115980298,1.1781287912127305e-10,45.887742601446995,1,True,1.0,0.0,0.01,1.0,rms,25.709920264364882,0.49027928490796285,0.7001994608023937,0.4802405958709046,0.6942251886445318,1.7309157303785927,1.3156427062005067,0.205452545032628,0.45624514877791267,0.9796336039492203,0.9609976987995132,0.1111111111111111,0.1446376706263677,0.01,0.000987334949619385,0.0,0.06349206349206349,1.0,1.0,0.9761659720188185,0.9526995833715948,0.22719298245614034,,0.24419396629951579,0.24416614795593045,1.6616966935663329
main_corrected_inverse_map_2026-08-31_v2,har,mlp,0,HuberRidgeAIME,0.05,0.5,150,100,561,661,0.20255620905663818,0.9311111111111111,0.29702269629382105,0.005843833088874817,630,270,X ~= Y A^T,SVD normal-system solve,1.7666863922105687,1.766564396189596,62.83519659610528,62.84519659610522,111.01008677821504,111.02008677821507,62.845196596105225,1.1102008677821508e-10,44.01803122681005,8,True,0.935153261466087,0.12698412698412698,0.01,1.0,rms,25.709920264364882,0.4739872474816399,0.6884673176568659,0.4975122610736148,0.7058523459058597,1.7150552976790256,1.3096011979526536,0.2127330071689134,0.46365286297141667,0.9989302170289506,0.9975387047569246,0.42857142857142855,0.14288272689954512,0.0,0.0009093358266490033,0.0,1.0,0.19014681936755365,0.9856621727948013,0.9941283267960304,0.9886671090426274,0.4214285714285714,,0.24715946392662336,0.24712947330217203,1.643630614172499
main_corrected_inverse_map_2026-08-31_v2,har,lgbm,0,AIME,0.1,0.0,300,0,561,561,10.839095666073263,0.9722222222222222,0.08003387618941778,0.0011994580272585154,630,270,X ~= Y A^T,SVD normal-system solve,1.4163793364543067,1.4163793364543067,84.54022659406495,84.54022659406495,119.74103004699845,119.74103004699845,84.54022659406488,1.197410300469984e-10,42.66042552659627,1,True,1.0,0.0,0.0,1.0,rms,23.68543856465402,0.48673648099918815,0.6976650206217796,0.4925802385375544,0.7032340009617509,3.237369377861707,1.7992691232446876,0.1250384278073593,0.3575057326727967,0.9746051676954561,0.9531017246950118,0.17647058823529413,0.0,0.0,0.001088239418726377,0.0,0.10317460317460317,1.0,1.0,0.9681930148584886,0.9470999024003002,0.2372549019607843,,0.15117958221391015,0.15117958221391015,1.630025183108979
main_corrected_inverse_map_2026-08-31_v2,har,lgbm,0,HuberAIME,0.1,0.0,300,0,561,561,10.839095666073263,0.9722222222222222,0.08003387618941778,0.0046374580124393106,630,270,X ~= Y A^T,SVD normal-system solve,1.4612940827135008,1.4612940827135008,74.08541132319507,74.08541132319507,108.26057318198076,108.26057318198076,74.08541132319515,1.0826057318198073e-10,40.820162216140794,7,True,0.9018550616062103,0.16984126984126985,0.0,1.0,rms,23.68543856465402,0.46302784386401885,0.6804614932999654,0.5172963456496229,0.7201105695480943,3.2135410950602994,1.7926352375930523,0.13147848124245454,0.3661404679885108,0.9985336569549544,0.9963888093871964,0.5384615384615384,0.0,0.0,0.0010816082268874582,0.0,0.9999999999999998,0.19315079667722176,0.9833874106688371,0.9937162547072796,0.990226287214983,0.46007326007326005,,0.1647376256860279,0.1647376256860279,1.6108747262358782
main_corrected_inverse_map_2026-08-31_v2,har,lgbm,0,RidgeAIME,0.1,0.0,300,0,561,561,10.839095666073263,0.9722222222222222,0.08003387618941778,0.0011565419845283031,630,270,X ~= Y A^T,SVD normal-system solve,1.4163793364543067,1.4163300900651214,84.54022659406495,84.55022659406495,119.74103004699845,119.75103004699844,84.5502265940649,1.197510300469984e-10,42.65612705269823,1,True,1.0,0.0,0.01,1.0,rms,23.68543856465402,0.48673228466695156,0.6976620132033502,0.4925846131878746,0.7032339613890563,3.2373651813522915,1.7992679570737349,0.12503956199504296,0.35750570091953315,0.9746051378982927,0.9530986662071406,0.17647058823529413,0.0,0.0,0.001088239946457384,0.0,0.10317460317460317,1.0,1.0,0.9681931144798979,0.9471006092504941,0.2372549019607843,,0.15117958221391015,0.15116448187578246,1.6299814212963022
main_corrected_inverse_map_2026-08-31_v2,har,lgbm,0,HuberRidgeAIME,0.1,0.0,300,0,561,561,10.839095666073263,0.9722222222222222,0.08003387618941778,0.004610083065927029,630,270,X ~= Y A^T,SVD normal-system solve,1.4613024104586847,1.4612401522368543,74.08501859966242,74.09501859966237,108.26061625856318,108.2706162585632,74.09501859966235,1.082706162585632e-10,40.81552125383966,7,True,0.9018539814744689,0.16984126984126985,0.01,1.0,rms,23.68543856465402,0.46303067562309447,0.6804635740604301,0.5172933935583564,0.7201103614564254,3.2135439075642096,1.7926360220536153,0.13147772110897715,0.3661403561844798,0.9985336509152223,0.9963864645464952,0.5384615384615384,0.0,0.0,0.0010816114753921882,0.0,0.9999999999999998,0.19315072420104407,0.98338621461212,0.9937163488080758,0.9902272795239092,0.46007326007326005,,0.16474010067276557,0.16472159733081718,1.610825347233104
main_corrected_inverse_map_2026-08-31_v2,har,svm,0,AIME,0.1,0.0,300,0,561,561,1.2727128330152482,0.8944444444444445,0.25279251194302416,0.0011841669911518693,630,270,X ~= Y A^T,SVD normal-system solve,1.6132505835520057,1.6132505835520057,69.45159254796292,69.45159254796292,112.0428222066173,112.0428222066173,69.45159254796287,1.120428222066173e-10,42.55498707126595,1,True,1.0,0.0,0.0,1.0,rms,23.68543856465402,0.4545744268452389,0.6742213485534546,0.4994007411458272,0.7083598305147399,3.904128694217299,1.9758868120966087,0.09063267544796205,0.306327322679784,0.9954577656549917,0.9984928791267013,0.8181818181818182,0.0,0.0,0.001559642726322871,0.0,0.0873015873015873,1.0,1.0,0.9904833281401381,0.9888507159576868,0.3453673777203189,,0.20770183087407668,0.20770183087407668,1.6289504629074916
main_corrected_inverse_map_2026-08-31_v2,har,svm,0,HuberAIME,0.1,0.0,300,0,561,561,1.2727128330152482,0.8944444444444445,0.25279251194302416,0.004690374946221709,630,270,X ~= Y A^T,SVD normal-system solve,1.5772320799580717,1.5772320799580717,66.73866749574518,66.73866749574518,105.26236734794432,105.26236734794432,66.73866749574519,1.0526236734794432e-10,41.77745825979888,7,True,0.9197889045417437,0.1349206349206349,0.0,1.0,rms,23.68543856465402,0.44809650576864435,0.6694001088800661,0.5065345399218923,0.7127722798942293,3.8972247850517068,1.974138998412145,0.09224076521615121,0.3085935616435408,0.9994298651610155,0.999241902806398,0.8181818181818182,0.0,0.0,0.0013498389904623286,0.0,1.0,0.18410106096430895,0.9901590461013244,0.9949057989026355,0.9916188772500265,0.4030596854126266,,0.19789560178127907,0.19789560178127907,1.6209420139754858
main_corrected_inverse_map_2026-08-31_v2,har,svm,0,RidgeAIME,0.1,0.0,300,0,561,561,1.2727128330152482,0.8944444444444445,0.25279251194302416,0.0011621250305324793,630,270,X ~= Y A^T,SVD normal-system solve,1.6132505835520057,1.613162297268744,69.45159254796292,69.4615925479629,112.0428222066173,112.0528222066173,69.4615925479629,1.1205282220661727e-10,42.55004671490716,1,True,1.0,0.0,0.01,1.0,rms,23.68543856465402,0.4545677028473773,0.6742163620436523,0.4994081459362142,0.7083608957089138,3.904121632419734,1.9758850251013427,0.09063432031381069,0.30632786751128016,0.9954576098850583,0.9984938986226585,0.8181818181818182,0.0,0.0,0.0015596448485773236,0.0,0.0873015873015873,1.0,1.0,0.9904831572953302,0.9888504169056818,0.3453673777203189,,0.20770183087407668,0.20767806314993587,1.6289000412247256
main_corrected_inverse_map_2026-08-31_v2,har,svm,0,HuberRidgeAIME,0.1,0.0,300,0,561,561,1.2727128330152482,0.8944444444444445,0.25279251194302416,0.00466641690582037,630,270,X ~= Y A^T,SVD normal-system solve,1.5772405168275165,1.5771540366711616,66.73832021068559,66.74832021068558,105.26238266130203,105.27238266130203,66.74832021068563,1.0527238266130207e-10,41.77247985488107,7,True,0.9197878830411994,0.1349206349206349,0.01,1.0,rms,23.68543856465402,0.448092264712683,0.6693969410691111,0.5065392103770381,0.7127733179925179,3.897220167855482,1.974137828991553,0.09224184067439223,0.30859411469170683,0.9994298773640145,0.9992426504367667,0.8181818181818182,0.0,0.0,0.0013498445170174993,0.0,1.0,0.18410105404753124,0.9901579275536373,0.9949057771322792,0.9916173412101819,0.4030596854126266,,0.1978979248864778,0.1978741118509989,1.6208902582510454
main_corrected_inverse_map_2026-08-31_v2,har,mlp,0,AIME,0.1,0.0,300,0,561,561,0.24806691601406783,0.9122222222222223,0.3650754304898139,0.0011797919869422913,630,270,X ~= Y A^T,SVD normal-system solve,1.7454622819341234,1.7454622819341234,70.43005231839794,70.43005231839794,122.93299983641057,122.93299983641057,70.43005231839797,1.2293299983641054e-10,42.708932695105645,1,True,1.0,0.0,0.0,1.0,rms,23.68543856465402,0.49828243346094175,0.7058912334495604,0.4782247308603955,0.6930441508870334,3.3162747539885227,1.8210641817323525,0.11852593851096105,0.3486901557044574,0.976826197117122,0.9517450134584738,0.05263157894736842,0.0,0.0,0.0013619534825347526,0.0,0.09365079365079365,1.0,1.0,0.9734781312963712,0.9490066715783693,0.25392156862745097,,0.24191046848971953,0.24191046848971953,1.6305187184552046
main_corrected_inverse_map_2026-08-31_v2,har,mlp,0,HuberAIME,0.1,0.0,300,0,561,561,0.24806691601406783,0.9122222222222223,0.3650754304898139,0.004636749974451959,630,270,X ~= Y A^T,SVD normal-system solve,1.7163337772217055,1.7163337772217055,64.33447804207155,64.33447804207155,110.41943770353554,110.41943770353554,64.33447804207154,1.1041943770353549e-10,40.87406981476896,7,True,0.9102928590934144,0.15714285714285714,0.0,1.0,rms,23.68543856465402,0.4773674007323198,0.6909177959296748,0.5001258578081023,0.7076912134913703,3.296114138384944,1.8155203492070653,0.12388468018242005,0.35597810908070054,0.9986126570382768,0.9963613169795528,0.42857142857142855,0.0,0.0,0.0012708087401910495,0.0,0.9999999999999998,0.1896985563305822,0.9847500637571746,0.994274189119466,0.9891344211576575,0.33066149536737777,,0.23460174942738912,0.23460174942738912,1.6114478823922656
main_corrected_inverse_map_2026-08-31_v2,har,mlp,0,RidgeAIME,0.1,0.0,300,0,561,561,0.24806691601406783,0.9122222222222223,0.3650754304898139,0.0011968750040978193,630,270,X ~= Y A^T,SVD normal-system solve,1.7454622819341234,1.7453564526143792,70.43005231839794,70.44005231839809,122.93299983641057,122.94299983641056,70.44005231839799,1.2294299983641052e-10,42.70437536915482,1,True,1.0,0.0,0.01,1.0,rms,23.68543856465402,0.4982755661500936,0.7058863691488125,0.4782319219486728,0.6930452438976029,3.316269035143955,1.8210626115386463,0.11852745859404279,0.34869064792180626,0.976826460376373,0.9517432463321481,0.05263157894736842,0.0,0.0,0.001361945454354441,0.0,0.09365079365079365,1.0,1.0,0.9734786214511454,0.9490127749579289,0.25392156862745097,,0.24191046848971953,0.24188413593389377,1.6304723738852678
main_corrected_inverse_map_2026-08-31_v2,har,mlp,0,HuberRidgeAIME,0.1,0.0,300,0,561,561,0.24806691601406783,0.9122222222222223,0.3650754304898139,0.0046247499994933605,630,270,X ~= Y A^T,SVD normal-system solve,1.7163340492723742,1.716222721296172,64.33447779242685,64.34447779242672,110.41945477729962,110.42945477729968,64.3444777924268,1.1042945477729965e-10,40.86929240613086,7,True,0.9102917954147303,0.15714285714285714,0.01,1.0,rms,23.68543856465402,0.4773672857059443,0.6909177126879469,0.5001259782576989,0.7076919379272494,3.2961151372247923,1.8155206242906723,0.12388441468830902,0.35597840072246323,0.99861268100975,0.9963591420548444,0.42857142857142855,0.0,0.0,0.0012707987547371442,0.0,0.9999999999999998,0.18969848409393325,0.9847488976352677,0.9942742561413546,0.9891375476104385,0.33066149536737777,,0.23460181826603602,0.23457364735496614,1.6113971185833076
main_corrected_inverse_map_2026-08-31_v2,har,lgbm,0,AIME,0.1,0.25,300,100,561,661,11.262904040981084,0.9633333333333334,0.13546327127030555,0.0013191250618547201,630,270,X ~= Y A^T,SVD normal-system solve,1.4055959972078322,1.4055959972078322,84.30604769727992,84.30604769727992,118.50024318370924,118.50024318370924,84.30604769727991,1.185002431837092e-10,46.07850624463856,1,True,1.0,0.0,0.0,1.0,rms,25.709920264364882,0.5291661991305718,0.7274381067352547,0.4657283304677603,0.6839662072970601,4.068411881867354,2.017030461313699,0.10230478187179448,0.3242800897292971,0.976090724243938,0.9528478888709564,0.17647058823529413,0.15011536122423721,0.01,0.0010724856436481807,0.0,0.09206349206349207,1.0,1.0,0.9764038059736835,0.9550037748768958,0.2722222222222222,,0.14786051172498335,0.14786051172498335,1.6634983918512276
main_corrected_inverse_map_2026-08-31_v2,har,lgbm,0,HuberAIME,0.1,0.25,300,100,561,661,11.262904040981084,0.9633333333333334,0.13546327127030555,0.005173540906980634,630,270,X ~= Y A^T,SVD normal-system solve,1.5409265920121242,1.5409265920121242,71.34678519093077,71.34678519093077,109.94015855528205,109.94015855528205,71.34678519093086,1.0994015855528216e-10,44.20409176455375,7,True,0.912402125114209,0.1492063492063492,0.0,1.0,rms,25.709920264364882,0.5077824781655716,0.7125885756631043,0.48731836459985944,0.6986174768301256,4.049494848709996,2.0123356699889796,0.10647882587216206,0.33048434813637045,0.9985887192969767,0.9968955420000163,0.25,0.14962389926593356,0.0,0.0009915780537630165,0.0,1.0000000000000002,0.19248982449744104,0.9854002255263988,0.9943559610606563,0.9909117833914559,0.3904761904761905,,0.1877819499167128,0.1877819499167128,1.6454624718042665
main_corrected_inverse_map_2026-08-31_v2,har,lgbm,0,RidgeAIME,0.1,0.25,300,100,561,661,11.262904040981084,0.9633333333333334,0.13546327127030555,0.0013025830266997218,630,270,X ~= Y A^T,SVD normal-system solve,1.4055959972078322,1.4055478929609793,84.30604769727992,84.31604769727996,118.50024318370924,118.51024318370926,84.31604769727993,1.1851024318370917e-10,46.07383849620044,1,True,1.0,0.0,0.01,1.0,rms,25.709920264364882,0.5291609769458291,0.7274345172906144,0.4657336030368806,0.6839662283640113,4.06840817764528,2.0170295430769674,0.10230559920851923,0.3242800973847416,0.9760907078142225,0.9528471825096367,0.17647058823529413,0.15011533417527753,0.01,0.0010724910749429107,0.0,0.09206349206349207,1.0,1.0,0.9764038855324337,0.9550024868066288,0.2722222222222222,,0.14786051172498335,0.14784564844527756,1.663454395631771
main_corrected_inverse_map_2026-08-31_v2,har,lgbm,0,HuberRidgeAIME,0.1,0.25,300,100,561,661,11.262904040981084,0.9633333333333334,0.13546327127030555,0.005150250042788684,630,270,X ~= Y A^T,SVD normal-system solve,1.5409338865367035,1.5408580792646818,71.34646384643501,71.35646384643499,109.9401838255375,109.95018382553752,71.35646384643496,1.0995018382553756e-10,44.19904053615792,7,True,0.9124011835973351,0.1492063492063492,0.01,1.0,rms,25.709920264364882,0.5077838142611286,0.7125895131568585,0.4873170156134633,0.6986171242667409,4.049497657911242,2.012336367984051,0.10647820602181302,0.33048416412362036,0.9985887251146075,0.9968933813653913,0.25,0.14962382939819763,0.0,0.0009915888570532112,0.0,1.0000000000000002,0.19248977971524506,0.9853991930818825,0.9943560421393427,0.9909118997332866,0.3904761904761905,,0.18778400579938168,0.18776263986663919,1.6454128418745473
main_corrected_inverse_map_2026-08-31_v2,har,svm,0,AIME,0.1,0.25,300,100,561,661,1.4781605420866981,0.8911111111111111,0.2641309686633135,0.001308708917349577,630,270,X ~= Y A^T,SVD normal-system solve,1.581434029530905,1.581434029530905,72.5541240143144,72.5541240143144,114.73956069904222,114.73956069904222,72.55412401431434,1.1473956069904217e-10,45.73362442631038,1,True,1.0,0.0,0.0,1.0,rms,25.709920264364882,0.5107929496805026,0.7146978030472059,0.49310593156378957,0.7027102236864965,3.3445543648042944,1.8288122825496045,0.11696568517382988,0.34581545008200826,0.9942699401060926,0.9978591227167346,0.5384615384615384,0.1498086156082999,0.0,0.0013309298414209754,0.0,0.10634920634920635,1.0,1.0,0.9884989600312922,0.9822333975013929,0.29337492572786694,,0.199051079774804,0.199051079774804,1.6602356209295979
main_corrected_inverse_map_2026-08-31_v2,har,svm,0,HuberAIME,0.1,0.25,300,100,561,661,1.4781605420866981,0.8911111111111111,0.2641309686633135,0.005220500053837895,630,270,X ~= Y A^T,SVD normal-system solve,1.5402853673998371,1.5402853673998371,70.16495511936536,70.16495511936536,108.07405367462475,108.07405367462475,70.16495511936527,1.0807405367462465e-10,44.74253282102326,7,True,0.9004188165380411,0.16031746031746033,0.0,1.0,rms,25.709920264364882,0.5062996048484372,0.711547331418253,0.4975649787065449,0.7061411651893638,3.340274521609661,1.8276417924773063,0.11809565586370907,0.34759792991434535,0.9992692604202108,0.9990797150771543,0.8181818181818182,0.14949622158996,0.0,0.0012034991183614398,0.0,1.0000000000000002,0.18650058423863644,0.9853788903640806,0.9941510895588099,0.988350734054625,0.4903762903762904,,0.18760118967141617,0.18760118967141617,1.650720565345298
main_corrected_inverse_map_2026-08-31_v2,har,svm,0,RidgeAIME,0.1,0.25,300,100,561,661,1.4781605420866981,0.8911111111111111,0.2641309686633135,0.001295833964832127,630,270,X ~= Y A^T,SVD normal-system solve,1.581434029530905,1.581353902603525,72.5541240143144,72.56412401431436,114.73956069904222,114.74956069904218,72.56412401431433,1.1474956069904218e-10,45.728322784336406,1,True,1.0,0.0,0.01,1.0,rms,25.709920264364882,0.5107937527949261,0.7146983649029331,0.4931051345795363,0.7027101245113674,3.3445553527630194,1.8288125526589705,0.11696542433146917,0.3458153683221736,0.9942699023373551,0.9978594966727273,0.5384615384615384,0.14980858943804032,0.0,0.0013309277439435812,0.0,0.10634920634920635,1.0,1.0,0.9884988982980817,0.9822340789321151,0.29337492572786694,,0.199051079774804,0.19902907470638515,1.6601852726934818
main_corrected_inverse_map_2026-08-31_v2,har,svm,0,HuberRidgeAIME,0.1,0.25,300,100,561,661,1.4781605420866981,0.8911111111111111,0.2641309686633135,0.0051640409510582685,630,270,X ~= Y A^T,SVD normal-system solve,1.540291632471895,1.5402146400807344,70.16467886508136,70.17467886508138,108.07406775096243,108.08406775096243,70.17467886508135,1.0808406775096236e-10,44.73721273283999,7,True,0.9004177025223087,0.16031746031746033,0.01,1.0,rms,25.709920264364882,0.5063035158558369,0.7115500796541568,0.4975610975518545,0.7061406674367494,3.340278507038293,1.8276428827969355,0.1180946036247984,0.34759762958384083,0.9992693133224397,0.9990789879405018,0.8181818181818182,0.14949618782785093,0.0,0.0012034947590665861,0.0,1.0000000000000002,0.18650057425536648,0.9853776449626022,0.9941512357030607,0.9883526453846988,0.4903762903762904,,0.18760295614972433,0.18758124713979019,1.6506689227097573
main_corrected_inverse_map_2026-08-31_v2,har,mlp,0,AIME,0.1,0.25,300,100,561,661,0.24994708294980228,0.9055555555555556,0.4541952911044987,0.0013095419853925705,630,270,X ~= Y A^T,SVD normal-system solve,1.7057956521687068,1.7057956521687068,69.37250958614123,69.37250958614123,118.33532523207165,118.33532523207165,69.37250958614118,1.183353252320718e-10,47.4951975358686,1,True,1.0,0.0,0.0,1.0,rms,25.709920264364882,0.46957579310732384,0.6852560055244491,0.4690688616341946,0.6914663774538364,3.361043277680564,1.8333148332134783,0.10856867288176186,0.3366409019417809,0.974731615796907,0.9504556092838385,0.0,0.15018517836628387,0.03,0.0010482700785521635,0.0,0.08888888888888889,1.0,1.0,0.9745285463393195,0.9516203965511296,0.24323062558356678,,0.2319270031204304,0.2319270031204304,1.6766496982750787
main_corrected_inverse_map_2026-08-31_v2,har,mlp,0,HuberAIME,0.1,0.25,300,100,561,661,0.24994708294980228,0.9055555555555556,0.4541952911044987,0.005854457966051996,630,270,X ~= Y A^T,SVD normal-system solve,1.7452771504674882,1.7452771504674882,62.67095524387637,62.67095524387637,109.37818618510804,109.37818618510804,62.67095524387633,1.0937818618510799e-10,44.847237432748614,8,True,0.9112265086734591,0.15396825396825398,0.0,1.0,rms,25.709920264364882,0.44283793143724265,0.6654606911285164,0.49930032488749543,0.7084267516256888,3.332229027983468,1.8254394068233182,0.11621092045946169,0.3458210279749535,0.9985378227790408,0.9959673832259471,0.3333333333333333,0.14889723694329296,0.0,0.0011221934102190127,0.0,1.0,0.1909540831784342,0.981496989209559,0.9942685517082339,0.9899196535007881,0.2818753142282554,,0.24186440284888974,0.24186440284888974,1.6517356958825646
main_corrected_inverse_map_2026-08-31_v2,har,mlp,0,RidgeAIME,0.1,0.25,300,100,561,661,0.24994708294980228,0.9055555555555556,0.4541952911044987,0.0013267500326037407,630,270,X ~= Y A^T,SVD normal-system solve,1.7057956521687068,1.705693926869872,69.37250958614123,69.3825095861412,118.33532523207165,118.34532523207172,69.3825095861412,1.1834532523207172e-10,47.49019661517434,1,True,1.0,0.0,0.01,1.0,rms,25.709920264364882,0.4695623286640502,0.685246181064915,0.4690840853580315,0.6914673752608688,3.36103080377769,1.8333114312024812,0.10857198126754408,0.33664137145059686,0.9747321999839079,0.9504589748877736,0.0,0.15018521401104487,0.03,0.0010482602044630045,0.0,0.08888888888888889,1.0,1.0,0.9745291841297169,0.9516202303485144,0.24323062558356678,,0.2319270031204304,0.23190110315213597,1.6766039676175735
main_corrected_inverse_map_2026-08-31_v2,har,mlp,0,HuberRidgeAIME,0.1,0.25,300,100,561,661,0.24994708294980228,0.9055555555555556,0.4541952911044987,0.005799250095151365,630,270,X ~= Y A^T,SVD normal-system solve,1.7452779346256582,1.7451590344151058,62.67096003880422,62.6809600388042,109.37824369753139,109.38824369753137,62.680960038804194,1.093882436975314e-10,44.841979066659114,8,True,0.9112255887423146,0.15396825396825398,0.01,1.0,rms,25.709920264364882,0.442832836188509,0.6654568627555877,0.4993060858876367,0.7084272321626373,3.332225295407826,1.8254383844457271,0.11621191043030799,0.3458212211515915,0.9985378595774329,0.9959682142392643,0.3333333333333333,0.148897266020807,0.0,0.0011221882868367413,0.0,1.0,0.19095402483583448,0.9814959852209955,0.9942687257422211,0.98991989449458,0.2818753142282554,,0.2418645979786372,0.24183500987501694,1.6516847716027405
main_corrected_inverse_map_2026-08-31_v2,har,lgbm,0,AIME,0.1,0.5,300,100,561,661,13.52814558299724,0.9744444444444444,0.10199129920126082,0.001473124953918159,630,270,X ~= Y A^T,SVD normal-system solve,1.432718165913622,1.432718165913622,83.72595168435979,83.72595168435979,119.9556919365885,119.9556919365885,83.72595168435977,1.1995569193658848e-10,46.69945922178913,1,True,1.0,0.0,0.0,1.0,rms,25.709920264364882,0.5743789826569099,0.7578779470712351,0.46733375266320687,0.6846304922195499,2.9527640406555706,1.718360858683522,0.14302999745151512,0.3818275306870813,0.9739858471097564,0.9483411789993531,0.0,0.1484716986234696,0.0,0.001194804243294601,0.0,0.10634920634920635,1.0,1.0,0.9720130840584412,0.9451053870007119,0.2519607843137255,,0.15616076748983274,0.15616076748983274,1.66931185147933
main_corrected_inverse_map_2026-08-31_v2,har,lgbm,0,HuberAIME,0.1,0.5,300,100,561,661,13.52814558299724,0.9744444444444444,0.10199129920126082,0.0057576249819248915,630,270,X ~= Y A^T,SVD normal-system solve,1.631156049661748,1.631156049661748,68.31410709521796,68.31410709521796,111.43096906560532,111.43096906560532,68.31410709521799,1.1143096906560534e-10,44.69424253308262,7,True,0.8996633308821246,0.17936507936507937,0.0,1.0,rms,25.709920264364882,0.550989943800085,0.742286968631462,0.489024225213316,0.7007323337146164,2.929871562049097,1.7116867593251683,0.1496739985229233,0.3906038666183218,0.9983076423620107,0.9949540248115237,0.17647058823529413,0.14733181546054497,0.0,0.0009626715675809535,0.0,1.0,0.19537309476242623,0.9834776218590688,0.9937056883875659,0.9874150964328349,0.21904761904761907,,0.21249551117216406,0.21249551117216406,1.6502515813610894
main_corrected_inverse_map_2026-08-31_v2,har,lgbm,0,RidgeAIME,0.1,0.5,300,100,561,661,13.52814558299724,0.9744444444444444,0.10199129920126082,0.0014470000751316547,630,270,X ~= Y A^T,SVD normal-system solve,1.432718165913622,1.4326664894046417,83.72595168435979,83.73595168435982,119.9556919365885,119.96569193658847,83.73595168435973,1.1996569193658838e-10,46.694742258286446,1,True,1.0,0.0,0.01,1.0,rms,25.709920264364882,0.5743776431372557,0.7578770633402595,0.4673349949038337,0.6846298744943117,2.952762445611353,1.7183603945655153,0.14303046037541567,0.38182719547242516,0.9739859050610712,0.9483462897312542,0.0,0.14847170715620459,0.0,0.0011948042621417773,0.0,0.10634920634920635,1.0,1.0,0.972013223530681,0.9451068911343785,0.2519607843137255,,0.15616076748983274,0.15614510270105472,1.6692679825626342
main_corrected_inverse_map_2026-08-31_v2,har,lgbm,0,HuberRidgeAIME,0.1,0.5,300,100,561,661,13.52814558299724,0.9744444444444444,0.10199129920126082,0.006095499964430928,630,270,X ~= Y A^T,SVD normal-system solve,1.6311718867167415,1.6310795067633888,68.31346887163976,68.32346887163979,111.43100990751802,111.44100990751798,68.32346887163978,1.1144100990751792e-10,44.68899197857254,7,True,0.8996617607453179,0.17936507936507937,0.01,1.0,rms,25.709920264364882,0.5509970370807326,0.742291746606907,0.4890176470631784,0.7007308676548676,2.929878275852751,1.7116887204900169,0.14967205000002903,0.39060306375388193,0.9983077115169949,0.9949542533401861,0.17647058823529413,0.14733176250255012,0.0,0.0009626747700939563,0.0,1.0,0.19537304789614443,0.9834758704449529,0.9937058387212089,0.9874119053426247,0.21904761904761907,,0.21249972775966072,0.21247513118560732,1.6502005586639195
main_corrected_inverse_map_2026-08-31_v2,har,svm,0,AIME,0.1,0.5,300,100,561,661,1.5104304580017924,0.8966666666666666,0.2515417447550126,0.0013453749706968665,630,270,X ~= Y A^T,SVD normal-system solve,1.653447972730688,1.653447972730688,69.30568414848725,69.30568414848725,114.59334295402962,114.59334295402962,69.3056841484872,1.1459334295402962e-10,47.41781641287639,1,True,1.0,0.0,0.0,1.0,rms,25.709920264364882,0.5278660365396199,0.7265438985633421,0.47303236820907424,0.6890213826643271,3.490301230027412,1.8682347898557643,0.10649026906011849,0.330816834524995,0.995964422519574,0.9977550798494113,0.5384615384615384,0.148515264311817,0.0,0.0013982548912388059,0.0,0.09047619047619047,1.0,1.0,0.991763307654392,0.9866349413574849,0.23888888888888887,,0.21839053398727493,0.21839053398727493,1.675941550872173
main_corrected_inverse_map_2026-08-31_v2,har,svm,0,HuberAIME,0.1,0.5,300,100,561,661,1.5104304580017924,0.8966666666666666,0.2515417447550126,0.005859959055669606,630,270,X ~= Y A^T,SVD normal-system solve,1.6951049001678147,1.6951049001678147,64.72684595619981,64.72684595619981,109.7187937527616,109.7187937527616,64.72684595619982,1.0971879375276156e-10,46.01461190872805,8,True,0.9125081251094225,0.15079365079365079,0.0,1.0,rms,25.709920264364882,0.5218065217551029,0.7223617665374482,0.47908156996626927,0.6927208812441045,3.482574484119984,1.8661657172180568,0.10846829966601323,0.3335224902512769,0.9993445892514397,0.9989309013673625,0.8181818181818182,0.147916786176526,0.01,0.0012386241653659568,0.0,1.0,0.1893631298655182,0.984444014688659,0.9951198224966694,0.9917875548312816,0.4030596854126266,,0.2291965793263325,0.2291965793263325,1.6628957635002792
main_corrected_inverse_map_2026-08-31_v2,har,svm,0,RidgeAIME,0.1,0.5,300,100,561,661,1.5104304580017924,0.8966666666666666,0.2515417447550126,0.001359791960567236,630,270,X ~= Y A^T,SVD normal-system solve,1.653447972730688,1.6533537014296467,69.30568414848725,69.31568414848721,114.59334295402962,114.60334295402961,69.31568414848721,1.1460334295402966e-10,47.41219650726187,1,True,1.0,0.0,0.01,1.0,rms,25.709920264364882,0.5278592085021476,0.7265391995633461,0.4730391846255274,0.6890223287813173,3.490295533966737,1.868233265405243,0.10649172723960076,0.3308173976358247,0.995964438542761,0.9977537086774376,0.5384615384615384,0.1485152252561485,0.0,0.0013982542658427081,0.0,0.09047619047619047,1.0,1.0,0.9917632515137378,0.9866352405221921,0.23888888888888887,,0.21839053398727493,0.21836577199070578,1.6758900757341886
main_corrected_inverse_map_2026-08-31_v2,har,svm,0,HuberRidgeAIME,0.1,0.5,300,100,561,661,1.5104304580017924,0.8966666666666666,0.2515417447550126,0.005854625022038817,630,270,X ~= Y A^T,SVD normal-system solve,1.6951168054404655,1.6950094289391318,64.72639919424425,64.73639919424426,109.71880702981164,109.72880702981162,64.73639919424423,1.0972880702981167e-10,46.0089300798075,8,True,0.9125069007035289,0.15079365079365079,0.01,1.0,rms,25.709920264364882,0.5218036865192154,0.7223598040583483,0.4790844003767102,0.6927214789799178,3.4825725294265286,1.8661651934988308,0.10846880006340254,0.3335229361741015,0.99934469605145,0.9989309013673625,0.8181818181818182,0.14791669896361914,0.01,0.001238624559423562,0.0,1.0,0.1893631136589054,0.9844426700954025,0.9951199106707769,0.9917897902564548,0.4030596854126266,,0.22919962950692055,0.22917211842396557,1.662842134029013
main_corrected_inverse_map_2026-08-31_v2,har,mlp,0,AIME,0.1,0.5,300,100,561,661,0.24997720797546208,0.91,0.5419270702038237,0.0013207909651100636,630,270,X ~= Y A^T,SVD normal-system solve,1.5761321170230318,1.5761321170230318,73.84120280855252,73.84120280855252,116.38349130617092,116.38349130617092,73.84120280855255,1.1638349130617086e-10,47.688440736661256,1,True,1.0,0.0,0.0,1.0,rms,25.709920264364882,0.47500727211784116,0.6892077133331005,0.48873916754903624,0.7022409084438188,3.024358678127824,1.7390683362443882,0.13344791104816967,0.36915287328789803,0.9698752790193745,0.9444533455204606,0.0,0.1487968604076034,0.0,0.0013172082509299175,0.0,0.10476190476190476,1.0,1.0,0.9710799733004377,0.9421098341671857,0.37380952380952376,,0.19759261879389145,0.19759261879389145,1.6784131225904082
main_corrected_inverse_map_2026-08-31_v2,har,mlp,0,HuberAIME,0.1,0.5,300,100,561,661,0.24997720797546208,0.91,0.5419270702038237,0.006172000081278384,630,270,X ~= Y A^T,SVD normal-system solve,1.6616625562533123,1.6616625562533123,63.90866112548011,63.90866112548011,106.19462921249196,106.19462921249196,63.90866112548009,1.0619462921249206e-10,45.309858744269434,8,True,0.9011611719831136,0.1761904761904762,0.0,1.0,rms,25.709920264364882,0.44754388928676503,0.6689872116018101,0.5182986138824224,0.7206139265018653,2.9973795247722625,1.731294176265912,0.1411780926127736,0.37876514386463517,0.9980229028178108,0.9963147052419039,0.25,0.1478487845787187,0.0,0.0012609106650562948,0.0,1.0,0.1858660170425788,0.984865924157006,0.9939325293815313,0.9895604813393938,0.4725274725274725,,0.22054283362587804,0.22054283362587804,1.6561927082467218
main_corrected_inverse_map_2026-08-31_v2,har,mlp,0,RidgeAIME,0.1,0.5,300,100,561,661,0.24997720797546208,0.91,0.5419270702038237,0.0013170839520171285,630,270,X ~= Y A^T,SVD normal-system solve,1.5761321170230318,1.5760541044660092,73.84120280855252,73.85120280855254,116.38349130617092,116.3934913061709,73.85120280855259,1.16393491306171e-10,47.68336978005849,1,True,1.0,0.0,0.01,1.0,rms,25.709920264364882,0.4749976410169884,0.689200726216237,0.4887495337158897,0.7022416771302747,3.024351063825414,1.7390661470528987,0.1334500927304243,0.369153250286504,0.9698757984715884,0.944464231794917,0.0,0.1487968739337943,0.0,0.0013172104270728659,0.0,0.10476190476190476,1.0,1.0,0.9710805721145344,0.9421121693139284,0.37380952380952376,,0.19759261879389145,0.19757112233355545,1.6783669393742
main_corrected_inverse_map_2026-08-31_v2,har,mlp,0,HuberRidgeAIME,0.1,0.5,300,100,561,661,0.24997720797546208,0.91,0.5419270702038237,0.005933624925091863,630,270,X ~= Y A^T,SVD normal-system solve,1.6616736679499022,1.6615701491975203,63.908242128140266,63.9182421281403,106.1946431092973,106.20464310929731,63.91824212814023,1.062046431092973e-10,45.30441788126541,8,True,0.9011597887966712,0.1761904761904762,0.01,1.0,rms,25.709920264364882,0.4475425409846079,0.6689862038821188,0.5183000650898537,0.720614223508866,2.997380347236429,1.731294413794612,0.1411778569568488,0.378765286941028,0.9980230062590212,0.9963147052419039,0.25,0.1478486906675355,0.0,0.0012609216482494538,0.0,1.0,0.18586594988034225,0.9848643869677309,0.9939327147280151,0.9895623012580292,0.4725274725274725,,0.22054573778494474,0.22051868131516933,1.6561405545051642
main_corrected_inverse_map_2026-08-31_v2,har,lgbm,1,AIME,0.0,0.0,0,0,561,561,10.917574082966894,0.9777777777777777,0.05719186711838712,0.0011745840311050415,630,270,X ~= Y A^T,SVD normal-system solve,1.3940388115568334,1.3940388115568334,84.71262119372675,84.71262119372675,118.09268177276705,118.09268177276705,84.71262119372669,1.180926817727671e-10,41.26777564741041,1,True,1.0,0.0,0.0,1.0,rms,23.68543856465402,0.44847565958675545,0.6696832531777657,0.5105512081833474,0.7153439736744429,0.44847565958675545,0.6696832531777657,0.5105512081833474,0.7153439736744429,1.0,1.0,1.0,0.0,0.0,0.0007650258031311859,0.0,,,,0.9949002356165011,0.990871632756176,0.5064935064935064,,0.1442748651610759,0.1442748651610759,1.615611060830661
main_corrected_inverse_map_2026-08-31_v2,har,lgbm,1,HuberAIME,0.0,0.0,0,0,561,561,10.917574082966894,0.9777777777777777,0.05719186711838712,0.004652083967812359,630,270,X ~= Y A^T,SVD normal-system solve,1.437116539838323,1.437116539838323,80.66616623778938,80.66616623778938,115.92668170567484,115.92668170567484,80.66616623778935,1.1592668170567489e-10,40.32966646534493,7,True,0.9817958383736458,0.07301587301587302,0.0,1.0,rms,23.68543856465402,0.44691999594896514,0.6685207520705435,0.5122489986246195,0.7164042122945734,0.44691999594896514,0.6685207520705435,0.5122489986246195,0.7164042122945734,1.0000000000000002,1.0,1.0,0.0,0.0,0.0008011764780397725,0.0,,,,0.9953780496055762,0.9930153483150376,0.6237096237096237,,0.15749198772816472,0.15749198772816472,1.6056246303175814
main_corrected_inverse_map_2026-08-31_v2,har,lgbm,1,RidgeAIME,0.0,0.0,0,0,561,561,10.917574082966894,0.9777777777777777,0.05719186711838712,0.0011698328889906406,630,270,X ~= Y A^T,SVD normal-system solve,1.3940388115568334,1.393992302276785,84.71262119372675,84.72262119372674,118.09268177276705,118.10268177276707,84.72262119372688,1.1810268177276715e-10,41.26362013125676,1,True,1.0,0.0,0.01,1.0,rms,23.68543856465402,0.4484735585489338,0.6696816844956518,0.5105535011738396,0.7153442194700079,0.4484735585489338,0.6696816844956518,0.5105535011738396,0.7153442194700079,1.0000000000000002,1.0,1.0,0.0,0.0,0.0007650235559225556,0.0,,,,0.9949002402470833,0.9908749359246487,0.5064935064935064,,0.1442748651610759,0.1442603755640381,1.6155673267408766
main_corrected_inverse_map_2026-08-31_v2,har,lgbm,1,HuberRidgeAIME,0.0,0.0,0,0,561,561,10.917574082966894,0.9777777777777777,0.05719186711838712,0.00464983400888741,630,270,X ~= Y A^T,SVD normal-system solve,1.4371234385626512,1.437069255859102,80.66582640647836,80.67582640647846,115.92674981977609,115.93674981977611,80.67582640647835,1.1593674981977606e-10,40.32546748308713,7,True,0.9817948962448081,0.07301587301587302,0.01,1.0,rms,23.68543856465402,0.4469202791482185,0.6685209638808782,0.5122486895520323,0.7164041941485424,0.4469202791482185,0.6685209638808782,0.5122486895520323,0.7164041941485424,0.9999999999999999,1.0,1.0,0.0,0.0,0.0008011732149636975,0.0,,,,0.9953780703025107,0.9930140025797339,0.6237096237096237,,0.1574940725073971,0.15747769834486133,1.6055794107577954
main_corrected_inverse_map_2026-08-31_v2,har,svm,1,AIME,0.0,0.0,0,0,561,561,1.1357589169638231,0.9688888888888889,0.07737551742231202,0.0011748329270631075,630,270,X ~= Y A^T,SVD normal-system solve,1.4839098592504723,1.4839098592504723,78.34212378584127,78.34212378584127,116.2526498804308,116.2526498804308,78.34212378584121,1.1625264988043074e-10,43.214034250362154,1,True,1.0,0.0,0.0,1.0,rms,23.68543856465402,0.5071910550597961,0.7121734725892254,0.490931823328865,0.7013336979378998,0.5071910550597961,0.7121734725892254,0.490931823328865,0.7013336979378998,1.0,1.0,1.0,0.0,0.0,0.000694715078332743,0.0,,,,0.9952285130407825,0.9904206890898793,0.27296918767507006,,0.17140752033713877,0.17140752033713877,1.6356248118073382
main_corrected_inverse_map_2026-08-31_v2,har,svm,1,HuberAIME,0.0,0.0,0,0,561,561,1.1357589169638231,0.9688888888888889,0.07737551742231202,0.005156666040420532,630,270,X ~= Y A^T,SVD normal-system solve,1.5638466163892337,1.5638466163892337,73.80053055038019,73.80053055038019,115.41270998894232,115.41270998894232,73.80053055038029,1.1541270998894238e-10,41.874964087944576,8,True,0.9819278507387693,0.07301587301587302,0.0,1.0,rms,23.68543856465402,0.5059243308278525,0.7112835797541319,0.4922032357259638,0.7020469179219354,0.5059243308278525,0.7112835797541319,0.4922032357259638,0.7020469179219354,1.0000000000000002,1.0,1.0,0.0,0.0,0.0007300568905540131,0.0,,,,0.9953913434010564,0.9924525862789645,0.5164835164835164,,0.19419415478365673,0.19419415478365673,1.6219544475932195
main_corrected_inverse_map_2026-08-31_v2,har,svm,1,RidgeAIME,0.0,0.0,0,0,561,561,1.1357589169638231,0.9688888888888889,0.07737551742231202,0.0011616250267252326,630,270,X ~= Y A^T,SVD normal-system solve,1.4839098592504723,1.4838480983388516,78.34212378584127,78.35212378584121,116.2526498804308,116.26264988043079,78.35212378584127,1.1626264988043076e-10,43.209462741865366,1,True,1.0,0.0,0.01,1.0,rms,23.68543856465402,0.5071878566010914,0.7121712270241557,0.4909350336251127,0.7013342049901277,0.5071878566010914,0.7121712270241557,0.4909350336251127,0.7013342049901277,1.0,1.0,1.0,0.0,0.0,0.0006947134385782227,0.0,,,,0.9952285541028122,0.9904232038477699,0.27296918767507006,,0.17140752033713877,0.17138944445392904,1.6355788664108875
main_corrected_inverse_map_2026-08-31_v2,har,svm,1,HuberRidgeAIME,0.0,0.0,0,0,561,561,1.1357589169638231,0.9688888888888889,0.07737551742231202,0.0051499999826774,630,270,X ~= Y A^T,SVD normal-system solve,1.5638542069479249,1.5637778144868562,73.80019004407568,73.81019004407565,115.41273767398411,115.42273767398413,73.81019004407567,1.1542273767398414e-10,41.87036960974652,8,True,0.9819268740212793,0.07301587301587302,0.01,1.0,rms,23.68543856465402,0.5059246305015516,0.7112837904110788,0.4922029349431679,0.7020470407371303,0.5059246305015516,0.7112837904110788,0.4922029349431679,0.7020470407371303,1.0000000000000002,1.0,1.0,0.0,0.0,0.0007300564362250918,0.0,,,,0.9953914099900691,0.9924563652124435,0.5164835164835164,,0.19419626274598453,0.19417504744694655,1.621906794632928
main_corrected_inverse_map_2026-08-31_v2,har,mlp,1,AIME,0.0,0.0,0,0,561,561,0.1985823749564588,0.9533333333333334,0.14132980849021132,0.0011776669416576624,630,270,X ~= Y A^T,SVD normal-system solve,1.449016051341319,1.449016051341319,79.95840826242168,79.95840826242168,115.86101701195138,115.86101701195138,79.95840826242167,1.158610170119513e-10,42.031527608627535,1,True,1.0,0.0,0.0,1.0,rms,23.68543856465402,0.4600287056588695,0.6782541600748716,0.5195507251012523,0.7212881896327681,0.4600287056588695,0.6782541600748716,0.5195507251012523,0.7212881896327681,1.0,1.0,1.0,0.0,0.0,0.000622139641499278,0.0,,,,0.9952863390254499,0.9891807639236367,0.2110290809981213,,0.161073196354785,0.161073196354785,1.6235751744437263
main_corrected_inverse_map_2026-08-31_v2,har,mlp,1,HuberAIME,0.0,0.0,0,0,561,561,0.1985823749564588,0.9533333333333334,0.14132980849021132,0.005417709005996585,630,270,X ~= Y A^T,SVD normal-system solve,1.5223838578573945,1.5223838578573945,75.8243287520558,75.8243287520558,115.43373412500208,115.43373412500208,75.82432875205585,1.1543373412500201e-10,41.178006121927424,8,True,0.9831566124871363,0.07936507936507936,0.0,1.0,rms,23.68543856465402,0.45930375540255775,0.6777195256170193,0.5203078557339674,0.7218880503988528,0.45930375540255775,0.6777195256170193,0.5203078557339674,0.7218880503988528,1.0000000000000002,1.0,1.0,0.0,0.0,0.0006392740647866771,0.0,,,,0.9953952204029612,0.991475664008228,0.4177655677655677,,0.1825241703915323,0.1825241703915323,1.6146653138408094
main_corrected_inverse_map_2026-08-31_v2,har,mlp,1,RidgeAIME,0.0,0.0,0,0,561,561,0.1985823749564588,0.9533333333333334,0.14132980849021132,0.0011462090769782662,630,270,X ~= Y A^T,SVD normal-system solve,1.449016051341319,1.4489599021617738,79.95840826242168,79.9684082624217,115.86101701195138,115.87101701195134,79.96840826242172,1.1587101701195126e-10,42.02725451286047,1,True,1.0,0.0,0.01,1.0,rms,23.68543856465402,0.460027787522504,0.6782534832365433,0.5195516839934815,0.7212885928697501,0.460027787522504,0.6782534832365433,0.5195516839934815,0.7212885928697501,1.0000000000000002,1.0,1.0,0.0,0.0,0.0006221366981612821,0.0,,,,0.9952863620307133,0.9891804104982036,0.2110290809981213,,0.161073196354785,0.1610563671752237,1.6235310200587343
main_corrected_inverse_map_2026-08-31_v2,har,mlp,1,HuberRidgeAIME,0.0,0.0,0,0,561,561,0.1985823749564588,0.9533333333333334,0.14132980849021132,0.005212333053350449,630,270,X ~= Y A^T,SVD normal-system solve,1.5223939840154987,1.5223250973710414,75.8238554767776,75.83385547677752,115.43378142270684,115.4437814227068,75.83385547677753,1.1544378142270674e-10,41.17362253365657,8,True,0.9831553557166056,0.07936507936507936,0.01,1.0,rms,23.68543856465402,0.4593049497601253,0.67772040677563,0.5203066083591401,0.7218883023433191,0.4593049497601253,0.67772040677563,0.5203066083591401,0.7218883023433191,0.9999999999999999,1.0,1.0,0.0,0.0,0.0006392743113613908,0.0,,,,0.9953951958648413,0.9914758679075163,0.4177655677655677,,0.1825270590979115,0.18250740730819293,1.614619078733384
main_corrected_inverse_map_2026-08-31_v2,har,lgbm,1,AIME,0.0,0.25,0,100,561,661,11.437057084054686,0.9811111111111112,0.056660561291117566,0.0013355410192161798,630,270,X ~= Y A^T,SVD normal-system solve,1.425012020985324,1.425012020985324,83.50849515390443,83.50849515390443,119.0006094487085,119.0006094487085,83.50849515390445,1.1900060944870848e-10,45.35613892925015,1,True,1.0,0.0,0.0,1.0,rms,25.709920264364882,0.5068689190360436,0.7119472726515943,0.5047542904820259,0.7112471834652225,0.5068689190360436,0.7119472726515943,0.5047542904820259,0.7112471834652225,1.0,1.0,1.0,0.1490580980700967,0.0,0.0006648894711498476,0.0,,,,0.9944316932641388,0.9861004256617653,0.46538461538461534,,0.15381852794142256,0.15381852794142256,1.656636076901344
main_corrected_inverse_map_2026-08-31_v2,har,lgbm,1,HuberAIME,0.0,0.25,0,100,561,661,11.437057084054686,0.9811111111111112,0.056660561291117566,0.005814499920234084,630,270,X ~= Y A^T,SVD normal-system solve,1.520100586133706,1.520100586133706,77.71647993911732,77.71647993911732,118.13686670770065,118.13686670770065,77.71647993911725,1.181368667077007e-10,43.83396964939375,8,True,0.9806057923563256,0.07777777777777778,0.0,1.0,rms,25.709920264364882,0.5104317203629714,0.7144450436268498,0.5012731891464349,0.709413669793403,0.5104317203629714,0.7144450436268498,0.5012731891464349,0.709413669793403,1.0,1.0,1.0,0.14866370556325811,0.0,0.0007000628191204199,0.0,,,,0.9954438401149787,0.993061510460217,0.6456876456876456,,0.18187232646943827,0.18187232646943827,1.6418108025900984
main_corrected_inverse_map_2026-08-31_v2,har,lgbm,1,RidgeAIME,0.0,0.25,0,100,561,661,11.437057084054686,0.9811111111111112,0.056660561291117566,0.0013151250313967466,630,270,X ~= Y A^T,SVD normal-system solve,1.425012020985324,1.4249611326138087,83.50849515390443,83.5184951539044,119.0006094487085,119.01060944870851,83.51849515390444,1.1901060944870846e-10,45.35153580031278,1,True,1.0,0.0,0.01,1.0,rms,25.709920264364882,0.5068712216815991,0.7119488897958892,0.5047520406393365,0.7112470414057689,0.5068712216815991,0.7119488897958892,0.5047520406393365,0.7112470414057689,1.0,1.0,1.0,0.14905803915781485,0.0,0.0006648924737063879,0.0,,,,0.9944317409885356,0.9861000018448502,0.46538461538461534,,0.15381852794142256,0.15380301864519175,1.6565919987457818
main_corrected_inverse_map_2026-08-31_v2,har,lgbm,1,HuberRidgeAIME,0.0,0.25,0,100,561,661,11.437057084054686,0.9811111111111112,0.056660561291117566,0.0058607920072972775,630,270,X ~= Y A^T,SVD normal-system solve,1.5201092947584385,1.5200423790801456,77.71607377377256,77.72607377377257,118.13692609564418,118.14692609564418,77.7260737737726,1.1814692609564415e-10,43.829333388597504,8,True,0.980604648187983,0.07777777777777778,0.01,1.0,rms,25.709920264364882,0.510437556758016,0.7144491281805977,0.5012674865880486,0.7094128785284549,0.510437556758016,0.7144491281805977,0.5012674865880486,0.7094128785284549,1.0000000000000002,1.0,1.0,0.14866362588753976,0.0,0.0007000671706452703,0.0,,,,0.995443844414492,0.9930632971393688,0.6456876456876456,,0.18187481452639123,0.1818556963290393,1.6417648654097143
main_corrected_inverse_map_2026-08-31_v2,har,svm,1,AIME,0.0,0.25,0,100,561,661,1.3025634579826146,0.97,0.0821530463668379,0.0013199170352891088,630,270,X ~= Y A^T,SVD normal-system solve,1.4055003561151476,1.4055003561151476,82.93795929203888,82.93795929203888,116.56933132042427,116.56933132042427,82.93795929203897,1.1656933132042433e-10,47.2611820677273,1,True,1.0,0.0,0.0,1.0,rms,25.709920264364882,0.5038654387921866,0.709834796831056,0.502377303675474,0.7095476851643319,0.5038654387921866,0.709834796831056,0.502377303675474,0.7095476851643319,0.9999999999999998,1.0,1.0,0.14953989483187,0.0,0.0007169125467280275,0.0,,,,0.9950223130898026,0.9882361305083528,0.40672268907563025,,0.14783095998175472,0.14783095998175472,1.6745045797396672
main_corrected_inverse_map_2026-08-31_v2,har,svm,1,HuberAIME,0.0,0.25,0,100,561,661,1.3025634579826146,0.97,0.0821530463668379,0.005822999984957278,630,270,X ~= Y A^T,SVD normal-system solve,1.483899499074688,1.483899499074688,78.05299815422788,78.05299815422788,115.8228048623363,115.8228048623363,78.05299815422785,1.1582280486233635e-10,45.983445117942374,8,True,0.9811820697156571,0.0761904761904762,0.0,1.0,rms,25.709920264364882,0.5040558901827965,0.7099689360688934,0.5021892119207759,0.7093813509838609,0.5040558901827965,0.7099689360688934,0.5021892119207759,0.7093813509838609,1.0000000000000002,1.0,1.0,0.1492474607023076,0.01,0.0007309761291406986,0.0,,,,0.995440229596471,0.9903055537134756,0.45,,0.17140448822379764,0.17140448822379764,1.6626015058558867
main_corrected_inverse_map_2026-08-31_v2,har,svm,1,RidgeAIME,0.0,0.25,0,100,561,661,1.3025634579826146,0.97,0.0821530463668379,0.0013060839846730232,630,270,X ~= Y A^T,SVD normal-system solve,1.4055003561151476,1.4054514699991323,82.93795929203888,82.94795929203892,116.56933132042427,116.57933132042429,82.94795929203883,1.1657933132042434e-10,47.25628292714041,1,True,1.0,0.0,0.01,1.0,rms,25.709920264364882,0.5038637414348918,0.7098336012298176,0.5023789800030183,0.709547851412403,0.5038637414348918,0.7098336012298176,0.5023789800030183,0.709547851412403,1.0,1.0,1.0,0.1495398332630355,0.0,0.0007169113566819575,0.0,,,,0.9950224423458198,0.9882363050212002,0.40672268907563025,,0.14783095998175472,0.1478158540875647,1.6744595580132597
main_corrected_inverse_map_2026-08-31_v2,har,svm,1,HuberRidgeAIME,0.0,0.25,0,100,561,661,1.3025634579826146,0.97,0.0821530463668379,0.005876374896615744,630,270,X ~= Y A^T,SVD normal-system solve,1.4839063104279968,1.4838443209551293,78.05265935961908,78.0626593596191,115.82283376942561,115.83283376942558,78.06265935961908,1.1583283376942556e-10,45.978467109346425,8,True,0.981180956944645,0.0761904761904762,0.01,1.0,rms,25.709920264364882,0.5040571806614496,0.7099698448958587,0.5021879374307685,0.7093811840521144,0.5040571806614496,0.7099698448958587,0.5021879374307685,0.7093811840521144,1.0,1.0,1.0,0.1492473814507327,0.01,0.0007309775346823333,0.0,,,,0.9954404122929515,0.9903055703337469,0.45,,0.17140648170541076,0.17138833888321967,1.662554488093558
main_corrected_inverse_map_2026-08-31_v2,har,mlp,1,AIME,0.0,0.25,0,100,561,661,0.2737290000077337,0.9477777777777778,0.14278602747240973,0.0013303749728947878,630,270,X ~= Y A^T,SVD normal-system solve,1.540154434313071,1.540154434313071,78.94730981086431,78.94730981086431,121.5910492822905,121.5910492822905,78.94730981086425,1.2159104928229048e-10,45.62846897990628,1,True,1.0,0.0,0.0,1.0,rms,25.709920264364882,0.5133580892237132,0.7164901180223724,0.4897583914296728,0.7004198485755228,0.5133580892237132,0.7164901180223724,0.4897583914296728,0.7004198485755228,1.0,1.0,1.0,0.1484803964058899,0.0,0.0005586049191836548,0.0,,,,0.9955777132974166,0.9926598234362112,0.5183982683982684,,0.1875642705814319,0.1875642705814319,1.659235896676813
main_corrected_inverse_map_2026-08-31_v2,har,mlp,1,HuberAIME,0.0,0.25,0,100,561,661,0.2737290000077337,0.9477777777777778,0.14278602747240973,0.005180332926101983,630,270,X ~= Y A^T,SVD normal-system solve,1.545575256920277,1.545575256920277,78.64102510747753,78.64102510747753,121.54562258496354,121.54562258496354,78.64102510747752,1.2154562258496357e-10,45.15923295003323,7,True,0.9894326679962748,0.05873015873015873,0.0,1.0,rms,25.709920264364882,0.5137973982136491,0.7167966226299124,0.489321749385085,0.7000954577315889,0.5137973982136491,0.7167966226299124,0.489321749385085,0.7000954577315889,1.0,1.0,1.0,0.1484448298854556,0.0,0.0005568903380366204,0.0,,,,0.9956314856915534,0.9933035514694065,0.4761904761904761,,0.18909015651642133,0.18909015651642133,1.6547465566276636
main_corrected_inverse_map_2026-08-31_v2,har,mlp,1,RidgeAIME,0.0,0.25,0,100,561,661,0.2737290000077337,0.9477777777777778,0.14278602747240973,0.0012901249574497342,630,270,X ~= Y A^T,SVD normal-system solve,1.540154434313071,1.5400860233659912,78.94730981086431,78.95730981086425,121.5910492822905,121.60104928229048,78.95730981086422,1.2160104928229048e-10,45.62381571354176,1,True,1.0,0.0,0.01,1.0,rms,25.709920264364882,0.5133574968174599,0.7164897046137229,0.48975898023956177,0.7004198163905396,0.5133574968174599,0.7164897046137229,0.48975898023956177,0.7004198163905396,0.9999999999999998,1.0,1.0,0.14848030480554342,0.0,0.000558603058574858,0.0,,,,0.9955777719561564,0.9926618594194307,0.5183982683982684,,0.1875642705814319,0.18754497955709037,1.6591916043522215
main_corrected_inverse_map_2026-08-31_v2,har,mlp,1,HuberRidgeAIME,0.0,0.25,0,100,561,661,0.2737290000077337,0.9477777777777778,0.14278602747240973,0.0052809169283136725,630,270,X ~= Y A^T,SVD normal-system solve,1.545574904598533,1.5455055380837042,78.64104740395769,78.65104740395765,121.54562933890061,121.55562933890049,78.65104740395762,1.2155562933890065e-10,45.15450485634995,7,True,0.989431624220472,0.05873015873015873,0.01,1.0,rms,25.709920264364882,0.5137978550661761,0.716796941306376,0.4893212953060061,0.7000952912789804,0.5137978550661761,0.716796941306376,0.4893212953060061,0.7000952912789804,1.0000000000000002,1.0,1.0,0.14844473038083592,0.0,0.0005568890403532908,0.0,,,,0.9956315475301409,0.9933024877720511,0.4761904761904761,,0.18909005751677313,0.18907056563024174,1.6547010843651193
main_corrected_inverse_map_2026-08-31_v2,har,lgbm,1,AIME,0.0,0.5,0,100,561,661,11.460714125074446,0.9722222222222222,0.07616159210019102,0.0013393750414252281,630,270,X ~= Y A^T,SVD normal-system solve,1.462374589181633,1.462374589181633,82.18145175554406,82.18145175554406,120.18006674936395,120.18006674936395,82.18145175554412,1.2018006674936398e-10,46.00277219179154,1,True,1.0,0.0,0.0,1.0,rms,25.709920264364882,0.4811345739743708,0.6936386479820533,0.48681482109358154,0.6993171167437111,0.4811345739743708,0.6936386479820533,0.48681482109358154,0.6993171167437111,1.0000000000000002,1.0,1.0,0.14802880155664297,0.0,0.0006183180491303517,0.0,,,,0.9949382242568724,0.9898327734794987,0.3872662425294004,,0.16505863197695675,0.16505863197695675,1.6627840036668202
main_corrected_inverse_map_2026-08-31_v2,har,lgbm,1,HuberAIME,0.0,0.5,0,100,561,661,11.460714125074446,0.9722222222222222,0.07616159210019102,0.005889499909244478,630,270,X ~= Y A^T,SVD normal-system solve,1.561051009330845,1.561051009330845,76.92132093807724,76.92132093807724,120.07810568944734,120.07810568944734,76.92132093807724,1.2007810568944734e-10,45.01400040349897,8,True,0.9843088816765527,0.0746031746031746,0.0,1.0,rms,25.709920264364882,0.47870232697856296,0.6918831743716297,0.48940909133979904,0.7006060693824484,0.47870232697856296,0.6918831743716297,0.48940909133979904,0.7006060693824484,0.9999999999999999,1.0,1.0,0.1479229884270111,0.0,0.0006222781892190984,0.0,,,,0.9951576268940989,0.9922659978004734,0.4177655677655677,,0.19341709441985996,0.19341709441985996,1.6533476104937608
main_corrected_inverse_map_2026-08-31_v2,har,lgbm,1,RidgeAIME,0.0,0.5,0,100,561,661,11.460714125074446,0.9722222222222222,0.07616159210019102,0.001315666944719851,630,270,X ~= Y A^T,SVD normal-system solve,1.462374589181633,1.4623183333813872,82.18145175554406,82.19145175554412,120.18006674936395,120.19006674936396,82.19145175554411,1.201900667493639e-10,45.998040301396294,1,True,1.0,0.0,0.01,1.0,rms,25.709920264364882,0.481129182399492,0.6936347615276299,0.48682057182626304,0.6993175843958407,0.481129182399492,0.6936347615276299,0.48682057182626304,0.6993175843958407,1.0,1.0,1.0,0.14802882219964777,0.0,0.0006183209254841973,0.0,,,,0.994938211573406,0.9898317762632279,0.3872662425294004,,0.16505863197695675,0.16504192486665714,1.6627393294115882
main_corrected_inverse_map_2026-08-31_v2,har,lgbm,1,HuberRidgeAIME,0.0,0.5,0,100,561,661,11.460714125074446,0.9722222222222222,0.07616159210019102,0.005896833026781678,630,270,X ~= Y A^T,SVD normal-system solve,1.561056681702484,1.560983751886562,76.92104316912902,76.93104316912901,120.07810840269407,120.08810840269406,76.93104316912898,1.2008810840269408e-10,45.00913930303617,8,True,0.9843080465921824,0.0746031746031746,0.01,1.0,rms,25.709920264364882,0.4786990414277672,0.6918808000138226,0.489412595756368,0.7006064235471388,0.4786990414277672,0.6918808000138226,0.489412595756368,0.7006064235471388,0.9999999999999999,1.0,1.0,0.14792300559292818,0.0,0.0006222850315771014,0.0,,,,0.9951576750680525,0.992264875932169,0.4177655677655677,,0.19341867250745076,0.1933983825609874,1.6533007081280822
main_corrected_inverse_map_2026-08-31_v2,har,svm,1,AIME,0.0,0.5,0,100,561,661,1.2864456250099465,0.9677777777777777,0.08710802704945915,0.0013453339925035834,630,270,X ~= Y A^T,SVD normal-system solve,1.453164983455474,1.453164983455474,80.82634718100155,80.82634718100155,117.45401746404652,117.45401746404652,80.82634718100152,1.1745401746404662e-10,46.27173337725848,1,True,1.0,0.0,0.0,1.0,rms,25.709920264364882,0.4582071406636368,0.6769099945071256,0.5130080883795394,0.7169725148680473,0.4582071406636368,0.6769099945071256,0.5130080883795394,0.7169725148680473,1.0,1.0,1.0,0.14776291573530545,0.0,0.0005958924054543915,0.0,,,,0.9944307470107356,0.9903521154031856,0.4023809523809524,,0.1623149242338322,0.1623149242338322,1.6653157688337648
main_corrected_inverse_map_2026-08-31_v2,har,svm,1,HuberAIME,0.0,0.5,0,100,561,661,1.2864456250099465,0.9677777777777777,0.08710802704945915,0.0058311669854447246,630,270,X ~= Y A^T,SVD normal-system solve,1.5518417780320113,1.5518417780320113,75.52222792676709,75.52222792676709,117.19854846681305,117.19854846681305,75.52222792676707,1.1719854846681298e-10,45.12822654730772,8,True,0.9837111388159238,0.07777777777777778,0.0,1.0,rms,25.709920264364882,0.45762619931815945,0.6764807457113318,0.5136255247118575,0.7172285926897667,0.45762619931815945,0.6764807457113318,0.5136255247118575,0.7172285926897667,1.0,1.0,1.0,0.14754770088815197,0.0,0.0006038270416357752,0.0,,,,0.9949820488810414,0.992570888365129,0.532051282051282,,0.19084743958293202,0.19084743958293202,1.6544482669158542
main_corrected_inverse_map_2026-08-31_v2,har,svm,1,RidgeAIME,0.0,0.5,0,100,561,661,1.2864456250099465,0.9677777777777777,0.08710802704945915,0.0013199580134823918,630,270,X ~= Y A^T,SVD normal-system solve,1.453164983455474,1.4531089238982007,80.82634718100155,80.83634718100157,117.45401746404652,117.46401746404655,80.83634718100153,1.1746401746404663e-10,46.26689826380473,1,True,1.0,0.0,0.01,1.0,rms,25.709920264364882,0.4582045302491423,0.6769080663200449,0.5130108627814025,0.7169727941797361,0.4582045302491423,0.6769080663200449,0.5130108627814025,0.7169727941797361,1.0000000000000002,1.0,1.0,0.14776291294796895,0.0,0.0005958897200247186,0.0,,,,0.9944308859910901,0.9903532040309477,0.4023809523809524,,0.1623149242338322,0.16229816988984336,1.665270385342416
main_corrected_inverse_map_2026-08-31_v2,har,svm,1,HuberRidgeAIME,0.0,0.5,0,100,561,661,1.2864456250099465,0.9677777777777777,0.08710802704945915,0.005837874952703714,630,270,X ~= Y A^T,SVD normal-system solve,1.5518545004690094,1.5517814377494328,75.52161224417016,75.53161224417008,117.1985538437909,117.2085538437909,75.53161224417006,1.172085538437909e-10,45.12328035604389,8,True,0.9837095915352068,0.07777777777777778,0.01,1.0,rms,25.709920264364882,0.4576262395196359,0.6764807754250196,0.513625481984907,0.7172285190224229,0.4576262395196359,0.6764807754250196,0.513625481984907,0.7172285190224229,1.0,1.0,1.0,0.1475476913992981,0.0,0.0006038256533966931,0.0,,,,0.994982257392359,0.9925715448658405,0.532051282051282,,0.19085100003710595,0.19083055257704137,1.654400664307362
main_corrected_inverse_map_2026-08-31_v2,har,mlp,1,AIME,0.0,0.5,0,100,561,661,0.24161541694775224,0.9722222222222222,0.09943895018569054,0.0013546249829232693,630,270,X ~= Y A^T,SVD normal-system solve,1.4456433998184508,1.4456433998184508,81.64057825283525,81.64057825283525,118.02316310857303,118.02316310857303,81.64057825283523,1.18023163108573e-10,45.85626537290545,1,True,1.0,0.0,0.0,1.0,rms,25.709920264364882,0.4538300935621857,0.6736691276600002,0.5212223539497688,0.7225959906148609,0.4538300935621857,0.6736691276600002,0.5212223539497688,0.7225959906148609,1.0,1.0,1.0,0.14764217758235265,0.0,0.0005443561894720433,0.0,,,,0.9953775078592126,0.9912908449396843,0.5201465201465201,,0.16006117775067738,0.16006117775067738,1.661398682012239
main_corrected_inverse_map_2026-08-31_v2,har,mlp,1,HuberAIME,0.0,0.5,0,100,561,661,0.24161541694775224,0.9722222222222222,0.09943895018569054,0.005810125032439828,630,270,X ~= Y A^T,SVD normal-system solve,1.5317619160687042,1.5317619160687042,76.18377279141187,76.18377279141187,116.69540178431586,116.69540178431586,76.18377279141187,1.1669540178431588e-10,44.86289620275863,8,True,0.9829790989246974,0.07142857142857142,0.0,1.0,rms,25.709920264364882,0.4552979372653,0.6747576878148925,0.5196738212215168,0.7215312351630851,0.4552979372653,0.6747576878148925,0.5196738212215168,0.7215312351630851,1.0000000000000002,1.0,1.0,0.14734321657531263,0.0,0.0005642918636749928,0.0,,,,0.9956493164477422,0.9928274638014649,0.619047619047619,,0.18519126753361767,0.18519126753361767,1.6518873067921067
main_corrected_inverse_map_2026-08-31_v2,har,mlp,1,RidgeAIME,0.0,0.5,0,100,561,661,0.24161541694775224,0.9722222222222222,0.09943895018569054,0.0013257079990580678,630,270,X ~= Y A^T,SVD normal-system solve,1.4456433998184508,1.4455888204866978,81.64057825283525,81.65057825283526,118.02316310857303,118.03316310857294,81.65057825283523,1.1803316310857302e-10,45.8516047568659,1,True,1.0,0.0,0.01,1.0,rms,25.709920264364882,0.4538295624995544,0.6736687335030136,0.5212229142055124,0.7225958125275156,0.4538295624995544,0.6736687335030136,0.5212229142055124,0.7225958125275156,0.9999999999999998,1.0,1.0,0.14764219925454966,0.0,0.0005443521127387873,0.0,,,,0.995377481965223,0.9912910028322605,0.5201465201465201,,0.16006117775067738,0.16004478093381663,1.6613545401119394
main_corrected_inverse_map_2026-08-31_v2,har,mlp,1,HuberRidgeAIME,0.0,0.5,0,100,561,661,0.24161541694775224,0.9722222222222222,0.09943895018569054,0.006024457979947329,630,270,X ~= Y A^T,SVD normal-system solve,1.5317683027644367,1.53169851091931,76.18347243090872,76.19347243090871,116.6954282641943,116.70542826419437,76.1934724309087,1.1670542826419435e-10,44.858131861762686,8,True,0.9829782269669055,0.07142857142857142,0.01,1.0,rms,25.709920264364882,0.4552996931159083,0.6747589889107876,0.5196719688498188,0.7215306028081914,0.4552996931159083,0.6747589889107876,0.5196719688498188,0.7215306028081914,1.0,1.0,1.0,0.1473432307447505,0.0,0.0005642892866211729,0.0,,,,0.9956493405259813,0.992827929169058,0.619047619047619,,0.18519307832477436,0.18517329014682496,1.651841183223284
main_corrected_inverse_map_2026-08-31_v2,har,lgbm,1,AIME,0.05,0.0,150,0,561,561,10.847321916022338,0.9711111111111111,0.08866122677971233,0.0011848749127238989,630,270,X ~= Y A^T,SVD normal-system solve,1.457187227133016,1.457187227133016,82.53617829997425,82.53617829997425,120.27066479509568,120.27066479509568,82.53617829997424,1.2027066479509568e-10,42.93547836432949,1,True,1.0,0.0,0.0,1.0,rms,23.68543856465402,0.5003267102063597,0.7073377624631387,0.4738556279550984,0.6907970576271132,2.5939704580863046,1.610580782850182,0.14701757729782916,0.38763514619829553,0.9890526015482753,0.9742626206634039,0.0,0.0,0.0,0.0013447860273852492,0.0,0.044444444444444446,1.0,1.0,0.9835893381815023,0.9644621685620219,0.2710084033613446,,0.16351535581036628,0.16351535581036628,1.6328163059404883
main_corrected_inverse_map_2026-08-31_v2,har,lgbm,1,HuberAIME,0.05,0.0,150,0,561,561,10.847321916022338,0.9711111111111111,0.08866122677971233,0.005282875034026802,630,270,X ~= Y A^T,SVD normal-system solve,1.5312730758865083,1.5312730758865083,74.71624211753787,74.71624211753787,114.4109698860033,114.4109698860033,74.7162421175379,1.1441096988600336e-10,41.72569683946628,8,True,0.9476711920685313,0.11746031746031746,0.0,1.0,rms,23.68543856465402,0.4865960757758113,0.6975643882652062,0.48829478517550595,0.6998074546626487,2.5798062588034045,1.606177530288419,0.151675229809754,0.39290186907356883,0.9994683176375416,0.9984094163910117,0.5384615384615384,0.0,0.0,0.0012584721699050712,0.0,0.9999999999999999,0.18782169151667039,0.9830130293035018,0.9945043735614962,0.9905830426638464,0.32100840336134456,,0.18505264646267316,0.18505264646267316,1.6204035983412879
main_corrected_inverse_map_2026-08-31_v2,har,lgbm,1,RidgeAIME,0.05,0.0,150,0,561,561,10.847321916022338,0.9711111111111111,0.08866122677971233,0.0011700000613927841,630,270,X ~= Y A^T,SVD normal-system solve,1.457187227133016,1.45713184150081,82.53617829997425,82.54617829997423,120.27066479509568,120.28066479509566,82.54617829997429,1.2028066479509567e-10,42.93107083736785,1,True,1.0,0.0,0.01,1.0,rms,23.68543856465402,0.5003193836856197,0.7073325835034179,0.47386333253607593,0.6907974707181413,2.5939637005534757,1.6105786849929051,0.14701979939588972,0.3876353437836735,0.9890525116598917,0.9742640479577438,0.0,0.0,0.0,0.0013447928196796697,0.0,0.044444444444444446,1.0,1.0,0.9835892109776448,0.9644594091276109,0.2710084033613446,,0.16351535581036628,0.16349884857565372,1.6327717212993735
main_corrected_inverse_map_2026-08-31_v2,har,lgbm,1,HuberRidgeAIME,0.05,0.0,150,0,561,561,10.847321916022338,0.9711111111111111,0.08866122677971233,0.005228292080573738,630,270,X ~= Y A^T,SVD normal-system solve,1.5312809223051922,1.5312098249801271,74.71586652294218,74.72586652294213,114.41098100008253,114.42098100008256,74.72586652294223,1.144209810000825e-10,41.72104852548048,8,True,0.9476702808205254,0.11746031746031746,0.01,1.0,rms,23.68543856465402,0.48659259628040236,0.6975618942290371,0.4882984442184666,0.6998078197110297,2.57980345730925,1.606176658188398,0.15167615103276322,0.3929020279893032,0.9994683133167918,0.9984087367270403,0.5384615384615384,0.0,0.0,0.0012584831265927386,0.0,0.9999999999999999,0.1878216912945874,0.983012075682197,0.9945044359814977,0.9905869439331862,0.32100840336134456,,0.18505487183165548,0.18503470708439101,1.6203552144982165
main_corrected_inverse_map_2026-08-31_v2,har,svm,1,AIME,0.05,0.0,150,0,561,561,1.062886834028177,0.9255555555555556,0.1643566356537013,0.0012033339589834213,630,270,X ~= Y A^T,SVD normal-system solve,1.545393289020624,1.545393289020624,73.05582843463246,73.05582843463246,112.89998698672308,112.89998698672308,73.05582843463236,1.1289998698672303e-10,43.048588521715224,1,True,1.0,0.0,0.0,1.0,rms,23.68543856465402,0.4647536834362571,0.6817284528580695,0.5123622445280795,0.7165040418505669,1.2341278811908918,1.1109130844449047,0.2738885787853833,0.5254082073989419,0.9975051851001867,0.9965653860869699,0.17647058823529413,0.0,0.0,0.0012420874490103484,0.0,0.050793650793650794,1.0,1.0,0.9920893288996758,0.9879874479717478,0.44340659340659333,,0.18903902195868025,0.18903902195868025,1.6339589163638948
main_corrected_inverse_map_2026-08-31_v2,har,svm,1,HuberAIME,0.05,0.0,150,0,561,561,1.062886834028177,0.9255555555555556,0.1643566356537013,0.005186707945540547,630,270,X ~= Y A^T,SVD normal-system solve,1.6342778346439146,1.6342778346439146,67.2312376071517,67.2312376071517,109.8745214170464,109.8745214170464,67.2312376071517,1.0987452141704639e-10,41.84417293484508,8,True,0.9433916045440043,0.12063492063492064,0.0,1.0,rms,23.68543856465402,0.4621824587971223,0.679840024415393,0.5150600740591365,0.7182064774942815,1.230450052780642,1.1092565315474332,0.2760524657331225,0.5272130503246353,0.999627382401279,0.9992958681257283,0.6666666666666666,0.0,0.0,0.0010836260201543286,0.0,1.0,0.18761466177393307,0.9838345178694929,0.9946513372488415,0.9924883845482547,0.3791208791208791,,0.21332589050460005,0.21332589050460005,1.6216349882924894
main_corrected_inverse_map_2026-08-31_v2,har,svm,1,RidgeAIME,0.05,0.0,150,0,561,561,1.062886834028177,0.9255555555555556,0.1643566356537013,0.0011623749742284417,630,270,X ~= Y A^T,SVD normal-system solve,1.545393289020624,1.5453186449221867,73.05582843463246,73.06582843463238,112.89998698672308,112.90998698672308,73.06582843463242,1.1290998698672305e-10,43.04377587525515,1,True,1.0,0.0,0.01,1.0,rms,23.68543856465402,0.464750930068873,0.6817264334532387,0.5123651334689078,0.7165042632433719,1.2341239141116056,1.1109112989395713,0.27389091285596256,0.5254085972207875,0.9975051744900235,0.9965642306582185,0.17647058823529413,0.0,0.0,0.0012420775693484023,0.0,0.050793650793650794,1.0,1.0,0.9920894078624716,0.9879875159381125,0.44340659340659333,,0.18903902195868025,0.18901804457822094,1.6339103614004487
main_corrected_inverse_map_2026-08-31_v2,har,svm,1,HuberRidgeAIME,0.05,0.0,150,0,561,561,1.062886834028177,0.9255555555555556,0.1643566356537013,0.005139333079569042,630,270,X ~= Y A^T,SVD normal-system solve,1.6342949635374835,1.6342006313227009,67.23054608357025,67.24054608357017,109.87454286025354,109.88454286025353,67.24054608357018,1.0988454286025353e-10,41.83925950819628,8,True,0.9433899455817623,0.12063492063492064,0.01,1.0,rms,23.68543856465402,0.4621832096139385,0.6798405766162671,0.5150592862727453,0.7182062378115833,1.2304494848162468,1.109256275536112,0.2760527999006268,0.5272131956349355,0.999627398271674,0.9992948826129698,0.6666666666666666,0.0,0.0,0.0010836220436753316,0.0,1.0,0.18761464871587213,0.9838327708321108,0.9946515375738161,0.9924895807562752,0.3791208791208791,,0.21333044232854123,0.21330537393902185,1.6215839895697801
main_corrected_inverse_map_2026-08-31_v2,har,mlp,1,AIME,0.05,0.0,150,0,561,561,0.21804804203566164,0.9433333333333334,0.2698072279686236,0.0011812079465016723,630,270,X ~= Y A^T,SVD normal-system solve,1.5896889649696764,1.5896889649696764,75.80670612022787,75.80670612022787,120.50908419002548,120.50908419002548,75.80670612022786,1.2050908419002538e-10,43.13415097078357,1,True,1.0,0.0,0.0,1.0,rms,23.68543856465402,0.4678545955772832,0.6839989733744366,0.5123591569060838,0.7167503627763367,2.135446062046846,1.4613165509385178,0.1825566214359544,0.43022888064140946,0.9884504740774376,0.9703412653971325,0.0,0.0,0.0,0.0009481332693293687,0.0,0.04126984126984127,1.0,1.0,0.9878158686615937,0.9715700094337313,0.2852941176470588,,0.20131215953347567,0.20131215953347567,1.634821254041163
main_corrected_inverse_map_2026-08-31_v2,har,mlp,1,HuberAIME,0.05,0.0,150,0,561,561,0.21804804203566164,0.9433333333333334,0.2698072279686236,0.005187665927223861,630,270,X ~= Y A^T,SVD normal-system solve,1.5891920931597758,1.5891920931597758,72.09319206245029,72.09319206245029,114.56993079629511,114.56993079629511,72.09319206245034,1.1456993079629508e-10,41.66725950821569,8,True,0.9504828005225863,0.1111111111111111,0.0,1.0,rms,23.68543856465402,0.4591201313936025,0.6775840400965791,0.5214630142129639,0.7227625998185404,2.1250909827920252,1.457769180217508,0.18652051971547612,0.43449290317933614,0.9993751926442516,0.9984874078317314,0.6666666666666666,0.0,0.0,0.0009805808699459274,0.0,0.9999999999999999,0.1866424809520315,0.9833633440802593,0.9952260663665861,0.9922306968727316,0.4903762903762904,,0.20117639560707234,0.20117639560707234,1.619794937471956
main_corrected_inverse_map_2026-08-31_v2,har,mlp,1,RidgeAIME,0.05,0.0,150,0,561,561,0.21804804203566164,0.9433333333333334,0.2698072279686236,0.0011568330228328705,630,270,X ~= Y A^T,SVD normal-system solve,1.5896889649696764,1.5896111867338298,75.80670612022787,75.81670612022783,120.50908419002548,120.5190841900254,75.81670612022783,1.205190841900255e-10,43.12968961532354,1,True,1.0,0.0,0.01,1.0,rms,23.68543856465402,0.4678514835569364,0.6839966984985647,0.5123624005382721,0.7167503612371829,2.1354417947018174,1.4613150908349017,0.18255825496489209,0.43022904889586766,0.988450640772253,0.9703412653971325,0.0,0.0,0.0,0.0009481276998370477,0.0,0.04126984126984127,1.0,1.0,0.9878159309597686,0.9715684462073408,0.2852941176470588,,0.20131215953347567,0.20129091041761035,1.6347763327381777
main_corrected_inverse_map_2026-08-31_v2,har,mlp,1,HuberRidgeAIME,0.05,0.0,150,0,561,561,0.21804804203566164,0.9433333333333334,0.2698072279686236,0.005154583021067083,630,270,X ~= Y A^T,SVD normal-system solve,1.589198562150322,1.5891168458239089,72.09291847498407,72.10291847498401,114.56996238166508,114.57996238166504,72.10291847498407,1.1457996238166506e-10,41.662636400056414,8,True,0.9504820122326022,0.1111111111111111,0.01,1.0,rms,23.68543856465402,0.45912189841585416,0.6775853440090438,0.5214611724607856,0.7227619873869519,2.1250915828746177,1.4577693860397185,0.18652029000536985,0.4344927689811601,0.9993752298290141,0.9984898886052271,0.6666666666666666,0.0,0.0,0.0009805752546239068,0.0,0.9999999999999999,0.18664241363347386,0.9833625247550812,0.9952261198688094,0.9922330349156809,0.4903762903762904,,0.20117816344948214,0.20115583152511657,1.6197467485154478
main_corrected_inverse_map_2026-08-31_v2,har,lgbm,1,AIME,0.05,0.25,150,100,561,661,11.374844833044335,0.9777777777777777,0.05872571345217769,0.0013261249987408519,630,270,X ~= Y A^T,SVD normal-system solve,1.4344308744450356,1.4344308744450356,82.9594316724483,82.9594316724483,118.9995701173732,118.9995701173732,82.9594316724482,1.1899957011737318e-10,45.66130780291171,1,True,1.0,0.0,0.0,1.0,rms,25.709920264364882,0.4895159924482087,0.6996541949050321,0.48760519511917044,0.6993476881713537,1.9226712271731476,1.3866042071092772,0.19227296244730052,0.4418603143418652,0.9879823237717357,0.9756212478970063,0.1111111111111111,0.14535395385531807,0.01,0.0008286243833946615,0.0,0.04126984126984127,1.0,1.0,0.983947435563195,0.9711354006999624,0.2648680524841516,,0.15667962433494595,0.15667962433494595,1.659548346126055
main_corrected_inverse_map_2026-08-31_v2,har,lgbm,1,HuberAIME,0.05,0.25,150,100,561,661,11.374844833044335,0.9777777777777777,0.05872571345217769,0.005151582998223603,630,270,X ~= Y A^T,SVD normal-system solve,1.579944614134531,1.579944614134531,74.58631732808102,74.58631732808102,117.84225035063066,117.84225035063066,74.58631732808104,1.1784225035063067e-10,44.14821198453904,7,True,0.9538586174491233,0.10317460317460317,0.0,1.0,rms,25.709920264364882,0.4789834049038523,0.6920862698420279,0.4986300507376552,0.706600270816672,1.9118503966788312,1.382696784070474,0.1968188656862463,0.44656831823006654,0.9993623794970838,0.9986071801296165,0.42857142857142855,0.14466080959192387,0.0,0.0008142950109662558,0.0,1.0,0.18940418491635796,0.986765596332984,0.9950430334961409,0.9926566781665025,0.46007326007326005,,0.19864186277888266,0.19864186277888266,1.644913119216582
main_corrected_inverse_map_2026-08-31_v2,har,lgbm,1,RidgeAIME,0.05,0.25,150,100,561,661,11.374844833044335,0.9777777777777777,0.05872571345217769,0.0013318330748006701,630,270,X ~= Y A^T,SVD normal-system solve,1.4344308744450356,1.4343785140918686,82.9594316724483,82.96943167244831,118.9995701173732,119.00957011737323,82.9694316724483,1.1900957011737321e-10,45.656681602848295,1,True,1.0,0.0,0.01,1.0,rms,25.709920264364882,0.4895119419193899,0.699651300234188,0.4876094349600659,0.6993477550680068,1.9226670636166152,1.3866027057584358,0.19227471158523746,0.44186034853294925,0.9879824068880478,0.9756186717557228,0.1111111111111111,0.14535397895396313,0.01,0.0008286239009114488,0.0,0.04126984126984127,1.0,1.0,0.983947509003201,0.9711372123084672,0.2648680524841516,,0.15667962433494595,0.15666377119911593,1.6595043431169105
main_corrected_inverse_map_2026-08-31_v2,har,lgbm,1,HuberRidgeAIME,0.05,0.25,150,100,561,661,11.374844833044335,0.9777777777777777,0.05872571345217769,0.005422750022262335,630,270,X ~= Y A^T,SVD normal-system solve,1.579952593669666,1.5798748478358275,74.58597061726311,74.59597061726306,117.84229772811435,117.85229772811434,74.59597061726309,1.1785229772811432e-10,44.143384798469675,7,True,0.9538575538148253,0.10317460317460317,0.01,1.0,rms,25.709920264364882,0.47898396992140285,0.6920866780406937,0.498629459312529,0.706599976571087,1.9118508934344147,1.3826969637033324,0.19681865699590428,0.4465681130361722,0.9993623881628267,0.9986080526935996,0.42857142857142855,0.1446608519040506,0.0,0.0008142984733324423,0.0,1.0,0.18940413663078395,0.9867644889916216,0.9950430915419293,0.9926556975710735,0.46007326007326005,,0.19864405618445843,0.1986226850259007,1.6448656306593121
main_corrected_inverse_map_2026-08-31_v2,har,svm,1,AIME,0.05,0.25,150,100,561,661,1.2685613329522312,0.9466666666666667,0.1548196369411413,0.0013262080028653145,630,270,X ~= Y A^T,SVD normal-system solve,1.4399468831633788,1.4399468831633788,77.51972554652345,77.51972554652345,111.62428718439699,111.62428718439699,77.51972554652335,1.1162428718439706e-10,45.35361287859286,1,True,1.0,0.0,0.0,1.0,rms,25.709920264364882,0.48537023813008984,0.6966851786352928,0.4899740437623379,0.7009876920805549,1.409426537092776,1.1871927127020179,0.24079437138840387,0.4930727460245502,0.997037548777723,0.9993654797816338,0.8181818181818182,0.14520079291915364,0.0,0.0010578676633847411,0.0,0.05555555555555555,1.0,1.0,0.9921384914611906,0.9877779935951777,0.36007326007326007,,0.1583464721129519,0.1583464721129519,1.6566118887663335
main_corrected_inverse_map_2026-08-31_v2,har,svm,1,HuberAIME,0.05,0.25,150,100,561,661,1.2685613329522312,0.9466666666666667,0.1548196369411413,0.005176207982003689,630,270,X ~= Y A^T,SVD normal-system solve,1.4441445824961294,1.4441445824961294,73.8584978948867,73.8584978948867,106.6623496062024,106.6623496062024,73.85849789488668,1.0666234960620236e-10,44.36998265190435,7,True,0.9394068399281525,0.11587301587301588,0.0,1.0,rms,25.709920264364882,0.48278559788261116,0.6948277469147379,0.4926899779300965,0.7028248451794412,1.40711412305947,1.186218412881654,0.24203998277967798,0.4942075342194169,0.9997204698835838,0.999720073164117,0.8181818181818182,0.14506292921474678,0.01,0.0010027926210516818,0.0,1.0,0.1881695835457071,0.9835972667741788,0.9941652908872751,0.9897161612364634,0.4624542124542124,,0.15961067539215337,0.15961067539215337,1.647089258913001
main_corrected_inverse_map_2026-08-31_v2,har,svm,1,RidgeAIME,0.05,0.25,150,100,561,661,1.2685613329522312,0.9466666666666667,0.1548196369411413,0.0013049999251961708,630,270,X ~= Y A^T,SVD normal-system solve,1.4399468831633788,1.4398901375886906,77.51972554652345,77.52972554652341,111.62428718439699,111.63428718439701,77.5297255465234,1.1163428718439706e-10,45.34866404194193,1,True,1.0,0.0,0.01,1.0,rms,25.709920264364882,0.4853681742901504,0.6966836974482397,0.48997621244071143,0.7009879377843637,1.4094241115645438,1.1871916911621914,0.24079567793020507,0.4930728582564063,0.997037486173164,0.9993648357463129,0.8181818181818182,0.14520078149700186,0.0,0.0010578704017451777,0.0,0.05555555555555555,1.0,1.0,0.9921385190723975,0.987777104411187,0.36007326007326007,,0.1583464721129519,0.15832935705415857,1.6565644973992268
main_corrected_inverse_map_2026-08-31_v2,har,svm,1,HuberRidgeAIME,0.05,0.25,150,100,561,661,1.2685613329522312,0.9466666666666667,0.1548196369411413,0.005279417033307254,630,270,X ~= Y A^T,SVD normal-system solve,1.4441534500186022,1.444093322064919,73.85804685856496,73.86804685856492,106.66235318243217,106.67235318243213,73.86804685856497,1.0667235318243218e-10,44.36496834225635,7,True,0.9394055829913971,0.11587301587301588,0.01,1.0,rms,25.709920264364882,0.48278590279690975,0.6948279663318898,0.49268965752683624,0.7028250011270747,1.4071140113512648,1.1862183657958028,0.24204004295273118,0.49420757568205276,0.9997204686042803,0.999720073164117,0.8181818181818182,0.14506291561919946,0.01,0.0010027986518148784,0.0,1.0,0.1881695772917133,0.983595936267849,0.9941653953647366,0.9897151058498477,0.4624542124542124,,0.15961334209485145,0.15959525967976915,1.6470401759532742
main_corrected_inverse_map_2026-08-31_v2,har,mlp,1,AIME,0.05,0.25,150,100,561,661,0.4974782080389559,0.9344444444444444,0.4170981806857551,0.0013122920645400882,630,270,X ~= Y A^T,SVD normal-system solve,1.3440358705537423,1.3440358705537423,85.90138595119483,85.90138595119483,115.45454404868715,115.45454404868715,85.90138595119483,1.1545454404868718e-10,45.36293670901922,1,True,1.0,0.0,0.0,1.0,rms,25.709920264364882,0.6081396299747883,0.7798330782768761,0.45920925514668975,0.6784038144175942,2.006599974857663,1.416545083948147,0.2054117657241864,0.45591055922998236,0.9868839269005194,0.974571927381278,0.0,0.1451341376920412,0.02,0.0008658450445750282,0.0,0.046031746031746035,1.0,1.0,0.9793878065608341,0.9587285333741086,0.20375694137304046,,0.12841085962232127,0.12841085962232127,1.656701162181979
main_corrected_inverse_map_2026-08-31_v2,har,mlp,1,HuberAIME,0.05,0.25,150,100,561,661,0.4974782080389559,0.9344444444444444,0.4170981806857551,0.005216291989199817,630,270,X ~= Y A^T,SVD normal-system solve,1.4040292826622238,1.4040292826622238,79.65241423620432,79.65241423620432,111.83432202237226,111.83432202237226,79.6524142362043,1.1183432202237221e-10,44.32075992581591,7,True,0.9494523515101031,0.10317460317460317,0.0,1.0,rms,25.709920264364882,0.5998314299867478,0.774487850122097,0.4665973572180989,0.6844496494013633,1.9993096464508986,1.4139694644690524,0.20829864365132933,0.45959238471690567,0.9993244621273196,0.9985363570196513,0.42857142857142855,0.14452896517140176,0.01,0.0007452716068770798,0.0,0.9999999999999999,0.18880863689755928,0.9861556255929048,0.9947385118431622,0.9910730996496865,0.3400560224089636,,0.1473761656043287,0.1473761656043287,1.646607198217646
main_corrected_inverse_map_2026-08-31_v2,har,mlp,1,RidgeAIME,0.05,0.25,150,100,561,661,0.4974782080389559,0.9344444444444444,0.4170981806857551,0.0012949580559507012,630,270,X ~= Y A^T,SVD normal-system solve,1.3440358705537423,1.3439958251200976,85.90138595119483,85.91138595119476,115.45454404868715,115.46454404868716,85.91138595119477,1.1546454404868715e-10,45.35838610674962,1,True,1.0,0.0,0.01,1.0,rms,25.709920264364882,0.6081421388586669,0.7798346868783581,0.4592070241110615,0.6784032973725908,2.0066034126116303,1.4165462973766971,0.2054104044170556,0.4559102562631663,0.9868839848358999,0.9745862623610009,0.0,0.1451341542887982,0.02,0.0008658460693709078,0.0,0.046031746031746035,1.0,1.0,0.9793881113320453,0.9587367687136874,0.20375694137304046,,0.12841085962232127,0.12839791966265743,1.6566575935611665
main_corrected_inverse_map_2026-08-31_v2,har,mlp,1,HuberRidgeAIME,0.05,0.25,150,100,561,661,0.4974782080389559,0.9344444444444444,0.4170981806857551,0.005217708996497095,630,270,X ~= Y A^T,SVD normal-system solve,1.404035209102192,1.4039844904799048,79.65210257488009,79.66210257488015,111.83435649415101,111.84435649415101,79.66210257488015,1.1184435649415101e-10,44.31601419122019,7,True,0.9494513716696247,0.10317460317460317,0.01,1.0,rms,25.709920264364882,0.599837683898423,0.7744918875614017,0.46659179590062116,0.6844487219283114,1.999316799259346,1.4139719938030406,0.2082958112295683,0.4595918075159546,0.9993244662009508,0.998536149266322,0.42857142857142855,0.14452896881014182,0.01,0.0007452732969391085,0.0,0.9999999999999999,0.18880865203691852,0.9861545977417516,0.9947387680827813,0.9910734985359628,0.3400560224089636,,0.14737799876747937,0.14736231026088184,1.6465606927717968
main_corrected_inverse_map_2026-08-31_v2,har,lgbm,1,AIME,0.05,0.5,150,100,561,661,13.808476208010688,0.9733333333333334,0.08297144975030998,0.0013155420310795307,630,270,X ~= Y A^T,SVD normal-system solve,1.443170780685345,1.443170780685345,82.4496466691959,82.4496466691959,118.98892095081432,118.98892095081432,82.44964666919591,1.1898892095081428e-10,46.6459700420772,1,True,1.0,0.0,0.0,1.0,rms,25.709920264364882,0.5177795903705995,0.7195690309974433,0.47295155740344585,0.6894345009614568,1.9666421848312232,1.4023702024897788,0.19146482806888,0.4408648674330546,0.9866250597555138,0.9742597364533089,0.17647058823529413,0.1391195204981383,0.0,0.0008318345011958817,0.0,0.05238095238095238,1.0,1.0,0.9830917889669732,0.9699453816656078,0.30238095238095236,,0.15931772729627192,0.15931772729627192,1.6688141290237968
main_corrected_inverse_map_2026-08-31_v2,har,lgbm,1,HuberAIME,0.05,0.5,150,100,561,661,13.808476208010688,0.9733333333333334,0.08297144975030998,0.00583283300511539,630,270,X ~= Y A^T,SVD normal-system solve,1.5432881591546155,1.5432881591546155,73.57165660559488,73.57165660559488,113.54226648880403,113.54226648880403,73.5716566055949,1.1354226648880398e-10,44.70804124779436,8,True,0.94132685630555,0.12222222222222222,0.0,1.0,rms,25.709920264364882,0.5034699672057306,0.709556176215619,0.48751733933739516,0.6987430666573109,1.9527521681539193,1.3974090911948152,0.19717535696373023,0.44670184466048396,0.9992742198070279,0.9983773426213899,0.5384615384615384,0.14040665309081357,0.01,0.0008759564268879385,0.0,0.9999999999999998,0.1928659981024915,0.9826990645479299,0.9947601431023798,0.9915555442907117,0.3791208791208791,,0.18844702408424643,0.18844702408424643,1.650385642940969
main_corrected_inverse_map_2026-08-31_v2,har,lgbm,1,RidgeAIME,0.05,0.5,150,100,561,661,13.808476208010688,0.9733333333333334,0.08297144975030998,0.0013365830527618527,630,270,X ~= Y A^T,SVD normal-system solve,1.443170780685345,1.443117036727106,82.4496466691959,82.45964666919599,118.98892095081432,118.9989209508143,82.45964666919595,1.1899892095081434e-10,46.6411860971203,1,True,1.0,0.0,0.01,1.0,rms,25.709920264364882,0.5177732055172022,0.7195645944021997,0.47295805655308754,0.6894348827085527,1.966636482819898,1.402368169497546,0.1914671723065573,0.4408651086382345,0.9866250052019607,0.9742619386385998,0.17647058823529413,0.13911958406004082,0.0,0.0008318345240122992,0.0,0.05238095238095238,1.0,1.0,0.983091810711216,0.9699483899329415,0.30238095238095236,,0.15931772729627192,0.15930155378484262,1.6687695861095455
main_corrected_inverse_map_2026-08-31_v2,har,lgbm,1,HuberRidgeAIME,0.05,0.5,150,100,561,661,13.808476208010688,0.9733333333333334,0.08297144975030998,0.005824374966323376,630,270,X ~= Y A^T,SVD normal-system solve,1.543295221897982,1.5432213858870825,73.5713345380374,73.5813345380374,113.54228906121111,113.55228906121111,73.5813345380374,1.1355228906121111e-10,44.70301304023475,8,True,0.9413259228505256,0.12222222222222222,0.01,1.0,rms,25.709920264364882,0.5034692973586692,0.7095557041971188,0.4875180211754919,0.6987432164297157,1.9527521874137168,1.3974090980860676,0.19717534904555178,0.446701944286008,0.9992742157871282,0.9983767816874006,0.5384615384615384,0.1404067273103645,0.01,0.000875962072146913,0.0,0.9999999999999998,0.19286591485070764,0.9826980840967465,0.9947601560267663,0.9915573974498704,0.3791208791208791,,0.18844901159606292,0.18842823310938658,1.6503367961218214
main_corrected_inverse_map_2026-08-31_v2,har,svm,1,AIME,0.05,0.5,150,100,561,661,1.2480804999358952,0.9288888888888889,0.17803999666894135,0.0013098330236971378,630,270,X ~= Y A^T,SVD normal-system solve,1.5612996688378173,1.5612996688378173,73.06362224447192,73.06362224447192,114.07420921438539,114.07420921438539,73.06362224447184,1.1407420921438541e-10,45.450689581084966,1,True,1.0,0.0,0.0,1.0,rms,25.709920264364882,0.4693112073668643,0.6850629221953735,0.5050961996906977,0.711261680533175,1.4840670080935898,1.2182228893324858,0.23720274037598543,0.48902962217983065,0.9970677117438094,0.9984931651024858,0.25,0.14196677422232187,0.0,0.0010687900149354958,0.0,0.050793650793650794,1.0,1.0,0.9926183566363956,0.987871314301195,0.28922702684312596,,0.19348626759296592,0.19348626759296592,1.6575404767546449
main_corrected_inverse_map_2026-08-31_v2,har,svm,1,HuberAIME,0.05,0.5,150,100,561,661,1.2480804999358952,0.9288888888888889,0.17803999666894135,0.005800333921797574,630,270,X ~= Y A^T,SVD normal-system solve,1.630529639265503,1.630529639265503,69.00271536394894,69.00271536394894,112.51097259071985,112.51097259071985,69.0027153639489,1.1251097259071984e-10,44.46213391573143,8,True,0.9433482785368597,0.1253968253968254,0.0,1.0,rms,25.709920264364882,0.4660297235796918,0.682663697276845,0.5085566301501296,0.7136716313411607,1.4805396889945175,1.2167742966526363,0.23901575106075768,0.4908965706630238,0.9996897205630313,0.9995194042233267,0.6666666666666666,0.14163455194386868,0.0,0.0010147694396515597,0.0,1.0,0.1908317642862733,0.9836167207710048,0.9951014483400357,0.9915677684930534,0.37353365588659704,,0.2123286976850373,0.2123286976850373,1.6479903023932796
main_corrected_inverse_map_2026-08-31_v2,har,svm,1,RidgeAIME,0.05,0.5,150,100,561,661,1.2480804999358952,0.9288888888888889,0.17803999666894135,0.0012869170168414712,630,270,X ~= Y A^T,SVD normal-system solve,1.5612996688378173,1.561222855939867,73.06362224447192,73.07362224447186,114.07420921438539,114.08420921438537,73.0736222444718,1.1408420921438531e-10,45.445710950259944,1,True,1.0,0.0,0.01,1.0,rms,25.709920264364882,0.4693093486988339,0.6850615656266478,0.5050981597160654,0.7112620938619398,1.4840653343260841,1.2182222023613278,0.2372036006776157,0.489029967161116,0.9970676652564898,0.9984929157984904,0.3333333333333333,0.14196673520898834,0.0,0.0010687838190737674,0.0,0.050793650793650794,1.0,1.0,0.9926183642443073,0.9878736411378066,0.28922702684312596,,0.19348626759296592,0.19346490062605962,1.6574929018917404
main_corrected_inverse_map_2026-08-31_v2,har,svm,1,HuberRidgeAIME,0.05,0.5,150,100,561,661,1.2480804999358952,0.9288888888888889,0.17803999666894135,0.005799332982860506,630,270,X ~= Y A^T,SVD normal-system solve,1.630543379242544,1.6304520122572828,69.00216861200074,69.01216861200075,112.5110291836755,112.52102918367551,69.01216861200075,1.1252102918367546e-10,44.457055905310334,8,True,0.943346816893276,0.1253968253968254,0.01,1.0,rms,25.709920264364882,0.46603047169521145,0.68266424521518,0.5085558412381924,0.7136719184353528,1.4805405718242146,1.2167746594272149,0.2390152972941354,0.49089685429478247,0.9996897249590502,0.9995192795713294,0.6666666666666666,0.14163455444718415,0.0,0.0010147653709740216,0.0,1.0,0.1908317679070336,0.9836151807186267,0.9951014531966355,0.9915686410567828,0.37353365588659704,,0.21233235733704542,0.21230802110054478,1.647940698884481
main_corrected_inverse_map_2026-08-31_v2,har,mlp,1,AIME,0.05,0.5,150,100,561,661,0.3190079159103334,0.9322222222222222,0.4624636486620369,0.0013210420729592443,630,270,X ~= Y A^T,SVD normal-system solve,1.4189832140143865,1.4189832140143865,81.76022944549455,81.76022944549455,116.01639315712154,116.01639315712154,81.76022944549463,1.1601639315712162e-10,44.67198932236518,1,True,1.0,0.0,0.0,1.0,rms,25.709920264364882,0.44534835691695135,0.6673442566748824,0.4990858838249558,0.7080474563956757,1.5946372501719315,1.2627894718328672,0.21688912127437576,0.4689062122608425,0.9852195497218071,0.9735525025696384,0.1111111111111111,0.14160030442495486,0.0,0.0008042901906628884,0.0,0.05238095238095238,1.0,1.0,0.9822123654750536,0.965661085444349,0.27656395891690005,,0.15197725796343295,0.15197725796343295,1.650035292800672
main_corrected_inverse_map_2026-08-31_v2,har,mlp,1,HuberAIME,0.05,0.5,150,100,561,661,0.3190079159103334,0.9322222222222222,0.4624636486620369,0.005444916896522045,630,270,X ~= Y A^T,SVD normal-system solve,1.4433058304197974,1.4433058304197974,77.29067948933303,77.29067948933303,111.55408834406221,111.55408834406221,77.29067948933299,1.1155408834406225e-10,43.27221596904449,7,True,0.9449334482294058,0.10476190476190476,0.0,1.0,rms,25.709920264364882,0.4313071002949783,0.6567397508107594,0.514879056835571,0.7184459814094099,1.5817431059006855,1.2576736881642572,0.22322131039737647,0.4752614335306063,0.9992047774605759,0.9984010265009324,0.6666666666666666,0.14166913008954538,0.0,0.0008164522485937469,0.0,0.9999999999999999,0.18817248468037148,0.9867644562647796,0.9938659417173199,0.9891979768155664,0.5076923076923077,,0.15935836601426623,0.15935836601426623,1.6362091359772282
main_corrected_inverse_map_2026-08-31_v2,har,mlp,1,RidgeAIME,0.05,0.5,150,100,561,661,0.3190079159103334,0.9322222222222222,0.4624636486620369,0.0013312919763848186,630,270,X ~= Y A^T,SVD normal-system solve,1.4189832140143865,1.4189319749244564,81.76022944549455,81.77022944549458,116.01639315712154,116.02639315712156,81.77022944549464,1.1602639315712153e-10,44.667497508198004,1,True,1.0,0.0,0.01,1.0,rms,25.709920264364882,0.4453445059677188,0.6673413713892754,0.4990902152540523,0.7080473875964938,1.5946338373287805,1.262788120520929,0.216890797288528,0.46890617523431904,0.9852195328623087,0.9735556188695781,0.1111111111111111,0.14160029961083284,0.0,0.0008042886622336929,0.0,0.05238095238095238,1.0,1.0,0.9822122318200777,0.9656598139943433,0.27656395891690005,,0.15197725796343295,0.15196157542710942,1.6499916218511874
main_corrected_inverse_map_2026-08-31_v2,har,mlp,1,HuberRidgeAIME,0.05,0.5,150,100,561,661,0.3190079159103334,0.9322222222222222,0.4624636486620369,0.00533320801332593,630,270,X ~= Y A^T,SVD normal-system solve,1.4433101649351618,1.4432528159717786,77.29046696164052,77.30046696164048,111.55411661832105,111.56411661832107,77.30046696164052,1.1156411661832094e-10,43.267597363496726,7,True,0.9449327173105649,0.10476190476190476,0.01,1.0,rms,25.709920264364882,0.4313076130074784,0.656740141157428,0.5148784801523412,0.7184457129268403,1.5817439455356752,1.257674021968998,0.22322089806078105,0.4752612574835782,0.9992047806210614,0.9984010265009324,0.6666666666666666,0.14166913557911118,0.0,0.0008164534427399253,0.0,0.9999999999999999,0.18817247527411274,0.9867636854633336,0.9938659679091645,0.9891969380492218,0.5076923076923077,,0.15935967027926545,0.15934241353585937,1.6361627796279794
main_corrected_inverse_map_2026-08-31_v2,har,lgbm,1,AIME,0.1,0.0,300,0,561,561,11.42163354193326,0.97,0.09477448344972593,0.0012080828892067075,630,270,X ~= Y A^T,SVD normal-system solve,1.4457378453865106,1.4457378453865106,82.59422662909009,82.59422662909009,119.40959924810586,119.40959924810586,82.59422662909002,1.1940959924810586e-10,44.28935050212707,1,True,1.0,0.0,0.0,1.0,rms,23.68543856465402,0.530056986869272,0.72805012661854,0.46798126436688947,0.6871289898958012,2.998989733318296,1.731759144141672,0.130393988429493,0.3660698651215503,0.9775881797802499,0.9465887767225404,0.0,0.0,0.0,0.001530144704595245,0.0,0.08571428571428572,1.0,1.0,0.9726077662397623,0.9408701189955115,0.28963585434173666,,0.1600895497885269,0.1600895497885269,1.6462993114563438
main_corrected_inverse_map_2026-08-31_v2,har,lgbm,1,HuberAIME,0.1,0.0,300,0,561,561,11.42163354193326,0.97,0.09477448344972593,0.005246042041108012,630,270,X ~= Y A^T,SVD normal-system solve,1.6446876879035992,1.6446876879035992,69.05200043531732,69.05200043531732,113.56897494108038,113.56897494108038,69.05200043531734,1.1356897494108045e-10,41.91290030699151,8,True,0.9138089443515077,0.1492063492063492,0.0,1.0,rms,23.68543856465402,0.5054578812949705,0.7109556113393933,0.4926714115954798,0.7024083943076732,2.973900815745002,1.7245001640315962,0.13766892948819176,0.3744074393677627,0.9986324397914064,0.9952419444018326,0.42857142857142855,0.0,0.0,0.0013932290784313007,0.0,0.9999999999999998,0.18587352953994024,0.9820528894900923,0.9939885212341683,0.9886254346449028,0.23888888888888887,,0.21608344131499896,0.21608344131499896,1.6223477143709595
main_corrected_inverse_map_2026-08-31_v2,har,lgbm,1,RidgeAIME,0.1,0.0,300,0,561,561,11.42163354193326,0.97,0.09477448344972593,0.001208542031235993,630,270,X ~= Y A^T,SVD normal-system solve,1.4457378453865106,1.4456838847281304,82.59422662909009,82.60422662909009,119.40959924810586,119.41959924810584,82.60422662909005,1.194195992481058e-10,44.284792724051016,1,True,1.0,0.0,0.01,1.0,rms,23.68543856465402,0.5300474086712695,0.7280435486090578,0.4679908780139447,0.6871294647018121,2.9989797837734553,1.7317562714693588,0.13039687346237916,0.3660701014569652,0.9775881695193415,0.9465845628059176,0.0,0.0,0.0,0.0015301452104554633,0.0,0.08571428571428572,1.0,1.0,0.9726078305378483,0.9408759097297927,0.28963585434173666,,0.1600895497885269,0.16007333989708628,1.646254616293674
main_corrected_inverse_map_2026-08-31_v2,har,lgbm,1,HuberRidgeAIME,0.1,0.0,300,0,561,561,11.42163354193326,0.97,0.09477448344972593,0.005562749924138188,630,270,X ~= Y A^T,SVD normal-system solve,1.644696407663666,1.6446030568293624,69.05166532710602,69.06166532710601,113.569025906685,113.57902590668493,69.06166532710596,1.1357902590668496e-10,41.9079724277591,8,True,0.9138080909678525,0.1492063492063492,0.01,1.0,rms,23.68543856465402,0.505456461252106,0.7109546126526686,0.49267283689394403,0.702408593144491,2.9738989268245697,1.724499616359647,0.13766947721149503,0.3744075220278713,0.9986324815485218,0.9952525471597868,0.42857142857142855,0.0,0.0,0.001393238207403093,0.0,0.9999999999999998,0.1858734807792698,0.9820519606730321,0.9939885924268141,0.9886293359142426,0.23888888888888887,,0.21608574383946588,0.21606109314854055,1.622296649506308
main_corrected_inverse_map_2026-08-31_v2,har,svm,1,AIME,0.1,0.0,300,0,561,561,1.2268013330176473,0.8688888888888889,0.29200466047471946,0.00117425003554672,630,270,X ~= Y A^T,SVD normal-system solve,1.5464653097463916,1.5464653097463916,72.12559267432015,72.12559267432015,111.53972701573458,111.53972701573458,72.12559267432015,1.1153972701573466e-10,42.41490752494759,1,True,1.0,0.0,0.0,1.0,rms,23.68543856465402,0.4675679238777331,0.6837893856135331,0.5116768427065252,0.7158734603998996,3.5401070417596348,1.8815172180343274,0.10389259347619906,0.32654017410044545,0.9945862858545453,0.9960404816018469,0.3333333333333333,0.0,0.0,0.0017386922551223937,0.0,0.1126984126984127,1.0,1.0,0.9893125169218153,0.9858704452340625,0.29999999999999993,,0.18934018237043332,0.18934018237043332,1.6275185244686798
main_corrected_inverse_map_2026-08-31_v2,har,svm,1,HuberAIME,0.1,0.0,300,0,561,561,1.2268013330176473,0.8688888888888889,0.29200466047471946,0.0052556670270860195,630,270,X ~= Y A^T,SVD normal-system solve,1.5430065157316093,1.5430065157316093,67.4911880181609,67.4911880181609,104.13934286648939,104.13934286648939,67.49118801816094,1.0413934286648942e-10,41.317242301347,8,True,0.8942464296012597,0.18095238095238095,0.0,1.0,rms,23.68543856465402,0.4619319269551361,0.6796557415008985,0.5175630202460662,0.7199916063341197,3.5344407769520254,1.8800108449027695,0.10532689526468386,0.32860019376607985,0.9992093248822898,0.9987472773512016,0.5384615384615384,0.0,0.0,0.0015511220185867463,0.0,1.0,0.1881391065460322,0.9839309017603315,0.9946530415327471,0.9916360047739575,0.34854198089492205,,0.18836775998428165,0.18836775998428165,1.6161313270471171
main_corrected_inverse_map_2026-08-31_v2,har,svm,1,RidgeAIME,0.1,0.0,300,0,561,561,1.2268013330176473,0.8688888888888889,0.29200466047471946,0.0011539589613676071,630,270,X ~= Y A^T,SVD normal-system solve,1.5464653097463916,1.5463895544514703,72.12559267432015,72.1355926743201,111.53972701573458,111.54972701573459,72.13559267432015,1.1154972701573461e-10,42.40997902494947,1,True,1.0,0.0,0.01,1.0,rms,23.68543856465402,0.46756607001882183,0.683788030034763,0.5116787788578103,0.715873729073478,3.540103896091581,1.8815163820949263,0.1038933897392521,0.3265403363567725,0.9945860814669244,0.9960404816018469,0.3333333333333333,0.0,0.0,0.0017386966125762435,0.0,0.1126984126984127,1.0,1.0,0.9893122825847603,0.9858701054022385,0.29999999999999993,,0.18934018237043332,0.18931890745905827,1.6274680576671854
main_corrected_inverse_map_2026-08-31_v2,har,svm,1,HuberRidgeAIME,0.1,0.0,300,0,561,561,1.2268013330176473,0.8688888888888889,0.29200466047471946,0.005212208954617381,630,270,X ~= Y A^T,SVD normal-system solve,1.543018720594748,1.5429382741967181,67.4906878981441,67.50068789814411,104.13939489265377,104.14939489265377,67.5006878981441,1.041493948926538e-10,41.312221080554565,8,True,0.8942451374033554,0.18095238095238095,0.01,1.0,rms,23.68543856465402,0.46193349689912844,0.6796568964552103,0.5175613806126182,0.7199917742946096,3.534440630020985,1.8800108058255902,0.1053269324573427,0.3286003192516827,0.9992093017800181,0.9987474472671944,0.5384615384615384,0.0,0.0,0.0015511303987992746,0.0,1.0,0.1881390947707083,0.9839294469327257,0.9946529545082583,0.9916367931837892,0.34854198089492205,,0.18837119515043077,0.18834855230296382,1.6160785447005788
main_corrected_inverse_map_2026-08-31_v2,har,mlp,1,AIME,0.1,0.0,300,0,561,561,0.3514514999696985,0.92,0.5088305324909292,0.0011715840082615614,630,270,X ~= Y A^T,SVD normal-system solve,1.404442109279018,1.404442109279018,83.64926963723643,83.64926963723643,117.48055668896966,117.48055668896966,83.64926963723654,1.1748055668896977e-10,41.84149908191579,1,True,1.0,0.0,0.0,1.0,rms,23.68543856465402,0.45230236101207283,0.6725342824065349,0.49633092936523016,0.7066324312057088,3.6138256850028756,1.901006492625124,0.10796277204106497,0.3333616699049252,0.976360979205927,0.9512338042023749,0.1111111111111111,0.0,0.0,0.0011689798726946148,0.0,0.09523809523809523,1.0,1.0,0.9711670934293002,0.9432662052203605,0.2111111111111111,,0.14750384240635153,0.14750384240635153,1.6216072358817117
main_corrected_inverse_map_2026-08-31_v2,har,mlp,1,HuberAIME,0.1,0.0,300,0,561,561,0.3514514999696985,0.92,0.5088305324909292,0.004581709043122828,630,270,X ~= Y A^T,SVD normal-system solve,1.4115551278243808,1.4115551278243808,75.62995809086821,75.62995809086821,106.75585516030804,106.75585516030804,75.62995809086823,1.0675585516030806e-10,40.16605753322913,7,True,0.9111187815374637,0.14126984126984127,0.0,1.0,rms,23.68543856465402,0.43036959223870225,0.6560256033408317,0.5207545411275308,0.722505539014542,3.5947262998413083,1.8959763447472937,0.11267726689507751,0.340053985529946,0.9986743664839098,0.997176098148484,0.5384615384615384,0.0,0.0,0.001210009816117038,0.0,0.9997267759562842,0.19069217487624904,0.9869531611860125,0.9934773851553143,0.9882421451272194,0.4095238095238095,,0.14969784404326686,0.14969784404326686,1.6038592060012677
main_corrected_inverse_map_2026-08-31_v2,har,mlp,1,RidgeAIME,0.1,0.0,300,0,561,561,0.3514514999696985,0.92,0.5088305324909292,0.001160333980806172,630,270,X ~= Y A^T,SVD normal-system solve,1.404442109279018,1.404393765310557,83.64926963723643,83.6592696372365,117.48055668896966,117.49055668896973,83.65926963723656,1.1749055668896973e-10,41.837300813927754,1,True,1.0,0.0,0.01,1.0,rms,23.68543856465402,0.45229693208159955,0.6725302462206436,0.49633697484409933,0.7066324285116576,3.6138217182279524,1.901005449289389,0.1079637512003313,0.3333616377582359,0.9763611091042791,0.9512338042023749,0.1111111111111111,0.0,0.0,0.0011689784478894508,0.0,0.09523809523809523,1.0,1.0,0.9711672415851981,0.9432640167034136,0.2111111111111111,,0.14750384240635153,0.1474888927833223,1.6215636577083976
main_corrected_inverse_map_2026-08-31_v2,har,mlp,1,HuberRidgeAIME,0.1,0.0,300,0,561,561,0.3514514999696985,0.92,0.5088305324909292,0.004645625012926757,630,270,X ~= Y A^T,SVD normal-system solve,1.411559496180408,1.4115050856951497,75.62974006806606,75.63974006806612,106.75587778673454,106.7658777867345,75.63974006806612,1.0676587778673458e-10,40.1616272230332,7,True,0.9111180842336243,0.14126984126984127,0.01,1.0,rms,23.68543856465402,0.4303704281794745,0.6560262404656345,0.5207536102513114,0.7225051401959539,3.5947282578818984,1.8959768611145809,0.11267678357206967,0.34005376484905675,0.9986743695738216,0.9971772535772353,0.5384615384615384,0.0,0.0,0.0012100094876890427,0.0,0.9997267759562842,0.19069214267038279,0.9869523938718602,0.9934773336279873,0.9882405819008289,0.4095238095238095,,0.1496991880573579,0.14968244726179833,1.6038113007422279
main_corrected_inverse_map_2026-08-31_v2,har,lgbm,1,AIME,0.1,0.25,300,100,561,661,11.256944166962057,0.98,0.07009258965563092,0.001327000092715025,630,270,X ~= Y A^T,SVD normal-system solve,1.4140090193178196,1.4140090193178196,83.88576272015118,83.88576272015118,118.61522507864828,118.61522507864828,83.88576272015118,1.1861522507864836e-10,47.96662888168019,1,True,1.0,0.0,0.0,1.0,rms,25.709920264364882,0.5304054368640522,0.7282893908770415,0.4791597997592787,0.69436367665476,2.681414709042144,1.6375025829115946,0.15181720898119033,0.39360208906730515,0.9760802448589038,0.9477631261358536,0.1111111111111111,0.1496078470246703,0.0,0.0011608169099397178,0.0,0.10317460317460317,1.0,1.0,0.9732162246763801,0.9414691230859173,0.17810457516339873,,0.15045217963589266,0.15045217963589266,1.6809391971081675
main_corrected_inverse_map_2026-08-31_v2,har,lgbm,1,HuberAIME,0.1,0.25,300,100,561,661,11.256944166962057,0.98,0.07009258965563092,0.005212708027102053,630,270,X ~= Y A^T,SVD normal-system solve,1.465878647104387,1.465878647104387,72.83105500874208,72.83105500874208,106.76148838340004,106.76148838340004,72.83105500874206,1.0676148838340002e-10,45.63860357265809,7,True,0.9009650283066115,0.16984126984126985,0.0,1.0,rms,25.709920264364882,0.5064240902000895,0.7116348011445826,0.5027086711138947,0.7097728601638761,2.6568677009625445,1.6299900922896877,0.15958189743236728,0.4025781541682978,0.9985656322667027,0.9968372256404762,0.42857142857142855,0.14958979832541502,0.0,0.0011227286417959898,0.0,0.9999999999999998,0.19222949897266406,0.9825009741591897,0.9938882856843018,0.9871112614321431,0.38639301874595994,,0.16609801868548132,0.16609801868548132,1.6593323476224486
main_corrected_inverse_map_2026-08-31_v2,har,lgbm,1,RidgeAIME,0.1,0.25,300,100,561,661,11.256944166962057,0.98,0.07009258965563092,0.001518542063422501,630,270,X ~= Y A^T,SVD normal-system solve,1.4140090193178196,1.4139596712928537,83.88576272015118,83.89576272015123,118.61522507864828,118.62522507864828,83.89576272015121,1.1862522507864834e-10,47.96173183589127,1,True,1.0,0.0,0.01,1.0,rms,25.709920264364882,0.5303987658326534,0.7282848109308977,0.47916635048649225,0.6943637316405676,2.681408068458095,1.637500555254286,0.15181930952501654,0.3936021162430636,0.9760800746825339,0.9477644557571612,0.1111111111111111,0.1496077148694573,0.0,0.0011608208164193498,0.0,0.10317460317460317,1.0,1.0,0.9732160685166173,0.9414640289757641,0.17810457516339873,,0.15045217963589266,0.15043702276728316,1.6808948565200517
main_corrected_inverse_map_2026-08-31_v2,har,lgbm,1,HuberRidgeAIME,0.1,0.25,300,100,561,661,11.256944166962057,0.98,0.07009258965563092,0.005215874989517033,630,270,X ~= Y A^T,SVD normal-system solve,1.465888457504175,1.4658244974995729,72.8305916161603,72.84059161616028,106.76152360332974,106.77152360332974,72.84059161616028,1.0677152360332968e-10,45.63332030007379,7,True,0.900963772065409,0.16984126984126985,0.01,1.0,rms,25.709920264364882,0.5064253361688528,0.711635676571132,0.5027074476147089,0.7097726615216271,2.656869001001955,1.629990491077158,0.15958148620502088,0.4025780515881845,0.9985656174329898,0.9968379320017958,0.42857142857142855,0.1495896805975191,0.0,0.0011227377157816767,0.0,0.9999999999999998,0.19222942382387764,0.9824995820400984,0.9938884229321665,0.987113887433462,0.38639301874595994,,0.16610092519363237,0.16608197553690132,1.6592820693761936
main_corrected_inverse_map_2026-08-31_v2,har,svm,1,AIME,0.1,0.25,300,100,561,661,1.458867667010054,0.8811111111111111,0.28939190636066997,0.001323667005635798,630,270,X ~= Y A^T,SVD normal-system solve,1.6696026190450615,1.6696026190450615,69.533668940117,69.533668940117,116.09359577423157,116.09359577423157,69.53366894011704,1.160935957742316e-10,45.86871833402593,1,True,1.0,0.0,0.0,1.0,rms,25.709920264364882,0.5326202593661441,0.7298083716744719,0.4690818045182622,0.6856770623706193,2.792790216097039,1.671164329471234,0.13264967090344348,0.36784431525320027,0.9941811590297754,0.9981235719296258,0.8181818181818182,0.14895046543377682,0.01,0.001188668074781955,0.0,0.10634920634920635,1.0,1.0,0.9899311191236284,0.9886754441037754,0.3571428571428571,,0.2226131173199311,0.2226131173199311,1.6615166052238364
main_corrected_inverse_map_2026-08-31_v2,har,svm,1,HuberAIME,0.1,0.25,300,100,561,661,1.458867667010054,0.8811111111111111,0.28939190636066997,0.005217084079049528,630,270,X ~= Y A^T,SVD normal-system solve,1.61311036528113,1.61311036528113,67.36298862185807,67.36298862185807,108.66393518223407,108.66393518223407,67.36298862185804,1.0866393518223403e-10,45.18056191709958,7,True,0.9035905731255873,0.1634920634920635,0.0,1.0,rms,25.709920264364882,0.5275218302756094,0.7263069807427225,0.47416394085261715,0.6892028531666378,2.7880617459910786,1.6697490068842917,0.13411818081116555,0.36973333197945074,0.9991815446161595,0.9988005984792132,0.6666666666666666,0.148629437407194,0.02,0.0010522955407253327,0.0,1.0,0.18707275800706274,0.9888600111592305,0.9946343688915713,0.9919788789716714,0.5010989010989011,,0.20766408182968432,0.20766408182968432,1.6549516280004146
main_corrected_inverse_map_2026-08-31_v2,har,svm,1,RidgeAIME,0.1,0.25,300,100,561,661,1.458867667010054,0.8811111111111111,0.28939190636066997,0.0012952499091625214,630,270,X ~= Y A^T,SVD normal-system solve,1.6696026190450615,1.6695063338433669,69.533668940117,69.54366894011702,116.09359577423157,116.10359577423158,69.54366894011702,1.1610359577423161e-10,45.86335667973945,1,True,1.0,0.0,0.01,1.0,rms,25.709920264364882,0.5326180562885074,0.7298068623194135,0.46908400055565047,0.6856768785534266,2.792788430011038,1.671163795087435,0.13265022560399775,0.36784406348916915,0.9941809700074575,0.9981236134802915,0.8181818181818182,0.1489503715587992,0.01,0.0011886722007072427,0.0,0.10634920634920635,1.0,1.0,0.9899309951600376,0.988673175438079,0.3571428571428571,,0.2226131173199311,0.2225880710381916,1.6614658370084048
main_corrected_inverse_map_2026-08-31_v2,har,svm,1,HuberRidgeAIME,0.1,0.25,300,100,561,661,1.458867667010054,0.8811111111111111,0.28939190636066997,0.005188499926589429,630,270,X ~= Y A^T,SVD normal-system solve,1.6131161674700385,1.613025163883952,67.3627480241337,67.37274802413367,108.66393792294045,108.67393792294041,67.37274802413373,1.0867393792294037e-10,45.17514223883766,7,True,0.9035893286625098,0.1634920634920635,0.01,1.0,rms,25.709920264364882,0.5275217487289593,0.7263069246048528,0.47416402213867337,0.6892025429262525,2.7880619645474627,1.6697490723301698,0.13411811293462028,0.3697329808601036,0.9991815302002774,0.9988005984792132,0.6666666666666666,0.14862931725135833,0.02,0.00105229855199667,0.0,1.0,0.18707275113136473,0.9888586194166603,0.9946344343907839,0.9919796518138316,0.5010989010989011,,0.2076656439386065,0.20764114262188044,1.6548995286584274
main_corrected_inverse_map_2026-08-31_v2,har,mlp,1,AIME,0.1,0.25,300,100,561,661,0.24021541699767113,0.9088888888888889,0.456981419321327,0.0013101249933242798,630,270,X ~= Y A^T,SVD normal-system solve,1.6537505060577797,1.6537505060577797,71.02580124828322,71.02580124828322,117.45895475750766,117.45895475750766,71.02580124828322,1.1745895475750763e-10,47.15805765127184,1,True,1.0,0.0,0.0,1.0,rms,25.709920264364882,0.4941366399328265,0.7029485329188948,0.4819864970353147,0.6964307061614261,3.170535567947593,1.780599777588325,0.12465667108047973,0.3577899151001944,0.9770532015219017,0.9506919286959399,0.1111111111111111,0.14849529220532315,0.0,0.001419676483979734,0.0,0.08412698412698413,1.0,1.0,0.9731372093810947,0.9450389890559734,0.11386308909528724,,0.2184699900923481,0.2184699900923481,1.6735559090459002
main_corrected_inverse_map_2026-08-31_v2,har,mlp,1,HuberAIME,0.1,0.25,300,100,561,661,0.24021541699767113,0.9088888888888889,0.456981419321327,0.005228833993896842,630,270,X ~= Y A^T,SVD normal-system solve,1.7373047642828903,1.7373047642828903,62.76040257366388,62.76040257366388,109.03394639953844,109.03394639953844,62.760402573663875,1.0903394639953837e-10,45.27985826072707,7,True,0.9177233081024971,0.14126984126984127,0.0,1.0,rms,25.709920264364882,0.47228114561077783,0.6872271426615641,0.5048980568304522,0.7109996591996984,3.1466692172381316,1.7738853450091219,0.1312458578066531,0.3661889923087828,0.9986283495819381,0.996783770708842,0.17647058823529413,0.14901040154231812,0.0,0.001253973873508832,0.0,0.9999999999999999,0.1973100318572389,0.983896451327798,0.9934031698127329,0.9882441233871594,0.35769230769230764,,0.23987601063843464,0.23987601063843464,1.6559050587128907
main_corrected_inverse_map_2026-08-31_v2,har,mlp,1,RidgeAIME,0.1,0.25,300,100,561,661,0.24021541699767113,0.9088888888888889,0.456981419321327,0.0013050829293206334,630,270,X ~= Y A^T,SVD normal-system solve,1.6537505060577797,1.6536584749277636,71.02580124828322,71.03580124828316,117.45895475750766,117.46895475750766,71.03580124828319,1.1746895475750767e-10,47.15322170662645,1,True,1.0,0.0,0.01,1.0,rms,25.709920264364882,0.49412853129743334,0.7029427653069866,0.4819949974829336,0.6964314265584545,3.17052832241674,1.7805977430112452,0.12465867147661491,0.3577903240430669,0.977053941508207,0.9506931959912487,0.1111111111111111,0.14849522863921155,0.0,0.0014196663373747464,0.0,0.08412698412698413,1.0,1.0,0.9731381068436166,0.9450381995935515,0.11386308909528724,,0.2184699900923481,0.21844582095440995,1.6735113709145033
main_corrected_inverse_map_2026-08-31_v2,har,mlp,1,HuberRidgeAIME,0.1,0.25,300,100,561,661,0.24021541699767113,0.9088888888888889,0.456981419321327,0.005210791947320104,630,270,X ~= Y A^T,SVD normal-system solve,1.737305034037014,1.737187573414244,62.760400552823405,62.77040055282343,109.0339598185995,109.04395981859945,62.77040055282349,1.0904395981859948e-10,45.274721857649304,7,True,0.9177221718229898,0.14126984126984127,0.01,1.0,rms,25.709920264364882,0.4722792446263287,0.6872257595771049,0.5049000496711646,0.7110000571216866,3.146668418468873,1.7738851198622962,0.1312460783363797,0.3661892586321977,0.9986284041777306,0.996783770708842,0.17647058823529413,0.14901027214824403,0.0,0.0012539667065996941,0.0,0.9999999999999999,0.19730998755097776,0.9838952147457222,0.9934034955016973,0.9882439073237599,0.35769230769230764,,0.2398760780720368,0.23984671407211347,1.655855790933989
main_corrected_inverse_map_2026-08-31_v2,har,lgbm,1,AIME,0.1,0.5,300,100,561,661,11.316120499977842,0.98,0.0648760679917774,0.0013605420244857669,630,270,X ~= Y A^T,SVD normal-system solve,1.4211002046268248,1.4211002046268248,83.63796166550149,83.63796166550149,118.8579244374147,118.8579244374147,83.63796166550152,1.1885792443741474e-10,46.961270369930816,1,True,1.0,0.0,0.0,1.0,rms,25.709920264364882,0.48275944036860363,0.6948089236391568,0.4893061656036821,0.7015362753916498,3.1331097200566207,1.7700592419624324,0.1269563952334687,0.36085342195970105,0.9742358074188452,0.9507720591550585,0.17647058823529413,0.14528952400360107,0.0,0.0009706414223582547,0.0,0.10317460317460317,1.0,1.0,0.9704662522166927,0.9444558006997962,0.10333677330581356,,0.15262470198248257,0.15262470198248257,1.6717398366890581
main_corrected_inverse_map_2026-08-31_v2,har,lgbm,1,HuberAIME,0.1,0.5,300,100,561,661,11.316120499977842,0.98,0.0648760679917774,0.006213208078406751,630,270,X ~= Y A^T,SVD normal-system solve,1.548195680931818,1.548195680931818,71.89798906807823,71.89798906807823,111.31215614288179,111.31215614288179,71.89798906807827,1.1131215614288169e-10,44.59805697299199,8,True,0.9032505555812461,0.17142857142857143,0.0,1.0,rms,25.709920264364882,0.45822956837419737,0.6769265605471523,0.5152554342011211,0.7183800567710763,3.109851090611319,1.7634769889656396,0.1334374314904716,0.3690824813735668,0.998445968974973,0.9962241247903206,0.42857142857142855,0.14537214826012818,0.0,0.0008320186885219988,0.0,0.9999999999999998,0.1936068680462519,0.9848909798109359,0.9932895716376491,0.9896764409039595,0.28684607446217353,,0.18982585155232787,0.18982585155232787,1.649315937988159
main_corrected_inverse_map_2026-08-31_v2,har,lgbm,1,RidgeAIME,0.1,0.5,300,100,561,661,11.316120499977842,0.98,0.0648760679917774,0.0013168749865144491,630,270,X ~= Y A^T,SVD normal-system solve,1.4211002046268248,1.421049862670339,83.63796166550149,83.6479616655015,118.8579244374147,118.86792443741469,83.64796166550146,1.1886792443741465e-10,46.95648019292232,1,True,1.0,0.0,0.01,1.0,rms,25.709920264364882,0.4827528045368792,0.6948041483302178,0.48931318541119784,0.7015364682689472,3.133103498593654,1.7700574845449664,0.12695812884924995,0.3608535149512477,0.9742357724394991,0.9507711865910754,0.17647058823529413,0.14528957264901643,0.0,0.0009706439323841392,0.0,0.10317460317460317,1.0,1.0,0.9704665079179227,0.9444568893269251,0.10333677330581356,,0.15262470198248257,0.15260931698633906,1.6716955352139597
main_corrected_inverse_map_2026-08-31_v2,har,lgbm,1,HuberRidgeAIME,0.1,0.5,300,100,561,661,11.316120499977842,0.98,0.0648760679917774,0.0059302079025655985,630,270,X ~= Y A^T,SVD normal-system solve,1.5482101001424793,1.5481338617146216,71.8973196509213,71.90731965092142,111.31215645672872,111.32215645672868,71.90731965092135,1.1132215645672862e-10,44.59287407480683,8,True,0.9032488931675805,0.17142857142857143,0.01,1.0,rms,25.709920264364882,0.4582307852223645,0.6769274593502353,0.515254146941247,0.7183798509964098,3.1098526304353458,1.7634774255530876,0.13343700241723788,0.36908235781387644,0.9984459580869115,0.9962261607729479,0.42857142857142855,0.14537216149453036,0.0,0.0008320257272080145,0.0,0.9999999999999998,0.19360678161455802,0.9848891360896095,0.9932897248215872,0.9896817926281664,0.28684607446217353,,0.18982989636044825,0.18980850989373646,1.6492654641550422
main_corrected_inverse_map_2026-08-31_v2,har,svm,1,AIME,0.1,0.5,300,100,561,661,1.4815322500653565,0.8888888888888888,0.2592707319897332,0.001340458053164184,630,270,X ~= Y A^T,SVD normal-system solve,1.530432515956357,1.530432515956357,71.63518729755484,71.63518729755484,109.63281992680172,109.63281992680172,71.6351872975548,1.0963281992680166e-10,46.389011469846594,1,True,1.0,0.0,0.0,1.0,rms,25.709920264364882,0.4582911483038835,0.6769720439603718,0.5162899611636516,0.7192543954738415,3.6857094417960328,1.9198201587117563,0.10279410550165557,0.3250792742444342,0.995189913124658,0.9956182953066911,0.25,0.14574828697208803,0.01,0.0010842250107604894,0.0,0.09682539682539683,1.0,1.0,0.991232532419277,0.9870089387921475,0.30434173669467784,,0.18481418424767912,0.18481418424767912,1.6664151179862088
main_corrected_inverse_map_2026-08-31_v2,har,svm,1,HuberAIME,0.1,0.5,300,100,561,661,1.4815322500653565,0.8888888888888888,0.2592707319897332,0.00585787498857826,630,270,X ~= Y A^T,SVD normal-system solve,1.5617243377086405,1.5617243377086405,65.94355743263627,65.94355743263627,102.98565855763557,102.98565855763557,65.94355743263628,1.0298565855763549e-10,45.17811582330106,8,True,0.9052315507372557,0.15873015873015872,0.0,1.0,rms,25.709920264364882,0.4556232977814849,0.6749987390962185,0.5191057826879707,0.7211425257981496,3.6835337955421,1.919253447448278,0.10332371931799067,0.32584161537147327,0.999324498774484,0.9989858105723018,0.6666666666666666,0.14546339406532338,0.0,0.0009279687323239903,0.0,1.0,0.18951654619472,0.9819602243349617,0.9950166984462655,0.9917941780054939,0.7076923076923076,,0.19360437833946334,0.19360437833946334,1.6549281144859247
main_corrected_inverse_map_2026-08-31_v2,har,svm,1,RidgeAIME,0.1,0.5,300,100,561,661,1.4815322500653565,0.8888888888888888,0.2592707319897332,0.0013231670018285513,630,270,X ~= Y A^T,SVD normal-system solve,1.530432515956357,1.5303584799274252,71.63518729755484,71.64518729755484,109.63281992680172,109.6428199268017,71.64518729755483,1.0964281992680175e-10,46.383706920483625,1,True,1.0,0.0,0.01,1.0,rms,25.709920264364882,0.45828987172984603,0.6769711011039142,0.5162913085422329,0.7192540048627333,3.6857080786956478,1.9198198037044123,0.10279443731883209,0.3250790943397677,0.9951898352086518,0.9956183991833555,0.25,0.14574829357930075,0.01,0.0010842239454664675,0.0,0.09682539682539683,1.0,1.0,0.9912324151173326,0.9870072518356041,0.30434173669467784,,0.18481418424767912,0.18479317435913947,1.6663654538918544
main_corrected_inverse_map_2026-08-31_v2,har,svm,1,HuberRidgeAIME,0.1,0.5,300,100,561,661,1.4815322500653565,0.8888888888888888,0.2592707319897332,0.0058115419233217835,630,270,X ~= Y A^T,SVD normal-system solve,1.5617334940770617,1.5616483225253113,65.9431830220861,65.95318302208618,102.9856776316457,102.99567763164572,65.95318302208614,1.0299567763164569e-10,45.1726981483014,8,True,0.905230504185433,0.15873015873015872,0.01,1.0,rms,25.709920264364882,0.4556254680329595,0.6750003466909921,0.5191034920645778,0.7211417321995622,3.6835354871941393,1.919253888153972,0.10332330752205143,0.325841259040608,0.9993245254197928,0.9989860806516299,0.6666666666666666,0.145463383253101,0.0,0.0009279722725936407,0.0,1.0,0.18951655363691927,0.9819590647890524,0.9950167261502333,0.9917950007084386,0.7076923076923076,,0.19360692459460352,0.1935832390274065,1.6548760315824844
main_corrected_inverse_map_2026-08-31_v2,har,mlp,1,AIME,0.1,0.5,300,100,561,661,0.3433365839300677,0.9233333333333333,0.42538612451898555,0.0013090419815853238,630,270,X ~= Y A^T,SVD normal-system solve,1.5655982597416034,1.5655982597416034,74.298878904088,74.298878904088,116.3221955129923,116.3221955129923,74.29887890408808,1.1632219551299235e-10,47.476108143343446,1,True,1.0,0.0,0.0,1.0,rms,25.709920264364882,0.4943731951629909,0.7031167720677632,0.4893465922001228,0.7017164843046734,3.6422962749078303,1.908480095496893,0.11121102033820296,0.3384298211982175,0.9761542149775052,0.9407957235057876,0.1111111111111111,0.14328275978848948,0.01,0.0011299575614197907,0.0,0.09523809523809523,1.0,1.0,0.9695116643700142,0.9406377609848503,0.23529411764705882,,0.19468032990528533,0.19468032990528533,1.6764751104269089
main_corrected_inverse_map_2026-08-31_v2,har,mlp,1,HuberAIME,0.1,0.5,300,100,561,661,0.3433365839300677,0.9233333333333333,0.42538612451898555,0.005188666982576251,630,270,X ~= Y A^T,SVD normal-system solve,1.7457265001777629,1.7457265001777629,62.75558561250739,62.75558561250739,109.55408883792849,109.55408883792849,62.755585612507424,1.095540888379285e-10,45.131522625761306,7,True,0.9069620259017253,0.15555555555555556,0.0,1.0,rms,25.709920264364882,0.4712441330049212,0.686472237606825,0.5132373179227007,0.7170543351232004,3.6180094091808037,1.9021065714572367,0.11713747359172177,0.34633226388437127,0.9983641371700952,0.9952963607475769,0.42857142857142855,0.14408454334180562,0.0,0.0011005586620118212,0.0,1.0,0.19298997420389624,0.982116978712023,0.9927107317698116,0.9860933452057402,0.33529411764705885,,0.24197620456565894,0.24197620456565894,1.6544799857871797
main_corrected_inverse_map_2026-08-31_v2,har,mlp,1,RidgeAIME,0.1,0.5,300,100,561,661,0.3433365839300677,0.9233333333333333,0.42538612451898555,0.0012984159402549267,630,270,X ~= Y A^T,SVD normal-system solve,1.5655982597416034,1.5655221452492167,74.298878904088,74.30887890408812,116.3221955129923,116.3321955129923,74.30887890408808,1.163321955129923e-10,47.471093917541204,1,True,1.0,0.0,0.01,1.0,rms,25.709920264364882,0.49436588170068746,0.7031115713033654,0.48935414650218567,0.701716800957121,3.6422891216442332,1.908478221422564,0.11121276586942119,0.33842993524859233,0.97615445652582,0.9408033688283065,0.1111111111111111,0.14328277454250846,0.01,0.001129959651365781,0.0,0.09523809523809523,1.0,1.0,0.9695123130143912,0.940643079468534,0.23529411764705882,,0.19468032990528533,0.19465921535217506,1.6764292396576457
main_corrected_inverse_map_2026-08-31_v2,har,mlp,1,HuberRidgeAIME,0.1,0.5,300,100,561,661,0.3433365839300677,0.9233333333333333,0.42538612451898555,0.005210957955569029,630,270,X ~= Y A^T,SVD normal-system solve,1.7457364008384209,1.7456175872281217,62.75523362681044,62.76523362681048,109.55409568544229,109.56409568544227,62.765233626810506,1.0956409568544226e-10,45.12612192460478,7,True,0.9069608612940301,0.15555555555555556,0.01,1.0,rms,25.709920264364882,0.47124508544588306,0.6864729313278733,0.5132363341168882,0.7170540532164059,3.6180105533546287,1.9021068722221233,0.11713719439173109,0.34633206929148297,0.9983641024071033,0.9952964853995747,0.42857142857142855,0.14408452674508354,0.0,0.001100563981493432,0.0,1.0,0.19298988794367875,0.982115700594067,0.9927110164552279,0.9860951069534606,0.33529411764705885,,0.24197866760330985,0.2419491088157883,1.6544280124673536
main_corrected_inverse_map_2026-08-31_v2,har,lgbm,2,AIME,0.0,0.0,0,0,561,561,10.843597874976695,0.98,0.07126490177054959,0.001176666934043169,630,270,X ~= Y A^T,SVD normal-system solve,1.4104945247581935,1.4104945247581935,84.36792459306021,84.36792459306021,119.00049570372356,119.00049570372356,84.36792459306025,1.190004957037235e-10,42.107553153964844,1,True,1.0,0.0,0.0,1.0,rms,23.68543856465402,0.5061484818514155,0.7114411302781246,0.4930788021169893,0.7028284627071019,0.5061484818514155,0.7114411302781246,0.4930788021169893,0.7028284627071019,1.0,1.0,1.0,0.0,0.0,0.0006730978987570897,0.0,,,,0.9954796405890631,0.9918483103477665,0.37673992673992673,,0.14937140465521434,0.14937140465521434,1.624360005547418
main_corrected_inverse_map_2026-08-31_v2,har,lgbm,2,HuberAIME,0.0,0.0,0,0,561,561,10.843597874976695,0.98,0.07126490177054959,0.004631458083167672,630,270,X ~= Y A^T,SVD normal-system solve,1.4841749541131553,1.4841749541131553,80.17952009353378,80.17952009353378,119.0004355556353,119.0004355556353,80.17952009353372,1.1900043555563534e-10,41.293153581874186,7,True,0.987250426063487,0.06031746031746032,0.0,1.0,rms,23.68543856465402,0.505843269324409,0.7112265949220467,0.49338448059938445,0.702953773259285,0.505843269324409,0.7112265949220467,0.49338448059938445,0.702953773259285,1.0000000000000002,1.0,1.0,0.0,0.0,0.0006949663973046554,0.0,,,,0.9954647341420981,0.9926715469281688,0.44340659340659333,,0.17148509846821636,0.17148509846821636,1.6158780514604838
main_corrected_inverse_map_2026-08-31_v2,har,lgbm,2,RidgeAIME,0.0,0.0,0,0,561,561,10.843597874976695,0.98,0.07126490177054959,0.0011564999585971236,630,270,X ~= Y A^T,SVD normal-system solve,1.4104945247581935,1.4104458752415399,84.36792459306021,84.37792459306027,119.00049570372356,119.01049570372355,84.37792459306021,1.1901049570372349e-10,42.10330667719577,1,True,1.0,0.0,0.01,1.0,rms,23.68543856465402,0.5061468390739425,0.711439975735088,0.49308044740242285,0.7028284842025755,0.5061468390739425,0.711439975735088,0.49308044740242285,0.7028284842025755,1.0,1.0,1.0,0.0,0.0,0.0006731006571766202,0.0,,,,0.9954796860224709,0.9918485278403409,0.37673992673992673,,0.14937140465521434,0.1493564250997214,1.624316205461928
main_corrected_inverse_map_2026-08-31_v2,har,lgbm,2,HuberRidgeAIME,0.0,0.0,0,0,561,561,10.843597874976695,0.98,0.07126490177054959,0.004586959024891257,630,270,X ~= Y A^T,SVD normal-system solve,1.4841835543738504,1.4841231741197858,80.17905548824622,80.18905548824613,119.00043556088345,119.01043556088347,80.1890554882462,1.1901043556088345e-10,41.28885011185362,7,True,0.9872492529470867,0.06031746031746032,0.01,1.0,rms,23.68543856465402,0.5058437114165897,0.7112269057175703,0.4933840378322799,0.7029535654092459,0.5058437114165897,0.7112269057175703,0.4933840378322799,0.7029535654092459,1.0000000000000002,1.0,1.0,0.0,0.0,0.000694970788585853,0.0,,,,0.9954648038535672,0.9926740209062018,0.44340659340659333,,0.17148761504143495,0.17146994650946817,1.615832788008374
main_corrected_inverse_map_2026-08-31_v2,har,svm,2,AIME,0.0,0.0,0,0,561,561,1.140517915948294,0.9722222222222222,0.08254814904093359,0.0012053330428898335,630,270,X ~= Y A^T,SVD normal-system solve,1.4884215040386461,1.4884215040386461,78.11850124882396,78.11850124882396,116.27325712201942,116.27325712201942,78.118501248824,1.1627325712201938e-10,42.4011143913107,1,True,1.0,0.0,0.0,1.0,rms,23.68543856465402,0.5323471348413713,0.7296212269673706,0.47871514763677947,0.6924128707594845,0.5323471348413713,0.7296212269673706,0.47871514763677947,0.6924128707594845,0.9999999999999999,1.0,1.0,0.0,0.0,0.0008553658609415218,0.0,,,,0.994159526157339,0.9873718238098093,0.27296918767507006,,0.17272593588447288,0.17272593588447288,1.6273772709237924
main_corrected_inverse_map_2026-08-31_v2,har,svm,2,HuberAIME,0.0,0.0,0,0,561,561,1.140517915948294,0.9722222222222222,0.08254814904093359,0.005199374980293214,630,270,X ~= Y A^T,SVD normal-system solve,1.5706622371173844,1.5706622371173844,73.36502815455616,73.36502815455616,115.23167924741506,115.23167924741506,73.36502815455616,1.1523167924741505e-10,41.04073909152406,8,True,0.9808696953886145,0.06666666666666667,0.0,1.0,rms,23.68543856465402,0.5360023332966024,0.7321218022273359,0.47513590495397395,0.6899058488641908,0.5360023332966024,0.7321218022273359,0.47513590495397395,0.6899058488641908,1.0000000000000002,1.0,1.0,0.0,0.0,0.0008617599098951081,0.0,,,,0.9950180662648366,0.9919259280102297,0.46007326007326005,,0.19608280227275934,0.19608280227275934,1.6132151732655593
main_corrected_inverse_map_2026-08-31_v2,har,svm,2,RidgeAIME,0.0,0.0,0,0,561,561,1.140517915948294,0.9722222222222222,0.08254814904093359,0.0011917080264538527,630,270,X ~= Y A^T,SVD normal-system solve,1.4884215040386461,1.4883589888878066,78.11850124882396,78.12850124882397,116.27325712201942,116.28325712201938,78.12850124882395,1.1628325712201941e-10,42.39665676649814,1,True,1.0,0.0,0.01,1.0,rms,23.68543856465402,0.5323470190689913,0.72962114763005,0.4787152610033857,0.6924124901274776,0.5323470190689913,0.72962114763005,0.4787152610033857,0.6924124901274776,1.0,1.0,1.0,0.0,0.0,0.0008553650028219877,0.0,,,,0.994159774136462,0.9873697576303533,0.27296918767507006,,0.17272593588447288,0.17270769471075284,1.6273316111892535
main_corrected_inverse_map_2026-08-31_v2,har,svm,2,HuberRidgeAIME,0.0,0.0,0,0,561,561,1.140517915948294,0.9722222222222222,0.08254814904093359,0.005148250027559698,630,270,X ~= Y A^T,SVD normal-system solve,1.5706706212397463,1.57059284633957,73.36465171295212,73.37465171295219,115.23170308302014,115.24170308302018,73.37465171295223,1.1524170308302024e-10,41.03629063172008,8,True,0.9808686214882243,0.06666666666666667,0.01,1.0,rms,23.68543856465402,0.5360054505501461,0.7321239311415425,0.4751328524775973,0.689904804723316,0.5360054505501461,0.7321239311415425,0.4751328524775973,0.689904804723316,1.0,1.0,1.0,0.0,0.0,0.0008617599078661001,0.0,,,,0.9950183094994903,0.9919279805964001,0.46007326007326005,,0.19608512051042568,0.19606361501728087,1.6131680969628657
main_corrected_inverse_map_2026-08-31_v2,har,mlp,2,AIME,0.0,0.0,0,0,561,561,0.2262292499653995,0.9577777777777777,0.10735670836301978,0.001190457958728075,630,270,X ~= Y A^T,SVD normal-system solve,1.5079548133400686,1.5079548133400686,76.20419699817954,76.20419699817954,114.91248566011964,114.91248566011964,76.20419699817951,1.1491248566011971e-10,42.20801209915156,1,True,1.0,0.0,0.0,1.0,rms,23.68543856465402,0.5103714139054856,0.7144028372742409,0.49930621990218316,0.7072162706011419,0.5103714139054856,0.7144028372742409,0.49930621990218316,0.7072162706011419,1.0,1.0,1.0,0.0,0.0,0.0006417527924744669,0.0,,,,0.9953808200770698,0.9895287384492754,0.32936507936507936,,0.17838832786592543,0.17838832786592543,1.6253948983591164
main_corrected_inverse_map_2026-08-31_v2,har,mlp,2,HuberAIME,0.0,0.0,0,0,561,561,0.2262292499653995,0.9577777777777777,0.10735670836301978,0.0045936660608276725,630,270,X ~= Y A^T,SVD normal-system solve,1.5762060566709573,1.5762060566709573,72.39068325718583,72.39068325718583,114.10263339652516,114.10263339652516,72.39068325718584,1.1410263339652525e-10,41.408696571406786,7,True,0.9835811237616173,0.06031746031746032,0.0,1.0,rms,23.68543856465402,0.5123093997946306,0.7157579198266901,0.49740498199156624,0.7059404107207592,0.5123093997946306,0.7157579198266901,0.49740498199156624,0.7059404107207592,0.9999999999999999,1.0,1.0,0.0,0.0,0.0006537816902786713,0.0,,,,0.9955496714098429,0.991295634529828,0.38998778998778993,,0.19761299197679533,0.19761299197679533,1.6170915603561655
main_corrected_inverse_map_2026-08-31_v2,har,mlp,2,RidgeAIME,0.0,0.0,0,0,561,561,0.2262292499653995,0.9577777777777777,0.10735670836301978,0.0011499159736558795,630,270,X ~= Y A^T,SVD normal-system solve,1.5079548133400686,1.5078881650208125,76.20419699817954,76.21419699817952,114.91248566011964,114.92248566011962,76.21419699817949,1.1492248566011963e-10,42.20367992503576,1,True,1.0,0.0,0.01,1.0,rms,23.68543856465402,0.5103719796261844,0.7144032332136974,0.49930566490864814,0.7072157860496893,0.5103719796261844,0.7144032332136974,0.49930566490864814,0.7072157860496893,1.0,1.0,1.0,0.0,0.0,0.0006417490855265095,0.0,,,,0.9953809061945377,0.9895274063072576,0.32936507936507936,,0.17838832786592543,0.1783691325712808,1.6253503206644944
main_corrected_inverse_map_2026-08-31_v2,har,mlp,2,HuberRidgeAIME,0.0,0.0,0,0,561,561,0.2262292499653995,0.9577777777777777,0.10735670836301978,0.004865875001996756,630,270,X ~= Y A^T,SVD normal-system solve,1.5762126050538976,1.576133018112813,72.39039599604308,72.40039599604313,114.1026546538063,114.11265465380629,72.40039599604317,1.1411265465380628e-10,41.40429006265838,7,True,0.9835801023028345,0.06031746031746032,0.01,1.0,rms,23.68543856465402,0.5123120737453771,0.7157597877398374,0.4974023587441221,0.7059395565782799,0.5123120737453771,0.7157597877398374,0.4974023587441221,0.7059395565782799,1.0,1.0,1.0,0.0,0.0,0.000653778304450593,0.0,,,,0.9955497671503017,0.9912945470669564,0.38998778998778993,,0.1976147962590824,0.19759286708412271,1.6170453424255369
main_corrected_inverse_map_2026-08-31_v2,har,lgbm,2,AIME,0.0,0.25,0,100,561,661,11.608194958069362,0.9766666666666667,0.10821203011196641,0.0013195000356063247,630,270,X ~= Y A^T,SVD normal-system solve,1.484396214649548,1.484396214649548,80.1676947000535,80.1676947000535,119.00062254994005,119.00062254994005,80.16769470005359,1.1900062254994e-10,46.89312654845229,1,True,1.0,0.0,0.0,1.0,rms,25.709920264364882,0.49098930439051447,0.7007062896752921,0.5043908589540563,0.7109232206867817,0.49098930439051447,0.7007062896752921,0.5043908589540563,0.7109232206867817,1.0000000000000002,1.0,1.0,0.14679523476411557,0.01,0.0006106390997430684,0.0,,,,0.9959009446589935,0.9913241519631285,0.2833333333333333,,0.17154983818623787,0.17154983818623787,1.6711091898186718
main_corrected_inverse_map_2026-08-31_v2,har,lgbm,2,HuberAIME,0.0,0.25,0,100,561,661,11.608194958069362,0.9766666666666667,0.10821203011196641,0.0059168749721720815,630,270,X ~= Y A^T,SVD normal-system solve,1.5651672654953315,1.5651672654953315,75.3495598390491,75.3495598390491,117.93466452956135,117.93466452956135,75.34955983904912,1.179346645295614e-10,45.67847856969057,8,True,0.9847266630626687,0.06190476190476191,0.0,1.0,rms,25.709920264364882,0.49019688461669,0.7001406177452426,0.5051907347964446,0.7111915445333439,0.49019688461669,0.7001406177452426,0.5051907347964446,0.7111915445333439,1.0,1.0,1.0,0.14719204047748394,0.01,0.0006393895831445584,0.0,,,,0.9958209694486175,0.9928050181252368,0.44340659340659333,,0.19456075632332173,0.19456075632332173,1.65971163026862
main_corrected_inverse_map_2026-08-31_v2,har,lgbm,2,RidgeAIME,0.0,0.25,0,100,561,661,11.608194958069362,0.9766666666666667,0.10821203011196641,0.0012930830707773566,630,270,X ~= Y A^T,SVD normal-system solve,1.484396214649548,1.4843357993162722,80.1676947000535,80.17769470005354,119.00062254994005,119.01062254994001,80.17769470005358,1.1901062254994e-10,46.888275987457405,1,True,1.0,0.0,0.01,1.0,rms,25.709920264364882,0.49098574985217136,0.7007037532739291,0.5043944469379071,0.7109235583089015,0.49098574985217136,0.7007037532739291,0.5043944469379071,0.7109235583089015,1.0,1.0,1.0,0.14679525343130628,0.01,0.0006106420389072004,0.0,,,,0.9959009732570451,0.9913211021433668,0.2833333333333333,,0.17154983818623787,0.17153216192193096,1.6710642646667946
main_corrected_inverse_map_2026-08-31_v2,har,lgbm,2,HuberRidgeAIME,0.0,0.25,0,100,561,661,11.608194958069362,0.9766666666666667,0.10821203011196641,0.0058475841069594026,630,270,X ~= Y A^T,SVD normal-system solve,1.5651745242327295,1.5650995268399484,75.34922293789948,75.35922293789953,117.93468416313269,117.94468416313273,75.35922293789949,1.179446841631327e-10,45.673555607330606,8,True,0.9847256416860795,0.06190476190476191,0.01,1.0,rms,25.709920264364882,0.49019633601582235,0.700140225966072,0.5051912885592299,0.7111915053015675,0.49019633601582235,0.700140225966072,0.5051912885592299,0.7111915053015675,1.0,1.0,1.0,0.1471920487949916,0.01,0.0006393946574078128,0.0,,,,0.9958210147089698,0.9928049350238808,0.44340659340659333,,0.19456277043539594,0.19454196014638175,1.6596648219975423
main_corrected_inverse_map_2026-08-31_v2,har,svm,2,AIME,0.0,0.25,0,100,561,661,1.3193511250428855,0.9722222222222222,0.08429501514910094,0.0013520410284399986,630,270,X ~= Y A^T,SVD normal-system solve,1.4548410334251451,1.4548410334251451,80.20166518678259,80.20166518678259,116.68067346275627,116.68067346275627,80.2016651867826,1.1668067346275624e-10,46.860134548653946,1,True,1.0,0.0,0.0,1.0,rms,25.709920264364882,0.5077913221845665,0.7125947811937486,0.4900351033217635,0.7008555357547047,0.5077913221845665,0.7125947811937486,0.4900351033217635,0.7008555357547047,1.0,1.0,1.0,0.14707463883304625,0.0,0.0005353121113851789,0.0,,,,0.9939171526078157,0.9821089096453918,0.4087912087912088,,0.16281554172196433,0.16281554172196433,1.6708035312445988
main_corrected_inverse_map_2026-08-31_v2,har,svm,2,HuberAIME,0.0,0.25,0,100,561,661,1.3193511250428855,0.9722222222222222,0.08429501514910094,0.005827624932862818,630,270,X ~= Y A^T,SVD normal-system solve,1.512195417029956,1.512195417029956,76.29888242829193,76.29888242829193,115.3788203325705,115.3788203325705,76.29888242829198,1.1537882033257052e-10,45.77450092115458,8,True,0.9823836218941645,0.07777777777777778,0.0,1.0,rms,25.709920264364882,0.5060665889638014,0.7113835737236287,0.49176721917388366,0.7018197209838609,0.5060665889638014,0.7113835737236287,0.49176721917388366,0.7018197209838609,1.0,1.0,1.0,0.1474547048674983,0.0,0.0005468208782655035,0.0,,,,0.9946369175338404,0.9900385656772455,0.532051282051282,,0.17960791752357055,0.17960791752357055,1.6606236178919167
main_corrected_inverse_map_2026-08-31_v2,har,svm,2,RidgeAIME,0.0,0.25,0,100,561,661,1.3193511250428855,0.9722222222222222,0.08429501514910094,0.0013472499558702111,630,270,X ~= Y A^T,SVD normal-system solve,1.4548410334251451,1.454784328327155,80.20166518678259,80.21166518678267,116.68067346275627,116.69067346275628,80.21166518678264,1.1669067346275627e-10,46.855254794217196,1,True,1.0,0.0,0.01,1.0,rms,25.709920264364882,0.5077875891655049,0.7125921618748728,0.49003885231982003,0.7008560940362744,0.5077875891655049,0.7125921618748728,0.49003885231982003,0.7008560940362744,1.0,1.0,1.0,0.1470746755787616,0.0,0.0005353116706876001,0.0,,,,0.9939181990522361,0.9821111118313229,0.4087912087912088,,0.16281554172196433,0.16279861396797943,1.6707583038717693
main_corrected_inverse_map_2026-08-31_v2,har,svm,2,HuberRidgeAIME,0.0,0.25,0,100,561,661,1.3193511250428855,0.9722222222222222,0.08429501514910094,0.005940750008448958,630,270,X ~= Y A^T,SVD normal-system solve,1.5122034338078545,1.5121363110792032,76.2984940228216,76.30849402282163,115.37884465567889,115.38884465567894,76.30849402282163,1.1538884465567892e-10,45.7695254048757,8,True,0.9823822885010681,0.07777777777777778,0.01,1.0,rms,25.709920264364882,0.5060653645814008,0.7113827131589584,0.49176844879718973,0.7018200852991382,0.5060653645814008,0.7113827131589584,0.49176844879718973,0.7018200852991382,1.0,1.0,1.0,0.1474547586721826,0.0,0.0005468210591461161,0.0,,,,0.9946381069066254,0.9900436597903619,0.532051282051282,,0.17961021989344678,0.1795909422770893,1.6605764091475914
main_corrected_inverse_map_2026-08-31_v2,har,mlp,2,AIME,0.0,0.25,0,100,561,661,0.5250689579406753,0.96,0.15603438700227748,0.0013186250580474734,630,270,X ~= Y A^T,SVD normal-system solve,1.3602614505863915,1.3602614505863915,84.61511477721426,84.61511477721426,115.09867876838747,115.09867876838747,84.61511477721426,1.1509867876838743e-10,45.74151309133942,1,True,1.0,0.0,0.0,1.0,rms,25.709920264364882,0.5089916296833448,0.71343649309756,0.48455153719419286,0.6970329473401883,0.5089916296833448,0.71343649309756,0.48455153719419286,0.6970329473401883,1.0000000000000002,1.0,1.0,0.1475521917744624,0.0,0.0006388040232311278,0.0,,,,0.994692770962366,0.9865769288364865,0.31031746031746027,,0.13362239045410718,0.13362239045410718,1.6603105266098332
main_corrected_inverse_map_2026-08-31_v2,har,mlp,2,HuberAIME,0.0,0.25,0,100,561,661,0.5250689579406753,0.96,0.15603438700227748,0.005787458969280124,630,270,X ~= Y A^T,SVD normal-system solve,1.422587090596349,1.422587090596349,79.8256523129604,79.8256523129604,113.55894247885004,113.55894247885004,79.82565231296043,1.1355894247885017e-10,44.81923067298349,8,True,0.981337020596729,0.08095238095238096,0.0,1.0,rms,25.709920264364882,0.5089398810963548,0.7134002250464705,0.48460394223989656,0.696781579065579,0.5089398810963548,0.7134002250464705,0.48460394223989656,0.696781579065579,1.0,1.0,1.0,0.1478942661662179,0.0,0.0006573862853877623,0.0,,,,0.9950933698279023,0.9897099912261591,0.4791208791208791,,0.15307886333258355,0.15307886333258355,1.6514643975505465
main_corrected_inverse_map_2026-08-31_v2,har,mlp,2,RidgeAIME,0.0,0.25,0,100,561,661,0.5250689579406753,0.96,0.15603438700227748,0.001304458943195641,630,270,X ~= Y A^T,SVD normal-system solve,1.3602614505863915,1.3602188791285523,84.61511477721426,84.62511477721428,115.09867876838747,115.10867876838749,84.62511477721428,1.1510867876838749e-10,45.73692927150136,1,True,1.0,0.0,0.01,1.0,rms,25.709920264364882,0.5089883733125724,0.7134342109210718,0.4845548348737835,0.6970330123666506,0.5089883733125724,0.7134342109210718,0.4845548348737835,0.6970330123666506,0.9999999999999998,1.0,1.0,0.14755220722282295,0.0,0.0006388009065727665,0.0,,,,0.9946928691288572,0.9865780257743844,0.31031746031746027,,0.13362239045410718,0.1336087983328735,1.660267003182631
main_corrected_inverse_map_2026-08-31_v2,har,mlp,2,HuberRidgeAIME,0.0,0.25,0,100,561,661,0.5250689579406753,0.96,0.15603438700227748,0.00578983302693814,630,270,X ~= Y A^T,SVD normal-system solve,1.4225945674563356,1.4225416341316783,79.82525882565416,79.83525882565414,113.55897955117152,113.56897955117152,79.83525882565424,1.1356897955117146e-10,44.81456368039525,8,True,0.9813358065985814,0.08095238095238096,0.01,1.0,rms,25.709920264364882,0.5089386966138603,0.713399394879096,0.4846051417481899,0.6967813799283555,0.5089386966138603,0.713399394879096,0.4846051417481899,0.6967813799283555,1.0000000000000002,1.0,1.0,0.1478942827183312,0.0,0.0006573815361522543,0.0,,,,0.9950934584899997,0.989710739138362,0.4791208791208791,,0.15308114589969135,0.15306498593462728,1.6514191724399816
main_corrected_inverse_map_2026-08-31_v2,har,lgbm,2,AIME,0.0,0.5,0,100,561,661,11.490699124988168,0.9755555555555555,0.08355914647895808,0.0013192909536883235,630,270,X ~= Y A^T,SVD normal-system solve,1.4018094796500733,1.4018094796500733,84.89057236727844,84.89057236727844,119.00040907737147,119.00040907737147,84.89057236727851,1.1900040907737148e-10,45.0600809402169,1,True,1.0,0.0,0.0,1.0,rms,25.709920264364882,0.5408555324412703,0.735428808547279,0.500990880620123,0.7096802355853572,0.5408555324412703,0.735428808547279,0.500990880620123,0.7096802355853572,0.9999999999999999,1.0,1.0,0.1462764911729341,0.0,0.0007306579845377772,0.0,,,,0.9952334927996951,0.9915973393605085,0.39871794871794874,,0.14668899254708098,0.14668899254708098,1.653791967500062
main_corrected_inverse_map_2026-08-31_v2,har,lgbm,2,HuberAIME,0.0,0.5,0,100,561,661,11.490699124988168,0.9755555555555555,0.08355914647895808,0.005177750019356608,630,270,X ~= Y A^T,SVD normal-system solve,1.441864645438984,1.441864645438984,81.20760305715123,81.20760305715123,117.09037178894911,117.09037178894911,81.20760305715119,1.1709037178894907e-10,44.32104835629819,7,True,0.9856247269991971,0.05714285714285714,0.0,1.0,rms,25.709920264364882,0.5446958332491125,0.7380351165419654,0.4974477068716261,0.7076004798171943,0.5446958332491125,0.7380351165419654,0.4974477068716261,0.7076004798171943,1.0,1.0,1.0,0.1466871721832985,0.0,0.0007511046131692579,0.0,,,,0.9955520841777659,0.9934319098237273,0.6456876456876457,,0.15892449304775474,0.15892449304775474,1.6466100245085191
main_corrected_inverse_map_2026-08-31_v2,har,lgbm,2,RidgeAIME,0.0,0.5,0,100,561,661,11.490699124988168,0.9755555555555555,0.08355914647895808,0.0013173749903216958,630,270,X ~= Y A^T,SVD normal-system solve,1.4018094796500733,1.4017621525863735,84.89057236727844,84.90057236727847,119.00040907737147,119.01040907737145,84.90057236727844,1.1901040907737148e-10,45.055553058299665,1,True,1.0,0.0,0.01,1.0,rms,25.709920264364882,0.5408620881804067,0.7354332656199383,0.5009848321036205,0.7096796227880029,0.5408620881804067,0.7354332656199383,0.5009848321036205,0.7096796227880029,1.0000000000000002,1.0,1.0,0.14627655859585856,0.0,0.000730658310698207,0.0,,,,0.9952334685445727,0.9915952950671535,0.39871794871794874,,0.14668899254708098,0.14667432990577364,1.653748325036579
main_corrected_inverse_map_2026-08-31_v2,har,lgbm,2,HuberRidgeAIME,0.0,0.5,0,100,561,661,11.490699124988168,0.9755555555555555,0.08355914647895808,0.005176124977879226,630,270,X ~= Y A^T,SVD normal-system solve,1.441871739293454,1.441817333134255,81.20722720442706,81.21722720442708,117.09040593244593,117.10040593244591,81.21722720442708,1.1710040593244595e-10,44.31646308173177,7,True,0.9856237839089813,0.05714285714285714,0.01,1.0,rms,25.709920264364882,0.5447040717017868,0.738040697862785,0.49744010583444065,0.7075994335703412,0.5447040717017868,0.738040697862785,0.49744010583444065,0.7075994335703412,1.0,1.0,1.0,0.1466872558588786,0.0,0.0007511055934490535,0.0,,,,0.9955520604144172,0.9934318765831849,0.6456876456876457,,0.15892662973532992,0.1589102421885931,1.646565091851641
main_corrected_inverse_map_2026-08-31_v2,har,svm,2,AIME,0.0,0.5,0,100,561,661,1.3044275830034167,0.9733333333333334,0.08015523001099081,0.0013470000121742487,630,270,X ~= Y A^T,SVD normal-system solve,1.391584681180613,1.391584681180613,82.67153815652856,82.67153815652856,115.04444606826367,115.04444606826367,82.67153815652854,1.1504444606826364e-10,45.466205676141264,1,True,1.0,0.0,0.0,1.0,rms,25.709920264364882,0.49477988274620466,0.7034059160585762,0.486878996034127,0.6986630468611419,0.49477988274620466,0.7034059160585762,0.486878996034127,0.6986630468611419,1.0,1.0,1.0,0.14630537481536526,0.0,0.0005110852959738448,0.0,,,,0.9954996768982436,0.9933433819492887,0.5047619047619047,,0.14350963930855867,0.14350963930855867,1.6576887122285906
main_corrected_inverse_map_2026-08-31_v2,har,svm,2,HuberAIME,0.0,0.5,0,100,561,661,1.3044275830034167,0.9733333333333334,0.08015523001099081,0.005174790974706411,630,270,X ~= Y A^T,SVD normal-system solve,1.4435060321510005,1.4435060321510005,79.45646304905512,79.45646304905512,114.69588370469414,114.69588370469414,79.45646304905515,1.1469588370469415e-10,44.66085403008887,7,True,0.9874883880166087,0.05555555555555555,0.0,1.0,rms,25.709920264364882,0.49460829923817196,0.7032839392721634,0.48705694001482625,0.6986730059935602,0.49460829923817196,0.7032839392721634,0.48705694001482625,0.6986730059935602,1.0000000000000002,1.0,1.0,0.14653045642298038,0.0,0.0005275781317671035,0.0,,,,0.9954106472999167,0.9938530674954201,0.5457875457875457,,0.15941860305873432,0.15941860305873432,1.6499270236393302
main_corrected_inverse_map_2026-08-31_v2,har,svm,2,RidgeAIME,0.0,0.5,0,100,561,661,1.3044275830034167,0.9733333333333334,0.08015523001099081,0.0013542500091716647,630,270,X ~= Y A^T,SVD normal-system solve,1.391584681180613,1.3915373205859856,82.67153815652856,82.68153815652855,115.04444606826367,115.05444606826366,82.68153815652848,1.1505444606826362e-10,45.4615667302555,1,True,1.0,0.0,0.01,1.0,rms,25.709920264364882,0.49477810112430115,0.7034046496322733,0.48688084369942564,0.6986630437428758,0.49477810112430115,0.7034046496322733,0.48688084369942564,0.6986630437428758,1.0,1.0,1.0,0.14630545017114446,0.0,0.0005110818461245663,0.0,,,,0.9954996689725301,0.9933436312533563,0.5047619047619047,,0.14350963930855867,0.14349485846539387,1.6576443986256404
main_corrected_inverse_map_2026-08-31_v2,har,svm,2,HuberRidgeAIME,0.0,0.5,0,100,561,661,1.3044275830034167,0.9733333333333334,0.08015523001099081,0.00527820794377476,630,270,X ~= Y A^T,SVD normal-system solve,1.4435128427389379,1.443457031162618,79.45610219330429,79.46610219330425,114.69590395001222,114.70590395001216,79.4661021933042,1.1470590395001217e-10,44.656176124983645,7,True,0.9874873326435071,0.05555555555555555,0.01,1.0,rms,25.709920264364882,0.49460822868822796,0.7032838891146505,0.48705701318000405,0.6986728348714945,0.49460822868822796,0.7032838891146505,0.48705701318000405,0.6986728348714945,1.0000000000000002,1.0,1.0,0.14653054428304105,0.0,0.0005275752710284047,0.0,,,,0.9954106271287724,0.9938528597420303,0.5457875457875457,,0.15942065209331838,0.1594038603284689,1.6498815320153388
main_corrected_inverse_map_2026-08-31_v2,har,mlp,2,AIME,0.0,0.5,0,100,561,661,0.3195054590469226,0.9666666666666667,0.10964474313440196,0.0013393750414252281,630,270,X ~= Y A^T,SVD normal-system solve,1.3989953966511257,1.3989953966511257,82.90808957798522,82.90808957798522,115.9880356647405,115.9880356647405,82.90808957798527,1.159880356647405e-10,44.45259500212055,1,True,1.0,0.0,0.0,1.0,rms,25.709920264364882,0.4729830728580226,0.6877376482773229,0.5143861831593631,0.7179394870562041,0.4729830728580226,0.6877376482773229,0.5143861831593631,0.7179394870562041,1.0000000000000002,1.0,1.0,0.1467155908385122,0.0,0.0006018524990171245,0.0,,,,0.9953471173679974,0.9917564701469184,0.35427350427350424,,0.14581628546230402,0.14581628546230402,1.6478971187866742
main_corrected_inverse_map_2026-08-31_v2,har,mlp,2,HuberAIME,0.0,0.5,0,100,561,661,0.3195054590469226,0.9666666666666667,0.10964474313440196,0.005207249894738197,630,270,X ~= Y A^T,SVD normal-system solve,1.4418051749962646,1.4418051749962646,79.49464961205814,79.49464961205814,114.61579719518022,114.61579719518022,79.49464961205813,1.1461579719518022e-10,43.874548704350815,7,True,0.9849414330922865,0.06825396825396825,0.0,1.0,rms,25.709920264364882,0.47355319218959924,0.6881520124141172,0.5138008391152546,0.7177449194764145,0.47355319218959924,0.6881520124141172,0.5138008391152546,0.7177449194764145,1.0000000000000002,1.0,1.0,0.1469030089740517,0.0,0.0006184428777322803,0.0,,,,0.9953946790709779,0.9925660601763513,0.501098901098901,,0.1589065799809188,0.1589065799809188,1.6422126623236093
main_corrected_inverse_map_2026-08-31_v2,har,mlp,2,RidgeAIME,0.0,0.5,0,100,561,661,0.3195054590469226,0.9666666666666667,0.10964474313440196,0.0013050410198047757,630,270,X ~= Y A^T,SVD normal-system solve,1.3989953966511257,1.3989472774290506,82.90808957798522,82.91808957798517,115.9880356647405,115.99803566474048,82.9180895779852,1.159980356647405e-10,44.44812178521098,1,True,1.0,0.0,0.01,1.0,rms,25.709920264364882,0.472985085007988,0.6877391111518874,0.5143841172760772,0.717939554784955,0.472985085007988,0.6877391111518874,0.5143841172760772,0.717939554784955,1.0000000000000002,1.0,1.0,0.1467156788781352,0.0,0.0006018512863143194,0.0,,,,0.9953471560136997,0.9917569604449182,0.35427350427350424,,0.14581628546230402,0.145801347405984,1.6478534140002108
main_corrected_inverse_map_2026-08-31_v2,har,mlp,2,HuberRidgeAIME,0.0,0.5,0,100,561,661,0.3195054590469226,0.9666666666666667,0.10964474313440196,0.005161875043995678,630,270,X ~= Y A^T,SVD normal-system solve,1.4418144850423005,1.4417589138201292,79.49418719752245,79.50418719752238,114.61587057805207,114.62587057805209,79.5041871975224,1.1462587057805205e-10,43.86997433507143,7,True,0.9849404542333393,0.06825396825396825,0.01,1.0,rms,25.709920264364882,0.4735565358014928,0.6881544418235581,0.5137974062141069,0.7177448409496869,0.4735565358014928,0.6881544418235581,0.5137974062141069,0.7177448409496869,0.9999999999999999,1.0,1.0,0.1469031154357666,0.0,0.0006184439062906444,0.0,,,,0.9953947479511823,0.9925654701567244,0.501098901098901,,0.15890938430471763,0.15889264516074153,1.6421673803329115
main_corrected_inverse_map_2026-08-31_v2,har,lgbm,2,AIME,0.05,0.0,150,0,561,561,10.844977083033882,0.9788888888888889,0.09435596370198593,0.0011833750177174807,630,270,X ~= Y A^T,SVD normal-system solve,1.3993932212155469,1.3993932212155469,85.03558456089299,85.03558456089299,118.99822059661506,118.99822059661506,85.03558456089301,1.1899822059661499e-10,42.343924508243255,1,True,1.0,0.0,0.0,1.0,rms,23.68543856465402,0.5661074619450429,0.752401131009944,0.48445577722492017,0.6970379476343094,2.1923056962282623,1.4806436763206272,0.19251953668560784,0.4419100262763834,0.9855209723664676,0.9736391988856243,0.0,0.0,0.0,0.0011210048398033639,0.0,0.05714285714285714,1.0,1.0,0.9816932361352138,0.9640620674680743,0.3934065934065934,,0.14593976582036042,0.14593976582036042,1.6267911067133596
main_corrected_inverse_map_2026-08-31_v2,har,lgbm,2,HuberAIME,0.05,0.0,150,0,561,561,10.844977083033882,0.9788888888888889,0.09435596370198593,0.004636332974769175,630,270,X ~= Y A^T,SVD normal-system solve,1.4632692934702436,1.4632692934702436,77.16874203952906,77.16874203952906,112.91865064216918,112.91865064216918,77.16874203952908,1.1291865064216921e-10,40.98399875148806,7,True,0.9390186108889095,0.11428571428571428,0.0,1.0,rms,23.68543856465402,0.5558989714329824,0.7455863272840928,0.49375247204089134,0.7048510545018017,2.1824146206039066,1.4772997734393336,0.19616266471358934,0.4467066607258334,0.9992195868215521,0.9978211672237529,0.6666666666666666,0.0,0.0,0.0010350515893742778,0.0,1.0,0.18861657100186774,0.984497522397215,0.9945655077863591,0.9914141591342229,0.3547619047619047,,0.16532425907524848,0.16532425907524848,1.6126143296381985
main_corrected_inverse_map_2026-08-31_v2,har,lgbm,2,RidgeAIME,0.05,0.0,150,0,561,561,10.844977083033882,0.9788888888888889,0.09435596370198593,0.0011919159442186356,630,270,X ~= Y A^T,SVD normal-system solve,1.3993932212155469,1.399346258963093,85.03558456089299,85.04558456089305,118.99822059661506,119.00822059661506,85.04558456089295,1.19008220596615e-10,42.339664168683996,1,True,1.0,0.0,0.01,1.0,rms,23.68543856465402,0.5661108405641195,0.7524033762312072,0.48445270037527055,0.6970373339714132,2.1923087698568224,1.4806447142568748,0.19251840459211467,0.44190966120357594,0.9855209470421146,0.973626013404579,0.0,0.0,0.0,0.0011210061058480225,0.0,0.05714285714285714,1.0,1.0,0.9816932237889026,0.9640644462908442,0.3934065934065934,,0.14593976582036042,0.1459251910825223,1.6267474089440022
main_corrected_inverse_map_2026-08-31_v2,har,lgbm,2,HuberRidgeAIME,0.05,0.0,150,0,561,561,10.844977083033882,0.9788888888888889,0.09435596370198593,0.004576750099658966,630,270,X ~= Y A^T,SVD normal-system solve,1.4632782254363375,1.463218198425947,77.16829397553647,77.17829397553649,112.91868426847262,112.92868426847261,77.17829397553646,1.1292868426847266e-10,40.97954043236304,7,True,0.9390176014754211,0.11428571428571428,0.01,1.0,rms,23.68543856465402,0.5559075174907808,0.7455920583608578,0.4937446892946431,0.7048498842794726,2.182422800524872,1.477302541974687,0.19615965184618556,0.4467059465068615,0.9992195893503186,0.9978211672237529,0.6666666666666666,0.0,0.0,0.001035054781333765,0.0,1.0,0.18861652936178885,0.9844964543307929,0.9945654869504625,0.9914127862136606,0.3547619047619047,,0.16532691005122757,0.16530909393556867,1.6125670836696677
main_corrected_inverse_map_2026-08-31_v2,har,svm,2,AIME,0.05,0.0,150,0,561,561,1.1072531669633463,0.9333333333333333,0.18735682758442712,0.0011830829316750169,630,270,X ~= Y A^T,SVD normal-system solve,1.4632283790566079,1.4632283790566079,78.64656684152472,78.64656684152472,115.07788851789137,115.07788851789137,78.64656684152469,1.1507788851789138e-10,42.585321005115574,1,True,1.0,0.0,0.0,1.0,rms,23.68543856465402,0.5176801367786329,0.719499921319407,0.47094633619104753,0.6876947239919272,1.982315122737877,1.4079471306614737,0.1777494996353618,0.42463020757783193,0.9973215312028996,0.999336342115226,0.5384615384615384,0.0,0.0,0.0011396806318794042,0.0,0.05396825396825397,1.0,1.0,0.9935227584515264,0.9924940257565336,0.45054945054945056,,0.16531211561500228,0.16531211561500228,1.6292599252747384
main_corrected_inverse_map_2026-08-31_v2,har,svm,2,HuberAIME,0.05,0.0,150,0,561,561,1.1072531669633463,0.9333333333333333,0.18735682758442712,0.004570250050164759,630,270,X ~= Y A^T,SVD normal-system solve,1.461270294741489,1.461270294741489,75.52654834106652,75.52654834106652,110.36470155515758,110.36470155515758,75.52654834106652,1.1036470155515755e-10,41.72339562268228,7,True,0.9434860794751972,0.10952380952380952,0.0,1.0,rms,23.68543856465402,0.5141091860352829,0.7170140765949319,0.4745957413735735,0.6898671489990857,1.9786429469026803,1.4066424374739588,0.17927269258449663,0.426083228077763,0.9996454053644235,0.9996709067051545,0.8181818181818182,0.0,0.0,0.0010356793838667401,0.0,1.0,0.19096251822411184,0.9864152759224067,0.9950080915454673,0.9932752719334255,0.4844322344322344,,0.16473055587770458,0.16473055587770458,1.6203796458758573
main_corrected_inverse_map_2026-08-31_v2,har,svm,2,RidgeAIME,0.05,0.0,150,0,561,561,1.1072531669633463,0.9333333333333333,0.18735682758442712,0.0011874580522999167,630,270,X ~= Y A^T,SVD normal-system solve,1.4632283790566079,1.463169486532099,78.64656684152472,78.6565668415247,115.07788851789137,115.0878885178914,78.65656684152468,1.1508788851789144e-10,42.58072238864061,1,True,1.0,0.0,0.01,1.0,rms,23.68543856465402,0.5176757323286734,0.7194968605412211,0.47095083740757615,0.6876947492042523,1.9823106006125355,1.4079455247318824,0.1777513753814438,0.42463019176933814,0.9973214577378796,0.9993360702496376,0.5384615384615384,0.0,0.0,0.0011396825773355359,0.0,0.05396825396825397,1.0,1.0,0.9935227404991283,0.9924938898238039,0.45054945054945056,,0.16531211561500228,0.1652946356279344,1.6292130250388739
main_corrected_inverse_map_2026-08-31_v2,har,svm,2,HuberRidgeAIME,0.05,0.0,150,0,561,561,1.1072531669633463,0.9333333333333333,0.18735682758442712,0.004736540955491364,630,270,X ~= Y A^T,SVD normal-system solve,1.4612775843040793,1.4612165172064102,75.52618919408987,75.53618919408984,110.36472729723249,110.37472729723244,75.53618919408986,1.1037472729723244e-10,41.718762589771664,7,True,0.9434850009351806,0.10952380952380952,0.01,1.0,rms,23.68543856465402,0.5141071010049693,0.7170126226259683,0.47459787221238336,0.6898670768693606,1.9786406157773935,1.4066416088604068,0.17927365951902252,0.4260831453417286,0.9996453987517266,0.9996709746715517,0.8181818181818182,0.0,0.0,0.001035684538147266,0.0,1.0,0.19096251511494677,0.986414136032308,0.9950081220855692,0.9932750952208771,0.4844322344322344,,0.1647327223549973,0.16471457271799125,1.6203314184408837
main_corrected_inverse_map_2026-08-31_v2,har,mlp,2,AIME,0.05,0.0,150,0,561,561,0.24348475004080683,0.9422222222222222,0.27652216142229974,0.0011800420470535755,630,270,X ~= Y A^T,SVD normal-system solve,1.4916821425549653,1.4916821425549653,78.62460123270569,78.62460123270569,117.2829136243322,117.2829136243322,78.62460123270571,1.172829136243322e-10,42.08400690030157,1,True,1.0,0.0,0.0,1.0,rms,23.68543856465402,0.4896668627654752,0.6997620043739694,0.5019463320579122,0.7090766390395773,1.798985690354948,1.3412627223459794,0.21425209162093473,0.46533502077980843,0.9874594932305341,0.9742943269876703,0.05263157894736842,0.0,0.0,0.0009748018452789128,0.0,0.047619047619047616,1.0,1.0,0.9825998440010467,0.964251734420958,0.19640522875816996,,0.1736762906694922,0.1736762906694922,1.6241170831382008
main_corrected_inverse_map_2026-08-31_v2,har,mlp,2,HuberAIME,0.05,0.0,150,0,561,561,0.24348475004080683,0.9422222222222222,0.27652216142229974,0.0046564999502152205,630,270,X ~= Y A^T,SVD normal-system solve,1.5191167896930966,1.5191167896930966,72.88953646632163,72.88953646632163,110.72771863893641,110.72771863893641,72.88953646632163,1.1072771863893641e-10,41.0618695459412,7,True,0.9460069734349768,0.11587301587301588,0.0,1.0,rms,23.68543856465402,0.4789352884624342,0.6920515070877559,0.5128617121884695,0.7169082389107331,1.7892042671263468,1.3376114036319917,0.2185243506411425,0.47004324553184545,0.9993345996467268,0.998524891299755,0.6666666666666666,0.0,0.0,0.000888745065704503,0.0,0.9999999999999999,0.1924845502163664,0.9836830945959074,0.9947799785816279,0.9905920175999666,0.43150183150183147,,0.18159116370444883,0.18159116370444883,1.6134387189021324
main_corrected_inverse_map_2026-08-31_v2,har,mlp,2,RidgeAIME,0.05,0.0,150,0,561,561,0.24348475004080683,0.9422222222222222,0.27652216142229974,0.0011647919891402125,630,270,X ~= Y A^T,SVD normal-system solve,1.4916821425549653,1.4916196151007861,78.62460123270569,78.63460123270569,117.2829136243322,117.29291362433226,78.63460123270566,1.172929136243322e-10,42.079684261479365,1,True,1.0,0.0,0.01,1.0,rms,23.68543856465402,0.4896655819350743,0.6997610891833543,0.5019476348258298,0.709076922655214,1.7989846639860034,1.3412623397329857,0.21425253991091042,0.4653352113034337,0.9874595969122604,0.9742911325670047,0.05263157894736842,0.0,0.0,0.000974796520401811,0.0,0.047619047619047616,1.0,1.0,0.9826000035313779,0.9642537870051889,0.19640522875816996,,0.1736762906694922,0.17365808578743372,1.6240724724952151
main_corrected_inverse_map_2026-08-31_v2,har,mlp,2,HuberRidgeAIME,0.05,0.0,150,0,561,561,0.24348475004080683,0.9422222222222222,0.27652216142229974,0.004655082942917943,630,270,X ~= Y A^T,SVD normal-system solve,1.51912646966602,1.5190552580375856,72.88911508715971,72.89911508715977,110.72778407943717,110.73778407943713,72.89911508715969,1.1073778407943719e-10,41.05734171653068,7,True,0.9460058609061701,0.11587301587301588,0.01,1.0,rms,23.68543856465402,0.47893779077353843,0.6920533149790834,0.512859167018848,0.7169083211966976,1.7892069195195142,1.3376123950978902,0.21852319214811255,0.47004331645766007,0.9993346027426903,0.998524891299755,0.6666666666666666,0.0,0.0,0.0008887403774369844,0.0,0.9999999999999999,0.1924845304745443,0.9836819274277512,0.9947800861515912,0.9905947634411065,0.43150183150183147,,0.18159393106602378,0.1815735722988045,1.6133908272748323
main_corrected_inverse_map_2026-08-31_v2,har,lgbm,2,AIME,0.05,0.25,150,100,561,661,11.851526958984323,0.9788888888888889,0.0907243685888021,0.0013195420615375042,630,270,X ~= Y A^T,SVD normal-system solve,1.4660068504277926,1.4660068504277926,82.02834916603543,82.02834916603543,120.25412180669085,120.25412180669085,82.02834916603537,1.2025412180669075e-10,47.18509381454878,1,True,1.0,0.0,0.0,1.0,rms,25.709920264364882,0.4858190124339668,0.6970071824837724,0.48400239354649677,0.6985656131472554,1.7191304117135748,1.3111561355206995,0.20673575577615377,0.4588697409291889,0.9845524581777977,0.9607313798066582,0.1111111111111111,0.14155066070371086,0.01,0.0009775535130494434,0.0,0.06031746031746032,1.0,1.0,0.9834798120101615,0.9703686249351293,0.3738095238095238,,0.1661359997021336,0.1661359997021336,1.6738048228602471
main_corrected_inverse_map_2026-08-31_v2,har,lgbm,2,HuberAIME,0.05,0.25,150,100,561,661,11.851526958984323,0.9788888888888889,0.0907243685888021,0.0058224169770255685,630,270,X ~= Y A^T,SVD normal-system solve,1.5750085536618839,1.5750085536618839,72.7136043912558,72.7136043912558,114.5245488838142,114.5245488838142,72.71360439125579,1.145245488838142e-10,45.31419539542054,8,True,0.9362880097218118,0.1349206349206349,0.0,1.0,rms,25.709920264364882,0.46984869478684055,0.6854551004893322,0.5009647714471339,0.7086185596871556,1.7033128970800713,1.3051103007332643,0.21403448582347984,0.465372939176387,0.9991786758087433,0.9975375413382804,0.1111111111111111,0.14050810123525304,0.01,0.0009518992987873082,0.0,0.9999999999999998,0.19028455799552701,0.9841733664204586,0.9937629131991954,0.9889591104171229,0.3547619047619047,,0.19728291672756781,0.19728291672756781,1.656234273009724
main_corrected_inverse_map_2026-08-31_v2,har,lgbm,2,RidgeAIME,0.05,0.25,150,100,561,661,11.851526958984323,0.9788888888888889,0.0907243685888021,0.0013379579177126288,630,270,X ~= Y A^T,SVD normal-system solve,1.4660068504277926,1.4659500468895483,82.02834916603543,82.03834916603549,120.25412180669085,120.26412180669087,82.03834916603542,1.202641218066908e-10,47.180276284313734,1,True,1.0,0.0,0.01,1.0,rms,25.709920264364882,0.48581132819919404,0.6970016701552401,0.4840105551182934,0.6985654053760245,1.7191224448807114,1.3111530974225365,0.2067394319391762,0.4588696112712076,0.9845524098680374,0.9607252303081103,0.1111111111111111,0.14155057087310774,0.01,0.0009775623612543842,0.0,0.06031746031746032,1.0,1.0,0.9834796454419301,0.9703667883962321,0.3738095238095238,,0.1661359997021336,0.16611917171722176,1.6737604797543577
main_corrected_inverse_map_2026-08-31_v2,har,lgbm,2,HuberRidgeAIME,0.05,0.25,150,100,561,661,11.851526958984323,0.9788888888888889,0.0907243685888021,0.005826624925248325,630,270,X ~= Y A^T,SVD normal-system solve,1.5750223230345752,1.5749432527920209,72.71297446493213,72.72297446493207,114.52455795651116,114.53455795651118,72.7229744649322,1.1453455795651112e-10,45.309109770819894,8,True,0.9362864563658532,0.1349206349206349,0.01,1.0,rms,25.709920264364882,0.4698467660843358,0.6854536936105428,0.5009668199587206,0.708617897481424,1.7033106357530132,1.3051094343973662,0.21403552927538283,0.46537251340930785,0.9991786658104675,0.9975374997876145,0.1111111111111111,0.14050803460733943,0.01,0.0009519131857871937,0.0,0.9999999999999998,0.19028448396038342,0.9841717181080961,0.9937628903120928,0.9889591104171229,0.3547619047619047,,0.19728671349198904,0.19726491022512488,1.6561855292853727
main_corrected_inverse_map_2026-08-31_v2,har,svm,2,AIME,0.05,0.25,150,100,561,661,1.2454613340087235,0.9211111111111111,0.18857462549211162,0.0013192499754950404,630,270,X ~= Y A^T,SVD normal-system solve,1.4409346445861952,1.4409346445861952,77.76205829943878,77.76205829943878,112.05004383799282,112.05004383799282,77.76205829943873,1.1205004383799287e-10,46.136975613281685,1,True,1.0,0.0,0.0,1.0,rms,25.709920264364882,0.6101697099278841,0.7811336056833582,0.4376208883438718,0.6624566506507402,1.7297956170671187,1.3152169467685242,0.20836645145313193,0.45907625279711595,0.9971883735647054,0.9984678815223076,0.42857142857142855,0.14005311769654075,0.0,0.0008720156608706769,0.0,0.05396825396825397,1.0,1.0,0.9935145061310324,0.9914762739534326,0.29201680672268904,,0.1586442832850144,0.1586442832850144,1.6640491220985418
main_corrected_inverse_map_2026-08-31_v2,har,svm,2,HuberAIME,0.05,0.25,150,100,561,661,1.2454613340087235,0.9211111111111111,0.18857462549211162,0.005164125002920628,630,270,X ~= Y A^T,SVD normal-system solve,1.47479379386379,1.47479379386379,73.69482795893065,73.69482795893065,108.68467491369063,108.68467491369063,73.69482795893069,1.0868467491369073e-10,45.20221702655768,7,True,0.9414317959830442,0.11428571428571428,0.0,1.0,rms,25.709920264364882,0.6066308330364125,0.7788650929630963,0.440882588179351,0.6648000034667267,1.7267424212443752,1.3140557146652403,0.20976373343241284,0.4605363338138952,0.9996107013161765,0.9995375203136435,1.0,0.1398296350971359,0.0,0.0008434488763038925,0.0,1.0,0.18992755841425904,0.9843028430926729,0.9955288224429198,0.9936185342508272,0.41203404438698554,,0.16873130136669284,0.16873130136669284,1.6551597361119939
main_corrected_inverse_map_2026-08-31_v2,har,svm,2,RidgeAIME,0.05,0.25,150,100,561,661,1.2454613340087235,0.9211111111111111,0.18857462549211162,0.0012895000400021672,630,270,X ~= Y A^T,SVD normal-system solve,1.4409346445861952,1.4408779488198464,77.76205829943878,77.77205829943877,112.05004383799282,112.06004383799285,77.77205829943881,1.1206004383799281e-10,46.13195029161172,1,True,1.0,0.0,0.01,1.0,rms,25.709920264364882,0.6101674525179746,0.781132160724403,0.43762296894564356,0.6624568878590987,1.7297936313073208,1.3152161918511043,0.20836736022759061,0.45907642792104486,0.997188341773183,0.9984672167116537,0.42857142857142855,0.14005307079456494,0.0,0.0008720136818398038,0.0,0.05396825396825397,1.0,1.0,0.9935145833200367,0.9914762988838248,0.29201680672268904,,0.1586442832850144,0.15862719497154662,1.6640018153925884
main_corrected_inverse_map_2026-08-31_v2,har,svm,2,HuberRidgeAIME,0.05,0.25,150,100,561,661,1.2454613340087235,0.9211111111111111,0.18857462549211162,0.00515600002836436,630,270,X ~= Y A^T,SVD normal-system solve,1.4748019087466975,1.4747374890198859,73.69442754819612,73.70442754819612,108.68468241207484,108.69468241207485,73.70442754819612,1.086946824120748e-10,45.1970985014773,7,True,0.9414306475532818,0.11428571428571428,0.01,1.0,rms,25.709920264364882,0.6066309596974545,0.7788651742743763,0.4408824714388392,0.664800151203605,1.7267427218529097,1.3140558290471944,0.20976359586020576,0.46053644598709004,0.9996106969590739,0.9995368139523237,1.0,0.13982958242511376,0.0,0.000843447593794108,0.0,1.0,0.18992756802057378,0.9843016286004497,0.995528954297464,0.9936172212501677,0.41203404438698554,,0.16873369101546054,0.1687147205064342,1.6551105554918246
main_corrected_inverse_map_2026-08-31_v2,har,mlp,2,AIME,0.05,0.25,150,100,561,661,0.35515391605440527,0.9344444444444444,0.34826334280795346,0.0018307920545339584,630,270,X ~= Y A^T,SVD normal-system solve,1.5228815572302485,1.5228815572302485,77.93331822580177,77.93331822580177,118.68321301982951,118.68321301982951,77.9333182258018,1.186832130198295e-10,45.35835641109594,1,True,1.0,0.0,0.0,1.0,rms,25.709920264364882,0.5223032178705259,0.7227054848764647,0.4815103776342269,0.6944706664613486,2.4134662067074832,1.5535334585091765,0.16577220956827965,0.4101906852374911,0.987530174065914,0.9755852234697022,0.1111111111111111,0.14152805324432036,0.01,0.0008571764755413083,0.0,0.04126984126984127,1.0,1.0,0.9845441606291541,0.970645643143872,0.30434173669467784,,0.18266612720891234,0.18266612720891234,1.6566573092330883
main_corrected_inverse_map_2026-08-31_v2,har,mlp,2,HuberAIME,0.05,0.25,150,100,561,661,0.35515391605440527,0.9344444444444444,0.34826334280795346,0.005426582996733487,630,270,X ~= Y A^T,SVD normal-system solve,1.6178574598347992,1.6178574598347992,71.17996610459684,71.17996610459684,115.15903915311016,115.15903915311016,71.17996610459687,1.1515903915311015e-10,43.94942731469451,7,True,0.9529474165314201,0.10158730158730159,0.0,1.0,rms,25.709920264364882,0.5121857003390714,0.7156715030927747,0.49155402213932997,0.7018455564861114,2.4026521527701874,1.550049080761699,0.1695101464395925,0.4149843873431832,0.9993044663093844,0.9986073878829459,0.5384615384615384,0.14058998822894075,0.0,0.0007431601254107408,0.0,0.9985754985754985,0.18818661091359468,0.9858675836606645,0.9945805381664178,0.9915920257647295,0.6493506493506492,,0.20894025575948108,0.20894025575948108,1.6429532203497572
main_corrected_inverse_map_2026-08-31_v2,har,mlp,2,RidgeAIME,0.05,0.25,150,100,561,661,0.35515391605440527,0.9344444444444444,0.34826334280795346,0.0013709169579669833,630,270,X ~= Y A^T,SVD normal-system solve,1.5228815572302485,1.5228144723833206,77.93331822580177,77.94331822580173,118.68321301982951,118.69321301982951,77.94331822580176,1.1869321301982958e-10,45.353687330172654,1,True,1.0,0.0,0.01,1.0,rms,25.709920264364882,0.5223020020938207,0.722704643747237,0.4815115845339418,0.694470681191691,2.413466010341869,1.5535333953095019,0.16577227744312795,0.4101906817074084,0.9875302366491108,0.9755852234697022,0.1111111111111111,0.1415279755365815,0.01,0.000857174903295604,0.0,0.04126984126984127,1.0,1.0,0.9845442760394748,0.9706470143154469,0.30434173669467784,,0.18266612720891234,0.18264699556966696,1.6566126016948453
main_corrected_inverse_map_2026-08-31_v2,har,mlp,2,HuberRidgeAIME,0.05,0.25,150,100,561,661,0.35515391605440527,0.9344444444444444,0.34826334280795346,0.006003624992445111,630,270,X ~= Y A^T,SVD normal-system solve,1.6178660453359806,1.6177792537169746,71.17959784456717,71.18959784456719,115.15905447339537,115.16905447339545,71.18959784456712,1.1516905447339537e-10,43.94460215802355,7,True,0.9529463097580102,0.10158730158730159,0.01,1.0,rms,25.709920264364882,0.5121891247870458,0.7156738955607126,0.491550622694953,0.7018450500634872,2.4026566293007763,1.5500505247574274,0.1695085991023183,0.414984080217291,0.9993044802125031,0.9986083850989265,0.5384615384615384,0.14058987964400071,0.0,0.0007431579401991052,0.0,0.9985754985754985,0.18818663741674652,0.9858664281038262,0.9945806977185194,0.9915918928026374,0.6493506493506492,,0.20894256042845633,0.208919261755249,1.6429055370445043
main_corrected_inverse_map_2026-08-31_v2,har,lgbm,2,AIME,0.05,0.5,150,100,561,661,13.997364167007618,0.9788888888888889,0.055087199367956925,0.0016624160343781114,630,270,X ~= Y A^T,SVD normal-system solve,1.404812010283033,1.404812010283033,84.73581830051438,84.73581830051438,119.03789524972343,119.03789524972343,84.73581830051435,1.190378952497235e-10,45.93118385544535,1,True,1.0,0.0,0.0,1.0,rms,25.709920264364882,0.5340894368643231,0.7308142286958589,0.46985895702787916,0.6864750749068091,1.341994886125517,1.1584450293930728,0.2612113392404012,0.5129758978075571,0.9872761818976854,0.9798153721093149,0.1111111111111111,0.14601614709824662,0.01,0.0008830458568626497,0.0,0.050793650793650794,1.0,1.0,0.9808841129764023,0.962141745069288,0.29126984126984123,,0.14761821152995908,0.14761821152995908,1.6621076393056078
main_corrected_inverse_map_2026-08-31_v2,har,lgbm,2,HuberAIME,0.05,0.5,150,100,561,661,13.997364167007618,0.9788888888888889,0.055087199367956925,0.006270374986343086,630,270,X ~= Y A^T,SVD normal-system solve,1.4944919940403367,1.4944919940403367,75.94480191375487,75.94480191375487,113.4988984490859,113.4988984490859,75.94480191375492,1.1349889844908595e-10,44.014016082888276,8,True,0.9401298820716593,0.11746031746031746,0.0,1.0,rms,25.709920264364882,0.5245412732061185,0.7242522165696965,0.4793365334239744,0.6929043538314222,1.3319126410712452,1.154085196625988,0.2667617689760916,0.5181258839084133,0.9992649730650067,0.9983716917308324,0.42857142857142855,0.14619457691041318,0.0,0.000823254225237984,0.0,1.0,0.1890747383010317,0.9803201238787831,0.9941219326140563,0.9912607590224131,0.3791208791208791,,0.17449359287585686,0.17449359287585686,1.6435909978076915
main_corrected_inverse_map_2026-08-31_v2,har,lgbm,2,RidgeAIME,0.05,0.5,150,100,561,661,13.997364167007618,0.9788888888888889,0.055087199367956925,0.0013633749913424253,630,270,X ~= Y A^T,SVD normal-system solve,1.404812010283033,1.4047642424971531,84.73581830051438,84.74581830051436,119.03789524972343,119.04789524972344,84.74581830051442,1.190478952497234e-10,45.92654219124332,1,True,1.0,0.0,0.01,1.0,rms,25.709920264364882,0.5340863009761415,0.7308120832171164,0.46986206973319866,0.6864747262716739,1.3419922113063034,1.158443874905601,0.2612128117691902,0.5129755947270516,0.9872761190474063,0.9798153721093149,0.1111111111111111,0.1460161629168043,0.01,0.0008830473938224011,0.0,0.050793650793650794,1.0,1.0,0.9808842365509683,0.9621412215310503,0.29126984126984123,,0.14761821152995908,0.14760344397502842,1.6620637486229564
main_corrected_inverse_map_2026-08-31_v2,har,lgbm,2,HuberRidgeAIME,0.05,0.5,150,100,561,661,13.997364167007618,0.9788888888888889,0.055087199367956925,0.0063063750276342034,630,270,X ~= Y A^T,SVD normal-system solve,1.4945008145030099,1.4944357095034988,75.94435346127435,75.95435346127431,113.49889810477899,113.508898104779,75.95435346127435,1.1350889810477906e-10,44.00919261593581,8,True,0.9401287591311026,0.11746031746031746,0.01,1.0,rms,25.709920264364882,0.5245437001272142,0.7242538920345643,0.4793341244445187,0.6929034048887885,1.33191567810434,1.1540865124003226,0.2667600970430345,0.5181250990958427,0.9992649685700734,0.9983729382508083,0.42857142857142855,0.14619461440445158,0.0,0.0008232615123386628,0.0,1.0,0.18907470944665417,0.9803189423918088,0.994122148875268,0.9912616482064038,0.3791208791208791,,0.1744961560658758,0.17447723646567062,1.6435434011541687
main_corrected_inverse_map_2026-08-31_v2,har,svm,2,AIME,0.05,0.5,150,100,561,661,1.2568570000585169,0.9288888888888889,0.1765732294267659,0.0014620840083807707,630,270,X ~= Y A^T,SVD normal-system solve,1.4891938060982481,1.4891938060982481,75.91282742036469,75.91282742036469,113.04891239781236,113.04891239781236,75.91282742036464,1.130489123978124e-10,45.49373515856549,1,True,1.0,0.0,0.0,1.0,rms,25.709920264364882,0.5090353630402253,0.7134671422288663,0.4935130621813466,0.7031065366782695,2.0905789209136945,1.4458834396014413,0.1808922818261356,0.4281431703314994,0.9972089375553318,0.9951815354824618,0.25,0.14670078466671171,0.01,0.0010519976820182097,0.0,0.047619047619047616,1.0,1.0,0.9930563601334281,0.9872877436790031,0.24044084570400362,,0.17295122121883225,0.17295122121883225,1.6579515950440769
main_corrected_inverse_map_2026-08-31_v2,har,svm,2,HuberAIME,0.05,0.5,150,100,561,661,1.2568570000585169,0.9288888888888889,0.1765732294267659,0.005275583011098206,630,270,X ~= Y A^T,SVD normal-system solve,1.5014522299275557,1.5014522299275557,73.74272120244532,73.74272120244532,110.72117319033757,110.72117319033757,73.74272120244527,1.1072117319033752e-10,44.681839132258574,7,True,0.9454271145695226,0.10476190476190476,0.0,1.0,rms,25.709920264364882,0.508375901853294,0.7130048399928951,0.49416922185399537,0.7036911648937249,2.0898124733442494,1.4456183705751147,0.18119258291184326,0.42852380887752817,0.9997104722277637,0.9994671127103371,0.8181818181818182,0.1468056228535444,0.0,0.0009785429501269344,0.0,1.0,0.19256045142303452,0.983070447726847,0.9953115680520905,0.9914887973204817,0.4295739348370927,,0.17651151927966183,0.17651151927966183,1.650131040642165
main_corrected_inverse_map_2026-08-31_v2,har,svm,2,RidgeAIME,0.05,0.5,150,100,561,661,1.2568570000585169,0.9288888888888889,0.1765732294267659,0.0014125410234555602,630,270,X ~= Y A^T,SVD normal-system solve,1.4891938060982481,1.4891293730650335,75.91282742036469,75.92282742036468,113.04891239781236,113.05891239781239,75.92282742036468,1.1305891239781235e-10,45.48889138725122,1,True,1.0,0.0,0.01,1.0,rms,25.709920264364882,0.5090361525555234,0.7134676955234367,0.4935122766186635,0.7031060517814539,2.090578898641917,1.4458834318996525,0.18089229055241918,0.4281429588617886,0.9972089412791589,0.9951815354824618,0.25,0.14670074999147398,0.01,0.0010519920003839462,0.0,0.047619047619047616,1.0,1.0,0.9930563991810721,0.9872881259450178,0.24044084570400362,,0.17295122121883225,0.17293243016823198,1.657905352739689
main_corrected_inverse_map_2026-08-31_v2,har,svm,2,HuberRidgeAIME,0.05,0.5,150,100,561,661,1.2568570000585169,0.9288888888888889,0.1765732294267659,0.005546707892790437,630,270,X ~= Y A^T,SVD normal-system solve,1.5014585217378065,1.5013905295951089,73.74242224442325,73.75242224442337,110.72118829247688,110.73118829247689,73.75242224442329,1.1073118829247689e-10,44.67689145550458,7,True,0.9454259680123461,0.10476190476190476,0.01,1.0,rms,25.709920264364882,0.5083789276191325,0.7130069618307612,0.494166211236295,0.7036904004194817,2.0898145081857846,1.4456190743711792,0.18119178564253657,0.4285234803841429,0.9997104743255347,0.9994674451156641,0.8181818181818182,0.1468055838634936,0.0,0.0009785401635746963,0.0,1.0,0.19256048414776034,0.9830692422055756,0.995311618435194,0.9914853652364795,0.4295739348370927,,0.1765133391795517,0.17649367211544917,1.6500829480002805
main_corrected_inverse_map_2026-08-31_v2,har,mlp,2,AIME,0.05,0.5,150,100,561,661,0.21704129094723612,0.9277777777777778,0.39356359680039665,0.0013537079794332385,630,270,X ~= Y A^T,SVD normal-system solve,1.505466982288833,1.505466982288833,76.55568795031807,76.55568795031807,115.25206051561092,115.25206051561092,76.55568795031806,1.1525206051561086e-10,47.750132239304094,1,True,1.0,0.0,0.0,1.0,rms,25.709920264364882,0.4718829539309502,0.686937372641022,0.47932209667235015,0.69719194571211,2.291751107338076,1.5138530666276948,0.1585123159382904,0.4038641368762998,0.9852449924829263,0.9667307350234255,0.05263157894736842,0.1474407266732294,0.0,0.0010856385863193202,0.0,0.050793650793650794,1.0,1.0,0.9788690683017792,0.9489146844581027,0.21682883679787707,,0.17767123506165833,0.17767123506165833,1.678974578657368
main_corrected_inverse_map_2026-08-31_v2,har,mlp,2,HuberAIME,0.05,0.5,150,100,561,661,0.21704129094723612,0.9277777777777778,0.39356359680039665,0.005459000007249415,630,270,X ~= Y A^T,SVD normal-system solve,1.579240355843964,1.579240355843964,70.08913294009943,70.08913294009943,110.68758724511753,110.68758724511753,70.08913294009947,1.1068758724511757e-10,46.185228743546,7,True,0.9449057536923603,0.12380952380952381,0.0,1.0,rms,25.709920264364882,0.45468149836720684,0.6743007477136643,0.49830226483164375,0.707903766813066,2.274013981836539,1.5079834156371013,0.1650250531253301,0.4103207648152968,0.9992531702813656,0.9978768440757255,0.42857142857142855,0.14643411056740574,0.0,0.0010509904097530673,0.0,1.0,0.1841963391489407,0.9856126119956872,0.9944361700253325,0.9891046955978331,0.34102564102564104,,0.19844823341092802,0.19844823341092802,1.6645030989129508
main_corrected_inverse_map_2026-08-31_v2,har,mlp,2,RidgeAIME,0.05,0.5,150,100,561,661,0.21704129094723612,0.9277777777777778,0.39356359680039665,0.001312666921876371,630,270,X ~= Y A^T,SVD normal-system solve,1.505466982288833,1.5054009648604225,76.55568795031807,76.5656879503181,115.25206051561092,115.26206051561088,76.56568795031819,1.152620605156109e-10,47.74516414872373,1,True,1.0,0.0,0.01,1.0,rms,25.709920264364882,0.47187162854450126,0.6869291292007504,0.4793345931578058,0.6971925091769403,2.2917402576293897,1.513849483148635,0.1585162997462204,0.4038644248266132,0.9852452198261044,0.9667345576846851,0.05263157894736842,0.14744075162801323,0.0,0.0010856337525221086,0.0,0.050793650793650794,1.0,1.0,0.9788694986387118,0.9489140528881652,0.21682883679787707,,0.17767123506165833,0.17765219005179675,1.678929390791406
main_corrected_inverse_map_2026-08-31_v2,har,mlp,2,HuberRidgeAIME,0.05,0.5,150,100,561,661,0.21704129094723612,0.9277777777777778,0.39356359680039665,0.005307584069669247,630,270,X ~= Y A^T,SVD normal-system solve,1.5792560552191963,1.5791734205971402,70.08846972209908,70.09846972209911,110.68764020967227,110.69764020967231,70.09846972209907,1.1069764020967227e-10,46.180020506434175,7,True,0.9449039830783964,0.12380952380952381,0.01,1.0,rms,25.709920264364882,0.4546748635422162,0.6742958279139922,0.4983095857292017,0.7079042468272598,2.2740079198072216,1.5079814056569867,0.1650272789879007,0.41032099061741606,0.9992531758401605,0.9978768440757255,0.42857142857142855,0.1464341618640817,0.0,0.0010509899582668233,0.0,1.0,0.18419624819285862,0.9856107515003648,0.994436172437412,0.9891039975468494,0.34102564102564104,,0.1984525507512985,0.19842982568451698,1.664454121431509
main_corrected_inverse_map_2026-08-31_v2,har,lgbm,2,AIME,0.1,0.0,300,0,561,561,11.134236500016414,0.9822222222222222,0.04707689419531934,0.0012184580555185676,630,270,X ~= Y A^T,SVD normal-system solve,1.4266376850104037,1.4266376850104037,83.97394995632132,83.97394995632132,119.80040156686574,119.80040156686574,83.97394995632132,1.1980040156686577e-10,43.08325828346171,1,True,1.0,0.0,0.0,1.0,rms,23.68543856465402,0.5509202508416824,0.7422400223928122,0.4605279847904308,0.6802564075227493,3.2789319427701713,1.8107821356447527,0.12563466428184122,0.3587382132471661,0.9752838304283058,0.9451343977733103,0.0,0.0,0.0,0.001705592665584681,0.0,0.10317460317460317,1.0,1.0,0.9713208194552623,0.9348695453593926,0.22042360803970712,,0.15431369183937182,0.15431369183937182,1.6343085405177258
main_corrected_inverse_map_2026-08-31_v2,har,lgbm,2,HuberAIME,0.1,0.0,300,0,561,561,11.134236500016414,0.9822222222222222,0.04707689419531934,0.005468582967296243,630,270,X ~= Y A^T,SVD normal-system solve,1.4883784317785547,1.4883784317785547,71.84303605571031,71.84303605571031,106.92962533880828,106.92962533880828,71.84303605571026,1.0692962533880832e-10,40.96295828693176,8,True,0.8980594629543012,0.16825396825396827,0.0,1.0,rms,23.68543856465402,0.5291887673901924,0.7274536187209412,0.48180788356553994,0.6946764696745263,3.259497302947282,1.805407794086223,0.13081713701073405,0.36560284818341293,0.9984766944077422,0.9963629821562829,0.3333333333333333,0.0,0.0,0.0014437403255149284,0.0,0.9999999999999998,0.19238375946982475,0.9792433934436657,0.9931270214533796,0.9883888573222883,0.3928571428571429,,0.1727133679959446,0.1727133679959446,1.6123913132338188
main_corrected_inverse_map_2026-08-31_v2,har,lgbm,2,RidgeAIME,0.1,0.0,300,0,561,561,11.134236500016414,0.9822222222222222,0.04707689419531934,0.0011610420187935233,630,270,X ~= Y A^T,SVD normal-system solve,1.4266376850104037,1.4265868851033705,83.97394995632132,83.98394995632133,119.80040156686574,119.81040156686579,83.9839499563213,1.1981040156686588e-10,43.07889245334808,1,True,1.0,0.0,0.01,1.0,rms,23.68543856465402,0.5509151078468776,0.7422365578755048,0.4605330209127504,0.6802560622273774,3.2789279365591173,1.8107810294342928,0.12563573258460992,0.3587380445413418,0.9752836903213898,0.9451343977733103,0.0,0.0,0.0,0.0017055915418986336,0.0,0.10317460317460317,1.0,1.0,0.9713208736986656,0.9348684035244638,0.22042360803970712,,0.15431369183937182,0.15429822714757077,1.6342645291760245
main_corrected_inverse_map_2026-08-31_v2,har,lgbm,2,HuberRidgeAIME,0.1,0.0,300,0,561,561,11.134236500016414,0.9822222222222222,0.04707689419531934,0.0052708330331370234,630,270,X ~= Y A^T,SVD normal-system solve,1.4883889434435968,1.4883209724620503,71.84256595183075,71.8525659518307,106.92968083132229,106.93968083132228,71.85256595183073,1.0693968083132226e-10,40.95823223635628,8,True,0.8980583498956393,0.16825396825396827,0.01,1.0,rms,23.68543856465402,0.5291913981384686,0.7274554269083905,0.4818053074847516,0.6946755549013252,3.2595009430150275,1.805408802187202,0.13081616634433657,0.3656023904920833,0.99847668005976,0.9963620306267228,0.3333333333333333,0.0,0.0,0.0014437409353669315,0.0,0.9999999999999998,0.19238374659879864,0.9792421538147449,0.9931272764125187,0.9883875387748111,0.3928571428571429,,0.17271643518766505,0.17269660159752406,1.6123412041551959
main_corrected_inverse_map_2026-08-31_v2,har,svm,2,AIME,0.1,0.0,300,0,561,561,1.272776292054914,0.8844444444444445,0.27491451937764044,0.00117591698653996,630,270,X ~= Y A^T,SVD normal-system solve,1.6119157902639938,1.6119157902639938,69.1740738573552,69.1740738573552,111.50278192755857,111.50278192755857,69.17407385735527,1.1150278192755859e-10,42.61125362974691,1,True,1.0,0.0,0.0,1.0,rms,23.68543856465402,0.515839093177429,0.7182193906999651,0.4939422184545259,0.7034433037594474,3.7614903587520323,1.9394562018132897,0.10601359891681617,0.33044944637888946,0.994562711072896,0.9978218129045258,0.8181818181818182,0.0,0.0,0.001497498345234525,0.0,0.1,1.0,1.0,0.9898444749391084,0.9835887599944538,0.32631975867269986,,0.20734234964094134,0.20734234964094134,1.6295243113999964
main_corrected_inverse_map_2026-08-31_v2,har,svm,2,HuberAIME,0.1,0.0,300,0,561,561,1.272776292054914,0.8844444444444445,0.27491451937764044,0.00527583307120949,630,270,X ~= Y A^T,SVD normal-system solve,1.5912641594589136,1.5912641594589136,65.28892150347765,65.28892150347765,103.89192079821036,103.89192079821036,65.28892150347764,1.0389192079821038e-10,41.482628952440386,8,True,0.9036826439045048,0.15555555555555556,0.0,1.0,rms,23.68543856465402,0.5130017516453521,0.7162414059835917,0.4967257584773753,0.7055123240517301,3.758798345214965,1.9387620651371753,0.10665340475549656,0.33156638485347567,0.9992102967111485,0.9990613500723919,0.8181818181818182,0.0,0.0,0.0013441455742485805,0.0,0.9999999999999998,0.18830308872119209,0.9831692611470952,0.9947863801740489,0.9901408942742416,0.523076923076923,,0.20174228113776116,0.20174228113776116,1.6178662719059749
main_corrected_inverse_map_2026-08-31_v2,har,svm,2,RidgeAIME,0.1,0.0,300,0,561,561,1.272776292054914,0.8844444444444445,0.27491451937764044,0.0011562500149011612,630,270,X ~= Y A^T,SVD normal-system solve,1.6119157902639938,1.6118273427707857,69.1740738573552,69.1840738573552,111.50278192755857,111.5127819275586,69.18407385735527,1.1151278192755864e-10,42.606342598921515,1,True,1.0,0.0,0.01,1.0,rms,23.68543856465402,0.5158389392510979,0.7182192835416618,0.49394236946211467,0.7034427589845991,3.761491561988176,1.9394565120126246,0.10601331294592498,0.3304491057260544,0.9945625849460229,0.9978212012069514,0.8181818181818182,0.0,0.0,0.0014974907504084123,0.0,0.1,1.0,1.0,0.989844276000522,0.9835860141533157,0.32631975867269986,,0.20734234964094134,0.20731851879793498,1.6294742552218202
main_corrected_inverse_map_2026-08-31_v2,har,svm,2,HuberRidgeAIME,0.1,0.0,300,0,561,561,1.272776292054914,0.8844444444444445,0.27491451937764044,0.0051879589445889,630,270,X ~= Y A^T,SVD normal-system solve,1.5912726177220393,1.59118206865867,65.28859014740397,65.29859014740396,103.89194575124085,103.90194575124087,65.29859014740393,1.0390194575124082e-10,41.47766166637556,8,True,0.9036815647726333,0.15555555555555556,0.01,1.0,rms,23.68543856465402,0.5130052508739328,0.7162438487512006,0.49672232560096863,0.7055113830149617,3.7588030705756985,1.9387632837909063,0.10665228168782048,0.3315658401402786,0.9992103636186486,0.9990609082908104,0.8181818181818182,0.0,0.0,0.0013441432302521894,0.0,0.9999999999999998,0.18830307879653213,0.9831680632144223,0.9947864576812286,0.9901417234638922,0.523076923076923,,0.2017445895962389,0.2017198759946648,1.617814264736895
main_corrected_inverse_map_2026-08-31_v2,har,mlp,2,AIME,0.1,0.0,300,0,561,561,0.23905745800584555,0.9088888888888889,0.47842921909709335,0.001222417107783258,630,270,X ~= Y A^T,SVD normal-system solve,1.57542206291644,1.57542206291644,75.90261705099957,75.90261705099957,119.57865753524229,119.57865753524229,75.90261705099962,1.1957865753524232e-10,44.27842399962141,1,True,1.0,0.0,0.0,1.0,rms,23.68543856465402,0.4825028837364122,0.6946242752282792,0.4708928961702309,0.6920778891358689,3.3521412571398703,1.8308853752050864,0.11320352890615859,0.342353333495292,0.9720885124880504,0.9390352632098344,0.1111111111111111,0.0,0.0,0.0015432135320538958,0.0,0.1126984126984127,1.0,1.0,0.9717399245800072,0.945861935845189,0.12418300653594772,,0.19739692323039693,0.19739692323039693,1.646192154653647
main_corrected_inverse_map_2026-08-31_v2,har,mlp,2,HuberAIME,0.1,0.0,300,0,561,561,0.23905745800584555,0.9088888888888889,0.47842921909709335,0.004626875044777989,630,270,X ~= Y A^T,SVD normal-system solve,1.5495980947864736,1.5495980947864736,68.53056941603529,68.53056941603529,106.19483980172046,106.19483980172046,68.53056941603528,1.0619483980172048e-10,42.71274990152895,7,True,0.89685090854862,0.17142857142857143,0.0,1.0,rms,23.68543856465402,0.4537561665263674,0.6736142564750003,0.50241621509806,0.7107222696253813,3.32594723222189,1.823717969484835,0.12013306053360218,0.35070405909579416,0.9982143042754325,0.9948121928727077,0.25,0.0,0.0,0.001482485456823398,0.0,0.9999999999999999,0.19021375999668777,0.9866026751804396,0.9937504556435257,0.9872042851433683,0.4534798534798535,,0.19021907375117442,0.19021907375117442,1.6305575327617516
main_corrected_inverse_map_2026-08-31_v2,har,mlp,2,RidgeAIME,0.1,0.0,300,0,561,561,0.23905745800584555,0.9088888888888889,0.47842921909709335,0.001158582977950573,630,270,X ~= Y A^T,SVD normal-system solve,1.57542206291644,1.5753462623334435,75.90261705099957,75.91261705099957,119.57865753524229,119.5886575352422,75.91261705099959,1.195886575352422e-10,44.27384066208578,1,True,1.0,0.0,0.01,1.0,rms,23.68543856465402,0.4824901729782514,0.6946151257914353,0.47090683464120087,0.6920784916505761,3.3521294089126488,1.8308821395471224,0.11320666331049378,0.3423536350705528,0.9720888224517894,0.9390352632098344,0.1111111111111111,0.0,0.0,0.001543208225654187,0.0,0.1126984126984127,1.0,1.0,0.9717400422110704,0.945860481364982,0.12418300653594772,,0.19739692323039693,0.19737602688288516,1.6461471977412563
main_corrected_inverse_map_2026-08-31_v2,har,mlp,2,HuberRidgeAIME,0.1,0.0,300,0,561,561,0.23905745800584555,0.9088888888888889,0.47842921909709335,0.004633207921870053,630,270,X ~= Y A^T,SVD normal-system solve,1.5495982817843008,1.5495180959494856,68.53056992000471,68.5405699200047,106.19485339773819,106.20485339773828,68.54056992000469,1.0620485339773826e-10,42.70777805371616,7,True,0.896849466040113,0.17142857142857143,0.01,1.0,rms,23.68543856465402,0.4537495247293979,0.6736093264863529,0.5024234984161027,0.710722656341943,3.325941207956434,1.8237163178401496,0.12013465423056702,0.350704258202404,0.9982143086057043,0.9948157950917561,0.25,0.0,0.0,0.001482480092697738,0.0,0.9999999999999999,0.1902137420798588,0.9866010517309503,0.9937504876762799,0.9872037957855417,0.4534798534798535,,0.19021912615967948,0.19019665248567033,1.6305069770903202
main_corrected_inverse_map_2026-08-31_v2,har,lgbm,2,AIME,0.1,0.25,300,100,561,661,11.379825833952054,0.9766666666666667,0.05630082958436318,0.0013432919513434172,630,270,X ~= Y A^T,SVD normal-system solve,1.381003552614423,1.381003552614423,85.95283382327322,85.95283382327322,118.70116886721746,118.70116886721746,85.95283382327321,1.1870116886721746e-10,47.48373917278299,1,True,1.0,0.0,0.0,1.0,rms,25.709920264364882,0.5284487930780872,0.7269448349621086,0.4707994365571082,0.6883916778241856,2.6353399072255934,1.6233730031097577,0.15290363468113877,0.39499444848125287,0.9765558364171503,0.9461966660327822,0.05263157894736842,0.15178042019081706,0.01,0.0014146747795729289,0.0,0.09682539682539683,1.0,1.0,0.9707162538880901,0.9336537442748394,0.22100840336134456,,0.14019479579720895,0.14019479579720895,1.6765449107494164
main_corrected_inverse_map_2026-08-31_v2,har,lgbm,2,HuberAIME,0.1,0.25,300,100,561,661,11.379825833952054,0.9766666666666667,0.05630082958436318,0.0058460410218685865,630,270,X ~= Y A^T,SVD normal-system solve,1.4590471937578924,1.4590471937578924,73.22122676786634,73.22122676786634,106.83322543916566,106.83322543916566,73.22122676786628,1.0683322543916566e-10,45.70257022388461,8,True,0.9041675616050379,0.16984126984126985,0.0,1.0,rms,25.709920264364882,0.502973444573915,0.7092062073712518,0.49631102624924295,0.7050443121260193,2.611373585718804,1.6159745003306223,0.16060730272896862,0.40399741183740673,0.9986053597856462,0.9950056722891927,0.25,0.1528209689383297,0.01,0.0012743426291616814,0.0,0.9997355896351138,0.18912608475652112,0.9808240292460914,0.9932554309961124,0.9851052955892735,0.2765639589169001,,0.1640693396365303,0.1640693396365303,1.6599406246357655
main_corrected_inverse_map_2026-08-31_v2,har,lgbm,2,RidgeAIME,0.1,0.25,300,100,561,661,11.379825833952054,0.9766666666666667,0.05630082958436318,0.0013022921048104763,630,270,X ~= Y A^T,SVD normal-system solve,1.381003552614423,1.3809592307213825,85.95283382327322,85.96283382327324,118.70116886721746,118.71116886721745,85.96283382327319,1.187111688672175e-10,47.478942032932984,1,True,1.0,0.0,0.01,1.0,rms,25.709920264364882,0.5284412559222337,0.7269396508116982,0.470806984435307,0.6883920388783782,2.6353335285720525,1.623371038478897,0.15290568501787727,0.394994702127037,0.9765557442423065,0.946202524676669,0.05263157894736842,0.15178033489832649,0.01,0.0014146733201042174,0.0,0.09682539682539683,1.0,1.0,0.9707170648320845,0.9336571680487108,0.22100840336134456,,0.14019479579720895,0.14018085733743474,1.6765010330631276
main_corrected_inverse_map_2026-08-31_v2,har,lgbm,2,HuberRidgeAIME,0.1,0.25,300,100,561,661,11.379825833952054,0.9766666666666667,0.05630082958436318,0.00602479197550565,630,270,X ~= Y A^T,SVD normal-system solve,1.4590551793766697,1.4589924933428924,73.22085410213425,73.23085410213427,106.83326641610246,106.84326641610247,73.2308541021343,1.0684326641610238e-10,45.69725588825311,8,True,0.904166488336761,0.16984126984126985,0.01,1.0,rms,25.709920264364882,0.5029718735178169,0.7092050997545187,0.4963125995403229,0.705044829418034,2.6113730763889076,1.615974342738432,0.16060746644656065,0.40399780498981813,0.9986053917108617,0.9950089963424618,0.25,0.1528208870079106,0.01,0.0012743598109576178,0.0,0.9997355896351138,0.18912608834987987,0.9808228405321913,0.9932565572588272,0.9851081127235997,0.2765639589169001,,0.1640717165991767,0.16405305741219997,1.6598901215496982
main_corrected_inverse_map_2026-08-31_v2,har,svm,2,AIME,0.1,0.25,300,100,561,661,1.4435123750008643,0.8911111111111111,0.2649591679944185,0.001317333080805838,630,270,X ~= Y A^T,SVD normal-system solve,1.5850153341423066,1.5850153341423066,70.09854924790936,70.09854924790936,111.10727545906599,111.10727545906599,70.09854924790935,1.1110727545906592e-10,47.09189105328261,1,True,1.0,0.0,0.0,1.0,rms,25.709920264364882,0.5270454820135753,0.7259789817987675,0.47075602263859484,0.6875958604752463,2.2278294060734125,1.4925915067671438,0.16095449092639535,0.4047685404027935,0.9948855932332351,0.997637242161021,0.5384615384615384,0.15306625516953978,0.01,0.0013843379016646449,0.0,0.1126984126984127,1.0,1.0,0.9892827612347966,0.9824549123468183,0.214703425229741,,0.2000334681317985,0.2000334681317985,1.6729461306108173
main_corrected_inverse_map_2026-08-31_v2,har,svm,2,HuberAIME,0.1,0.25,300,100,561,661,1.4435123750008643,0.8911111111111111,0.2649591679944185,0.005989166907966137,630,270,X ~= Y A^T,SVD normal-system solve,1.5431794543502948,1.5431794543502948,65.9851770761614,65.9851770761614,101.82696955559834,101.82696955559834,65.98517707616135,1.0182696955559827e-10,45.88579641439103,8,True,0.8910492117998616,0.18253968253968253,0.0,1.0,rms,25.709920264364882,0.521202730179142,0.7219437167668558,0.47662314668219197,0.6911191316291238,2.221572586566026,1.490494074649754,0.16331093540748753,0.4071516704652977,0.9992656656544959,0.9985665020277357,0.6666666666666666,0.1530753299999299,0.01,0.0012525712314898838,0.0,0.9999999999999999,0.1899954876201022,0.9800918136187576,0.9943790134777528,0.9883442521526355,0.3396358543417367,,0.1884164325455659,0.1884164325455659,1.6616782739149094
main_corrected_inverse_map_2026-08-31_v2,har,svm,2,RidgeAIME,0.1,0.25,300,100,561,661,1.4435123750008643,0.8911111111111111,0.2649591679944185,0.0013112090528011322,630,270,X ~= Y A^T,SVD normal-system solve,1.5850153341423066,1.5849318899203937,70.09854924790936,70.10854924790937,111.10727545906599,111.11727545906598,70.10854924790934,1.1111727545906597e-10,47.08637837374888,1,True,1.0,0.0,0.01,1.0,rms,25.709920264364882,0.5270395194469778,0.7259748752174402,0.47076201007719176,0.6875959510318667,2.227823024725333,1.492589369091624,0.16095689427084958,0.4047686710470512,0.9948854610701535,0.9976386548836603,0.5384615384615384,0.15306612713094248,0.01,0.001384331433901463,0.0,0.1126984126984127,1.0,1.0,0.9892828060855139,0.9824566491641464,0.214703425229741,,0.2000334681317985,0.2000106037983757,1.6728952881750985
main_corrected_inverse_map_2026-08-31_v2,har,svm,2,HuberRidgeAIME,0.1,0.25,300,100,561,661,1.4435123750008643,0.8911111111111111,0.2649591679944185,0.005822333972901106,630,270,X ~= Y A^T,SVD normal-system solve,1.5431908130552143,1.5431085048225852,65.98471227855865,65.99471227855862,101.8270017903633,101.8370017903633,65.99471227855865,1.0183700179036328e-10,45.88020530809447,8,True,0.8910478567331571,0.18253968253968253,0.01,1.0,rms,25.709920264364882,0.5212002293947259,0.7219419847845988,0.47662565789827493,0.6911190467170979,2.221569456027422,1.490493024481303,0.16331211443149607,0.40715173081671385,0.999265692890317,0.9985655048117549,0.6666666666666666,0.15307517844609472,0.01,0.0012525625142648985,0.0,0.9999999999999999,0.18999547859000174,0.9800902875885491,0.9943792074864234,0.9883455900836872,0.3396358543417367,,0.1884196291956375,0.1883964648764495,1.6616253526462532
main_corrected_inverse_map_2026-08-31_v2,har,mlp,2,AIME,0.1,0.25,300,100,561,661,0.3958622500067577,0.9277777777777778,0.4460529877857066,0.0013569999719038606,630,270,X ~= Y A^T,SVD normal-system solve,1.565276160481501,1.565276160481501,75.90453562281718,75.90453562281718,118.8115600828146,118.8115600828146,75.90453562281718,1.188115600828146e-10,47.02106239624472,1,True,1.0,0.0,0.0,1.0,rms,25.709920264364882,0.5500484780856635,0.7416525319080786,0.47665898595620193,0.6914085258635152,2.916760850314092,1.7078527015858516,0.14283975777166513,0.38155181919962394,0.9757288019241931,0.9609474432691509,0.1111111111111111,0.15524669937627433,0.02,0.0010864895461083596,0.0,0.09365079365079365,1.0,1.0,0.9651754777604811,0.9214999869115441,0.15196078431372548,,0.19459097088732058,0.19459097088732058,1.6722924373711041
main_corrected_inverse_map_2026-08-31_v2,har,mlp,2,HuberAIME,0.1,0.25,300,100,561,661,0.3958622500067577,0.9277777777777778,0.4460529877857066,0.005222166073508561,630,270,X ~= Y A^T,SVD normal-system solve,1.6986031408209132,1.6986031408209132,65.78815119450611,65.78815119450611,111.7479602477892,111.7479602477892,65.78815119450613,1.1174796024778913e-10,44.76287041275493,7,True,0.9100752111479363,0.14761904761904762,0.0,1.0,rms,25.709920264364882,0.5293902191323872,0.7275920691791432,0.496314188396928,0.7056896180691122,2.895647286645305,1.7016601560374225,0.14904448564528971,0.38961448149035116,0.9984081590811664,0.9970590023195252,0.25,0.15397279306406728,0.01,0.0011252404166402703,0.0,0.9999999999999998,0.19077810971576525,0.9843983792468821,0.992708332501523,0.9879900577595638,0.4344322344322344,,0.23009192278650134,0.23009192278650134,1.6509179278216883
main_corrected_inverse_map_2026-08-31_v2,har,mlp,2,RidgeAIME,0.1,0.25,300,100,561,661,0.3958622500067577,0.9277777777777778,0.4460529877857066,0.0013104999670758843,630,270,X ~= Y A^T,SVD normal-system solve,1.565276160481501,1.5652016983042836,75.90453562281718,75.91453562281725,118.8115600828146,118.8215600828146,75.91453562281724,1.188215600828147e-10,47.01615078187793,1,True,1.0,0.0,0.01,1.0,rms,25.709920264364882,0.5500456934671816,0.741650654599038,0.47666163536824124,0.6914084221182407,2.9167573172827344,1.7078516672365707,0.1428407960378001,0.38155190447672704,0.9757289118736289,0.9609441399912145,0.1111111111111111,0.1552465868418037,0.02,0.0010864890423433165,0.0,0.09365079365079365,1.0,1.0,0.9651759998411638,0.9215043912808447,0.15196078431372548,,0.19459097088732058,0.1945703104551815,1.6722470705009773
main_corrected_inverse_map_2026-08-31_v2,har,mlp,2,HuberRidgeAIME,0.1,0.25,300,100,561,661,0.3958622500067577,0.9277777777777778,0.4460529877857066,0.005159291904419661,630,270,X ~= Y A^T,SVD normal-system solve,1.6986111926402163,1.6985050172713363,65.78785877049887,65.79785877049889,111.7479932474032,111.75799324740316,65.79785877049889,1.1175799324740324e-10,44.75762831401519,7,True,0.9100743060743709,0.14761904761904762,0.01,1.0,rms,25.709920264364882,0.529395605377149,0.7275957705877275,0.49630906367991157,0.705688883833564,2.8956516407963098,1.7016614354201924,0.1490432060734217,0.3896143052193205,0.9984082343712605,0.9970584621608689,0.25,0.15397262413168472,0.01,0.001125241124322826,0.0,0.9999999999999998,0.19077805864280717,0.9843973859315729,0.9927084909683244,0.9879887364487736,0.4344322344322344,,0.2300939814500706,0.2300668340850796,1.6508670654026616
main_corrected_inverse_map_2026-08-31_v2,har,lgbm,2,AIME,0.1,0.5,300,100,561,661,11.42628324998077,0.9777777777777777,0.06087183115685791,0.001358749927021563,630,270,X ~= Y A^T,SVD normal-system solve,1.4448694451656268,1.4448694451656268,82.3704862001715,82.3704862001715,119.0145986940647,119.0145986940647,82.37048620017146,1.1901459869406468e-10,46.69193537789411,1,True,1.0,0.0,0.0,1.0,rms,25.709920264364882,0.5213385010531725,0.7220377421251416,0.4629704558481428,0.6831230911913259,3.2456454316857846,1.8015674929587802,0.11962192774638225,0.3508775774405698,0.9731300236469758,0.9420540438708119,0.1111111111111111,0.15386615188363945,0.0,0.0009798338217178574,0.0,0.10317460317460317,1.0,1.0,0.9694822024635424,0.9412874968681196,0.11248710010319918,,0.15982860708863672,0.15982860708863672,1.6692418757838736
main_corrected_inverse_map_2026-08-31_v2,har,lgbm,2,HuberAIME,0.1,0.5,300,100,561,661,11.42628324998077,0.9777777777777777,0.06087183115685791,0.005221833009272814,630,270,X ~= Y A^T,SVD normal-system solve,1.581256816810533,1.581256816810533,70.46784661833082,70.46784661833082,111.42776283119468,111.42776283119468,70.46784661833087,1.114277628311947e-10,45.0623166483562,7,True,0.9048482502513443,0.1523809523809524,0.0,1.0,rms,25.709920264364882,0.494698652128418,0.7033481727625501,0.49041210056733087,0.7010985226689759,3.2197323117538703,1.7943612545287169,0.12665083557131562,0.35986282784244156,0.9983734757934114,0.9958763249417062,0.25,0.15458698464053622,0.01,0.0010290869831920003,0.0,1.0,0.19236848055941194,0.9868149494194426,0.9940082620496561,0.9892160845904832,0.35769230769230764,,0.19900241077084477,0.19900241077084477,1.6538135149895703
main_corrected_inverse_map_2026-08-31_v2,har,lgbm,2,RidgeAIME,0.1,0.5,300,100,561,661,11.42628324998077,0.9777777777777777,0.06087183115685791,0.0012897079577669501,630,270,X ~= Y A^T,SVD normal-system solve,1.4448694451656268,1.4448154433666949,82.3704862001715,82.38048620017152,119.0145986940647,119.02459869406471,82.38048620017152,1.190245986940647e-10,46.687196854312894,1,True,1.0,0.0,0.01,1.0,rms,25.709920264364882,0.5213311421861647,0.7220326462052562,0.4629780361994629,0.683123186225177,3.2456383383875456,1.8015655243114377,0.11962385179642443,0.35087761670929174,0.973130016981604,0.9420573263734152,0.1111111111111111,0.153866107404504,0.0,0.0009798336001954084,0.0,0.10317460317460317,1.0,1.0,0.9694820958917425,0.9412776327429124,0.11248710010319918,,0.15982860708863672,0.15981237508812707,1.6691977992413687
main_corrected_inverse_map_2026-08-31_v2,har,lgbm,2,HuberRidgeAIME,0.1,0.5,300,100,561,661,11.42628324998077,0.9777777777777777,0.06087183115685791,0.0051250000251457095,630,270,X ~= Y A^T,SVD normal-system solve,1.5812653352761108,1.5811828599590385,70.46749022534205,70.47749022534208,111.42779955724156,111.43779955724158,70.47749022534217,1.1143779955724155e-10,45.05713602702015,7,True,0.9048472254620245,0.1523809523809524,0.01,1.0,rms,25.709920264364882,0.4946973285474254,0.7033472318474179,0.49041346398494856,0.7010984565492041,3.2197312282265824,1.794360952603066,0.12665112947700707,0.35986276346409496,0.9983735282699883,0.9958768651003624,0.25,0.15458692465255272,0.01,0.0010290922038340095,0.0,1.0,0.19236848842079998,0.9868138058295989,0.9940082535946179,0.9892165998185899,0.35769230769230764,,0.199004750373489,0.1989820979391125,1.6537635831447852
main_corrected_inverse_map_2026-08-31_v2,har,svm,2,AIME,0.1,0.5,300,100,561,661,1.482226416002959,0.8944444444444445,0.2513808391070982,0.0013204999268054962,630,270,X ~= Y A^T,SVD normal-system solve,1.554189683731588,1.554189683731588,71.85095307696868,71.85095307696868,111.67001003850713,111.67001003850713,71.85095307696865,1.1167001003850715e-10,45.62276475051324,1,True,1.0,0.0,0.0,1.0,rms,25.709920264364882,0.4690517023654646,0.6848734936946126,0.5185306850675202,0.7206481423168827,3.9636597215765974,1.9908942015025803,0.09845985184825401,0.3187725308959392,0.9955679856354651,0.9990501517783922,0.6666666666666666,0.15395579828594105,0.01,0.0010232735927539337,0.0,0.09206349206349207,1.0,1.0,0.9908655050027795,0.9894778537092893,0.30434173669467784,,0.19150402191065655,0.19150402191065655,1.6591816000881345
main_corrected_inverse_map_2026-08-31_v2,har,svm,2,HuberAIME,0.1,0.5,300,100,561,661,1.482226416002959,0.8944444444444445,0.2513808391070982,0.005163875059224665,630,270,X ~= Y A^T,SVD normal-system solve,1.5177998682815286,1.5177998682815286,68.53249819996424,68.53249819996424,104.01861674090982,104.01861674090982,68.53249819996427,1.0401861674090985e-10,44.822652494105164,7,True,0.9111762470312919,0.15079365079365079,0.0,1.0,rms,25.709920264364882,0.46583140376473575,0.6825184274177041,0.5218362374263579,0.7231755561234604,3.9606669648318866,1.9901424483769714,0.09914055870720084,0.3199502924407459,0.9994614613723023,0.9994615241457784,1.0,0.1542479600044389,0.01,0.0009709115088163776,0.0,1.0,0.18755506819360296,0.9845504225078409,0.995077794044654,0.9921931972438621,0.39871794871794874,,0.18121451080125414,0.18121451080125414,1.6514975534365992
main_corrected_inverse_map_2026-08-31_v2,har,svm,2,RidgeAIME,0.1,0.5,300,100,561,661,1.482226416002959,0.8944444444444445,0.2513808391070982,0.0012915830593556166,630,270,X ~= Y A^T,SVD normal-system solve,1.554189683731588,1.554112564008009,71.85095307696868,71.86095307696876,111.67001003850713,111.68001003850713,71.86095307696864,1.1168001003850711e-10,45.61755963417411,1,True,1.0,0.0,0.01,1.0,rms,25.709920264364882,0.4690525296082893,0.6848740976327615,0.5185298359243787,0.7206483055088432,3.963660792762572,1.990894470523883,0.09845960820545152,0.31877253728037674,0.9955678724747966,0.9990508996903776,0.6666666666666666,0.1539557313983082,0.01,0.0010232719420982513,0.0,0.09206349206349207,1.0,1.0,0.9908654624391812,0.9894772720001365,0.30434173669467784,,0.19150402191065655,0.1914824714514452,1.6591320484601357
main_corrected_inverse_map_2026-08-31_v2,har,svm,2,HuberRidgeAIME,0.1,0.5,300,100,561,661,1.482226416002959,0.8944444444444445,0.2513808391070982,0.0052697500213980675,630,270,X ~= Y A^T,SVD normal-system solve,1.5178099114534418,1.5177343651455124,68.53205395790603,68.54205395790594,104.01863074957184,104.02863074957182,68.54205395790605,1.040286307495718e-10,44.817358517224406,7,True,0.9111751043856585,0.15079365079365079,0.01,1.0,rms,25.709920264364882,0.4658345820320624,0.6825207557518397,0.5218329750180035,0.7231755399452466,3.960670175845889,1.9901432551064984,0.09913982835741242,0.31995019233886607,0.9994614756086965,0.9994615241457784,1.0,0.1542479230826304,0.01,0.0009709151824291948,0.0,1.0,0.18755506466242386,0.9845491643575949,0.9950779298250525,0.9921925324334018,0.39871794871794874,,0.18121738448691155,0.1811957677080547,1.6514462561437193
main_corrected_inverse_map_2026-08-31_v2,har,mlp,2,AIME,0.1,0.5,300,100,561,661,0.18746625003404915,0.9011111111111111,0.41055183751334173,0.0013283329317346215,630,270,X ~= Y A^T,SVD normal-system solve,1.7495125510840508,1.7495125510840508,65.79931577403197,65.79931577403197,115.11672879941169,115.11672879941169,65.79931577403198,1.1511672879941173e-10,48.25149524290894,1,True,1.0,0.0,0.0,1.0,rms,25.709920264364882,0.4768702144895094,0.6905579008957246,0.49701171030343116,0.7070635132018076,3.6012795790095216,1.8977037648193464,0.11018615562689771,0.3372871721139576,0.9786712980702411,0.9604520139047219,0.1111111111111111,0.15420639626920918,0.0,0.0011539254696561073,0.0,0.08571428571428572,1.0,1.0,0.9745627551418149,0.9517538821814593,0.23888888888888887,,0.24291706247882391,0.24291706247882391,1.6835107760359307
main_corrected_inverse_map_2026-08-31_v2,har,mlp,2,HuberAIME,0.1,0.5,300,100,561,661,0.18746625003404915,0.9011111111111111,0.41055183751334173,0.005247749970294535,630,270,X ~= Y A^T,SVD normal-system solve,1.8344522452276566,1.8344522452276566,58.61244226830157,58.61244226830157,107.52172631736222,107.52172631736222,58.61244226830158,1.0752172631736224e-10,46.2614745337626,7,True,0.9162847393363512,0.14285714285714285,0.0,1.0,rms,25.709920264364882,0.4578294570417446,0.6766309607472486,0.5170953257865892,0.7196938929378172,3.5845557406649364,1.8932923019610406,0.11431832658546637,0.34248309173013003,0.9986618518090178,0.9971688207294036,0.42857142857142855,0.15377052974854322,0.01,0.0011206089141700146,0.0,0.9999999999999999,0.194248256647656,0.9839756595884166,0.9939686262902562,0.9895821624705354,0.43681318681318676,,0.2635064106114217,0.2635064106114217,1.6652194713155049
main_corrected_inverse_map_2026-08-31_v2,har,mlp,2,RidgeAIME,0.1,0.5,300,100,561,661,0.18746625003404915,0.9011111111111111,0.41055183751334173,0.0012885419419035316,630,270,X ~= Y A^T,SVD normal-system solve,1.7495125510840508,1.7493986595259534,65.79931577403197,65.80931577403194,115.11672879941169,115.12672879941167,65.80931577403202,1.1512672879941169e-10,48.24634073784147,1,True,1.0,0.0,0.01,1.0,rms,25.709920264364882,0.4768632009119637,0.6905528226804694,0.4970191080130536,0.7070637601417072,3.6012717789719177,1.8977017096930482,0.11018808288116777,0.3372872207726265,0.9786719673044877,0.9604706286030288,0.1111111111111111,0.1542063607257796,0.0,0.0011539138423385315,0.0,0.08571428571428572,1.0,1.0,0.9745635582107097,0.9517521038134775,0.23888888888888887,,0.24291706247882391,0.24288878941199987,1.6834643796978754
main_corrected_inverse_map_2026-08-31_v2,har,mlp,2,HuberRidgeAIME,0.1,0.5,300,100,561,661,0.18746625003404915,0.9011111111111111,0.41055183751334173,0.005186124937608838,630,270,X ~= Y A^T,SVD normal-system solve,1.8344522758912385,1.8343099324163554,58.61244662622387,58.62244662622388,107.52173610903013,107.53173610903013,58.62244662622385,1.0753173610903016e-10,46.256119276552134,7,True,0.9162834784710719,0.14285714285714285,0.01,1.0,rms,25.709920264364882,0.45782887214489537,0.6766305285345137,0.5170959427181083,0.7196935785829998,3.584554055140771,1.8932918568305233,0.11431874304931067,0.34248286891438007,0.9986619106473795,0.9971707320600334,0.42857142857142855,0.15377054179613817,0.01,0.0011205980491789417,0.0,0.9999999999999999,0.19424822411576279,0.9839742835668823,0.9939688850663317,0.9895830932051801,0.43681318681318676,,0.26350641787082263,0.2634727176841124,1.6651691942046876
